,fnid,country,country_code,admin_1,admin_2,name,product,season_name,planting_year,planting_month,harvest_year,harvest_month,crop_production_system,indicator,value
0,TG2009A20101,Togo,TG,Kara,Bassar,Bassar,Sorghum,Main,1995,5,1995,11,All (PS),area,24433.0
1,TG2009A20101,Togo,TG,Kara,Bassar,Bassar,Sorghum,Main,1996,5,1996,11,All (PS),area,17319.0
2,TG2009A20101,Togo,TG,Kara,Bassar,Bassar,Sorghum,Main,1997,5,1997,11,All (PS),area,13204.0
3,TG2009A20101,Togo,TG,Kara,Bassar,Bassar,Sorghum,Main,1998,5,1998,11,All (PS),area,8015.0
4,TG2009A20101,Togo,TG,Kara,Bassar,Bassar,Sorghum,Main,1999,5,1999,11,All (PS),area,7441.0
5,TG2009A20101,Togo,TG,Kara,Bassar,Bassar,Sorghum,Main,2000,5,2000,11,All (PS),area,6331.0
6,TG2009A20101,Togo,TG,Kara,Bassar,Bassar,Sorghum,Main,2001,5,2001,11,All (PS),area,5622.0
7,TG2009A20101,Togo,TG,Kara,Bassar,Bassar,Sorghum,Main,2002,5,2002,11,All (PS),area,4586.0
8,TG2009A20101,Togo,TG,Kara,Bassar,Bassar,Sorghum,Main,2003,5,2003,11,All (PS),area,4964.0
9,TG2009A20101,Togo,TG,Kara,Bassar,Bassar,Sorghum,Main,2004,5,2004,11,All (PS),area,5196.0
10,TG2009A20101,Togo,TG,Kara,Bassar,Bassar,Sorghum,Main,2005,5,2005,11,All (PS),area,3758.0
11,TG2009A20101,Togo,TG,Kara,Bassar,Bassar,Sorghum,Main,2006,5,2006,11,All (PS),area,5114.0
12,TG2009A20101,Togo,TG,Kara,Bassar,Bassar,Sorghum,Main,2007,5,2007,11,All (PS),area,5202.0
13,TG2009A20101,Togo,TG,Kara,Bassar,Bassar,Sorghum,Main,2008,5,2008,11,All (PS),area,5904.0
14,TG2009A20101,Togo,TG,Kara,Bassar,Bassar,Sorghum,Main,2009,5,2009,11,All (PS),area,5938.0
15,TG2009A20101,Togo,TG,Kara,Bassar,Bassar,Sorghum,Main,2010,5,2010,11,All (PS),area,6186.0
16,TG2009A20101,Togo,TG,Kara,Bassar,Bassar,Sorghum,Main,2011,5,2011,11,All (PS),area,6408.0
17,TG2009A20101,Togo,TG,Kara,Bassar,Bassar,Sorghum,Main,2012,5,2012,11,All (PS),area,6109.0
18,TG2009A20101,Togo,TG,Kara,Bassar,Bassar,Sorghum,Main,2015,5,2015,11,All (PS),area,15882.0
19,TG2009A20101,Togo,TG,Kara,Bassar,Bassar,Maize,Main,1995,5,1995,11,All (PS),area,8144.0
20,TG2009A20101,Togo,TG,Kara,Bassar,Bassar,Maize,Main,1996,5,1996,11,All (PS),area,8301.0
21,TG2009A20101,Togo,TG,Kara,Bassar,Bassar,Maize,Main,1997,5,1997,11,All (PS),area,8325.0
22,TG2009A20101,Togo,TG,Kara,Bassar,Bassar,Maize,Main,1998,5,1998,11,All (PS),area,7247.0
23,TG2009A20101,Togo,TG,Kara,Bassar,Bassar,Maize,Main,1999,5,1999,11,All (PS),area,5947.0
24,TG2009A20101,Togo,TG,Kara,Bassar,Bassar,Maize,Main,2000,5,2000,11,All (PS),area,5692.0
25,TG2009A20101,Togo,TG,Kara,Bassar,Bassar,Maize,Main,2001,5,2001,11,All (PS),area,5288.0
26,TG2009A20101,Togo,TG,Kara,Bassar,Bassar,Maize,Main,2002,5,2002,11,All (PS),area,4532.0
27,TG2009A20101,Togo,TG,Kara,Bassar,Bassar,Maize,Main,2003,5,2003,11,All (PS),area,4033.0
28,TG2009A20101,Togo,TG,Kara,Bassar,Bassar,Maize,Main,2004,5,2004,11,All (PS),area,5002.0
29,TG2009A20101,Togo,TG,Kara,Bassar,Bassar,Maize,Main,2005,5,2005,11,All (PS),area,2009.0
30,TG2009A20101,Togo,TG,Kara,Bassar,Bassar,Maize,Main,2006,5,2006,11,All (PS),area,2038.0
31,TG2009A20101,Togo,TG,Kara,Bassar,Bassar,Maize,Main,2007,5,2007,11,All (PS),area,3223.0
32,TG2009A20101,Togo,TG,Kara,Bassar,Bassar,Maize,Main,2008,5,2008,11,All (PS),area,2361.0
33,TG2009A20101,Togo,TG,Kara,Bassar,Bassar,Maize,Main,2009,5,2009,11,All (PS),area,2709.0
34,TG2009A20101,Togo,TG,Kara,Bassar,Bassar,Maize,Main,2010,5,2010,11,All (PS),area,2817.0
35,TG2009A20101,Togo,TG,Kara,Bassar,Bassar,Maize,Main,2011,5,2011,11,All (PS),area,2898.0
36,TG2009A20101,Togo,TG,Kara,Bassar,Bassar,Maize,Main,2012,5,2012,11,All (PS),area,2496.0
37,TG2009A20101,Togo,TG,Kara,Bassar,Bassar,Maize,Main,2015,5,2015,11,All (PS),area,7749.0
38,TG2009A20101,Togo,TG,Kara,Bassar,Bassar,Millet,Main,1995,5,1995,11,All (PS),area,2228.0
39,TG2009A20101,Togo,TG,Kara,Bassar,Bassar,Millet,Main,1996,5,1996,11,All (PS),area,648.0
40,TG2009A20101,Togo,TG,Kara,Bassar,Bassar,Millet,Main,1997,5,1997,11,All (PS),area,5616.0
41,TG2009A20101,Togo,TG,Kara,Bassar,Bassar,Millet,Main,1998,5,1998,11,All (PS),area,2864.0
42,TG2009A20101,Togo,TG,Kara,Bassar,Bassar,Millet,Main,1999,5,1999,11,All (PS),area,3734.0
43,TG2009A20101,Togo,TG,Kara,Bassar,Bassar,Millet,Main,2000,5,2000,11,All (PS),area,4490.0
44,TG2009A20101,Togo,TG,Kara,Bassar,Bassar,Millet,Main,2001,5,2001,11,All (PS),area,3788.0
45,TG2009A20101,Togo,TG,Kara,Bassar,Bassar,Millet,Main,2002,5,2002,11,All (PS),area,3985.0
46,TG2009A20101,Togo,TG,Kara,Bassar,Bassar,Millet,Main,2003,5,2003,11,All (PS),area,4308.0
47,TG2009A20101,Togo,TG,Kara,Bassar,Bassar,Millet,Main,2004,5,2004,11,All (PS),area,4063.0
48,TG2009A20101,Togo,TG,Kara,Bassar,Bassar,Millet,Main,2005,5,2005,11,All (PS),area,4275.0
49,TG2009A20101,Togo,TG,Kara,Bassar,Bassar,Millet,Main,2006,5,2006,11,All (PS),area,3479.0
50,TG2009A20101,Togo,TG,Kara,Bassar,Bassar,Millet,Main,2007,5,2007,11,All (PS),area,4958.0
51,TG2009A20101,Togo,TG,Kara,Bassar,Bassar,Millet,Main,2008,5,2008,11,All (PS),area,4746.0
52,TG2009A20101,Togo,TG,Kara,Bassar,Bassar,Millet,Main,2009,5,2009,11,All (PS),area,4765.0
53,TG2009A20101,Togo,TG,Kara,Bassar,Bassar,Millet,Main,2010,5,2010,11,All (PS),area,5070.0
54,TG2009A20101,Togo,TG,Kara,Bassar,Bassar,Millet,Main,2011,5,2011,11,All (PS),area,5178.0
55,TG2009A20101,Togo,TG,Kara,Bassar,Bassar,Millet,Main,2012,5,2012,11,All (PS),area,4940.0
56,TG2009A20101,Togo,TG,Kara,Bassar,Bassar,Millet,Main,2015,5,2015,11,All (PS),area,3889.0
57,TG2009A20101,Togo,TG,Kara,Bassar,Bassar,Cotton,Main,2015,5,2015,11,All (PS),area,53.0
58,TG2009A20101,Togo,TG,Kara,Bassar,Bassar,Rice,Annual,2015,5,2015,11,All (PS),area,11.0
59,TG2009A20101,Togo,TG,Kara,Bassar,Bassar,Cassava,Main,2015,5,2015,11,All (PS),area,9439.0
60,TG2009A20101,Togo,TG,Kara,Bassar,Bassar,Yams,Main,2015,5,2015,11,All (PS),area,6089.0
61,TG2009A20101,Togo,TG,Kara,Bassar,Bassar,Beans (mixed),Main,2015,5,2015,11,All (PS),area,5653.0
62,TG2009A20101,Togo,TG,Kara,Bassar,Bassar,Groundnuts (In Shell),Main,2015,5,2015,11,All (PS),area,6978.0
63,TG2009A20101,Togo,TG,Kara,Bassar,Bassar,Sweet Potatoes,Main,2015,5,2015,11,All (PS),area,32.0
64,TG2009A20102,Togo,TG,Kara,Assoli,Assoli,Sorghum,Main,1995,5,1995,11,All (PS),area,2290.0
65,TG2009A20102,Togo,TG,Kara,Assoli,Assoli,Sorghum,Main,1996,5,1996,11,All (PS),area,2191.0
66,TG2009A20102,Togo,TG,Kara,Assoli,Assoli,Sorghum,Main,1997,5,1997,11,All (PS),area,2776.0
67,TG2009A20102,Togo,TG,Kara,Assoli,Assoli,Sorghum,Main,1998,5,1998,11,All (PS),area,3390.0
68,TG2009A20102,Togo,TG,Kara,Assoli,Assoli,Sorghum,Main,1999,5,1999,11,All (PS),area,2689.0
69,TG2009A20102,Togo,TG,Kara,Assoli,Assoli,Sorghum,Main,2000,5,2000,11,All (PS),area,2380.0
70,TG2009A20102,Togo,TG,Kara,Assoli,Assoli,Sorghum,Main,2001,5,2001,11,All (PS),area,1759.0
71,TG2009A20102,Togo,TG,Kara,Assoli,Assoli,Sorghum,Main,2002,5,2002,11,All (PS),area,1659.0
72,TG2009A20102,Togo,TG,Kara,Assoli,Assoli,Sorghum,Main,2003,5,2003,11,All (PS),area,1436.0
73,TG2009A20102,Togo,TG,Kara,Assoli,Assoli,Sorghum,Main,2004,5,2004,11,All (PS),area,1810.0
74,TG2009A20102,Togo,TG,Kara,Assoli,Assoli,Sorghum,Main,2005,5,2005,11,All (PS),area,2574.0
75,TG2009A20102,Togo,TG,Kara,Assoli,Assoli,Sorghum,Main,2006,5,2006,11,All (PS),area,2669.0
76,TG2009A20102,Togo,TG,Kara,Assoli,Assoli,Sorghum,Main,2007,5,2007,11,All (PS),area,2146.0
77,TG2009A20102,Togo,TG,Kara,Assoli,Assoli,Sorghum,Main,2008,5,2008,11,All (PS),area,2140.0
78,TG2009A20102,Togo,TG,Kara,Assoli,Assoli,Sorghum,Main,2009,5,2009,11,All (PS),area,2128.0
79,TG2009A20102,Togo,TG,Kara,Assoli,Assoli,Sorghum,Main,2010,5,2010,11,All (PS),area,2225.0
80,TG2009A20102,Togo,TG,Kara,Assoli,Assoli,Sorghum,Main,2011,5,2011,11,All (PS),area,2295.0
81,TG2009A20102,Togo,TG,Kara,Assoli,Assoli,Sorghum,Main,2012,5,2012,11,All (PS),area,2197.0
82,TG2009A20102,Togo,TG,Kara,Assoli,Assoli,Sorghum,Main,2015,5,2015,11,All (PS),area,913.0
83,TG2009A20102,Togo,TG,Kara,Assoli,Assoli,Maize,Main,1995,5,1995,11,All (PS),area,1729.0
84,TG2009A20102,Togo,TG,Kara,Assoli,Assoli,Maize,Main,1996,5,1996,11,All (PS),area,2000.0
85,TG2009A20102,Togo,TG,Kara,Assoli,Assoli,Maize,Main,1997,5,1997,11,All (PS),area,1748.0
86,TG2009A20102,Togo,TG,Kara,Assoli,Assoli,Maize,Main,1998,5,1998,11,All (PS),area,2817.0
87,TG2009A20102,Togo,TG,Kara,Assoli,Assoli,Maize,Main,1999,5,1999,11,All (PS),area,1456.0
88,TG2009A20102,Togo,TG,Kara,Assoli,Assoli,Maize,Main,2000,5,2000,11,All (PS),area,1700.0
89,TG2009A20102,Togo,TG,Kara,Assoli,Assoli,Maize,Main,2001,5,2001,11,All (PS),area,967.0
90,TG2009A20102,Togo,TG,Kara,Assoli,Assoli,Maize,Main,2002,5,2002,11,All (PS),area,1959.0
91,TG2009A20102,Togo,TG,Kara,Assoli,Assoli,Maize,Main,2003,5,2003,11,All (PS),area,995.0
92,TG2009A20102,Togo,TG,Kara,Assoli,Assoli,Maize,Main,2004,5,2004,11,All (PS),area,2197.0
93,TG2009A20102,Togo,TG,Kara,Assoli,Assoli,Maize,Main,2005,5,2005,11,All (PS),area,2035.0
94,TG2009A20102,Togo,TG,Kara,Assoli,Assoli,Maize,Main,2006,5,2006,11,All (PS),area,2232.0
95,TG2009A20102,Togo,TG,Kara,Assoli,Assoli,Maize,Main,2007,5,2007,11,All (PS),area,4613.0
96,TG2009A20102,Togo,TG,Kara,Assoli,Assoli,Maize,Main,2008,5,2008,11,All (PS),area,4083.0
97,TG2009A20102,Togo,TG,Kara,Assoli,Assoli,Maize,Main,2009,5,2009,11,All (PS),area,4014.0
98,TG2009A20102,Togo,TG,Kara,Assoli,Assoli,Maize,Main,2010,5,2010,11,All (PS),area,4175.0
99,TG2009A20102,Togo,TG,Kara,Assoli,Assoli,Maize,Main,2011,5,2011,11,All (PS),area,4179.0
100,TG2009A20102,Togo,TG,Kara,Assoli,Assoli,Maize,Main,2012,5,2012,11,All (PS),area,4113.0
101,TG2009A20102,Togo,TG,Kara,Assoli,Assoli,Maize,Main,2015,5,2015,11,All (PS),area,3391.0
102,TG2009A20102,Togo,TG,Kara,Assoli,Assoli,Millet,Main,1995,5,1995,11,All (PS),area,813.0
103,TG2009A20102,Togo,TG,Kara,Assoli,Assoli,Millet,Main,1996,5,1996,11,All (PS),area,648.0
104,TG2009A20102,Togo,TG,Kara,Assoli,Assoli,Millet,Main,1997,5,1997,11,All (PS),area,859.0
105,TG2009A20102,Togo,TG,Kara,Assoli,Assoli,Millet,Main,1998,5,1998,11,All (PS),area,617.0
106,TG2009A20102,Togo,TG,Kara,Assoli,Assoli,Millet,Main,1999,5,1999,11,All (PS),area,553.0
107,TG2009A20102,Togo,TG,Kara,Assoli,Assoli,Millet,Main,2000,5,2000,11,All (PS),area,887.0
108,TG2009A20102,Togo,TG,Kara,Assoli,Assoli,Millet,Main,2001,5,2001,11,All (PS),area,554.0
109,TG2009A20102,Togo,TG,Kara,Assoli,Assoli,Millet,Main,2002,5,2002,11,All (PS),area,450.0
110,TG2009A20102,Togo,TG,Kara,Assoli,Assoli,Millet,Main,2003,5,2003,11,All (PS),area,323.0
111,TG2009A20102,Togo,TG,Kara,Assoli,Assoli,Millet,Main,2004,5,2004,11,All (PS),area,177.0
112,TG2009A20102,Togo,TG,Kara,Assoli,Assoli,Millet,Main,2007,5,2007,11,All (PS),area,2.0
113,TG2009A20102,Togo,TG,Kara,Assoli,Assoli,Millet,Main,2008,5,2008,11,All (PS),area,453.0
114,TG2009A20102,Togo,TG,Kara,Assoli,Assoli,Millet,Main,2009,5,2009,11,All (PS),area,467.0
115,TG2009A20102,Togo,TG,Kara,Assoli,Assoli,Millet,Main,2010,5,2010,11,All (PS),area,486.0
116,TG2009A20102,Togo,TG,Kara,Assoli,Assoli,Millet,Main,2011,5,2011,11,All (PS),area,484.0
117,TG2009A20102,Togo,TG,Kara,Assoli,Assoli,Millet,Main,2012,5,2012,11,All (PS),area,472.0
118,TG2009A20102,Togo,TG,Kara,Assoli,Assoli,Millet,Main,2015,5,2015,11,All (PS),area,115.0
119,TG2009A20102,Togo,TG,Kara,Assoli,Assoli,Cotton,Main,2015,5,2015,11,All (PS),area,50.0
120,TG2009A20102,Togo,TG,Kara,Assoli,Assoli,Rice,Annual,2015,5,2015,11,All (PS),area,7.0
121,TG2009A20102,Togo,TG,Kara,Assoli,Assoli,Cassava,Main,2015,5,2015,11,All (PS),area,10823.0
122,TG2009A20102,Togo,TG,Kara,Assoli,Assoli,Yams,Main,2015,5,2015,11,All (PS),area,4250.0
123,TG2009A20102,Togo,TG,Kara,Assoli,Assoli,Beans (mixed),Main,2015,5,2015,11,All (PS),area,12360.0
124,TG2009A20102,Togo,TG,Kara,Assoli,Assoli,Groundnuts (In Shell),Main,2015,5,2015,11,All (PS),area,133.0
125,TG2009A20102,Togo,TG,Kara,Assoli,Assoli,Sweet Potatoes,Main,2015,5,2015,11,All (PS),area,29.0
126,TG2009A20103,Togo,TG,Kara,Binah,Binah,Sorghum,Main,1995,5,1995,11,All (PS),area,4796.079606440071
127,TG2009A20103,Togo,TG,Kara,Binah,Binah,Sorghum,Main,1996,5,1996,11,All (PS),area,2851.9812164579607
128,TG2009A20103,Togo,TG,Kara,Binah,Binah,Sorghum,Main,1997,5,1997,11,All (PS),area,7562.929338103757
129,TG2009A20103,Togo,TG,Kara,Binah,Binah,Sorghum,Main,1998,5,1998,11,All (PS),area,6185.751341681575
130,TG2009A20103,Togo,TG,Kara,Binah,Binah,Sorghum,Main,1999,5,1999,11,All (PS),area,6872.450805008944
131,TG2009A20103,Togo,TG,Kara,Binah,Binah,Sorghum,Main,2000,5,2000,11,All (PS),area,6123.830053667263
132,TG2009A20103,Togo,TG,Kara,Binah,Binah,Sorghum,Main,2001,5,2001,11,All (PS),area,4924.124329159213
133,TG2009A20103,Togo,TG,Kara,Binah,Binah,Sorghum,Main,2002,5,2002,11,All (PS),area,5698.985688729875
134,TG2009A20103,Togo,TG,Kara,Binah,Binah,Sorghum,Main,2003,5,2003,11,All (PS),area,8541.33542039356
135,TG2009A20103,Togo,TG,Kara,Binah,Binah,Sorghum,Main,2004,5,2004,11,All (PS),area,5741.319320214669
136,TG2009A20103,Togo,TG,Kara,Binah,Binah,Sorghum,Main,2005,5,2005,11,All (PS),area,4040.727191413238
137,TG2009A20103,Togo,TG,Kara,Binah,Binah,Sorghum,Main,2006,5,2006,11,All (PS),area,3491.250447227191
138,TG2009A20103,Togo,TG,Kara,Binah,Binah,Sorghum,Main,2007,5,2007,11,All (PS),area,6958.678890876565
139,TG2009A20103,Togo,TG,Kara,Binah,Binah,Sorghum,Main,2008,5,2008,11,All (PS),area,2804.076923076923
140,TG2009A20103,Togo,TG,Kara,Binah,Binah,Sorghum,Main,2009,5,2009,11,All (PS),area,5919.0
141,TG2009A20103,Togo,TG,Kara,Binah,Binah,Sorghum,Main,2010,5,2010,11,All (PS),area,6183.0
142,TG2009A20103,Togo,TG,Kara,Binah,Binah,Sorghum,Main,2011,5,2011,11,All (PS),area,6220.0
143,TG2009A20103,Togo,TG,Kara,Binah,Binah,Sorghum,Main,2012,5,2012,11,All (PS),area,5915.0
144,TG2009A20103,Togo,TG,Kara,Binah,Binah,Sorghum,Main,2015,5,2015,11,All (PS),area,11928.0
145,TG2009A20103,Togo,TG,Kara,Binah,Binah,Maize,Main,1995,5,1995,11,All (PS),area,2277.2128801431127
146,TG2009A20103,Togo,TG,Kara,Binah,Binah,Maize,Main,1996,5,1996,11,All (PS),area,241.09391771019676
147,TG2009A20103,Togo,TG,Kara,Binah,Binah,Maize,Main,1997,5,1997,11,All (PS),area,3366.9436493738817
148,TG2009A20103,Togo,TG,Kara,Binah,Binah,Maize,Main,1998,5,1998,11,All (PS),area,3015.3980322003576
149,TG2009A20103,Togo,TG,Kara,Binah,Binah,Maize,Main,1999,5,1999,11,All (PS),area,2027.8586762075133
150,TG2009A20103,Togo,TG,Kara,Binah,Binah,Maize,Main,2000,5,2000,11,All (PS),area,2375.936493738819
151,TG2009A20103,Togo,TG,Kara,Binah,Binah,Maize,Main,2001,5,2001,11,All (PS),area,1892.4561717352415
152,TG2009A20103,Togo,TG,Kara,Binah,Binah,Maize,Main,2002,5,2002,11,All (PS),area,2893.361359570662
153,TG2009A20103,Togo,TG,Kara,Binah,Binah,Maize,Main,2003,5,2003,11,All (PS),area,5847.085867620752
154,TG2009A20103,Togo,TG,Kara,Binah,Binah,Maize,Main,2004,5,2004,11,All (PS),area,4224.538461538462
155,TG2009A20103,Togo,TG,Kara,Binah,Binah,Maize,Main,2005,5,2005,11,All (PS),area,2744.815742397138
156,TG2009A20103,Togo,TG,Kara,Binah,Binah,Maize,Main,2006,5,2006,11,All (PS),area,2485.3309481216456
157,TG2009A20103,Togo,TG,Kara,Binah,Binah,Maize,Main,2007,5,2007,11,All (PS),area,3491.7763864042936
158,TG2009A20103,Togo,TG,Kara,Binah,Binah,Maize,Main,2008,5,2008,11,All (PS),area,6347.871198568873
159,TG2009A20103,Togo,TG,Kara,Binah,Binah,Maize,Main,2009,5,2009,11,All (PS),area,6155.0
160,TG2009A20103,Togo,TG,Kara,Binah,Binah,Maize,Main,2010,5,2010,11,All (PS),area,6401.0
161,TG2009A20103,Togo,TG,Kara,Binah,Binah,Maize,Main,2011,5,2011,11,All (PS),area,6447.0
162,TG2009A20103,Togo,TG,Kara,Binah,Binah,Maize,Main,2012,5,2012,11,All (PS),area,6191.0
163,TG2009A20103,Togo,TG,Kara,Binah,Binah,Maize,Main,2015,5,2015,11,All (PS),area,6949.0
164,TG2009A20103,Togo,TG,Kara,Binah,Binah,Millet,Main,1995,5,1995,11,All (PS),area,2319.9615384615386
165,TG2009A20103,Togo,TG,Kara,Binah,Binah,Millet,Main,1996,5,1996,11,All (PS),area,2448.5322003577817
166,TG2009A20103,Togo,TG,Kara,Binah,Binah,Millet,Main,1997,5,1997,11,All (PS),area,3618.6923076923076
167,TG2009A20103,Togo,TG,Kara,Binah,Binah,Millet,Main,1998,5,1998,11,All (PS),area,3824.6046511627906
168,TG2009A20103,Togo,TG,Kara,Binah,Binah,Millet,Main,1999,5,1999,11,All (PS),area,3767.5948121645797
169,TG2009A20103,Togo,TG,Kara,Binah,Binah,Millet,Main,2000,5,2000,11,All (PS),area,3843.5393559928443
170,TG2009A20103,Togo,TG,Kara,Binah,Binah,Millet,Main,2001,5,2001,11,All (PS),area,2671.655635062612
171,TG2009A20103,Togo,TG,Kara,Binah,Binah,Millet,Main,2002,5,2002,11,All (PS),area,3342.3980322003576
172,TG2009A20103,Togo,TG,Kara,Binah,Binah,Millet,Main,2003,5,2003,11,All (PS),area,5935.981216457961
173,TG2009A20103,Togo,TG,Kara,Binah,Binah,Millet,Main,2004,5,2004,11,All (PS),area,4434.287119856887
174,TG2009A20103,Togo,TG,Kara,Binah,Binah,Millet,Main,2005,5,2005,11,All (PS),area,1873.268336314848
175,TG2009A20103,Togo,TG,Kara,Binah,Binah,Millet,Main,2006,5,2006,11,All (PS),area,1502.4516994633273
176,TG2009A20103,Togo,TG,Kara,Binah,Binah,Millet,Main,2007,5,2007,11,All (PS),area,4278.82915921288
177,TG2009A20103,Togo,TG,Kara,Binah,Binah,Millet,Main,2008,5,2008,11,All (PS),area,3533.4096601073347
178,TG2009A20103,Togo,TG,Kara,Binah,Binah,Millet,Main,2009,5,2009,11,All (PS),area,3406.0
179,TG2009A20103,Togo,TG,Kara,Binah,Binah,Millet,Main,2010,5,2010,11,All (PS),area,3630.0
180,TG2009A20103,Togo,TG,Kara,Binah,Binah,Millet,Main,2011,5,2011,11,All (PS),area,3622.0
181,TG2009A20103,Togo,TG,Kara,Binah,Binah,Millet,Main,2012,5,2012,11,All (PS),area,3518.0
182,TG2009A20103,Togo,TG,Kara,Binah,Binah,Millet,Main,2015,5,2015,11,All (PS),area,2691.0
183,TG2009A20103,Togo,TG,Kara,Binah,Binah,Cotton,Main,2015,5,2015,11,All (PS),area,56.0
184,TG2009A20103,Togo,TG,Kara,Binah,Binah,Rice,Annual,2015,5,2015,11,All (PS),area,14.0
185,TG2009A20103,Togo,TG,Kara,Binah,Binah,Cassava,Main,2015,5,2015,11,All (PS),area,76.0
186,TG2009A20103,Togo,TG,Kara,Binah,Binah,Yams,Main,2015,5,2015,11,All (PS),area,1924.0
187,TG2009A20103,Togo,TG,Kara,Binah,Binah,Beans (mixed),Main,2015,5,2015,11,All (PS),area,7402.0
188,TG2009A20103,Togo,TG,Kara,Binah,Binah,Groundnuts (In Shell),Main,2015,5,2015,11,All (PS),area,1511.0
189,TG2009A20103,Togo,TG,Kara,Binah,Binah,Sweet Potatoes,Main,2015,5,2015,11,All (PS),area,35.0
190,TG2009A20104,Togo,TG,Kara,Doufelgou,Doufelgou,Sorghum,Main,1995,5,1995,11,All (PS),area,8232.920393559929
191,TG2009A20104,Togo,TG,Kara,Doufelgou,Doufelgou,Sorghum,Main,1996,5,1996,11,All (PS),area,1260.0187835420393
192,TG2009A20104,Togo,TG,Kara,Doufelgou,Doufelgou,Sorghum,Main,1997,5,1997,11,All (PS),area,8023.070661896243
193,TG2009A20104,Togo,TG,Kara,Doufelgou,Doufelgou,Sorghum,Main,1998,5,1998,11,All (PS),area,7223.248658318425
194,TG2009A20104,Togo,TG,Kara,Doufelgou,Doufelgou,Sorghum,Main,1999,5,1999,11,All (PS),area,6803.549194991056
195,TG2009A20104,Togo,TG,Kara,Doufelgou,Doufelgou,Sorghum,Main,2000,5,2000,11,All (PS),area,6010.169946332737
196,TG2009A20104,Togo,TG,Kara,Doufelgou,Doufelgou,Sorghum,Main,2001,5,2001,11,All (PS),area,6163.875670840787
197,TG2009A20104,Togo,TG,Kara,Doufelgou,Doufelgou,Sorghum,Main,2002,5,2002,11,All (PS),area,6301.014311270125
198,TG2009A20104,Togo,TG,Kara,Doufelgou,Doufelgou,Sorghum,Main,2003,5,2003,11,All (PS),area,5576.66457960644
199,TG2009A20104,Togo,TG,Kara,Doufelgou,Doufelgou,Sorghum,Main,2004,5,2004,11,All (PS),area,6362.6806797853305
200,TG2009A20104,Togo,TG,Kara,Doufelgou,Doufelgou,Sorghum,Main,2005,5,2005,11,All (PS),area,6344.272808586762
201,TG2009A20104,Togo,TG,Kara,Doufelgou,Doufelgou,Sorghum,Main,2006,5,2006,11,All (PS),area,6523.749552772809
202,TG2009A20104,Togo,TG,Kara,Doufelgou,Doufelgou,Sorghum,Main,2007,5,2007,11,All (PS),area,6644.321109123434
203,TG2009A20104,Togo,TG,Kara,Doufelgou,Doufelgou,Sorghum,Main,2008,5,2008,11,All (PS),area,7677.923076923077
204,TG2009A20104,Togo,TG,Kara,Doufelgou,Doufelgou,Sorghum,Main,2009,5,2009,11,All (PS),area,8143.0
205,TG2009A20104,Togo,TG,Kara,Doufelgou,Doufelgou,Sorghum,Main,2010,5,2010,11,All (PS),area,8505.0
206,TG2009A20104,Togo,TG,Kara,Doufelgou,Doufelgou,Sorghum,Main,2011,5,2011,11,All (PS),area,8507.0
207,TG2009A20104,Togo,TG,Kara,Doufelgou,Doufelgou,Sorghum,Main,2012,5,2012,11,All (PS),area,8374.0
208,TG2009A20104,Togo,TG,Kara,Doufelgou,Doufelgou,Sorghum,Main,2015,5,2015,11,All (PS),area,8189.0
209,TG2009A20104,Togo,TG,Kara,Doufelgou,Doufelgou,Maize,Main,1995,5,1995,11,All (PS),area,1840.7871198568873
210,TG2009A20104,Togo,TG,Kara,Doufelgou,Doufelgou,Maize,Main,1996,5,1996,11,All (PS),area,902.9060822898032
211,TG2009A20104,Togo,TG,Kara,Doufelgou,Doufelgou,Maize,Main,1997,5,1997,11,All (PS),area,2751.056350626118
212,TG2009A20104,Togo,TG,Kara,Doufelgou,Doufelgou,Maize,Main,1998,5,1998,11,All (PS),area,3091.6019677996424
213,TG2009A20104,Togo,TG,Kara,Doufelgou,Doufelgou,Maize,Main,1999,5,1999,11,All (PS),area,2669.1413237924867
214,TG2009A20104,Togo,TG,Kara,Doufelgou,Doufelgou,Maize,Main,2000,5,2000,11,All (PS),area,1271.0635062611807
215,TG2009A20104,Togo,TG,Kara,Doufelgou,Doufelgou,Maize,Main,2001,5,2001,11,All (PS),area,1739.5438282647585
216,TG2009A20104,Togo,TG,Kara,Doufelgou,Doufelgou,Maize,Main,2002,5,2002,11,All (PS),area,1680.638640429338
217,TG2009A20104,Togo,TG,Kara,Doufelgou,Doufelgou,Maize,Main,2003,5,2003,11,All (PS),area,3353.9141323792487
218,TG2009A20104,Togo,TG,Kara,Doufelgou,Doufelgou,Maize,Main,2004,5,2004,11,All (PS),area,3324.4615384615386
219,TG2009A20104,Togo,TG,Kara,Doufelgou,Doufelgou,Maize,Main,2005,5,2005,11,All (PS),area,3050.184257602862
220,TG2009A20104,Togo,TG,Kara,Doufelgou,Doufelgou,Maize,Main,2006,5,2006,11,All (PS),area,2593.6690518783544
221,TG2009A20104,Togo,TG,Kara,Doufelgou,Doufelgou,Maize,Main,2007,5,2007,11,All (PS),area,2113.2236135957064
222,TG2009A20104,Togo,TG,Kara,Doufelgou,Doufelgou,Maize,Main,2008,5,2008,11,All (PS),area,2172.128801431127
223,TG2009A20104,Togo,TG,Kara,Doufelgou,Doufelgou,Maize,Main,2009,5,2009,11,All (PS),area,2591.0
224,TG2009A20104,Togo,TG,Kara,Doufelgou,Doufelgou,Maize,Main,2010,5,2010,11,All (PS),area,2695.0
225,TG2009A20104,Togo,TG,Kara,Doufelgou,Doufelgou,Maize,Main,2011,5,2011,11,All (PS),area,2624.0
226,TG2009A20104,Togo,TG,Kara,Doufelgou,Doufelgou,Maize,Main,2012,5,2012,11,All (PS),area,2667.0
227,TG2009A20104,Togo,TG,Kara,Doufelgou,Doufelgou,Maize,Main,2015,5,2015,11,All (PS),area,5263.0
228,TG2009A20104,Togo,TG,Kara,Doufelgou,Doufelgou,Millet,Main,1995,5,1995,11,All (PS),area,1306.0384615384614
229,TG2009A20104,Togo,TG,Kara,Doufelgou,Doufelgou,Millet,Main,1996,5,1996,11,All (PS),area,3058.4677996422183
230,TG2009A20104,Togo,TG,Kara,Doufelgou,Doufelgou,Millet,Main,1997,5,1997,11,All (PS),area,2216.3076923076924
231,TG2009A20104,Togo,TG,Kara,Doufelgou,Doufelgou,Millet,Main,1998,5,1998,11,All (PS),area,3637.3953488372094
232,TG2009A20104,Togo,TG,Kara,Doufelgou,Doufelgou,Millet,Main,1999,5,1999,11,All (PS),area,2631.4051878354203
233,TG2009A20104,Togo,TG,Kara,Doufelgou,Doufelgou,Millet,Main,2000,5,2000,11,All (PS),area,3509.4606440071557
234,TG2009A20104,Togo,TG,Kara,Doufelgou,Doufelgou,Millet,Main,2001,5,2001,11,All (PS),area,2863.344364937388
235,TG2009A20104,Togo,TG,Kara,Doufelgou,Doufelgou,Millet,Main,2002,5,2002,11,All (PS),area,3091.6019677996424
236,TG2009A20104,Togo,TG,Kara,Doufelgou,Doufelgou,Millet,Main,2003,5,2003,11,All (PS),area,3318.0187835420393
237,TG2009A20104,Togo,TG,Kara,Doufelgou,Doufelgou,Millet,Main,2004,5,2004,11,All (PS),area,1760.7128801431127
238,TG2009A20104,Togo,TG,Kara,Doufelgou,Doufelgou,Millet,Main,2005,5,2005,11,All (PS),area,962.7316636851521
239,TG2009A20104,Togo,TG,Kara,Doufelgou,Doufelgou,Millet,Main,2006,5,2006,11,All (PS),area,814.5483005366726
240,TG2009A20104,Togo,TG,Kara,Doufelgou,Doufelgou,Millet,Main,2007,5,2007,11,All (PS),area,680.1708407871198
241,TG2009A20104,Togo,TG,Kara,Doufelgou,Doufelgou,Millet,Main,2008,5,2008,11,All (PS),area,1380.5903398926655
242,TG2009A20104,Togo,TG,Kara,Doufelgou,Doufelgou,Millet,Main,2009,5,2009,11,All (PS),area,1509.0
243,TG2009A20104,Togo,TG,Kara,Doufelgou,Doufelgou,Millet,Main,2010,5,2010,11,All (PS),area,1568.0
244,TG2009A20104,Togo,TG,Kara,Doufelgou,Doufelgou,Millet,Main,2011,5,2011,11,All (PS),area,1581.0
245,TG2009A20104,Togo,TG,Kara,Doufelgou,Doufelgou,Millet,Main,2012,5,2012,11,All (PS),area,1540.0
246,TG2009A20104,Togo,TG,Kara,Doufelgou,Doufelgou,Millet,Main,2015,5,2015,11,All (PS),area,3277.0
247,TG2009A20104,Togo,TG,Kara,Doufelgou,Doufelgou,Cotton,Main,2015,5,2015,11,All (PS),area,62.0
248,TG2009A20104,Togo,TG,Kara,Doufelgou,Doufelgou,Rice,Annual,2015,5,2015,11,All (PS),area,20.0
249,TG2009A20104,Togo,TG,Kara,Doufelgou,Doufelgou,Cassava,Main,2015,5,2015,11,All (PS),area,252.0
250,TG2009A20104,Togo,TG,Kara,Doufelgou,Doufelgou,Yams,Main,2015,5,2015,11,All (PS),area,764.0
251,TG2009A20104,Togo,TG,Kara,Doufelgou,Doufelgou,Beans (mixed),Main,2015,5,2015,11,All (PS),area,4056.0
252,TG2009A20104,Togo,TG,Kara,Doufelgou,Doufelgou,Groundnuts (In Shell),Main,2015,5,2015,11,All (PS),area,630.0
253,TG2009A20104,Togo,TG,Kara,Doufelgou,Doufelgou,Sweet Potatoes,Main,2015,5,2015,11,All (PS),area,41.0
254,TG2009A20105,Togo,TG,Kara,Kéran,Kéran,Sorghum,Main,1995,5,1995,11,All (PS),area,5480.0
255,TG2009A20105,Togo,TG,Kara,Kéran,Kéran,Sorghum,Main,1996,5,1996,11,All (PS),area,3949.0
256,TG2009A20105,Togo,TG,Kara,Kéran,Kéran,Sorghum,Main,1997,5,1997,11,All (PS),area,15739.0
257,TG2009A20105,Togo,TG,Kara,Kéran,Kéran,Sorghum,Main,1998,5,1998,11,All (PS),area,11934.0
258,TG2009A20105,Togo,TG,Kara,Kéran,Kéran,Sorghum,Main,1999,5,1999,11,All (PS),area,14843.0
259,TG2009A20105,Togo,TG,Kara,Kéran,Kéran,Sorghum,Main,2000,5,2000,11,All (PS),area,11001.0
260,TG2009A20105,Togo,TG,Kara,Kéran,Kéran,Sorghum,Main,2001,5,2001,11,All (PS),area,8845.0
261,TG2009A20105,Togo,TG,Kara,Kéran,Kéran,Sorghum,Main,2002,5,2002,11,All (PS),area,7546.0
262,TG2009A20105,Togo,TG,Kara,Kéran,Kéran,Sorghum,Main,2003,5,2003,11,All (PS),area,8607.0
263,TG2009A20105,Togo,TG,Kara,Kéran,Kéran,Sorghum,Main,2004,5,2004,11,All (PS),area,8473.0
264,TG2009A20105,Togo,TG,Kara,Kéran,Kéran,Sorghum,Main,2005,5,2005,11,All (PS),area,6141.0
265,TG2009A20105,Togo,TG,Kara,Kéran,Kéran,Sorghum,Main,2006,5,2006,11,All (PS),area,6039.0
266,TG2009A20105,Togo,TG,Kara,Kéran,Kéran,Sorghum,Main,2007,5,2007,11,All (PS),area,6056.0
267,TG2009A20105,Togo,TG,Kara,Kéran,Kéran,Sorghum,Main,2008,5,2008,11,All (PS),area,5610.0
268,TG2009A20105,Togo,TG,Kara,Kéran,Kéran,Sorghum,Main,2009,5,2009,11,All (PS),area,5779.0
269,TG2009A20105,Togo,TG,Kara,Kéran,Kéran,Sorghum,Main,2010,5,2010,11,All (PS),area,6054.0
270,TG2009A20105,Togo,TG,Kara,Kéran,Kéran,Sorghum,Main,2011,5,2011,11,All (PS),area,6094.0
271,TG2009A20105,Togo,TG,Kara,Kéran,Kéran,Sorghum,Main,2012,5,2012,11,All (PS),area,5984.0
272,TG2009A20105,Togo,TG,Kara,Kéran,Kéran,Sorghum,Main,2015,5,2015,11,All (PS),area,8094.0
273,TG2009A20105,Togo,TG,Kara,Kéran,Kéran,Maize,Main,1995,5,1995,11,All (PS),area,910.0
274,TG2009A20105,Togo,TG,Kara,Kéran,Kéran,Maize,Main,1996,5,1996,11,All (PS),area,59.0
275,TG2009A20105,Togo,TG,Kara,Kéran,Kéran,Maize,Main,1997,5,1997,11,All (PS),area,1991.0
276,TG2009A20105,Togo,TG,Kara,Kéran,Kéran,Maize,Main,1998,5,1998,11,All (PS),area,1723.0
277,TG2009A20105,Togo,TG,Kara,Kéran,Kéran,Maize,Main,1999,5,1999,11,All (PS),area,2241.0
278,TG2009A20105,Togo,TG,Kara,Kéran,Kéran,Maize,Main,2000,5,2000,11,All (PS),area,2142.0
279,TG2009A20105,Togo,TG,Kara,Kéran,Kéran,Maize,Main,2001,5,2001,11,All (PS),area,1589.0
280,TG2009A20105,Togo,TG,Kara,Kéran,Kéran,Maize,Main,2002,5,2002,11,All (PS),area,1327.0
281,TG2009A20105,Togo,TG,Kara,Kéran,Kéran,Maize,Main,2003,5,2003,11,All (PS),area,2037.0
282,TG2009A20105,Togo,TG,Kara,Kéran,Kéran,Maize,Main,2004,5,2004,11,All (PS),area,2851.0
283,TG2009A20105,Togo,TG,Kara,Kéran,Kéran,Maize,Main,2005,5,2005,11,All (PS),area,2451.0
284,TG2009A20105,Togo,TG,Kara,Kéran,Kéran,Maize,Main,2006,5,2006,11,All (PS),area,2426.0
285,TG2009A20105,Togo,TG,Kara,Kéran,Kéran,Maize,Main,2007,5,2007,11,All (PS),area,1288.0
286,TG2009A20105,Togo,TG,Kara,Kéran,Kéran,Maize,Main,2008,5,2008,11,All (PS),area,2729.0
287,TG2009A20105,Togo,TG,Kara,Kéran,Kéran,Maize,Main,2009,5,2009,11,All (PS),area,2711.0
288,TG2009A20105,Togo,TG,Kara,Kéran,Kéran,Maize,Main,2010,5,2010,11,All (PS),area,2819.0
289,TG2009A20105,Togo,TG,Kara,Kéran,Kéran,Maize,Main,2011,5,2011,11,All (PS),area,2882.0
290,TG2009A20105,Togo,TG,Kara,Kéran,Kéran,Maize,Main,2012,5,2012,11,All (PS),area,2585.0
291,TG2009A20105,Togo,TG,Kara,Kéran,Kéran,Maize,Main,2015,5,2015,11,All (PS),area,6862.0
292,TG2009A20105,Togo,TG,Kara,Kéran,Kéran,Millet,Main,1995,5,1995,11,All (PS),area,1032.0
293,TG2009A20105,Togo,TG,Kara,Kéran,Kéran,Millet,Main,1996,5,1996,11,All (PS),area,2643.0
294,TG2009A20105,Togo,TG,Kara,Kéran,Kéran,Millet,Main,1997,5,1997,11,All (PS),area,1886.0
295,TG2009A20105,Togo,TG,Kara,Kéran,Kéran,Millet,Main,1998,5,1998,11,All (PS),area,3148.0
296,TG2009A20105,Togo,TG,Kara,Kéran,Kéran,Millet,Main,1999,5,1999,11,All (PS),area,6805.0
297,TG2009A20105,Togo,TG,Kara,Kéran,Kéran,Millet,Main,2000,5,2000,11,All (PS),area,5000.0
298,TG2009A20105,Togo,TG,Kara,Kéran,Kéran,Millet,Main,2001,5,2001,11,All (PS),area,4359.0
299,TG2009A20105,Togo,TG,Kara,Kéran,Kéran,Millet,Main,2002,5,2002,11,All (PS),area,3373.0
300,TG2009A20105,Togo,TG,Kara,Kéran,Kéran,Millet,Main,2003,5,2003,11,All (PS),area,2847.0
301,TG2009A20105,Togo,TG,Kara,Kéran,Kéran,Millet,Main,2004,5,2004,11,All (PS),area,1533.0
302,TG2009A20105,Togo,TG,Kara,Kéran,Kéran,Millet,Main,2005,5,2005,11,All (PS),area,1818.0
303,TG2009A20105,Togo,TG,Kara,Kéran,Kéran,Millet,Main,2006,5,2006,11,All (PS),area,1345.0
304,TG2009A20105,Togo,TG,Kara,Kéran,Kéran,Millet,Main,2007,5,2007,11,All (PS),area,758.0
305,TG2009A20105,Togo,TG,Kara,Kéran,Kéran,Millet,Main,2008,5,2008,11,All (PS),area,1198.0
306,TG2009A20105,Togo,TG,Kara,Kéran,Kéran,Millet,Main,2009,5,2009,11,All (PS),area,1032.0
307,TG2009A20105,Togo,TG,Kara,Kéran,Kéran,Millet,Main,2010,5,2010,11,All (PS),area,1098.0
308,TG2009A20105,Togo,TG,Kara,Kéran,Kéran,Millet,Main,2011,5,2011,11,All (PS),area,998.0
309,TG2009A20105,Togo,TG,Kara,Kéran,Kéran,Millet,Main,2012,5,2012,11,All (PS),area,1082.0
310,TG2009A20105,Togo,TG,Kara,Kéran,Kéran,Millet,Main,2015,5,2015,11,All (PS),area,287.0
311,TG2009A20105,Togo,TG,Kara,Kéran,Kéran,Cotton,Main,2015,5,2015,11,All (PS),area,65.0
312,TG2009A20105,Togo,TG,Kara,Kéran,Kéran,Rice,Annual,2015,5,2015,11,All (PS),area,23.0
313,TG2009A20105,Togo,TG,Kara,Kéran,Kéran,Cassava,Main,2015,5,2015,11,All (PS),area,600.0
314,TG2009A20105,Togo,TG,Kara,Kéran,Kéran,Yams,Main,2015,5,2015,11,All (PS),area,742.0
315,TG2009A20105,Togo,TG,Kara,Kéran,Kéran,Beans (mixed),Main,2015,5,2015,11,All (PS),area,10242.0
316,TG2009A20105,Togo,TG,Kara,Kéran,Kéran,Groundnuts (In Shell),Main,2015,5,2015,11,All (PS),area,675.0
317,TG2009A20105,Togo,TG,Kara,Kéran,Kéran,Sweet Potatoes,Main,2015,5,2015,11,All (PS),area,44.0
318,TG2009A20106,Togo,TG,Kara,Kozah,Kozah,Sorghum,Main,1995,5,1995,11,All (PS),area,8324.0
319,TG2009A20106,Togo,TG,Kara,Kozah,Kozah,Sorghum,Main,1996,5,1996,11,All (PS),area,6341.0
320,TG2009A20106,Togo,TG,Kara,Kozah,Kozah,Sorghum,Main,1997,5,1997,11,All (PS),area,14345.0
321,TG2009A20106,Togo,TG,Kara,Kozah,Kozah,Sorghum,Main,1998,5,1998,11,All (PS),area,7349.0
322,TG2009A20106,Togo,TG,Kara,Kozah,Kozah,Sorghum,Main,1999,5,1999,11,All (PS),area,8388.0
323,TG2009A20106,Togo,TG,Kara,Kozah,Kozah,Sorghum,Main,2000,5,2000,11,All (PS),area,6921.0
324,TG2009A20106,Togo,TG,Kara,Kozah,Kozah,Sorghum,Main,2001,5,2001,11,All (PS),area,6147.0
325,TG2009A20106,Togo,TG,Kara,Kozah,Kozah,Sorghum,Main,2002,5,2002,11,All (PS),area,8609.0
326,TG2009A20106,Togo,TG,Kara,Kozah,Kozah,Sorghum,Main,2003,5,2003,11,All (PS),area,6160.0
327,TG2009A20106,Togo,TG,Kara,Kozah,Kozah,Sorghum,Main,2004,5,2004,11,All (PS),area,6421.0
328,TG2009A20106,Togo,TG,Kara,Kozah,Kozah,Sorghum,Main,2005,5,2005,11,All (PS),area,7256.0
329,TG2009A20106,Togo,TG,Kara,Kozah,Kozah,Sorghum,Main,2006,5,2006,11,All (PS),area,7861.0
330,TG2009A20106,Togo,TG,Kara,Kozah,Kozah,Sorghum,Main,2007,5,2007,11,All (PS),area,9601.0
331,TG2009A20106,Togo,TG,Kara,Kozah,Kozah,Sorghum,Main,2008,5,2008,11,All (PS),area,8431.0
332,TG2009A20106,Togo,TG,Kara,Kozah,Kozah,Sorghum,Main,2009,5,2009,11,All (PS),area,8449.0
333,TG2009A20106,Togo,TG,Kara,Kozah,Kozah,Sorghum,Main,2010,5,2010,11,All (PS),area,8813.0
334,TG2009A20106,Togo,TG,Kara,Kozah,Kozah,Sorghum,Main,2011,5,2011,11,All (PS),area,8826.0
335,TG2009A20106,Togo,TG,Kara,Kozah,Kozah,Sorghum,Main,2012,5,2012,11,All (PS),area,8630.0
336,TG2009A20106,Togo,TG,Kara,Kozah,Kozah,Sorghum,Main,2015,5,2015,11,All (PS),area,28061.0
337,TG2009A20106,Togo,TG,Kara,Kozah,Kozah,Maize,Main,1995,5,1995,11,All (PS),area,1839.0
338,TG2009A20106,Togo,TG,Kara,Kozah,Kozah,Maize,Main,1996,5,1996,11,All (PS),area,1489.0
339,TG2009A20106,Togo,TG,Kara,Kozah,Kozah,Maize,Main,1997,5,1997,11,All (PS),area,6571.0
340,TG2009A20106,Togo,TG,Kara,Kozah,Kozah,Maize,Main,1998,5,1998,11,All (PS),area,3872.0
341,TG2009A20106,Togo,TG,Kara,Kozah,Kozah,Maize,Main,1999,5,1999,11,All (PS),area,3020.0
342,TG2009A20106,Togo,TG,Kara,Kozah,Kozah,Maize,Main,2000,5,2000,11,All (PS),area,3782.0
343,TG2009A20106,Togo,TG,Kara,Kozah,Kozah,Maize,Main,2001,5,2001,11,All (PS),area,3087.0
344,TG2009A20106,Togo,TG,Kara,Kozah,Kozah,Maize,Main,2002,5,2002,11,All (PS),area,3253.0
345,TG2009A20106,Togo,TG,Kara,Kozah,Kozah,Maize,Main,2003,5,2003,11,All (PS),area,3007.0
346,TG2009A20106,Togo,TG,Kara,Kozah,Kozah,Maize,Main,2004,5,2004,11,All (PS),area,3875.0
347,TG2009A20106,Togo,TG,Kara,Kozah,Kozah,Maize,Main,2005,5,2005,11,All (PS),area,4731.0
348,TG2009A20106,Togo,TG,Kara,Kozah,Kozah,Maize,Main,2006,5,2006,11,All (PS),area,5617.0
349,TG2009A20106,Togo,TG,Kara,Kozah,Kozah,Maize,Main,2007,5,2007,11,All (PS),area,7878.0
350,TG2009A20106,Togo,TG,Kara,Kozah,Kozah,Maize,Main,2008,5,2008,11,All (PS),area,6071.0
351,TG2009A20106,Togo,TG,Kara,Kozah,Kozah,Maize,Main,2009,5,2009,11,All (PS),area,6058.0
352,TG2009A20106,Togo,TG,Kara,Kozah,Kozah,Maize,Main,2010,5,2010,11,All (PS),area,6300.0
353,TG2009A20106,Togo,TG,Kara,Kozah,Kozah,Maize,Main,2011,5,2011,11,All (PS),area,6435.0
354,TG2009A20106,Togo,TG,Kara,Kozah,Kozah,Maize,Main,2012,5,2012,11,All (PS),area,6416.0
355,TG2009A20106,Togo,TG,Kara,Kozah,Kozah,Maize,Main,2015,5,2015,11,All (PS),area,14540.0
356,TG2009A20106,Togo,TG,Kara,Kozah,Kozah,Millet,Main,1995,5,1995,11,All (PS),area,2813.0
357,TG2009A20106,Togo,TG,Kara,Kozah,Kozah,Millet,Main,1996,5,1996,11,All (PS),area,1660.0
358,TG2009A20106,Togo,TG,Kara,Kozah,Kozah,Millet,Main,1997,5,1997,11,All (PS),area,3328.0
359,TG2009A20106,Togo,TG,Kara,Kozah,Kozah,Millet,Main,1998,5,1998,11,All (PS),area,2120.0
360,TG2009A20106,Togo,TG,Kara,Kozah,Kozah,Millet,Main,1999,5,1999,11,All (PS),area,1860.0
361,TG2009A20106,Togo,TG,Kara,Kozah,Kozah,Millet,Main,2000,5,2000,11,All (PS),area,1270.0
362,TG2009A20106,Togo,TG,Kara,Kozah,Kozah,Millet,Main,2001,5,2001,11,All (PS),area,1798.0
363,TG2009A20106,Togo,TG,Kara,Kozah,Kozah,Millet,Main,2002,5,2002,11,All (PS),area,3020.0
364,TG2009A20106,Togo,TG,Kara,Kozah,Kozah,Millet,Main,2003,5,2003,11,All (PS),area,1953.0
365,TG2009A20106,Togo,TG,Kara,Kozah,Kozah,Millet,Main,2004,5,2004,11,All (PS),area,1864.0
366,TG2009A20106,Togo,TG,Kara,Kozah,Kozah,Millet,Main,2005,5,2005,11,All (PS),area,1763.0
367,TG2009A20106,Togo,TG,Kara,Kozah,Kozah,Millet,Main,2006,5,2006,11,All (PS),area,1534.0
368,TG2009A20106,Togo,TG,Kara,Kozah,Kozah,Millet,Main,2007,5,2007,11,All (PS),area,3531.0
369,TG2009A20106,Togo,TG,Kara,Kozah,Kozah,Millet,Main,2008,5,2008,11,All (PS),area,3209.0
370,TG2009A20106,Togo,TG,Kara,Kozah,Kozah,Millet,Main,2009,5,2009,11,All (PS),area,3319.0
371,TG2009A20106,Togo,TG,Kara,Kozah,Kozah,Millet,Main,2010,5,2010,11,All (PS),area,3566.0
372,TG2009A20106,Togo,TG,Kara,Kozah,Kozah,Millet,Main,2011,5,2011,11,All (PS),area,3726.0
373,TG2009A20106,Togo,TG,Kara,Kozah,Kozah,Millet,Main,2012,5,2012,11,All (PS),area,3455.0
374,TG2009A20106,Togo,TG,Kara,Kozah,Kozah,Millet,Main,2015,5,2015,11,All (PS),area,917.0
375,TG2009A20106,Togo,TG,Kara,Kozah,Kozah,Cotton,Main,2015,5,2015,11,All (PS),area,47.0
376,TG2009A20106,Togo,TG,Kara,Kozah,Kozah,Rice,Annual,2015,5,2015,11,All (PS),area,4.0
377,TG2009A20106,Togo,TG,Kara,Kozah,Kozah,Cassava,Main,2015,5,2015,11,All (PS),area,5775.0
378,TG2009A20106,Togo,TG,Kara,Kozah,Kozah,Yams,Main,2015,5,2015,11,All (PS),area,2783.0
379,TG2009A20106,Togo,TG,Kara,Kozah,Kozah,Beans (mixed),Main,2015,5,2015,11,All (PS),area,12066.0
380,TG2009A20106,Togo,TG,Kara,Kozah,Kozah,Groundnuts (In Shell),Main,2015,5,2015,11,All (PS),area,2592.0
381,TG2009A20106,Togo,TG,Kara,Kozah,Kozah,Sweet Potatoes,Main,2015,5,2015,11,All (PS),area,26.0
382,TG2009A20107,Togo,TG,Kara,Dankpen,Dankpen,Sorghum,Main,1998,5,1998,11,All (PS),area,10436.0
383,TG2009A20107,Togo,TG,Kara,Dankpen,Dankpen,Sorghum,Main,1999,5,1999,11,All (PS),area,10182.0
384,TG2009A20107,Togo,TG,Kara,Dankpen,Dankpen,Sorghum,Main,2000,5,2000,11,All (PS),area,8280.0
385,TG2009A20107,Togo,TG,Kara,Dankpen,Dankpen,Sorghum,Main,2001,5,2001,11,All (PS),area,5894.0
386,TG2009A20107,Togo,TG,Kara,Dankpen,Dankpen,Sorghum,Main,2002,5,2002,11,All (PS),area,7565.0
387,TG2009A20107,Togo,TG,Kara,Dankpen,Dankpen,Sorghum,Main,2003,5,2003,11,All (PS),area,6982.0
388,TG2009A20107,Togo,TG,Kara,Dankpen,Dankpen,Sorghum,Main,2004,5,2004,11,All (PS),area,5692.0
389,TG2009A20107,Togo,TG,Kara,Dankpen,Dankpen,Sorghum,Main,2005,5,2005,11,All (PS),area,6938.0
390,TG2009A20107,Togo,TG,Kara,Dankpen,Dankpen,Sorghum,Main,2006,5,2006,11,All (PS),area,6860.0
391,TG2009A20107,Togo,TG,Kara,Dankpen,Dankpen,Sorghum,Main,2007,5,2007,11,All (PS),area,8690.0
392,TG2009A20107,Togo,TG,Kara,Dankpen,Dankpen,Sorghum,Main,2008,5,2008,11,All (PS),area,9074.0
393,TG2009A20107,Togo,TG,Kara,Dankpen,Dankpen,Sorghum,Main,2009,5,2009,11,All (PS),area,8865.0
394,TG2009A20107,Togo,TG,Kara,Dankpen,Dankpen,Sorghum,Main,2010,5,2010,11,All (PS),area,9276.0
395,TG2009A20107,Togo,TG,Kara,Dankpen,Dankpen,Sorghum,Main,2011,5,2011,11,All (PS),area,9364.0
396,TG2009A20107,Togo,TG,Kara,Dankpen,Dankpen,Sorghum,Main,2012,5,2012,11,All (PS),area,9145.0
397,TG2009A20107,Togo,TG,Kara,Dankpen,Dankpen,Sorghum,Main,2015,5,2015,11,All (PS),area,16790.0
398,TG2009A20107,Togo,TG,Kara,Dankpen,Dankpen,Maize,Main,1998,5,1998,11,All (PS),area,6492.0
399,TG2009A20107,Togo,TG,Kara,Dankpen,Dankpen,Maize,Main,1999,5,1999,11,All (PS),area,5211.0
400,TG2009A20107,Togo,TG,Kara,Dankpen,Dankpen,Maize,Main,2000,5,2000,11,All (PS),area,5915.0
401,TG2009A20107,Togo,TG,Kara,Dankpen,Dankpen,Maize,Main,2001,5,2001,11,All (PS),area,4806.0
402,TG2009A20107,Togo,TG,Kara,Dankpen,Dankpen,Maize,Main,2002,5,2002,11,All (PS),area,4599.0
403,TG2009A20107,Togo,TG,Kara,Dankpen,Dankpen,Maize,Main,2003,5,2003,11,All (PS),area,5108.0
404,TG2009A20107,Togo,TG,Kara,Dankpen,Dankpen,Maize,Main,2004,5,2004,11,All (PS),area,4289.0
405,TG2009A20107,Togo,TG,Kara,Dankpen,Dankpen,Maize,Main,2005,5,2005,11,All (PS),area,5084.0
406,TG2009A20107,Togo,TG,Kara,Dankpen,Dankpen,Maize,Main,2006,5,2006,11,All (PS),area,5547.0
407,TG2009A20107,Togo,TG,Kara,Dankpen,Dankpen,Maize,Main,2007,5,2007,11,All (PS),area,5712.0
408,TG2009A20107,Togo,TG,Kara,Dankpen,Dankpen,Maize,Main,2008,5,2008,11,All (PS),area,5378.0
409,TG2009A20107,Togo,TG,Kara,Dankpen,Dankpen,Maize,Main,2009,5,2009,11,All (PS),area,5415.0
410,TG2009A20107,Togo,TG,Kara,Dankpen,Dankpen,Maize,Main,2010,5,2010,11,All (PS),area,5632.0
411,TG2009A20107,Togo,TG,Kara,Dankpen,Dankpen,Maize,Main,2011,5,2011,11,All (PS),area,5682.0
412,TG2009A20107,Togo,TG,Kara,Dankpen,Dankpen,Maize,Main,2012,5,2012,11,All (PS),area,4427.0
413,TG2009A20107,Togo,TG,Kara,Dankpen,Dankpen,Maize,Main,2015,5,2015,11,All (PS),area,11733.0
414,TG2009A20107,Togo,TG,Kara,Dankpen,Dankpen,Millet,Main,1998,5,1998,11,All (PS),area,2537.0
415,TG2009A20107,Togo,TG,Kara,Dankpen,Dankpen,Millet,Main,1999,5,1999,11,All (PS),area,3077.0
416,TG2009A20107,Togo,TG,Kara,Dankpen,Dankpen,Millet,Main,2000,5,2000,11,All (PS),area,4285.0
417,TG2009A20107,Togo,TG,Kara,Dankpen,Dankpen,Millet,Main,2001,5,2001,11,All (PS),area,2644.0
418,TG2009A20107,Togo,TG,Kara,Dankpen,Dankpen,Millet,Main,2002,5,2002,11,All (PS),area,3524.0
419,TG2009A20107,Togo,TG,Kara,Dankpen,Dankpen,Millet,Main,2003,5,2003,11,All (PS),area,4898.0
420,TG2009A20107,Togo,TG,Kara,Dankpen,Dankpen,Millet,Main,2004,5,2004,11,All (PS),area,1535.0
421,TG2009A20107,Togo,TG,Kara,Dankpen,Dankpen,Millet,Main,2005,5,2005,11,All (PS),area,2331.0
422,TG2009A20107,Togo,TG,Kara,Dankpen,Dankpen,Millet,Main,2006,5,2006,11,All (PS),area,1366.0
423,TG2009A20107,Togo,TG,Kara,Dankpen,Dankpen,Millet,Main,2008,5,2008,11,All (PS),area,2614.0
424,TG2009A20107,Togo,TG,Kara,Dankpen,Dankpen,Millet,Main,2009,5,2009,11,All (PS),area,2672.0
425,TG2009A20107,Togo,TG,Kara,Dankpen,Dankpen,Millet,Main,2010,5,2010,11,All (PS),area,2919.0
426,TG2009A20107,Togo,TG,Kara,Dankpen,Dankpen,Millet,Main,2011,5,2011,11,All (PS),area,2931.0
427,TG2009A20107,Togo,TG,Kara,Dankpen,Dankpen,Millet,Main,2012,5,2012,11,All (PS),area,2784.0
428,TG2009A20107,Togo,TG,Kara,Dankpen,Dankpen,Millet,Main,2015,5,2015,11,All (PS),area,2072.0
429,TG2009A20107,Togo,TG,Kara,Dankpen,Dankpen,Cotton,Main,2015,5,2015,11,All (PS),area,59.0
430,TG2009A20107,Togo,TG,Kara,Dankpen,Dankpen,Rice,Annual,2015,5,2015,11,All (PS),area,17.0
431,TG2009A20107,Togo,TG,Kara,Dankpen,Dankpen,Cassava,Main,2015,5,2015,11,All (PS),area,2843.0
432,TG2009A20107,Togo,TG,Kara,Dankpen,Dankpen,Yams,Main,2015,5,2015,11,All (PS),area,6269.0
433,TG2009A20107,Togo,TG,Kara,Dankpen,Dankpen,Beans (mixed),Main,2015,5,2015,11,All (PS),area,6313.0
434,TG2009A20107,Togo,TG,Kara,Dankpen,Dankpen,Groundnuts (In Shell),Main,2015,5,2015,11,All (PS),area,8199.0
435,TG2009A20107,Togo,TG,Kara,Dankpen,Dankpen,Sweet Potatoes,Main,2015,5,2015,11,All (PS),area,38.0
436,TG2009A20201,Togo,TG,Plateaux,Haho,Haho,Sorghum,Main,1995,5,1995,11,All (PS),area,4512.575279168271
437,TG2009A20201,Togo,TG,Plateaux,Haho,Haho,Sorghum,Main,1996,5,1996,11,All (PS),area,2513.4639969195223
438,TG2009A20201,Togo,TG,Plateaux,Haho,Haho,Sorghum,Main,1997,5,1997,11,All (PS),area,2026.38043896804
439,TG2009A20201,Togo,TG,Plateaux,Haho,Haho,Sorghum,Main,1998,5,1998,11,All (PS),area,3750.9195225259914
440,TG2009A20201,Togo,TG,Plateaux,Haho,Haho,Sorghum,Main,1999,5,1999,11,All (PS),area,3640.902579899884
441,TG2009A20201,Togo,TG,Plateaux,Haho,Haho,Sorghum,Main,2000,5,2000,11,All (PS),area,3074.8324990373508
442,TG2009A20201,Togo,TG,Plateaux,Haho,Haho,Sorghum,Main,2001,5,2001,11,All (PS),area,4601.905275317674
443,TG2009A20201,Togo,TG,Plateaux,Haho,Haho,Sorghum,Main,2002,5,2002,11,All (PS),area,6690.346553715825
444,TG2009A20201,Togo,TG,Plateaux,Haho,Haho,Sorghum,Main,2003,5,2003,11,All (PS),area,7785.814401232191
445,TG2009A20201,Togo,TG,Plateaux,Haho,Haho,Sorghum,Main,2004,5,2004,11,All (PS),area,6601.016557566422
446,TG2009A20201,Togo,TG,Plateaux,Haho,Haho,Sorghum,Main,2005,5,2005,11,All (PS),area,7845.994609164421
447,TG2009A20201,Togo,TG,Plateaux,Haho,Haho,Sorghum,Main,2006,5,2006,11,All (PS),area,12054.84790142472
448,TG2009A20201,Togo,TG,Plateaux,Haho,Haho,Sorghum,Main,2007,5,2007,11,All (PS),area,7010.994224104736
449,TG2009A20201,Togo,TG,Plateaux,Haho,Haho,Sorghum,Main,2008,5,2008,11,All (PS),area,11590.331921447823
450,TG2009A20201,Togo,TG,Plateaux,Haho,Haho,Sorghum,Main,2009,5,2009,11,All (PS),area,8548.0
451,TG2009A20201,Togo,TG,Plateaux,Haho,Haho,Sorghum,Main,2010,5,2010,11,All (PS),area,10457.0
452,TG2009A20201,Togo,TG,Plateaux,Haho,Haho,Sorghum,Main,2011,5,2011,11,All (PS),area,10466.0
453,TG2009A20201,Togo,TG,Plateaux,Haho,Haho,Sorghum,Main,2012,5,2012,11,All (PS),area,4202.0
454,TG2009A20201,Togo,TG,Plateaux,Haho,Haho,Sorghum,Main,2013,5,2013,11,All (PS),area,14645.0
455,TG2009A20201,Togo,TG,Plateaux,Haho,Haho,Sorghum,Main,2014,5,2014,11,All (PS),area,4960.0
456,TG2009A20201,Togo,TG,Plateaux,Haho,Haho,Sorghum,Main,2015,5,2015,11,All (PS),area,12792.0
457,TG2009A20201,Togo,TG,Plateaux,Haho,Haho,Maize,Main,1995,5,1995,11,All (PS),area,49728.598382749326
458,TG2009A20201,Togo,TG,Plateaux,Haho,Haho,Maize,Main,1996,5,1996,11,All (PS),area,43087.14824797843
459,TG2009A20201,Togo,TG,Plateaux,Haho,Haho,Maize,Main,1997,5,1997,11,All (PS),area,46826.78398151713
460,TG2009A20201,Togo,TG,Plateaux,Haho,Haho,Maize,Main,1998,5,1998,11,All (PS),area,43421.900654601464
461,TG2009A20201,Togo,TG,Plateaux,Haho,Haho,Maize,Main,1999,5,1999,11,All (PS),area,41850.633038120905
462,TG2009A20201,Togo,TG,Plateaux,Haho,Haho,Maize,Main,2000,5,2000,11,All (PS),area,38301.88140161725
463,TG2009A20201,Togo,TG,Plateaux,Haho,Haho,Maize,Main,2001,5,2001,11,All (PS),area,3383.256064690027
464,TG2009A20201,Togo,TG,Plateaux,Haho,Haho,Maize,Main,2002,5,2002,11,All (PS),area,36740.95725837505
465,TG2009A20201,Togo,TG,Plateaux,Haho,Haho,Maize,Main,2003,5,2003,11,All (PS),area,39753.728917982284
466,TG2009A20201,Togo,TG,Plateaux,Haho,Haho,Maize,Main,2004,5,2004,11,All (PS),area,45399.38467462456
467,TG2009A20201,Togo,TG,Plateaux,Haho,Haho,Maize,Main,2005,5,2005,11,All (PS),area,42694.09626492106
468,TG2009A20201,Togo,TG,Plateaux,Haho,Haho,Maize,Main,2006,5,2006,11,All (PS),area,44680.043126684635
469,TG2009A20201,Togo,TG,Plateaux,Haho,Haho,Maize,Main,2007,5,2007,11,All (PS),area,47491.58721601848
470,TG2009A20201,Togo,TG,Plateaux,Haho,Haho,Maize,Main,2008,5,2008,11,All (PS),area,59370.59607239122
471,TG2009A20201,Togo,TG,Plateaux,Haho,Haho,Maize,Main,2009,5,2009,11,All (PS),area,65509.0
472,TG2009A20201,Togo,TG,Plateaux,Haho,Haho,Maize,Main,2010,5,2010,11,All (PS),area,71683.0
473,TG2009A20201,Togo,TG,Plateaux,Haho,Haho,Maize,Main,2011,5,2011,11,All (PS),area,70026.0
474,TG2009A20201,Togo,TG,Plateaux,Haho,Haho,Maize,Main,2012,5,2012,11,All (PS),area,59270.0
475,TG2009A20201,Togo,TG,Plateaux,Haho,Haho,Maize,Main,2013,5,2013,11,All (PS),area,44700.0
476,TG2009A20201,Togo,TG,Plateaux,Haho,Haho,Maize,Main,2014,5,2014,11,All (PS),area,66790.0
477,TG2009A20201,Togo,TG,Plateaux,Haho,Haho,Maize,Main,2015,5,2015,11,All (PS),area,35085.0
478,TG2009A20201,Togo,TG,Plateaux,Haho,Haho,Millet,Main,2012,5,2012,11,All (PS),area,2657.0
479,TG2009A20201,Togo,TG,Plateaux,Haho,Haho,Millet,Main,2013,5,2013,11,All (PS),area,4182.0
480,TG2009A20201,Togo,TG,Plateaux,Haho,Haho,Millet,Main,2014,5,2014,11,All (PS),area,7339.0
481,TG2009A20201,Togo,TG,Plateaux,Haho,Haho,Millet,Main,2015,5,2015,11,All (PS),area,5537.0
482,TG2009A20201,Togo,TG,Plateaux,Haho,Haho,Rice,Annual,2010,5,2010,11,All (PS),area,2168.0
483,TG2009A20201,Togo,TG,Plateaux,Haho,Haho,Rice,Annual,2011,5,2011,11,All (PS),area,2198.0
484,TG2009A20201,Togo,TG,Plateaux,Haho,Haho,Rice,Annual,2012,5,2012,11,All (PS),area,5342.0
485,TG2009A20201,Togo,TG,Plateaux,Haho,Haho,Rice,Annual,2013,5,2013,11,All (PS),area,918.0
486,TG2009A20201,Togo,TG,Plateaux,Haho,Haho,Rice,Annual,2014,5,2014,11,All (PS),area,503.0
487,TG2009A20201,Togo,TG,Plateaux,Haho,Haho,Rice,Annual,2015,5,2015,11,All (PS),area,661.0
488,TG2009A20201,Togo,TG,Plateaux,Haho,Haho,Cassava,Main,2010,5,2010,11,All (PS),area,9833.0
489,TG2009A20201,Togo,TG,Plateaux,Haho,Haho,Cassava,Main,2011,5,2011,11,All (PS),area,10493.0
490,TG2009A20201,Togo,TG,Plateaux,Haho,Haho,Cassava,Main,2012,5,2012,11,All (PS),area,12704.0
491,TG2009A20201,Togo,TG,Plateaux,Haho,Haho,Cassava,Main,2013,5,2013,11,All (PS),area,27484.0
492,TG2009A20201,Togo,TG,Plateaux,Haho,Haho,Cassava,Main,2014,5,2014,11,All (PS),area,14229.0
493,TG2009A20201,Togo,TG,Plateaux,Haho,Haho,Cassava,Main,2015,5,2015,11,All (PS),area,26843.0
494,TG2009A20201,Togo,TG,Plateaux,Haho,Haho,Soybean,Main,2015,5,2015,11,All (PS),area,2133.0
495,TG2009A20201,Togo,TG,Plateaux,Haho,Haho,Yams,Main,2010,5,2010,11,All (PS),area,2855.0
496,TG2009A20201,Togo,TG,Plateaux,Haho,Haho,Yams,Main,2011,5,2011,11,All (PS),area,2797.0
497,TG2009A20201,Togo,TG,Plateaux,Haho,Haho,Yams,Main,2012,5,2012,11,All (PS),area,5697.0
498,TG2009A20201,Togo,TG,Plateaux,Haho,Haho,Yams,Main,2013,5,2013,11,All (PS),area,1872.0
499,TG2009A20201,Togo,TG,Plateaux,Haho,Haho,Yams,Main,2014,5,2014,11,All (PS),area,2273.0
500,TG2009A20201,Togo,TG,Plateaux,Haho,Haho,Yams,Main,2015,5,2015,11,All (PS),area,2303.0
501,TG2009A20201,Togo,TG,Plateaux,Haho,Haho,Groundnuts (In Shell),Main,2010,5,2010,11,All (PS),area,2129.0
502,TG2009A20201,Togo,TG,Plateaux,Haho,Haho,Groundnuts (In Shell),Main,2011,5,2011,11,All (PS),area,2212.0
503,TG2009A20201,Togo,TG,Plateaux,Haho,Haho,Groundnuts (In Shell),Main,2012,5,2012,11,All (PS),area,891.0
504,TG2009A20201,Togo,TG,Plateaux,Haho,Haho,Groundnuts (In Shell),Main,2013,5,2013,11,All (PS),area,138.0
505,TG2009A20201,Togo,TG,Plateaux,Haho,Haho,Groundnuts (In Shell),Main,2014,5,2014,11,All (PS),area,192.0
506,TG2009A20201,Togo,TG,Plateaux,Haho,Haho,Groundnuts (In Shell),Main,2015,5,2015,11,All (PS),area,140.0
507,TG2009A20201,Togo,TG,Plateaux,Haho,Haho,Cowpea,Main,2010,5,2010,11,All (PS),area,16851.0
508,TG2009A20201,Togo,TG,Plateaux,Haho,Haho,Cowpea,Main,2011,5,2011,11,All (PS),area,16753.0
509,TG2009A20201,Togo,TG,Plateaux,Haho,Haho,Cowpea,Main,2012,5,2012,11,All (PS),area,14895.0
510,TG2009A20201,Togo,TG,Plateaux,Haho,Haho,Cowpea,Main,2013,5,2013,11,All (PS),area,12765.0
511,TG2009A20201,Togo,TG,Plateaux,Haho,Haho,Cowpea,Main,2014,5,2014,11,All (PS),area,15282.0
512,TG2009A20201,Togo,TG,Plateaux,Haho,Haho,Cowpea,Main,2015,5,2015,11,All (PS),area,13082.0
513,TG2009A20202,Togo,TG,Plateaux,Kloto,Kloto,Sorghum,Main,1995,5,1995,11,All (PS),area,2321.1936218678816
514,TG2009A20202,Togo,TG,Plateaux,Kloto,Kloto,Sorghum,Main,1997,5,1997,11,All (PS),area,91.64602275990123
515,TG2009A20202,Togo,TG,Plateaux,Kloto,Kloto,Sorghum,Main,1998,5,1998,11,All (PS),area,82.38940200225876
516,TG2009A20202,Togo,TG,Plateaux,Kloto,Kloto,Sorghum,Main,1999,5,1999,11,All (PS),area,187.07061503416855
517,TG2009A20202,Togo,TG,Plateaux,Kloto,Kloto,Sorghum,Main,2000,5,2000,11,All (PS),area,48.05987394957983
518,TG2009A20202,Togo,TG,Plateaux,Kloto,Kloto,Sorghum,Main,2001,5,2001,11,All (PS),area,130.04648647613942
519,TG2009A20202,Togo,TG,Plateaux,Kloto,Kloto,Sorghum,Main,2002,5,2002,11,All (PS),area,126.44822792442719
520,TG2009A20202,Togo,TG,Plateaux,Kloto,Kloto,Sorghum,Main,2003,5,2003,11,All (PS),area,186.71709720334604
521,TG2009A20202,Togo,TG,Plateaux,Kloto,Kloto,Sorghum,Main,2004,5,2004,11,All (PS),area,67.97389741773702
522,TG2009A20202,Togo,TG,Plateaux,Kloto,Kloto,Sorghum,Main,2005,5,2005,11,All (PS),area,26.41701680672269
523,TG2009A20202,Togo,TG,Plateaux,Kloto,Kloto,Sorghum,Main,2006,5,2006,11,All (PS),area,253.66097988170213
524,TG2009A20202,Togo,TG,Plateaux,Kloto,Kloto,Sorghum,Main,2007,5,2007,11,All (PS),area,196.06196761164603
525,TG2009A20202,Togo,TG,Plateaux,Kloto,Kloto,Sorghum,Main,2008,5,2008,11,All (PS),area,132.32288336747
526,TG2009A20202,Togo,TG,Plateaux,Kloto,Kloto,Sorghum,Main,2009,5,2009,11,All (PS),area,382.0
527,TG2009A20202,Togo,TG,Plateaux,Kloto,Kloto,Sorghum,Main,2010,5,2010,11,All (PS),area,792.0
528,TG2009A20202,Togo,TG,Plateaux,Kloto,Kloto,Sorghum,Main,2011,5,2011,11,All (PS),area,712.0
529,TG2009A20202,Togo,TG,Plateaux,Kloto,Kloto,Maize,Main,1995,5,1995,11,All (PS),area,8653.020501138952
530,TG2009A20202,Togo,TG,Plateaux,Kloto,Kloto,Maize,Main,1996,5,1996,11,All (PS),area,4482.55125284738
531,TG2009A20202,Togo,TG,Plateaux,Kloto,Kloto,Maize,Main,1997,5,1997,11,All (PS),area,4130.971375452231
532,TG2009A20202,Togo,TG,Plateaux,Kloto,Kloto,Maize,Main,1998,5,1998,11,All (PS),area,3843.8048371968375
533,TG2009A20202,Togo,TG,Plateaux,Kloto,Kloto,Maize,Main,1999,5,1999,11,All (PS),area,3148.916669857009
534,TG2009A20202,Togo,TG,Plateaux,Kloto,Kloto,Maize,Main,2000,5,2000,11,All (PS),area,3803.025399111809
535,TG2009A20202,Togo,TG,Plateaux,Kloto,Kloto,Maize,Main,2001,5,2001,11,All (PS),area,3233.0551506479587
536,TG2009A20202,Togo,TG,Plateaux,Kloto,Kloto,Maize,Main,2002,5,2002,11,All (PS),area,2833.5001914205313
537,TG2009A20202,Togo,TG,Plateaux,Kloto,Kloto,Maize,Main,2003,5,2003,11,All (PS),area,2722.5416818207923
538,TG2009A20202,Togo,TG,Plateaux,Kloto,Kloto,Maize,Main,2004,5,2004,11,All (PS),area,3221.0792528856646
539,TG2009A20202,Togo,TG,Plateaux,Kloto,Kloto,Maize,Main,2005,5,2005,11,All (PS),area,3943.4883735954522
540,TG2009A20202,Togo,TG,Plateaux,Kloto,Kloto,Maize,Main,2006,5,2006,11,All (PS),area,3733.6566370283876
541,TG2009A20202,Togo,TG,Plateaux,Kloto,Kloto,Maize,Main,2007,5,2007,11,All (PS),area,5677.373504527095
542,TG2009A20202,Togo,TG,Plateaux,Kloto,Kloto,Maize,Main,2008,5,2008,11,All (PS),area,3577.838869374629
543,TG2009A20202,Togo,TG,Plateaux,Kloto,Kloto,Maize,Main,2009,5,2009,11,All (PS),area,6763.0
544,TG2009A20202,Togo,TG,Plateaux,Kloto,Kloto,Maize,Main,2010,5,2010,11,All (PS),area,8618.0
545,TG2009A20202,Togo,TG,Plateaux,Kloto,Kloto,Maize,Main,2011,5,2011,11,All (PS),area,7988.0
546,TG2009A20202,Togo,TG,Plateaux,Kloto,Kloto,Maize,Main,2012,5,2012,11,All (PS),area,7974.0
547,TG2009A20202,Togo,TG,Plateaux,Kloto,Kloto,Maize,Main,2013,5,2013,11,All (PS),area,8252.0
548,TG2009A20202,Togo,TG,Plateaux,Kloto,Kloto,Maize,Main,2014,5,2014,11,All (PS),area,10362.0
549,TG2009A20202,Togo,TG,Plateaux,Kloto,Kloto,Maize,Main,2015,5,2015,11,All (PS),area,6477.0
550,TG2009A20202,Togo,TG,Plateaux,Kloto,Kloto,Rice,Annual,2010,5,2010,11,All (PS),area,490.0
551,TG2009A20202,Togo,TG,Plateaux,Kloto,Kloto,Rice,Annual,2011,5,2011,11,All (PS),area,501.0
552,TG2009A20202,Togo,TG,Plateaux,Kloto,Kloto,Rice,Annual,2012,5,2012,11,All (PS),area,254.0
553,TG2009A20202,Togo,TG,Plateaux,Kloto,Kloto,Cassava,Main,2010,5,2010,11,All (PS),area,2764.0
554,TG2009A20202,Togo,TG,Plateaux,Kloto,Kloto,Cassava,Main,2011,5,2011,11,All (PS),area,2336.0
555,TG2009A20202,Togo,TG,Plateaux,Kloto,Kloto,Cassava,Main,2012,5,2012,11,All (PS),area,5193.0
556,TG2009A20202,Togo,TG,Plateaux,Kloto,Kloto,Cassava,Main,2013,5,2013,11,All (PS),area,2526.0
557,TG2009A20202,Togo,TG,Plateaux,Kloto,Kloto,Cassava,Main,2014,5,2014,11,All (PS),area,4931.0
558,TG2009A20202,Togo,TG,Plateaux,Kloto,Kloto,Cassava,Main,2015,5,2015,11,All (PS),area,2467.0
559,TG2009A20202,Togo,TG,Plateaux,Kloto,Kloto,Soybean,Main,2015,5,2015,11,All (PS),area,2.0
560,TG2009A20202,Togo,TG,Plateaux,Kloto,Kloto,Yams,Main,2010,5,2010,11,All (PS),area,1148.0
561,TG2009A20202,Togo,TG,Plateaux,Kloto,Kloto,Yams,Main,2011,5,2011,11,All (PS),area,927.0
562,TG2009A20202,Togo,TG,Plateaux,Kloto,Kloto,Yams,Main,2012,5,2012,11,All (PS),area,1848.0
563,TG2009A20202,Togo,TG,Plateaux,Kloto,Kloto,Yams,Main,2013,5,2013,11,All (PS),area,972.0
564,TG2009A20202,Togo,TG,Plateaux,Kloto,Kloto,Yams,Main,2014,5,2014,11,All (PS),area,3198.0
565,TG2009A20202,Togo,TG,Plateaux,Kloto,Kloto,Yams,Main,2015,5,2015,11,All (PS),area,1196.0
566,TG2009A20202,Togo,TG,Plateaux,Kloto,Kloto,Groundnuts (In Shell),Main,2010,5,2010,11,All (PS),area,40.0
567,TG2009A20202,Togo,TG,Plateaux,Kloto,Kloto,Groundnuts (In Shell),Main,2011,5,2011,11,All (PS),area,34.0
568,TG2009A20202,Togo,TG,Plateaux,Kloto,Kloto,Groundnuts (In Shell),Main,2012,5,2012,11,All (PS),area,213.0
569,TG2009A20202,Togo,TG,Plateaux,Kloto,Kloto,Groundnuts (In Shell),Main,2013,5,2013,11,All (PS),area,1533.0
570,TG2009A20202,Togo,TG,Plateaux,Kloto,Kloto,Groundnuts (In Shell),Main,2014,5,2014,11,All (PS),area,1645.0
571,TG2009A20202,Togo,TG,Plateaux,Kloto,Kloto,Groundnuts (In Shell),Main,2015,5,2015,11,All (PS),area,1558.0
572,TG2009A20202,Togo,TG,Plateaux,Kloto,Kloto,Cowpea,Main,2010,5,2010,11,All (PS),area,3744.0
573,TG2009A20202,Togo,TG,Plateaux,Kloto,Kloto,Cowpea,Main,2011,5,2011,11,All (PS),area,2987.0
574,TG2009A20202,Togo,TG,Plateaux,Kloto,Kloto,Cowpea,Main,2012,5,2012,11,All (PS),area,13610.0
575,TG2009A20202,Togo,TG,Plateaux,Kloto,Kloto,Cowpea,Main,2013,5,2013,11,All (PS),area,15080.0
576,TG2009A20202,Togo,TG,Plateaux,Kloto,Kloto,Cowpea,Main,2014,5,2014,11,All (PS),area,16339.0
577,TG2009A20202,Togo,TG,Plateaux,Kloto,Kloto,Cowpea,Main,2015,5,2015,11,All (PS),area,15454.0
578,TG2009A20203,Togo,TG,Plateaux,Wawa,Wawa,Maize,Main,1995,5,1995,11,All (PS),area,8687.568831841865
579,TG2009A20203,Togo,TG,Plateaux,Wawa,Wawa,Maize,Main,1996,5,1996,11,All (PS),area,7660.678389800294
580,TG2009A20203,Togo,TG,Plateaux,Wawa,Wawa,Maize,Main,1997,5,1997,11,All (PS),area,3771.362378972084
581,TG2009A20203,Togo,TG,Plateaux,Wawa,Wawa,Maize,Main,1998,5,1998,11,All (PS),area,4172.5308808998725
582,TG2009A20203,Togo,TG,Plateaux,Wawa,Wawa,Maize,Main,1999,5,1999,11,All (PS),area,3045.3483133763543
583,TG2009A20203,Togo,TG,Plateaux,Wawa,Wawa,Maize,Main,2000,5,2000,11,All (PS),area,3599.7934599086275
584,TG2009A20203,Togo,TG,Plateaux,Wawa,Wawa,Maize,Main,2001,5,2001,11,All (PS),area,3097.071296329308
585,TG2009A20203,Togo,TG,Plateaux,Wawa,Wawa,Maize,Main,2002,5,2002,11,All (PS),area,3383.4400068249306
586,TG2009A20203,Togo,TG,Plateaux,Wawa,Wawa,Maize,Main,2003,5,2003,11,All (PS),area,2643.5490433637738
587,TG2009A20203,Togo,TG,Plateaux,Wawa,Wawa,Maize,Main,2004,5,2004,11,All (PS),area,3796.593102363769
588,TG2009A20203,Togo,TG,Plateaux,Wawa,Wawa,Maize,Main,2005,5,2005,11,All (PS),area,2803.7641369009725
589,TG2009A20203,Togo,TG,Plateaux,Wawa,Wawa,Maize,Main,2006,5,2006,11,All (PS),area,3715.2240194255855
590,TG2009A20203,Togo,TG,Plateaux,Wawa,Wawa,Maize,Main,2007,5,2007,11,All (PS),area,3070.579036768039
591,TG2009A20203,Togo,TG,Plateaux,Wawa,Wawa,Maize,Main,2008,5,2008,11,All (PS),area,4091.161797961689
592,TG2009A20203,Togo,TG,Plateaux,Wawa,Wawa,Maize,Main,2009,5,2009,11,All (PS),area,9028.0
593,TG2009A20203,Togo,TG,Plateaux,Wawa,Wawa,Maize,Main,2010,5,2010,11,All (PS),area,13267.0
594,TG2009A20203,Togo,TG,Plateaux,Wawa,Wawa,Maize,Main,2011,5,2011,11,All (PS),area,13404.0
595,TG2009A20203,Togo,TG,Plateaux,Wawa,Wawa,Maize,Main,2012,5,2012,11,All (PS),area,13589.0
596,TG2009A20203,Togo,TG,Plateaux,Wawa,Wawa,Maize,Main,2013,5,2013,11,All (PS),area,8969.0
597,TG2009A20203,Togo,TG,Plateaux,Wawa,Wawa,Maize,Main,2014,5,2014,11,All (PS),area,9109.0
598,TG2009A20203,Togo,TG,Plateaux,Wawa,Wawa,Maize,Main,2015,5,2015,11,All (PS),area,7040.0
599,TG2009A20203,Togo,TG,Plateaux,Wawa,Wawa,Rice,Annual,2010,5,2010,11,All (PS),area,894.0
600,TG2009A20203,Togo,TG,Plateaux,Wawa,Wawa,Rice,Annual,2011,5,2011,11,All (PS),area,788.0
601,TG2009A20203,Togo,TG,Plateaux,Wawa,Wawa,Rice,Annual,2012,5,2012,11,All (PS),area,1769.0
602,TG2009A20203,Togo,TG,Plateaux,Wawa,Wawa,Rice,Annual,2013,5,2013,11,All (PS),area,4503.0
603,TG2009A20203,Togo,TG,Plateaux,Wawa,Wawa,Rice,Annual,2014,5,2014,11,All (PS),area,2757.0
604,TG2009A20203,Togo,TG,Plateaux,Wawa,Wawa,Rice,Annual,2015,5,2015,11,All (PS),area,3244.0
605,TG2009A20203,Togo,TG,Plateaux,Wawa,Wawa,Cassava,Main,2010,5,2010,11,All (PS),area,6169.0
606,TG2009A20203,Togo,TG,Plateaux,Wawa,Wawa,Cassava,Main,2011,5,2011,11,All (PS),area,6382.0
607,TG2009A20203,Togo,TG,Plateaux,Wawa,Wawa,Cassava,Main,2012,5,2012,11,All (PS),area,6592.0
608,TG2009A20203,Togo,TG,Plateaux,Wawa,Wawa,Cassava,Main,2013,5,2013,11,All (PS),area,3317.0
609,TG2009A20203,Togo,TG,Plateaux,Wawa,Wawa,Cassava,Main,2014,5,2014,11,All (PS),area,6624.0
610,TG2009A20203,Togo,TG,Plateaux,Wawa,Wawa,Cassava,Main,2015,5,2015,11,All (PS),area,3240.0
611,TG2009A20203,Togo,TG,Plateaux,Wawa,Wawa,Soybean,Main,2015,5,2015,11,All (PS),area,107.0
612,TG2009A20203,Togo,TG,Plateaux,Wawa,Wawa,Yams,Main,2010,5,2010,11,All (PS),area,1733.0
613,TG2009A20203,Togo,TG,Plateaux,Wawa,Wawa,Yams,Main,2011,5,2011,11,All (PS),area,2341.0
614,TG2009A20203,Togo,TG,Plateaux,Wawa,Wawa,Yams,Main,2012,5,2012,11,All (PS),area,1297.0
615,TG2009A20203,Togo,TG,Plateaux,Wawa,Wawa,Yams,Main,2013,5,2013,11,All (PS),area,1228.0
616,TG2009A20203,Togo,TG,Plateaux,Wawa,Wawa,Yams,Main,2014,5,2014,11,All (PS),area,1466.0
617,TG2009A20203,Togo,TG,Plateaux,Wawa,Wawa,Yams,Main,2015,5,2015,11,All (PS),area,1511.0
618,TG2009A20203,Togo,TG,Plateaux,Wawa,Wawa,Groundnuts (In Shell),Main,2010,5,2010,11,All (PS),area,376.0
619,TG2009A20203,Togo,TG,Plateaux,Wawa,Wawa,Groundnuts (In Shell),Main,2011,5,2011,11,All (PS),area,298.0
620,TG2009A20203,Togo,TG,Plateaux,Wawa,Wawa,Groundnuts (In Shell),Main,2012,5,2012,11,All (PS),area,117.0
621,TG2009A20203,Togo,TG,Plateaux,Wawa,Wawa,Groundnuts (In Shell),Main,2013,5,2013,11,All (PS),area,3116.0
622,TG2009A20203,Togo,TG,Plateaux,Wawa,Wawa,Groundnuts (In Shell),Main,2014,5,2014,11,All (PS),area,1263.0
623,TG2009A20203,Togo,TG,Plateaux,Wawa,Wawa,Groundnuts (In Shell),Main,2015,5,2015,11,All (PS),area,3167.0
624,TG2009A20203,Togo,TG,Plateaux,Wawa,Wawa,Cowpea,Main,2010,5,2010,11,All (PS),area,17166.666666666668
625,TG2009A20203,Togo,TG,Plateaux,Wawa,Wawa,Cowpea,Main,2011,5,2011,11,All (PS),area,15541.152263374486
626,TG2009A20203,Togo,TG,Plateaux,Wawa,Wawa,Cowpea,Main,2012,5,2012,11,All (PS),area,3396.190476190476
627,TG2009A20203,Togo,TG,Plateaux,Wawa,Wawa,Cowpea,Main,2013,5,2013,11,All (PS),area,2638.6138613861385
628,TG2009A20203,Togo,TG,Plateaux,Wawa,Wawa,Cowpea,Main,2014,5,2014,11,All (PS),area,3451.4925373134324
629,TG2009A20203,Togo,TG,Plateaux,Wawa,Wawa,Cowpea,Main,2015,5,2015,11,All (PS),area,3961.456102783726
630,TG2009A20204,Togo,TG,Plateaux,Ogou,Ogou,Sorghum,Main,1995,5,1995,11,All (PS),area,9393.27043478261
631,TG2009A20204,Togo,TG,Plateaux,Ogou,Ogou,Sorghum,Main,1996,5,1996,11,All (PS),area,29296.989130434784
632,TG2009A20204,Togo,TG,Plateaux,Ogou,Ogou,Sorghum,Main,1997,5,1997,11,All (PS),area,9821.066086956522
633,TG2009A20204,Togo,TG,Plateaux,Ogou,Ogou,Sorghum,Main,1998,5,1998,11,All (PS),area,9423.426521739131
634,TG2009A20204,Togo,TG,Plateaux,Ogou,Ogou,Sorghum,Main,1999,5,1999,11,All (PS),area,9532.83
635,TG2009A20204,Togo,TG,Plateaux,Ogou,Ogou,Sorghum,Main,2000,5,2000,11,All (PS),area,11114.972608695653
636,TG2009A20204,Togo,TG,Plateaux,Ogou,Ogou,Sorghum,Main,2001,5,2001,11,All (PS),area,14273.647391304348
637,TG2009A20204,Togo,TG,Plateaux,Ogou,Ogou,Sorghum,Main,2002,5,2002,11,All (PS),area,15040.17304347826
638,TG2009A20204,Togo,TG,Plateaux,Ogou,Ogou,Sorghum,Main,2003,5,2003,11,All (PS),area,17822.948695652176
639,TG2009A20204,Togo,TG,Plateaux,Ogou,Ogou,Sorghum,Main,2004,5,2004,11,All (PS),area,9686.415652173913
640,TG2009A20204,Togo,TG,Plateaux,Ogou,Ogou,Sorghum,Main,2005,5,2005,11,All (PS),area,12368.904782608695
641,TG2009A20204,Togo,TG,Plateaux,Ogou,Ogou,Sorghum,Main,2006,5,2006,11,All (PS),area,13096.157391304348
642,TG2009A20204,Togo,TG,Plateaux,Ogou,Ogou,Sorghum,Main,2007,5,2007,11,All (PS),area,13336.003478260869
643,TG2009A20204,Togo,TG,Plateaux,Ogou,Ogou,Sorghum,Main,2008,5,2008,11,All (PS),area,14717.573043478262
644,TG2009A20204,Togo,TG,Plateaux,Ogou,Ogou,Sorghum,Main,2009,5,2009,11,All (PS),area,17101.0
645,TG2009A20204,Togo,TG,Plateaux,Ogou,Ogou,Sorghum,Main,2010,5,2010,11,All (PS),area,18707.0
646,TG2009A20204,Togo,TG,Plateaux,Ogou,Ogou,Sorghum,Main,2011,5,2011,11,All (PS),area,19422.0
647,TG2009A20204,Togo,TG,Plateaux,Ogou,Ogou,Sorghum,Main,2012,5,2012,11,All (PS),area,54482.0
648,TG2009A20204,Togo,TG,Plateaux,Ogou,Ogou,Sorghum,Main,2013,5,2013,11,All (PS),area,18408.0
649,TG2009A20204,Togo,TG,Plateaux,Ogou,Ogou,Sorghum,Main,2014,5,2014,11,All (PS),area,10458.0
650,TG2009A20204,Togo,TG,Plateaux,Ogou,Ogou,Sorghum,Main,2015,5,2015,11,All (PS),area,16078.0
651,TG2009A20204,Togo,TG,Plateaux,Ogou,Ogou,Maize,Main,1995,5,1995,11,All (PS),area,1894.924347826087
652,TG2009A20204,Togo,TG,Plateaux,Ogou,Ogou,Maize,Main,1996,5,1996,11,All (PS),area,32858.91391304348
653,TG2009A20204,Togo,TG,Plateaux,Ogou,Ogou,Maize,Main,1997,5,1997,11,All (PS),area,31115.471304347826
654,TG2009A20204,Togo,TG,Plateaux,Ogou,Ogou,Maize,Main,1998,5,1998,11,All (PS),area,32878.550434782606
655,TG2009A20204,Togo,TG,Plateaux,Ogou,Ogou,Maize,Main,1999,5,1999,11,All (PS),area,31647.761304347827
656,TG2009A20204,Togo,TG,Plateaux,Ogou,Ogou,Maize,Main,2000,5,2000,11,All (PS),area,33558.815652173915
657,TG2009A20204,Togo,TG,Plateaux,Ogou,Ogou,Maize,Main,2001,5,2001,11,All (PS),area,33809.882608695654
658,TG2009A20204,Togo,TG,Plateaux,Ogou,Ogou,Maize,Main,2002,5,2002,11,All (PS),area,32752.315652173915
659,TG2009A20204,Togo,TG,Plateaux,Ogou,Ogou,Maize,Main,2003,5,2003,11,All (PS),area,33685.751739130435
660,TG2009A20204,Togo,TG,Plateaux,Ogou,Ogou,Maize,Main,2004,5,2004,11,All (PS),area,41873.48
661,TG2009A20204,Togo,TG,Plateaux,Ogou,Ogou,Maize,Main,2005,5,2005,11,All (PS),area,39292.68
662,TG2009A20204,Togo,TG,Plateaux,Ogou,Ogou,Maize,Main,2006,5,2006,11,All (PS),area,42107.715652173916
663,TG2009A20204,Togo,TG,Plateaux,Ogou,Ogou,Maize,Main,2007,5,2007,11,All (PS),area,44703.24304347826
664,TG2009A20204,Togo,TG,Plateaux,Ogou,Ogou,Maize,Main,2008,5,2008,11,All (PS),area,45222.90956521739
665,TG2009A20204,Togo,TG,Plateaux,Ogou,Ogou,Maize,Main,2009,5,2009,11,All (PS),area,72627.0
666,TG2009A20204,Togo,TG,Plateaux,Ogou,Ogou,Maize,Main,2010,5,2010,11,All (PS),area,4701.0
667,TG2009A20204,Togo,TG,Plateaux,Ogou,Ogou,Maize,Main,2011,5,2011,11,All (PS),area,76394.0
668,TG2009A20204,Togo,TG,Plateaux,Ogou,Ogou,Maize,Main,2012,5,2012,11,All (PS),area,97839.0
669,TG2009A20204,Togo,TG,Plateaux,Ogou,Ogou,Maize,Main,2013,5,2013,11,All (PS),area,48150.0
670,TG2009A20204,Togo,TG,Plateaux,Ogou,Ogou,Maize,Main,2014,5,2014,11,All (PS),area,58366.0
671,TG2009A20204,Togo,TG,Plateaux,Ogou,Ogou,Maize,Main,2015,5,2015,11,All (PS),area,37793.0
672,TG2009A20204,Togo,TG,Plateaux,Ogou,Ogou,Millet,Main,2012,5,2012,11,All (PS),area,180.0
673,TG2009A20204,Togo,TG,Plateaux,Ogou,Ogou,Millet,Main,2013,5,2013,11,All (PS),area,38.0
674,TG2009A20204,Togo,TG,Plateaux,Ogou,Ogou,Millet,Main,2015,5,2015,11,All (PS),area,51.0
675,TG2009A20204,Togo,TG,Plateaux,Ogou,Ogou,Rice,Annual,2010,5,2010,11,All (PS),area,8490.0
676,TG2009A20204,Togo,TG,Plateaux,Ogou,Ogou,Rice,Annual,2011,5,2011,11,All (PS),area,8636.0
677,TG2009A20204,Togo,TG,Plateaux,Ogou,Ogou,Rice,Annual,2012,5,2012,11,All (PS),area,3388.0
678,TG2009A20204,Togo,TG,Plateaux,Ogou,Ogou,Rice,Annual,2013,5,2013,11,All (PS),area,833.0
679,TG2009A20204,Togo,TG,Plateaux,Ogou,Ogou,Rice,Annual,2014,5,2014,11,All (PS),area,780.0
680,TG2009A20204,Togo,TG,Plateaux,Ogou,Ogou,Rice,Annual,2015,5,2015,11,All (PS),area,600.0
681,TG2009A20204,Togo,TG,Plateaux,Ogou,Ogou,Cassava,Main,2010,5,2010,11,All (PS),area,5666.0
682,TG2009A20204,Togo,TG,Plateaux,Ogou,Ogou,Cassava,Main,2011,5,2011,11,All (PS),area,11669.0
683,TG2009A20204,Togo,TG,Plateaux,Ogou,Ogou,Cassava,Main,2012,5,2012,11,All (PS),area,15725.0
684,TG2009A20204,Togo,TG,Plateaux,Ogou,Ogou,Cassava,Main,2013,5,2013,11,All (PS),area,8297.0
685,TG2009A20204,Togo,TG,Plateaux,Ogou,Ogou,Cassava,Main,2014,5,2014,11,All (PS),area,18482.0
686,TG2009A20204,Togo,TG,Plateaux,Ogou,Ogou,Cassava,Main,2015,5,2015,11,All (PS),area,8104.0
687,TG2009A20204,Togo,TG,Plateaux,Ogou,Ogou,Soybean,Main,2015,5,2015,11,All (PS),area,1410.0
688,TG2009A20204,Togo,TG,Plateaux,Ogou,Ogou,Yams,Main,2010,5,2010,11,All (PS),area,7996.0
689,TG2009A20204,Togo,TG,Plateaux,Ogou,Ogou,Yams,Main,2011,5,2011,11,All (PS),area,7650.0
690,TG2009A20204,Togo,TG,Plateaux,Ogou,Ogou,Yams,Main,2012,5,2012,11,All (PS),area,3785.0
691,TG2009A20204,Togo,TG,Plateaux,Ogou,Ogou,Yams,Main,2013,5,2013,11,All (PS),area,2392.0
692,TG2009A20204,Togo,TG,Plateaux,Ogou,Ogou,Yams,Main,2014,5,2014,11,All (PS),area,4059.0
693,TG2009A20204,Togo,TG,Plateaux,Ogou,Ogou,Yams,Main,2015,5,2015,11,All (PS),area,2942.0
694,TG2009A20204,Togo,TG,Plateaux,Ogou,Ogou,Groundnuts (In Shell),Main,2010,5,2010,11,All (PS),area,5098.0
695,TG2009A20204,Togo,TG,Plateaux,Ogou,Ogou,Groundnuts (In Shell),Main,2011,5,2011,11,All (PS),area,5128.0
696,TG2009A20204,Togo,TG,Plateaux,Ogou,Ogou,Groundnuts (In Shell),Main,2012,5,2012,11,All (PS),area,1475.0
697,TG2009A20204,Togo,TG,Plateaux,Ogou,Ogou,Groundnuts (In Shell),Main,2013,5,2013,11,All (PS),area,1900.0
698,TG2009A20204,Togo,TG,Plateaux,Ogou,Ogou,Groundnuts (In Shell),Main,2014,5,2014,11,All (PS),area,1376.0
699,TG2009A20204,Togo,TG,Plateaux,Ogou,Ogou,Groundnuts (In Shell),Main,2015,5,2015,11,All (PS),area,1931.0
700,TG2009A20204,Togo,TG,Plateaux,Ogou,Ogou,Cowpea,Main,2010,5,2010,11,All (PS),area,2278.0
701,TG2009A20204,Togo,TG,Plateaux,Ogou,Ogou,Cowpea,Main,2011,5,2011,11,All (PS),area,2560.0
702,TG2009A20204,Togo,TG,Plateaux,Ogou,Ogou,Cowpea,Main,2012,5,2012,11,All (PS),area,18821.0
703,TG2009A20204,Togo,TG,Plateaux,Ogou,Ogou,Cowpea,Main,2013,5,2013,11,All (PS),area,5600.0
704,TG2009A20204,Togo,TG,Plateaux,Ogou,Ogou,Cowpea,Main,2014,5,2014,11,All (PS),area,10225.0
705,TG2009A20204,Togo,TG,Plateaux,Ogou,Ogou,Cowpea,Main,2015,5,2015,11,All (PS),area,5739.0
706,TG2009A20205,Togo,TG,Plateaux,Amou,Amou,Sorghum,Main,1995,5,1995,11,All (PS),area,1805.3878648233485
707,TG2009A20205,Togo,TG,Plateaux,Amou,Amou,Sorghum,Main,1996,5,1996,11,All (PS),area,1035.2304147465438
708,TG2009A20205,Togo,TG,Plateaux,Amou,Amou,Sorghum,Main,1997,5,1997,11,All (PS),area,1831.4132104454684
709,TG2009A20205,Togo,TG,Plateaux,Amou,Amou,Sorghum,Main,1998,5,1998,11,All (PS),area,1294.5199692780338
710,TG2009A20205,Togo,TG,Plateaux,Amou,Amou,Sorghum,Main,1999,5,1999,11,All (PS),area,981.2519201228878
711,TG2009A20205,Togo,TG,Plateaux,Amou,Amou,Sorghum,Main,2000,5,2000,11,All (PS),area,1320.5453149001535
712,TG2009A20205,Togo,TG,Plateaux,Amou,Amou,Sorghum,Main,2001,5,2001,11,All (PS),area,1121.9815668202764
713,TG2009A20205,Togo,TG,Plateaux,Amou,Amou,Sorghum,Main,2002,5,2002,11,All (PS),area,1305.1228878648233
714,TG2009A20205,Togo,TG,Plateaux,Amou,Amou,Sorghum,Main,2003,5,2003,11,All (PS),area,1655.0192012288785
715,TG2009A20205,Togo,TG,Plateaux,Amou,Amou,Sorghum,Main,2004,5,2004,11,All (PS),area,262.18125960061445
716,TG2009A20205,Togo,TG,Plateaux,Amou,Amou,Sorghum,Main,2005,5,2005,11,All (PS),area,975.468509984639
717,TG2009A20205,Togo,TG,Plateaux,Amou,Amou,Sorghum,Main,2006,5,2006,11,All (PS),area,1258.8556067588324
718,TG2009A20205,Togo,TG,Plateaux,Amou,Amou,Sorghum,Main,2007,5,2007,11,All (PS),area,1719.600614439324
719,TG2009A20205,Togo,TG,Plateaux,Amou,Amou,Sorghum,Main,2008,5,2008,11,All (PS),area,1175.9600614439323
720,TG2009A20205,Togo,TG,Plateaux,Amou,Amou,Sorghum,Main,2009,5,2009,11,All (PS),area,2433.0
721,TG2009A20205,Togo,TG,Plateaux,Amou,Amou,Sorghum,Main,2010,5,2010,11,All (PS),area,3717.0
722,TG2009A20205,Togo,TG,Plateaux,Amou,Amou,Sorghum,Main,2011,5,2011,11,All (PS),area,3117.0
723,TG2009A20205,Togo,TG,Plateaux,Amou,Amou,Sorghum,Main,2012,5,2012,11,All (PS),area,1063.0
724,TG2009A20205,Togo,TG,Plateaux,Amou,Amou,Sorghum,Main,2013,5,2013,11,All (PS),area,5967.0
725,TG2009A20205,Togo,TG,Plateaux,Amou,Amou,Sorghum,Main,2014,5,2014,11,All (PS),area,10601.0
726,TG2009A20205,Togo,TG,Plateaux,Amou,Amou,Sorghum,Main,2015,5,2015,11,All (PS),area,5212.0
727,TG2009A20205,Togo,TG,Plateaux,Amou,Amou,Maize,Main,1995,5,1995,11,All (PS),area,6861.0522273425495
728,TG2009A20205,Togo,TG,Plateaux,Amou,Amou,Maize,Main,1996,5,1996,11,All (PS),area,8748.37173579109
729,TG2009A20205,Togo,TG,Plateaux,Amou,Amou,Maize,Main,1997,5,1997,11,All (PS),area,39874.685099846385
730,TG2009A20205,Togo,TG,Plateaux,Amou,Amou,Maize,Main,1998,5,1998,11,All (PS),area,45189.639016897076
731,TG2009A20205,Togo,TG,Plateaux,Amou,Amou,Maize,Main,1999,5,1999,11,All (PS),area,9182.127496159754
732,TG2009A20205,Togo,TG,Plateaux,Amou,Amou,Maize,Main,2000,5,2000,11,All (PS),area,9416.355606758832
733,TG2009A20205,Togo,TG,Plateaux,Amou,Amou,Maize,Main,2001,5,2001,11,All (PS),area,8006.167434715821
734,TG2009A20205,Togo,TG,Plateaux,Amou,Amou,Maize,Main,2002,5,2002,11,All (PS),area,10013.010752688171
735,TG2009A20205,Togo,TG,Plateaux,Amou,Amou,Maize,Main,2003,5,2003,11,All (PS),area,6971.900921658986
736,TG2009A20205,Togo,TG,Plateaux,Amou,Amou,Maize,Main,2004,5,2004,11,All (PS),area,7867.365591397849
737,TG2009A20205,Togo,TG,Plateaux,Amou,Amou,Maize,Main,2005,5,2005,11,All (PS),area,70023.60215053763
738,TG2009A20205,Togo,TG,Plateaux,Amou,Amou,Maize,Main,2006,5,2006,11,All (PS),area,8606.678187403993
739,TG2009A20205,Togo,TG,Plateaux,Amou,Amou,Maize,Main,2007,5,2007,11,All (PS),area,9195.622119815667
740,TG2009A20205,Togo,TG,Plateaux,Amou,Amou,Maize,Main,2008,5,2008,11,All (PS),area,7990.745007680491
741,TG2009A20205,Togo,TG,Plateaux,Amou,Amou,Maize,Main,2009,5,2009,11,All (PS),area,8180.0
742,TG2009A20205,Togo,TG,Plateaux,Amou,Amou,Maize,Main,2010,5,2010,11,All (PS),area,11805.0
743,TG2009A20205,Togo,TG,Plateaux,Amou,Amou,Maize,Main,2011,5,2011,11,All (PS),area,12281.0
744,TG2009A20205,Togo,TG,Plateaux,Amou,Amou,Maize,Main,2012,5,2012,11,All (PS),area,16722.0
745,TG2009A20205,Togo,TG,Plateaux,Amou,Amou,Maize,Main,2013,5,2013,11,All (PS),area,21410.0
746,TG2009A20205,Togo,TG,Plateaux,Amou,Amou,Maize,Main,2014,5,2014,11,All (PS),area,14286.0
747,TG2009A20205,Togo,TG,Plateaux,Amou,Amou,Maize,Main,2015,5,2015,11,All (PS),area,16804.0
748,TG2009A20205,Togo,TG,Plateaux,Amou,Amou,Millet,Main,2012,5,2012,11,All (PS),area,830.0
749,TG2009A20205,Togo,TG,Plateaux,Amou,Amou,Millet,Main,2013,5,2013,11,All (PS),area,1417.0
750,TG2009A20205,Togo,TG,Plateaux,Amou,Amou,Millet,Main,2014,5,2014,11,All (PS),area,430.0
751,TG2009A20205,Togo,TG,Plateaux,Amou,Amou,Millet,Main,2015,5,2015,11,All (PS),area,1876.0
752,TG2009A20205,Togo,TG,Plateaux,Amou,Amou,Rice,Annual,2010,5,2010,11,All (PS),area,623.0
753,TG2009A20205,Togo,TG,Plateaux,Amou,Amou,Rice,Annual,2011,5,2011,11,All (PS),area,510.0
754,TG2009A20205,Togo,TG,Plateaux,Amou,Amou,Rice,Annual,2012,5,2012,11,All (PS),area,4156.0
755,TG2009A20205,Togo,TG,Plateaux,Amou,Amou,Rice,Annual,2013,5,2013,11,All (PS),area,3554.0
756,TG2009A20205,Togo,TG,Plateaux,Amou,Amou,Rice,Annual,2014,5,2014,11,All (PS),area,2340.0
757,TG2009A20205,Togo,TG,Plateaux,Amou,Amou,Rice,Annual,2015,5,2015,11,All (PS),area,2560.0
758,TG2009A20205,Togo,TG,Plateaux,Amou,Amou,Cassava,Main,2010,5,2010,11,All (PS),area,1674.0
759,TG2009A20205,Togo,TG,Plateaux,Amou,Amou,Cassava,Main,2011,5,2011,11,All (PS),area,984.0
760,TG2009A20205,Togo,TG,Plateaux,Amou,Amou,Cassava,Main,2012,5,2012,11,All (PS),area,2330.0
761,TG2009A20205,Togo,TG,Plateaux,Amou,Amou,Cassava,Main,2013,5,2013,11,All (PS),area,3267.0
762,TG2009A20205,Togo,TG,Plateaux,Amou,Amou,Cassava,Main,2014,5,2014,11,All (PS),area,2043.0
763,TG2009A20205,Togo,TG,Plateaux,Amou,Amou,Cassava,Main,2015,5,2015,11,All (PS),area,3191.0
764,TG2009A20205,Togo,TG,Plateaux,Amou,Amou,Soybean,Main,2015,5,2015,11,All (PS),area,938.0
765,TG2009A20205,Togo,TG,Plateaux,Amou,Amou,Yams,Main,2010,5,2010,11,All (PS),area,1452.0
766,TG2009A20205,Togo,TG,Plateaux,Amou,Amou,Yams,Main,2011,5,2011,11,All (PS),area,1087.0
767,TG2009A20205,Togo,TG,Plateaux,Amou,Amou,Yams,Main,2012,5,2012,11,All (PS),area,2537.0
768,TG2009A20205,Togo,TG,Plateaux,Amou,Amou,Yams,Main,2013,5,2013,11,All (PS),area,1703.0
769,TG2009A20205,Togo,TG,Plateaux,Amou,Amou,Yams,Main,2014,5,2014,11,All (PS),area,2211.0
770,TG2009A20205,Togo,TG,Plateaux,Amou,Amou,Yams,Main,2015,5,2015,11,All (PS),area,2095.0
771,TG2009A20205,Togo,TG,Plateaux,Amou,Amou,Groundnuts (In Shell),Main,2010,5,2010,11,All (PS),area,548.0
772,TG2009A20205,Togo,TG,Plateaux,Amou,Amou,Groundnuts (In Shell),Main,2011,5,2011,11,All (PS),area,597.0
773,TG2009A20205,Togo,TG,Plateaux,Amou,Amou,Groundnuts (In Shell),Main,2012,5,2012,11,All (PS),area,607.0
774,TG2009A20205,Togo,TG,Plateaux,Amou,Amou,Groundnuts (In Shell),Main,2013,5,2013,11,All (PS),area,1117.0
775,TG2009A20205,Togo,TG,Plateaux,Amou,Amou,Groundnuts (In Shell),Main,2014,5,2014,11,All (PS),area,528.0
776,TG2009A20205,Togo,TG,Plateaux,Amou,Amou,Groundnuts (In Shell),Main,2015,5,2015,11,All (PS),area,1135.0
777,TG2009A20205,Togo,TG,Plateaux,Amou,Amou,Cowpea,Main,2010,5,2010,11,All (PS),area,426.0
778,TG2009A20205,Togo,TG,Plateaux,Amou,Amou,Cowpea,Main,2011,5,2011,11,All (PS),area,478.0
779,TG2009A20205,Togo,TG,Plateaux,Amou,Amou,Cowpea,Main,2012,5,2012,11,All (PS),area,10576.0
780,TG2009A20205,Togo,TG,Plateaux,Amou,Amou,Cowpea,Main,2013,5,2013,11,All (PS),area,12547.0
781,TG2009A20205,Togo,TG,Plateaux,Amou,Amou,Cowpea,Main,2014,5,2014,11,All (PS),area,12818.0
782,TG2009A20205,Togo,TG,Plateaux,Amou,Amou,Cowpea,Main,2015,5,2015,11,All (PS),area,12858.0
783,TG2009A20206,Togo,TG,Plateaux,Est-Mono,Est-Mono,Sorghum,Main,1997,5,1997,11,All (PS),area,11928.616721465476
784,TG2009A20206,Togo,TG,Plateaux,Est-Mono,Est-Mono,Sorghum,Main,1998,5,1998,11,All (PS),area,5752.919680601221
785,TG2009A20206,Togo,TG,Plateaux,Est-Mono,Est-Mono,Sorghum,Main,1999,5,1999,11,All (PS),area,5707.13668388915
786,TG2009A20206,Togo,TG,Plateaux,Est-Mono,Est-Mono,Sorghum,Main,2000,5,2000,11,All (PS),area,6008.3029591357445
787,TG2009A20206,Togo,TG,Plateaux,Est-Mono,Est-Mono,Sorghum,Main,2001,5,2001,11,All (PS),area,4811.506810709253
788,TG2009A20206,Togo,TG,Plateaux,Est-Mono,Est-Mono,Sorghum,Main,2002,5,2002,11,All (PS),area,3616.141380930014
789,TG2009A20206,Togo,TG,Plateaux,Est-Mono,Est-Mono,Sorghum,Main,2003,5,2003,11,All (PS),area,6244.371535932362
790,TG2009A20206,Togo,TG,Plateaux,Est-Mono,Est-Mono,Sorghum,Main,2004,5,2004,11,All (PS),area,4800.061061531235
791,TG2009A20206,Togo,TG,Plateaux,Est-Mono,Est-Mono,Sorghum,Main,2005,5,2005,11,All (PS),area,3591.1038046031
792,TG2009A20206,Togo,TG,Plateaux,Est-Mono,Est-Mono,Sorghum,Main,2006,5,2006,11,All (PS),area,4594.037576326914
793,TG2009A20206,Togo,TG,Plateaux,Est-Mono,Est-Mono,Sorghum,Main,2007,5,2007,11,All (PS),area,5616.286049788633
794,TG2009A20206,Togo,TG,Plateaux,Est-Mono,Est-Mono,Sorghum,Main,2008,5,2008,11,All (PS),area,7222.2677313292625
795,TG2009A20206,Togo,TG,Plateaux,Est-Mono,Est-Mono,Sorghum,Main,2009,5,2009,11,All (PS),area,5891.0
796,TG2009A20206,Togo,TG,Plateaux,Est-Mono,Est-Mono,Sorghum,Main,2010,5,2010,11,All (PS),area,5202.0
797,TG2009A20206,Togo,TG,Plateaux,Est-Mono,Est-Mono,Sorghum,Main,2011,5,2011,11,All (PS),area,5402.0
798,TG2009A20206,Togo,TG,Plateaux,Est-Mono,Est-Mono,Sorghum,Main,2012,5,2012,11,All (PS),area,8412.0
799,TG2009A20206,Togo,TG,Plateaux,Est-Mono,Est-Mono,Sorghum,Main,2013,5,2013,11,All (PS),area,20298.0
800,TG2009A20206,Togo,TG,Plateaux,Est-Mono,Est-Mono,Sorghum,Main,2014,5,2014,11,All (PS),area,21254.0
801,TG2009A20206,Togo,TG,Plateaux,Est-Mono,Est-Mono,Sorghum,Main,2015,5,2015,11,All (PS),area,17729.0
802,TG2009A20206,Togo,TG,Plateaux,Est-Mono,Est-Mono,Maize,Main,1997,5,1997,11,All (PS),area,14735.686707374354
803,TG2009A20206,Togo,TG,Plateaux,Est-Mono,Est-Mono,Maize,Main,1998,5,1998,11,All (PS),area,9521.432597463598
804,TG2009A20206,Togo,TG,Plateaux,Est-Mono,Est-Mono,Maize,Main,1999,5,1999,11,All (PS),area,9998.577266322216
805,TG2009A20206,Togo,TG,Plateaux,Est-Mono,Est-Mono,Maize,Main,2000,5,2000,11,All (PS),area,9856.936120244247
806,TG2009A20206,Togo,TG,Plateaux,Est-Mono,Est-Mono,Maize,Main,2001,5,2001,11,All (PS),area,9580.807421324565
807,TG2009A20206,Togo,TG,Plateaux,Est-Mono,Est-Mono,Maize,Main,2002,5,2002,11,All (PS),area,9683.819163926726
808,TG2009A20206,Togo,TG,Plateaux,Est-Mono,Est-Mono,Maize,Main,2003,5,2003,11,All (PS),area,9874.104744011272
809,TG2009A20206,Togo,TG,Plateaux,Est-Mono,Est-Mono,Maize,Main,2004,5,2004,11,All (PS),area,12427.22217003288
810,TG2009A20206,Togo,TG,Plateaux,Est-Mono,Est-Mono,Maize,Main,2005,5,2005,11,All (PS),area,11338.445279473932
811,TG2009A20206,Togo,TG,Plateaux,Est-Mono,Est-Mono,Maize,Main,2006,5,2006,11,All (PS),area,12334.94081728511
812,TG2009A20206,Togo,TG,Plateaux,Est-Mono,Est-Mono,Maize,Main,2007,5,2007,11,All (PS),area,15209.969938938468
813,TG2009A20206,Togo,TG,Plateaux,Est-Mono,Est-Mono,Maize,Main,2008,5,2008,11,All (PS),area,17929.050728041333
814,TG2009A20206,Togo,TG,Plateaux,Est-Mono,Est-Mono,Maize,Main,2009,5,2009,11,All (PS),area,25685.0
815,TG2009A20206,Togo,TG,Plateaux,Est-Mono,Est-Mono,Maize,Main,2010,5,2010,11,All (PS),area,27980.0
816,TG2009A20206,Togo,TG,Plateaux,Est-Mono,Est-Mono,Maize,Main,2011,5,2011,11,All (PS),area,27304.0
817,TG2009A20206,Togo,TG,Plateaux,Est-Mono,Est-Mono,Maize,Main,2012,5,2012,11,All (PS),area,26299.0
818,TG2009A20206,Togo,TG,Plateaux,Est-Mono,Est-Mono,Maize,Main,2013,5,2013,11,All (PS),area,51201.0
819,TG2009A20206,Togo,TG,Plateaux,Est-Mono,Est-Mono,Maize,Main,2014,5,2014,11,All (PS),area,46946.0
820,TG2009A20206,Togo,TG,Plateaux,Est-Mono,Est-Mono,Maize,Main,2015,5,2015,11,All (PS),area,40188.0
821,TG2009A20206,Togo,TG,Plateaux,Est-Mono,Est-Mono,Millet,Main,2012,5,2012,11,All (PS),area,684.0
822,TG2009A20206,Togo,TG,Plateaux,Est-Mono,Est-Mono,Millet,Main,2013,5,2013,11,All (PS),area,588.0
823,TG2009A20206,Togo,TG,Plateaux,Est-Mono,Est-Mono,Millet,Main,2015,5,2015,11,All (PS),area,778.0
824,TG2009A20206,Togo,TG,Plateaux,Est-Mono,Est-Mono,Rice,Annual,2010,5,2010,11,All (PS),area,554.0
825,TG2009A20206,Togo,TG,Plateaux,Est-Mono,Est-Mono,Rice,Annual,2011,5,2011,11,All (PS),area,568.0
826,TG2009A20206,Togo,TG,Plateaux,Est-Mono,Est-Mono,Rice,Annual,2012,5,2012,11,All (PS),area,1477.0
827,TG2009A20206,Togo,TG,Plateaux,Est-Mono,Est-Mono,Rice,Annual,2013,5,2013,11,All (PS),area,3895.0
828,TG2009A20206,Togo,TG,Plateaux,Est-Mono,Est-Mono,Rice,Annual,2014,5,2014,11,All (PS),area,3017.0
829,TG2009A20206,Togo,TG,Plateaux,Est-Mono,Est-Mono,Rice,Annual,2015,5,2015,11,All (PS),area,2806.0
830,TG2009A20206,Togo,TG,Plateaux,Est-Mono,Est-Mono,Cassava,Main,2010,5,2010,11,All (PS),area,168.0
831,TG2009A20206,Togo,TG,Plateaux,Est-Mono,Est-Mono,Cassava,Main,2011,5,2011,11,All (PS),area,212.0
832,TG2009A20206,Togo,TG,Plateaux,Est-Mono,Est-Mono,Cassava,Main,2012,5,2012,11,All (PS),area,250.0
833,TG2009A20206,Togo,TG,Plateaux,Est-Mono,Est-Mono,Cassava,Main,2013,5,2013,11,All (PS),area,1030.0
834,TG2009A20206,Togo,TG,Plateaux,Est-Mono,Est-Mono,Cassava,Main,2014,5,2014,11,All (PS),area,6620.0
835,TG2009A20206,Togo,TG,Plateaux,Est-Mono,Est-Mono,Cassava,Main,2015,5,2015,11,All (PS),area,1006.0
836,TG2009A20206,Togo,TG,Plateaux,Est-Mono,Est-Mono,Soybean,Main,2015,5,2015,11,All (PS),area,4583.0
837,TG2009A20206,Togo,TG,Plateaux,Est-Mono,Est-Mono,Yams,Main,2010,5,2010,11,All (PS),area,3822.0
838,TG2009A20206,Togo,TG,Plateaux,Est-Mono,Est-Mono,Yams,Main,2011,5,2011,11,All (PS),area,3539.0
839,TG2009A20206,Togo,TG,Plateaux,Est-Mono,Est-Mono,Yams,Main,2012,5,2012,11,All (PS),area,3892.0
840,TG2009A20206,Togo,TG,Plateaux,Est-Mono,Est-Mono,Yams,Main,2013,5,2013,11,All (PS),area,3813.0
841,TG2009A20206,Togo,TG,Plateaux,Est-Mono,Est-Mono,Yams,Main,2014,5,2014,11,All (PS),area,3924.0
842,TG2009A20206,Togo,TG,Plateaux,Est-Mono,Est-Mono,Yams,Main,2015,5,2015,11,All (PS),area,4690.0
843,TG2009A20206,Togo,TG,Plateaux,Est-Mono,Est-Mono,Groundnuts (In Shell),Main,2010,5,2010,11,All (PS),area,202.0
844,TG2009A20206,Togo,TG,Plateaux,Est-Mono,Est-Mono,Groundnuts (In Shell),Main,2011,5,2011,11,All (PS),area,211.0
845,TG2009A20206,Togo,TG,Plateaux,Est-Mono,Est-Mono,Groundnuts (In Shell),Main,2012,5,2012,11,All (PS),area,427.0
846,TG2009A20206,Togo,TG,Plateaux,Est-Mono,Est-Mono,Groundnuts (In Shell),Main,2013,5,2013,11,All (PS),area,1619.0
847,TG2009A20206,Togo,TG,Plateaux,Est-Mono,Est-Mono,Groundnuts (In Shell),Main,2014,5,2014,11,All (PS),area,6688.0
848,TG2009A20206,Togo,TG,Plateaux,Est-Mono,Est-Mono,Groundnuts (In Shell),Main,2015,5,2015,11,All (PS),area,1645.0
849,TG2009A20206,Togo,TG,Plateaux,Est-Mono,Est-Mono,Cowpea,Main,2010,5,2010,11,All (PS),area,4684.0
850,TG2009A20206,Togo,TG,Plateaux,Est-Mono,Est-Mono,Cowpea,Main,2011,5,2011,11,All (PS),area,4541.0
851,TG2009A20206,Togo,TG,Plateaux,Est-Mono,Est-Mono,Cowpea,Main,2012,5,2012,11,All (PS),area,5826.0
852,TG2009A20206,Togo,TG,Plateaux,Est-Mono,Est-Mono,Cowpea,Main,2013,5,2013,11,All (PS),area,6157.0
853,TG2009A20206,Togo,TG,Plateaux,Est-Mono,Est-Mono,Cowpea,Main,2014,5,2014,11,All (PS),area,10024.0
854,TG2009A20206,Togo,TG,Plateaux,Est-Mono,Est-Mono,Cowpea,Main,2015,5,2015,11,All (PS),area,6310.0
855,TG2009A20207,Togo,TG,Plateaux,Agou,Agou,Sorghum,Main,1995,5,1995,11,All (PS),area,1034.2733485193621
856,TG2009A20207,Togo,TG,Plateaux,Agou,Agou,Sorghum,Main,1997,5,1997,11,All (PS),area,586.915101006234
857,TG2009A20207,Togo,TG,Plateaux,Agou,Agou,Sorghum,Main,1998,5,1998,11,All (PS),area,444.7890338367693
858,TG2009A20207,Togo,TG,Plateaux,Agou,Agou,Sorghum,Main,1999,5,1999,11,All (PS),area,83.35459377372817
859,TG2009A20207,Togo,TG,Plateaux,Agou,Agou,Sorghum,Main,2000,5,2000,11,All (PS),area,404.9401260504202
860,TG2009A20207,Togo,TG,Plateaux,Agou,Agou,Sorghum,Main,2001,5,2001,11,All (PS),area,244.20560160282793
861,TG2009A20207,Togo,TG,Plateaux,Agou,Agou,Sorghum,Main,2002,5,2002,11,All (PS),area,263.76817298673456
862,TG2009A20207,Togo,TG,Plateaux,Agou,Agou,Sorghum,Main,2003,5,2003,11,All (PS),area,222.89186255367753
863,TG2009A20207,Togo,TG,Plateaux,Agou,Agou,Sorghum,Main,2004,5,2004,11,All (PS),area,98.86513067641636
864,TG2009A20207,Togo,TG,Plateaux,Agou,Agou,Sorghum,Main,2005,5,2005,11,All (PS),area,222.58298319327733
865,TG2009A20207,Togo,TG,Plateaux,Agou,Agou,Sorghum,Main,2006,5,2006,11,All (PS),area,273.8864764584649
866,TG2009A20207,Togo,TG,Plateaux,Agou,Agou,Sorghum,Main,2007,5,2007,11,All (PS),area,180.49080383861974
867,TG2009A20207,Togo,TG,Plateaux,Agou,Agou,Sorghum,Main,2008,5,2008,11,All (PS),area,67.42654715644801
868,TG2009A20207,Togo,TG,Plateaux,Agou,Agou,Sorghum,Main,2009,5,2009,11,All (PS),area,2383.0
869,TG2009A20207,Togo,TG,Plateaux,Agou,Agou,Sorghum,Main,2010,5,2010,11,All (PS),area,2447.0
870,TG2009A20207,Togo,TG,Plateaux,Agou,Agou,Sorghum,Main,2011,5,2011,11,All (PS),area,2244.0
871,TG2009A20207,Togo,TG,Plateaux,Agou,Agou,Sorghum,Main,2012,5,2012,11,All (PS),area,1510.0
872,TG2009A20207,Togo,TG,Plateaux,Agou,Agou,Maize,Main,1995,5,1995,11,All (PS),area,3855.5975702353835
873,TG2009A20207,Togo,TG,Plateaux,Agou,Agou,Maize,Main,1996,5,1996,11,All (PS),area,1997.327258921792
874,TG2009A20207,Togo,TG,Plateaux,Agou,Agou,Maize,Main,1997,5,1997,11,All (PS),area,11091.852466613069
875,TG2009A20207,Togo,TG,Plateaux,Agou,Agou,Maize,Main,1998,5,1998,11,All (PS),area,7710.278685961856
876,TG2009A20207,Togo,TG,Plateaux,Agou,Agou,Maize,Main,1999,5,1999,11,All (PS),area,6504.911728016948
877,TG2009A20207,Togo,TG,Plateaux,Agou,Agou,Maize,Main,2000,5,2000,11,All (PS),area,7184.973841586749
878,TG2009A20207,Togo,TG,Plateaux,Agou,Agou,Maize,Main,2001,5,2001,11,All (PS),area,5297.001796960242
879,TG2009A20207,Togo,TG,Plateaux,Agou,Agou,Maize,Main,2002,5,2002,11,All (PS),area,4720.2036810168265
880,TG2009A20207,Togo,TG,Plateaux,Agou,Agou,Maize,Main,2003,5,2003,11,All (PS),area,4843.476541413832
881,TG2009A20207,Togo,TG,Plateaux,Agou,Agou,Maize,Main,2004,5,2004,11,All (PS),area,4373.066532991329
882,TG2009A20207,Togo,TG,Plateaux,Agou,Agou,Maize,Main,2005,5,2005,11,All (PS),area,4435.039340907206
883,TG2009A20207,Togo,TG,Plateaux,Agou,Agou,Maize,Main,2006,5,2006,11,All (PS),area,4305.984213389228
884,TG2009A20207,Togo,TG,Plateaux,Agou,Agou,Maize,Main,2007,5,2007,11,All (PS),area,17604.898325389382
885,TG2009A20207,Togo,TG,Plateaux,Agou,Agou,Maize,Main,2008,5,2008,11,All (PS),area,4236.555208074118
886,TG2009A20207,Togo,TG,Plateaux,Agou,Agou,Maize,Main,2009,5,2009,11,All (PS),area,3539.0
887,TG2009A20207,Togo,TG,Plateaux,Agou,Agou,Maize,Main,2010,5,2010,11,All (PS),area,4701.0
888,TG2009A20207,Togo,TG,Plateaux,Agou,Agou,Maize,Main,2011,5,2011,11,All (PS),area,4814.0
889,TG2009A20207,Togo,TG,Plateaux,Agou,Agou,Maize,Main,2012,5,2012,11,All (PS),area,14265.0
890,TG2009A20207,Togo,TG,Plateaux,Agou,Agou,Maize,Main,2013,5,2013,11,All (PS),area,44875.0
891,TG2009A20207,Togo,TG,Plateaux,Agou,Agou,Maize,Main,2014,5,2014,11,All (PS),area,15245.0
892,TG2009A20207,Togo,TG,Plateaux,Agou,Agou,Maize,Main,2015,5,2015,11,All (PS),area,35222.0
893,TG2009A20207,Togo,TG,Plateaux,Agou,Agou,Rice,Annual,2011,5,2011,11,All (PS),area,381.0
894,TG2009A20207,Togo,TG,Plateaux,Agou,Agou,Rice,Annual,2012,5,2012,11,All (PS),area,1434.0
895,TG2009A20207,Togo,TG,Plateaux,Agou,Agou,Rice,Annual,2013,5,2013,11,All (PS),area,799.0
896,TG2009A20207,Togo,TG,Plateaux,Agou,Agou,Rice,Annual,2014,5,2014,11,All (PS),area,476.0
897,TG2009A20207,Togo,TG,Plateaux,Agou,Agou,Rice,Annual,2015,5,2015,11,All (PS),area,575.0
898,TG2009A20207,Togo,TG,Plateaux,Agou,Agou,Cassava,Main,2010,5,2010,11,All (PS),area,1275.0
899,TG2009A20207,Togo,TG,Plateaux,Agou,Agou,Cassava,Main,2011,5,2011,11,All (PS),area,1096.0
900,TG2009A20207,Togo,TG,Plateaux,Agou,Agou,Cassava,Main,2012,5,2012,11,All (PS),area,699.0
901,TG2009A20207,Togo,TG,Plateaux,Agou,Agou,Cassava,Main,2013,5,2013,11,All (PS),area,6283.0
902,TG2009A20207,Togo,TG,Plateaux,Agou,Agou,Cassava,Main,2014,5,2014,11,All (PS),area,865.0
903,TG2009A20207,Togo,TG,Plateaux,Agou,Agou,Cassava,Main,2015,5,2015,11,All (PS),area,6137.0
904,TG2009A20207,Togo,TG,Plateaux,Agou,Agou,Soybean,Main,2015,5,2015,11,All (PS),area,213.0
905,TG2009A20207,Togo,TG,Plateaux,Agou,Agou,Yams,Main,2010,5,2010,11,All (PS),area,3376.0
906,TG2009A20207,Togo,TG,Plateaux,Agou,Agou,Yams,Main,2011,5,2011,11,All (PS),area,4242.0
907,TG2009A20207,Togo,TG,Plateaux,Agou,Agou,Yams,Main,2012,5,2012,11,All (PS),area,2856.0
908,TG2009A20207,Togo,TG,Plateaux,Agou,Agou,Yams,Main,2013,5,2013,11,All (PS),area,3058.0
909,TG2009A20207,Togo,TG,Plateaux,Agou,Agou,Yams,Main,2014,5,2014,11,All (PS),area,4173.0
910,TG2009A20207,Togo,TG,Plateaux,Agou,Agou,Yams,Main,2015,5,2015,11,All (PS),area,3762.0
911,TG2009A20207,Togo,TG,Plateaux,Agou,Agou,Groundnuts (In Shell),Main,2010,5,2010,11,All (PS),area,293.0
912,TG2009A20207,Togo,TG,Plateaux,Agou,Agou,Groundnuts (In Shell),Main,2011,5,2011,11,All (PS),area,249.0
913,TG2009A20207,Togo,TG,Plateaux,Agou,Agou,Groundnuts (In Shell),Main,2012,5,2012,11,All (PS),area,405.0
914,TG2009A20207,Togo,TG,Plateaux,Agou,Agou,Groundnuts (In Shell),Main,2013,5,2013,11,All (PS),area,787.0
915,TG2009A20207,Togo,TG,Plateaux,Agou,Agou,Groundnuts (In Shell),Main,2014,5,2014,11,All (PS),area,622.0
916,TG2009A20207,Togo,TG,Plateaux,Agou,Agou,Groundnuts (In Shell),Main,2015,5,2015,11,All (PS),area,800.0
917,TG2009A20207,Togo,TG,Plateaux,Agou,Agou,Cowpea,Main,2012,5,2012,11,All (PS),area,1354.0
918,TG2009A20207,Togo,TG,Plateaux,Agou,Agou,Cowpea,Main,2013,5,2013,11,All (PS),area,8525.0
919,TG2009A20207,Togo,TG,Plateaux,Agou,Agou,Cowpea,Main,2014,5,2014,11,All (PS),area,9164.0
920,TG2009A20207,Togo,TG,Plateaux,Agou,Agou,Cowpea,Main,2015,5,2015,11,All (PS),area,8736.0
921,TG2009A20208,Togo,TG,Plateaux,Danyi,Danyi,Sorghum,Main,1995,5,1995,11,All (PS),area,276.8353698007971
922,TG2009A20208,Togo,TG,Plateaux,Danyi,Danyi,Sorghum,Main,1996,5,1996,11,All (PS),area,38.76958525345622
923,TG2009A20208,Togo,TG,Plateaux,Danyi,Danyi,Sorghum,Main,1997,5,1997,11,All (PS),area,70.67942433053757
924,TG2009A20208,Togo,TG,Plateaux,Danyi,Danyi,Sorghum,Main,1998,5,1998,11,All (PS),area,62.20347892847405
925,TG2009A20208,Togo,TG,Plateaux,Danyi,Danyi,Sorghum,Main,1999,5,1999,11,All (PS),area,53.60988701454569
926,TG2009A20208,Togo,TG,Plateaux,Danyi,Danyi,Sorghum,Main,2000,5,2000,11,All (PS),area,49.45468509984639
927,TG2009A20208,Togo,TG,Plateaux,Danyi,Danyi,Sorghum,Main,2001,5,2001,11,All (PS),area,51.636504554059115
928,TG2009A20208,Togo,TG,Plateaux,Danyi,Danyi,Sorghum,Main,2002,5,2002,11,All (PS),area,57.93178183904909
929,TG2009A20208,Togo,TG,Plateaux,Danyi,Danyi,Sorghum,Main,2003,5,2003,11,All (PS),area,84.04941175895868
930,TG2009A20208,Togo,TG,Plateaux,Danyi,Danyi,Sorghum,Main,2004,5,2004,11,All (PS),area,15.171056268785712
931,TG2009A20208,Togo,TG,Plateaux,Danyi,Danyi,Sorghum,Main,2005,5,2005,11,All (PS),area,36.53149001536098
932,TG2009A20208,Togo,TG,Plateaux,Danyi,Danyi,Sorghum,Main,2006,5,2006,11,All (PS),area,99.54748451141509
933,TG2009A20208,Togo,TG,Plateaux,Danyi,Danyi,Sorghum,Main,2007,5,2007,11,All (PS),area,81.0197348393395
934,TG2009A20208,Togo,TG,Plateaux,Danyi,Danyi,Sorghum,Main,2008,5,2008,11,All (PS),area,55.87137363579424
935,TG2009A20208,Togo,TG,Plateaux,Danyi,Danyi,Sorghum,Main,2009,5,2009,11,All (PS),area,43.0
936,TG2009A20208,Togo,TG,Plateaux,Danyi,Danyi,Sorghum,Main,2010,5,2010,11,All (PS),area,69.0
937,TG2009A20208,Togo,TG,Plateaux,Danyi,Danyi,Sorghum,Main,2011,5,2011,11,All (PS),area,69.0
938,TG2009A20208,Togo,TG,Plateaux,Danyi,Danyi,Maize,Main,1995,5,1995,11,All (PS),area,1036.896899460791
939,TG2009A20208,Togo,TG,Plateaux,Danyi,Danyi,Maize,Main,1996,5,1996,11,All (PS),area,731.6677478839283
940,TG2009A20208,Togo,TG,Plateaux,Danyi,Danyi,Maize,Main,1997,5,1997,11,All (PS),area,2890.443111385182
941,TG2009A20208,Togo,TG,Plateaux,Danyi,Danyi,Maize,Main,1998,5,1998,11,All (PS),area,4290.974482061762
942,TG2009A20208,Togo,TG,Plateaux,Danyi,Danyi,Maize,Main,1999,5,1999,11,All (PS),area,2429.6262696709427
943,TG2009A20208,Togo,TG,Plateaux,Danyi,Danyi,Maize,Main,2000,5,2000,11,All (PS),area,2558.8607092729453
944,TG2009A20208,Togo,TG,Plateaux,Danyi,Danyi,Maize,Main,2001,5,2001,11,All (PS),area,1690.1386320381228
945,TG2009A20208,Togo,TG,Plateaux,Danyi,Danyi,Maize,Main,2002,5,2002,11,All (PS),area,2651.7437512241218
946,TG2009A20208,Togo,TG,Plateaux,Danyi,Danyi,Maize,Main,2003,5,2003,11,All (PS),area,2569.5271776609643
947,TG2009A20208,Togo,TG,Plateaux,Danyi,Danyi,Maize,Main,2004,5,2004,11,All (PS),area,2691.2669795894544
948,TG2009A20208,Togo,TG,Plateaux,Danyi,Danyi,Maize,Main,2005,5,2005,11,All (PS),area,5597.411791823729
949,TG2009A20208,Togo,TG,Plateaux,Danyi,Danyi,Maize,Main,2006,5,2006,11,All (PS),area,4229.501993075409
950,TG2009A20208,Togo,TG,Plateaux,Danyi,Danyi,Maize,Main,2007,5,2007,11,All (PS),area,4191.805513590274
951,TG2009A20208,Togo,TG,Plateaux,Danyi,Danyi,Maize,Main,2008,5,2008,11,All (PS),area,4469.1412853139145
952,TG2009A20208,Togo,TG,Plateaux,Danyi,Danyi,Maize,Main,2009,5,2009,11,All (PS),area,9279.0
953,TG2009A20208,Togo,TG,Plateaux,Danyi,Danyi,Maize,Main,2010,5,2010,11,All (PS),area,11133.0
954,TG2009A20208,Togo,TG,Plateaux,Danyi,Danyi,Maize,Main,2011,5,2011,11,All (PS),area,11244.0
955,TG2009A20208,Togo,TG,Plateaux,Danyi,Danyi,Maize,Main,2012,5,2012,11,All (PS),area,7083.0
956,TG2009A20208,Togo,TG,Plateaux,Danyi,Danyi,Maize,Main,2013,5,2013,11,All (PS),area,8703.0
957,TG2009A20208,Togo,TG,Plateaux,Danyi,Danyi,Maize,Main,2014,5,2014,11,All (PS),area,6349.0
958,TG2009A20208,Togo,TG,Plateaux,Danyi,Danyi,Maize,Main,2015,5,2015,11,All (PS),area,6831.0
959,TG2009A20208,Togo,TG,Plateaux,Danyi,Danyi,Rice,Annual,2010,5,2010,11,All (PS),area,1528.0
960,TG2009A20208,Togo,TG,Plateaux,Danyi,Danyi,Rice,Annual,2011,5,2011,11,All (PS),area,1628.0
961,TG2009A20208,Togo,TG,Plateaux,Danyi,Danyi,Rice,Annual,2012,5,2012,11,All (PS),area,924.0
962,TG2009A20208,Togo,TG,Plateaux,Danyi,Danyi,Rice,Annual,2013,5,2013,11,All (PS),area,5524.0
963,TG2009A20208,Togo,TG,Plateaux,Danyi,Danyi,Rice,Annual,2014,5,2014,11,All (PS),area,3873.0
964,TG2009A20208,Togo,TG,Plateaux,Danyi,Danyi,Rice,Annual,2015,5,2015,11,All (PS),area,3980.0
965,TG2009A20208,Togo,TG,Plateaux,Danyi,Danyi,Cassava,Main,2010,5,2010,11,All (PS),area,6885.0
966,TG2009A20208,Togo,TG,Plateaux,Danyi,Danyi,Cassava,Main,2011,5,2011,11,All (PS),area,5927.0
967,TG2009A20208,Togo,TG,Plateaux,Danyi,Danyi,Cassava,Main,2012,5,2012,11,All (PS),area,5081.0
968,TG2009A20208,Togo,TG,Plateaux,Danyi,Danyi,Cassava,Main,2013,5,2013,11,All (PS),area,3564.0
969,TG2009A20208,Togo,TG,Plateaux,Danyi,Danyi,Cassava,Main,2014,5,2014,11,All (PS),area,5603.0
970,TG2009A20208,Togo,TG,Plateaux,Danyi,Danyi,Cassava,Main,2015,5,2015,11,All (PS),area,3481.0
971,TG2009A20208,Togo,TG,Plateaux,Danyi,Danyi,Soybean,Main,2015,5,2015,11,All (PS),area,6.0
972,TG2009A20208,Togo,TG,Plateaux,Danyi,Danyi,Yams,Main,2010,5,2010,11,All (PS),area,2696.0
973,TG2009A20208,Togo,TG,Plateaux,Danyi,Danyi,Yams,Main,2011,5,2011,11,All (PS),area,2528.0
974,TG2009A20208,Togo,TG,Plateaux,Danyi,Danyi,Yams,Main,2012,5,2012,11,All (PS),area,881.0
975,TG2009A20208,Togo,TG,Plateaux,Danyi,Danyi,Yams,Main,2013,5,2013,11,All (PS),area,286.0
976,TG2009A20208,Togo,TG,Plateaux,Danyi,Danyi,Yams,Main,2014,5,2014,11,All (PS),area,547.0
977,TG2009A20208,Togo,TG,Plateaux,Danyi,Danyi,Yams,Main,2015,5,2015,11,All (PS),area,352.0
978,TG2009A20208,Togo,TG,Plateaux,Danyi,Danyi,Groundnuts (In Shell),Main,2010,5,2010,11,All (PS),area,763.0
979,TG2009A20208,Togo,TG,Plateaux,Danyi,Danyi,Groundnuts (In Shell),Main,2011,5,2011,11,All (PS),area,899.0
980,TG2009A20208,Togo,TG,Plateaux,Danyi,Danyi,Cowpea,Main,2010,5,2010,11,All (PS),area,3382.0
981,TG2009A20208,Togo,TG,Plateaux,Danyi,Danyi,Cowpea,Main,2011,5,2011,11,All (PS),area,3487.0
982,TG2009A20208,Togo,TG,Plateaux,Danyi,Danyi,Cowpea,Main,2012,5,2012,11,All (PS),area,1096.0
983,TG2009A20208,Togo,TG,Plateaux,Danyi,Danyi,Cowpea,Main,2013,5,2013,11,All (PS),area,11726.0
984,TG2009A20208,Togo,TG,Plateaux,Danyi,Danyi,Cowpea,Main,2014,5,2014,11,All (PS),area,14060.0
985,TG2009A20208,Togo,TG,Plateaux,Danyi,Danyi,Cowpea,Main,2015,5,2015,11,All (PS),area,12017.0
986,TG2009A20209,Togo,TG,Plateaux,Moyen-Mono,Moyen-Mono,Sorghum,Main,1998,5,1998,11,All (PS),area,46.0
987,TG2009A20209,Togo,TG,Plateaux,Moyen-Mono,Moyen-Mono,Sorghum,Main,2003,5,2003,11,All (PS),area,17.0
988,TG2009A20209,Togo,TG,Plateaux,Moyen-Mono,Moyen-Mono,Sorghum,Main,2006,5,2006,11,All (PS),area,580.0
989,TG2009A20209,Togo,TG,Plateaux,Moyen-Mono,Moyen-Mono,Sorghum,Main,2009,5,2009,11,All (PS),area,43.0
990,TG2009A20209,Togo,TG,Plateaux,Moyen-Mono,Moyen-Mono,Sorghum,Main,2010,5,2010,11,All (PS),area,66.0
991,TG2009A20209,Togo,TG,Plateaux,Moyen-Mono,Moyen-Mono,Sorghum,Main,2012,5,2012,11,All (PS),area,151.0
992,TG2009A20209,Togo,TG,Plateaux,Moyen-Mono,Moyen-Mono,Sorghum,Main,2013,5,2013,11,All (PS),area,45.0
993,TG2009A20209,Togo,TG,Plateaux,Moyen-Mono,Moyen-Mono,Sorghum,Main,2014,5,2014,11,All (PS),area,150.0
994,TG2009A20209,Togo,TG,Plateaux,Moyen-Mono,Moyen-Mono,Sorghum,Main,2015,5,2015,11,All (PS),area,40.0
995,TG2009A20209,Togo,TG,Plateaux,Moyen-Mono,Moyen-Mono,Maize,Main,1997,5,1997,11,All (PS),area,13226.0
996,TG2009A20209,Togo,TG,Plateaux,Moyen-Mono,Moyen-Mono,Maize,Main,1998,5,1998,11,All (PS),area,12886.0
997,TG2009A20209,Togo,TG,Plateaux,Moyen-Mono,Moyen-Mono,Maize,Main,1999,5,1999,11,All (PS),area,16532.0
998,TG2009A20209,Togo,TG,Plateaux,Moyen-Mono,Moyen-Mono,Maize,Main,2000,5,2000,11,All (PS),area,18344.0
999,TG2009A20209,Togo,TG,Plateaux,Moyen-Mono,Moyen-Mono,Maize,Main,2001,5,2001,11,All (PS),area,16720.0
1000,TG2009A20209,Togo,TG,Plateaux,Moyen-Mono,Moyen-Mono,Maize,Main,2002,5,2002,11,All (PS),area,14471.0
1001,TG2009A20209,Togo,TG,Plateaux,Moyen-Mono,Moyen-Mono,Maize,Main,2003,5,2003,11,All (PS),area,12014.0
1002,TG2009A20209,Togo,TG,Plateaux,Moyen-Mono,Moyen-Mono,Maize,Main,2004,5,2004,11,All (PS),area,13026.0
1003,TG2009A20209,Togo,TG,Plateaux,Moyen-Mono,Moyen-Mono,Maize,Main,2005,5,2005,11,All (PS),area,14187.0
1004,TG2009A20209,Togo,TG,Plateaux,Moyen-Mono,Moyen-Mono,Maize,Main,2006,5,2006,11,All (PS),area,17243.0
1005,TG2009A20209,Togo,TG,Plateaux,Moyen-Mono,Moyen-Mono,Maize,Main,2007,5,2007,11,All (PS),area,20478.0
1006,TG2009A20209,Togo,TG,Plateaux,Moyen-Mono,Moyen-Mono,Maize,Main,2008,5,2008,11,All (PS),area,14116.0
1007,TG2009A20209,Togo,TG,Plateaux,Moyen-Mono,Moyen-Mono,Maize,Main,2009,5,2009,11,All (PS),area,14388.0
1008,TG2009A20209,Togo,TG,Plateaux,Moyen-Mono,Moyen-Mono,Maize,Main,2010,5,2010,11,All (PS),area,14388.0
1009,TG2009A20209,Togo,TG,Plateaux,Moyen-Mono,Moyen-Mono,Maize,Main,2011,5,2011,11,All (PS),area,14388.0
1010,TG2009A20209,Togo,TG,Plateaux,Moyen-Mono,Moyen-Mono,Maize,Main,2012,5,2012,11,All (PS),area,24094.0
1011,TG2009A20209,Togo,TG,Plateaux,Moyen-Mono,Moyen-Mono,Maize,Main,2013,5,2013,11,All (PS),area,17258.0
1012,TG2009A20209,Togo,TG,Plateaux,Moyen-Mono,Moyen-Mono,Maize,Main,2014,5,2014,11,All (PS),area,22917.0
1013,TG2009A20209,Togo,TG,Plateaux,Moyen-Mono,Moyen-Mono,Maize,Main,2015,5,2015,11,All (PS),area,13546.0
1014,TG2009A20209,Togo,TG,Plateaux,Moyen-Mono,Moyen-Mono,Millet,Main,2012,5,2012,11,All (PS),area,600.0
1015,TG2009A20209,Togo,TG,Plateaux,Moyen-Mono,Moyen-Mono,Millet,Main,2013,5,2013,11,All (PS),area,329.0
1016,TG2009A20209,Togo,TG,Plateaux,Moyen-Mono,Moyen-Mono,Millet,Main,2015,5,2015,11,All (PS),area,97.0
1017,TG2009A20209,Togo,TG,Plateaux,Moyen-Mono,Moyen-Mono,Rice,Annual,2012,5,2012,11,All (PS),area,589.0
1018,TG2009A20209,Togo,TG,Plateaux,Moyen-Mono,Moyen-Mono,Rice,Annual,2013,5,2013,11,All (PS),area,340.0
1019,TG2009A20209,Togo,TG,Plateaux,Moyen-Mono,Moyen-Mono,Rice,Annual,2014,5,2014,11,All (PS),area,216.0
1020,TG2009A20209,Togo,TG,Plateaux,Moyen-Mono,Moyen-Mono,Rice,Annual,2015,5,2015,11,All (PS),area,245.0
1021,TG2009A20209,Togo,TG,Plateaux,Moyen-Mono,Moyen-Mono,Cassava,Main,2010,5,2010,11,All (PS),area,6279.0
1022,TG2009A20209,Togo,TG,Plateaux,Moyen-Mono,Moyen-Mono,Cassava,Main,2011,5,2011,11,All (PS),area,5331.0
1023,TG2009A20209,Togo,TG,Plateaux,Moyen-Mono,Moyen-Mono,Cassava,Main,2012,5,2012,11,All (PS),area,3218.0
1024,TG2009A20209,Togo,TG,Plateaux,Moyen-Mono,Moyen-Mono,Cassava,Main,2013,5,2013,11,All (PS),area,9822.0
1025,TG2009A20209,Togo,TG,Plateaux,Moyen-Mono,Moyen-Mono,Cassava,Main,2014,5,2014,11,All (PS),area,9841.0
1026,TG2009A20209,Togo,TG,Plateaux,Moyen-Mono,Moyen-Mono,Cassava,Main,2015,5,2015,11,All (PS),area,9592.0
1027,TG2009A20209,Togo,TG,Plateaux,Moyen-Mono,Moyen-Mono,Soybean,Main,2015,5,2015,11,All (PS),area,14.0
1028,TG2009A20209,Togo,TG,Plateaux,Moyen-Mono,Moyen-Mono,Yams,Main,2010,5,2010,11,All (PS),area,373.0
1029,TG2009A20209,Togo,TG,Plateaux,Moyen-Mono,Moyen-Mono,Yams,Main,2011,5,2011,11,All (PS),area,330.0
1030,TG2009A20209,Togo,TG,Plateaux,Moyen-Mono,Moyen-Mono,Yams,Main,2012,5,2012,11,All (PS),area,484.0
1031,TG2009A20209,Togo,TG,Plateaux,Moyen-Mono,Moyen-Mono,Groundnuts (In Shell),Main,2010,5,2010,11,All (PS),area,434.0
1032,TG2009A20209,Togo,TG,Plateaux,Moyen-Mono,Moyen-Mono,Groundnuts (In Shell),Main,2011,5,2011,11,All (PS),area,437.0
1033,TG2009A20209,Togo,TG,Plateaux,Moyen-Mono,Moyen-Mono,Groundnuts (In Shell),Main,2012,5,2012,11,All (PS),area,3319.0
1034,TG2009A20209,Togo,TG,Plateaux,Moyen-Mono,Moyen-Mono,Groundnuts (In Shell),Main,2013,5,2013,11,All (PS),area,1041.0
1035,TG2009A20209,Togo,TG,Plateaux,Moyen-Mono,Moyen-Mono,Groundnuts (In Shell),Main,2014,5,2014,11,All (PS),area,475.0
1036,TG2009A20209,Togo,TG,Plateaux,Moyen-Mono,Moyen-Mono,Groundnuts (In Shell),Main,2015,5,2015,11,All (PS),area,1058.0
1037,TG2009A20209,Togo,TG,Plateaux,Moyen-Mono,Moyen-Mono,Cowpea,Main,2010,5,2010,11,All (PS),area,4168.0
1038,TG2009A20209,Togo,TG,Plateaux,Moyen-Mono,Moyen-Mono,Cowpea,Main,2011,5,2011,11,All (PS),area,3096.0
1039,TG2009A20209,Togo,TG,Plateaux,Moyen-Mono,Moyen-Mono,Cowpea,Main,2012,5,2012,11,All (PS),area,7731.0
1040,TG2009A20209,Togo,TG,Plateaux,Moyen-Mono,Moyen-Mono,Cowpea,Main,2013,5,2013,11,All (PS),area,11818.0
1041,TG2009A20209,Togo,TG,Plateaux,Moyen-Mono,Moyen-Mono,Cowpea,Main,2014,5,2014,11,All (PS),area,16804.0
1042,TG2009A20209,Togo,TG,Plateaux,Moyen-Mono,Moyen-Mono,Cowpea,Main,2015,5,2015,11,All (PS),area,12111.0
1043,TG2009A20210,Togo,TG,Plateaux,Akébou,Akébou,Maize,Main,1995,5,1995,11,All (PS),area,5085.431168158135
1044,TG2009A20210,Togo,TG,Plateaux,Akébou,Akébou,Maize,Main,1996,5,1996,11,All (PS),area,4484.321610199706
1045,TG2009A20210,Togo,TG,Plateaux,Akébou,Akébou,Maize,Main,1997,5,1997,11,All (PS),area,6341.637621027916
1046,TG2009A20210,Togo,TG,Plateaux,Akébou,Akébou,Maize,Main,1998,5,1998,11,All (PS),area,6354.4691191001275
1047,TG2009A20210,Togo,TG,Plateaux,Akébou,Akébou,Maize,Main,1999,5,1999,11,All (PS),area,3243.6516866236457
1048,TG2009A20210,Togo,TG,Plateaux,Akébou,Akébou,Maize,Main,2000,5,2000,11,All (PS),area,6521.2065400913725
1049,TG2009A20210,Togo,TG,Plateaux,Akébou,Akébou,Maize,Main,2001,5,2001,11,All (PS),area,5535.928703670692
1050,TG2009A20210,Togo,TG,Plateaux,Akébou,Akébou,Maize,Main,2002,5,2002,11,All (PS),area,6030.559993175069
1051,TG2009A20210,Togo,TG,Plateaux,Akébou,Akébou,Maize,Main,2003,5,2003,11,All (PS),area,6059.450956636226
1052,TG2009A20210,Togo,TG,Plateaux,Akébou,Akébou,Maize,Main,2004,5,2004,11,All (PS),area,5627.4068976362305
1053,TG2009A20210,Togo,TG,Plateaux,Akébou,Akébou,Maize,Main,2005,5,2005,11,All (PS),area,5497.2358630990275
1054,TG2009A20210,Togo,TG,Plateaux,Akébou,Akébou,Maize,Main,2006,5,2006,11,All (PS),area,6394.7759805744145
1055,TG2009A20210,Togo,TG,Plateaux,Akébou,Akébou,Maize,Main,2007,5,2007,11,All (PS),area,13716.420963231962
1056,TG2009A20210,Togo,TG,Plateaux,Akébou,Akébou,Maize,Main,2008,5,2008,11,All (PS),area,10330.83820203831
1057,TG2009A20210,Togo,TG,Plateaux,Akébou,Akébou,Maize,Main,2009,5,2009,11,All (PS),area,9144.0
1058,TG2009A20210,Togo,TG,Plateaux,Akébou,Akébou,Maize,Main,2010,5,2010,11,All (PS),area,10717.0
1059,TG2009A20210,Togo,TG,Plateaux,Akébou,Akébou,Maize,Main,2011,5,2011,11,All (PS),area,10925.0
1060,TG2009A20210,Togo,TG,Plateaux,Akébou,Akébou,Maize,Main,2012,5,2012,11,All (PS),area,11042.0
1061,TG2009A20210,Togo,TG,Plateaux,Akébou,Akébou,Maize,Main,2013,5,2013,11,All (PS),area,6152.0
1062,TG2009A20210,Togo,TG,Plateaux,Akébou,Akébou,Maize,Main,2014,5,2014,11,All (PS),area,8018.0
1063,TG2009A20210,Togo,TG,Plateaux,Akébou,Akébou,Maize,Main,2015,5,2015,11,All (PS),area,4828.0
1064,TG2009A20210,Togo,TG,Plateaux,Akébou,Akébou,Rice,Annual,2010,5,2010,11,All (PS),area,1244.0
1065,TG2009A20210,Togo,TG,Plateaux,Akébou,Akébou,Rice,Annual,2011,5,2011,11,All (PS),area,1124.0
1066,TG2009A20210,Togo,TG,Plateaux,Akébou,Akébou,Rice,Annual,2012,5,2012,11,All (PS),area,6657.0
1067,TG2009A20210,Togo,TG,Plateaux,Akébou,Akébou,Rice,Annual,2013,5,2013,11,All (PS),area,9661.0
1068,TG2009A20210,Togo,TG,Plateaux,Akébou,Akébou,Rice,Annual,2014,5,2014,11,All (PS),area,7341.0
1069,TG2009A20210,Togo,TG,Plateaux,Akébou,Akébou,Rice,Annual,2015,5,2015,11,All (PS),area,6960.0
1070,TG2009A20210,Togo,TG,Plateaux,Akébou,Akébou,Cassava,Main,2010,5,2010,11,All (PS),area,51250.0
1071,TG2009A20210,Togo,TG,Plateaux,Akébou,Akébou,Cassava,Main,2011,5,2011,11,All (PS),area,5446.0
1072,TG2009A20210,Togo,TG,Plateaux,Akébou,Akébou,Cassava,Main,2012,5,2012,11,All (PS),area,4316.0
1073,TG2009A20210,Togo,TG,Plateaux,Akébou,Akébou,Cassava,Main,2013,5,2013,11,All (PS),area,3550.0
1074,TG2009A20210,Togo,TG,Plateaux,Akébou,Akébou,Cassava,Main,2014,5,2014,11,All (PS),area,3497.0
1075,TG2009A20210,Togo,TG,Plateaux,Akébou,Akébou,Cassava,Main,2015,5,2015,11,All (PS),area,3467.0
1076,TG2009A20210,Togo,TG,Plateaux,Akébou,Akébou,Soybean,Main,2015,5,2015,11,All (PS),area,200.0
1077,TG2009A20210,Togo,TG,Plateaux,Akébou,Akébou,Yams,Main,2010,5,2010,11,All (PS),area,1072.0
1078,TG2009A20210,Togo,TG,Plateaux,Akébou,Akébou,Yams,Main,2011,5,2011,11,All (PS),area,1158.0
1079,TG2009A20210,Togo,TG,Plateaux,Akébou,Akébou,Yams,Main,2012,5,2012,11,All (PS),area,1796.0
1080,TG2009A20210,Togo,TG,Plateaux,Akébou,Akébou,Yams,Main,2013,5,2013,11,All (PS),area,664.0
1081,TG2009A20210,Togo,TG,Plateaux,Akébou,Akébou,Yams,Main,2014,5,2014,11,All (PS),area,888.0
1082,TG2009A20210,Togo,TG,Plateaux,Akébou,Akébou,Yams,Main,2015,5,2015,11,All (PS),area,817.0
1083,TG2009A20210,Togo,TG,Plateaux,Akébou,Akébou,Groundnuts (In Shell),Main,2010,5,2010,11,All (PS),area,1768.0
1084,TG2009A20210,Togo,TG,Plateaux,Akébou,Akébou,Groundnuts (In Shell),Main,2011,5,2011,11,All (PS),area,1647.0
1085,TG2009A20210,Togo,TG,Plateaux,Akébou,Akébou,Groundnuts (In Shell),Main,2012,5,2012,11,All (PS),area,354.0
1086,TG2009A20210,Togo,TG,Plateaux,Akébou,Akébou,Groundnuts (In Shell),Main,2013,5,2013,11,All (PS),area,1277.0
1087,TG2009A20210,Togo,TG,Plateaux,Akébou,Akébou,Groundnuts (In Shell),Main,2014,5,2014,11,All (PS),area,984.0
1088,TG2009A20210,Togo,TG,Plateaux,Akébou,Akébou,Groundnuts (In Shell),Main,2015,5,2015,11,All (PS),area,1298.0
1089,TG2009A20210,Togo,TG,Plateaux,Akébou,Akébou,Cowpea,Main,2010,5,2010,11,All (PS),area,7526.0
1090,TG2009A20210,Togo,TG,Plateaux,Akébou,Akébou,Cowpea,Main,2011,5,2011,11,All (PS),area,7389.0
1091,TG2009A20210,Togo,TG,Plateaux,Akébou,Akébou,Cowpea,Main,2012,5,2012,11,All (PS),area,2164.0
1092,TG2009A20210,Togo,TG,Plateaux,Akébou,Akébou,Cowpea,Main,2013,5,2013,11,All (PS),area,1871.0
1093,TG2009A20210,Togo,TG,Plateaux,Akébou,Akébou,Cowpea,Main,2014,5,2014,11,All (PS),area,2058.0
1094,TG2009A20210,Togo,TG,Plateaux,Akébou,Akébou,Cowpea,Main,2015,5,2015,11,All (PS),area,1917.0
1095,TG2009A20211,Togo,TG,Plateaux,Kpélé,Kpélé,Sorghum,Main,1995,5,1995,11,All (PS),area,1920.7345158203393
1096,TG2009A20211,Togo,TG,Plateaux,Kpélé,Kpélé,Sorghum,Main,1996,5,1996,11,All (PS),area,159.53600308047749
1097,TG2009A20211,Togo,TG,Plateaux,Kpélé,Kpélé,Sorghum,Main,1997,5,1997,11,All (PS),area,692.9658024898188
1098,TG2009A20211,Togo,TG,Plateaux,Kpélé,Kpélé,Sorghum,Main,1998,5,1998,11,All (PS),area,701.1785934284725
1099,TG2009A20211,Togo,TG,Plateaux,Kpélé,Kpélé,Sorghum,Main,1999,5,1999,11,All (PS),area,2023.8104041547854
1100,TG2009A20211,Togo,TG,Plateaux,Kpélé,Kpélé,Sorghum,Main,2000,5,2000,11,All (PS),area,1769.1675009626492
1101,TG2009A20211,Togo,TG,Plateaux,Kpélé,Kpélé,Sorghum,Main,2001,5,2001,11,All (PS),area,1795.2245652290228
1102,TG2009A20211,Togo,TG,Plateaux,Kpélé,Kpélé,Sorghum,Main,2002,5,2002,11,All (PS),area,1793.38237566914
1103,TG2009A20211,Togo,TG,Plateaux,Kpélé,Kpélé,Sorghum,Main,2003,5,2003,11,All (PS),area,1715.5080260229483
1104,TG2009A20211,Togo,TG,Plateaux,Kpélé,Kpélé,Sorghum,Main,2004,5,2004,11,All (PS),area,1346.7920984700236
1105,TG2009A20211,Togo,TG,Plateaux,Kpélé,Kpélé,Sorghum,Main,2005,5,2005,11,All (PS),area,795.0053908355795
1106,TG2009A20211,Togo,TG,Plateaux,Kpélé,Kpélé,Sorghum,Main,2006,5,2006,11,All (PS),area,1305.2015509648645
1107,TG2009A20211,Togo,TG,Plateaux,Kpélé,Kpélé,Sorghum,Main,2007,5,2007,11,All (PS),area,1568.8326551663342
1108,TG2009A20211,Togo,TG,Plateaux,Kpélé,Kpélé,Sorghum,Main,2008,5,2008,11,All (PS),area,828.0872129485309
1109,TG2009A20211,Togo,TG,Plateaux,Kpélé,Kpélé,Sorghum,Main,2009,5,2009,11,All (PS),area,1944.0
1110,TG2009A20211,Togo,TG,Plateaux,Kpélé,Kpélé,Sorghum,Main,2010,5,2010,11,All (PS),area,1181.0
1111,TG2009A20211,Togo,TG,Plateaux,Kpélé,Kpélé,Sorghum,Main,2011,5,2011,11,All (PS),area,977.0
1112,TG2009A20211,Togo,TG,Plateaux,Kpélé,Kpélé,Sorghum,Main,2012,5,2012,11,All (PS),area,409.0
1113,TG2009A20211,Togo,TG,Plateaux,Kpélé,Kpélé,Sorghum,Main,2013,5,2013,11,All (PS),area,3973.0
1114,TG2009A20211,Togo,TG,Plateaux,Kpélé,Kpélé,Sorghum,Main,2014,5,2014,11,All (PS),area,5164.0
1115,TG2009A20211,Togo,TG,Plateaux,Kpélé,Kpélé,Sorghum,Main,2015,5,2015,11,All (PS),area,3470.0
1116,TG2009A20211,Togo,TG,Plateaux,Kpélé,Kpélé,Maize,Main,1995,5,1995,11,All (PS),area,9248.834419072999
1117,TG2009A20211,Togo,TG,Plateaux,Kpélé,Kpélé,Maize,Main,1996,5,1996,11,All (PS),area,5890.933756577372
1118,TG2009A20211,Togo,TG,Plateaux,Kpélé,Kpélé,Maize,Main,1997,5,1997,11,All (PS),area,13516.263965185992
1119,TG2009A20211,Togo,TG,Plateaux,Kpélé,Kpélé,Maize,Main,1998,5,1998,11,All (PS),area,17266.402323281
1120,TG2009A20211,Togo,TG,Plateaux,Kpélé,Kpélé,Maize,Main,1999,5,1999,11,All (PS),area,16272.78479817444
1121,TG2009A20211,Togo,TG,Plateaux,Kpélé,Kpélé,Maize,Main,2000,5,2000,11,All (PS),area,16050.903041652413
1122,TG2009A20211,Togo,TG,Plateaux,Kpélé,Kpélé,Maize,Main,2001,5,2001,11,All (PS),area,12134.380920947828
1123,TG2009A20211,Togo,TG,Plateaux,Kpélé,Kpélé,Maize,Main,2002,5,2002,11,All (PS),area,15141.5843652753
1124,TG2009A20211,Togo,TG,Plateaux,Kpélé,Kpélé,Maize,Main,2003,5,2003,11,All (PS),area,12118.82475946314
1125,TG2009A20211,Togo,TG,Plateaux,Kpélé,Kpélé,Maize,Main,2004,5,2004,11,All (PS),area,18491.836968511136
1126,TG2009A20211,Togo,TG,Plateaux,Kpélé,Kpélé,Maize,Main,2005,5,2005,11,All (PS),area,17138.362078214916
1127,TG2009A20211,Togo,TG,Plateaux,Kpélé,Kpélé,Maize,Main,2006,5,2006,11,All (PS),area,19342.135842418345
1128,TG2009A20211,Togo,TG,Plateaux,Kpélé,Kpélé,Maize,Main,2007,5,2007,11,All (PS),area,18560.7133206591
1129,TG2009A20211,Togo,TG,Plateaux,Kpélé,Kpélé,Maize,Main,2008,5,2008,11,All (PS),area,19819.123557165625
1130,TG2009A20211,Togo,TG,Plateaux,Kpélé,Kpélé,Maize,Main,2009,5,2009,11,All (PS),area,8705.0
1131,TG2009A20211,Togo,TG,Plateaux,Kpélé,Kpélé,Maize,Main,2010,5,2010,11,All (PS),area,12098.0
1132,TG2009A20211,Togo,TG,Plateaux,Kpélé,Kpélé,Maize,Main,2011,5,2011,11,All (PS),area,11926.0
1133,TG2009A20211,Togo,TG,Plateaux,Kpélé,Kpélé,Maize,Main,2012,5,2012,11,All (PS),area,10270.0
1134,TG2009A20211,Togo,TG,Plateaux,Kpélé,Kpélé,Maize,Main,2013,5,2013,11,All (PS),area,12987.0
1135,TG2009A20211,Togo,TG,Plateaux,Kpélé,Kpélé,Maize,Main,2014,5,2014,11,All (PS),area,14408.0
1136,TG2009A20211,Togo,TG,Plateaux,Kpélé,Kpélé,Maize,Main,2015,5,2015,11,All (PS),area,10194.0
1137,TG2009A20211,Togo,TG,Plateaux,Kpélé,Kpélé,Millet,Main,2012,5,2012,11,All (PS),area,1052.0
1138,TG2009A20211,Togo,TG,Plateaux,Kpélé,Kpélé,Millet,Main,2013,5,2013,11,All (PS),area,3788.0
1139,TG2009A20211,Togo,TG,Plateaux,Kpélé,Kpélé,Millet,Main,2014,5,2014,11,All (PS),area,1731.0
1140,TG2009A20211,Togo,TG,Plateaux,Kpélé,Kpélé,Millet,Main,2015,5,2015,11,All (PS),area,5015.0
1141,TG2009A20211,Togo,TG,Plateaux,Kpélé,Kpélé,Rice,Annual,2010,5,2010,11,All (PS),area,2895.0
1142,TG2009A20211,Togo,TG,Plateaux,Kpélé,Kpélé,Rice,Annual,2011,5,2011,11,All (PS),area,3020.0
1143,TG2009A20211,Togo,TG,Plateaux,Kpélé,Kpélé,Rice,Annual,2012,5,2012,11,All (PS),area,2206.0
1144,TG2009A20211,Togo,TG,Plateaux,Kpélé,Kpélé,Rice,Annual,2013,5,2013,11,All (PS),area,1729.0
1145,TG2009A20211,Togo,TG,Plateaux,Kpélé,Kpélé,Rice,Annual,2014,5,2014,11,All (PS),area,1161.0
1146,TG2009A20211,Togo,TG,Plateaux,Kpélé,Kpélé,Rice,Annual,2015,5,2015,11,All (PS),area,1246.0
1147,TG2009A20211,Togo,TG,Plateaux,Kpélé,Kpélé,Cassava,Main,2010,5,2010,11,All (PS),area,2194.0
1148,TG2009A20211,Togo,TG,Plateaux,Kpélé,Kpélé,Cassava,Main,2011,5,2011,11,All (PS),area,2467.0
1149,TG2009A20211,Togo,TG,Plateaux,Kpélé,Kpélé,Cassava,Main,2012,5,2012,11,All (PS),area,3109.0
1150,TG2009A20211,Togo,TG,Plateaux,Kpélé,Kpélé,Cassava,Main,2013,5,2013,11,All (PS),area,3835.0
1151,TG2009A20211,Togo,TG,Plateaux,Kpélé,Kpélé,Cassava,Main,2014,5,2014,11,All (PS),area,3108.0
1152,TG2009A20211,Togo,TG,Plateaux,Kpélé,Kpélé,Cassava,Main,2015,5,2015,11,All (PS),area,3745.0
1153,TG2009A20211,Togo,TG,Plateaux,Kpélé,Kpélé,Soybean,Main,2015,5,2015,11,All (PS),area,198.0
1154,TG2009A20211,Togo,TG,Plateaux,Kpélé,Kpélé,Yams,Main,2010,5,2010,11,All (PS),area,2465.0
1155,TG2009A20211,Togo,TG,Plateaux,Kpélé,Kpélé,Yams,Main,2011,5,2011,11,All (PS),area,2145.0
1156,TG2009A20211,Togo,TG,Plateaux,Kpélé,Kpélé,Yams,Main,2012,5,2012,11,All (PS),area,1814.0
1157,TG2009A20211,Togo,TG,Plateaux,Kpélé,Kpélé,Yams,Main,2013,5,2013,11,All (PS),area,1968.0
1158,TG2009A20211,Togo,TG,Plateaux,Kpélé,Kpélé,Yams,Main,2014,5,2014,11,All (PS),area,2697.0
1159,TG2009A20211,Togo,TG,Plateaux,Kpélé,Kpélé,Yams,Main,2015,5,2015,11,All (PS),area,2421.0
1160,TG2009A20211,Togo,TG,Plateaux,Kpélé,Kpélé,Groundnuts (In Shell),Main,2010,5,2010,11,All (PS),area,172.0
1161,TG2009A20211,Togo,TG,Plateaux,Kpélé,Kpélé,Groundnuts (In Shell),Main,2011,5,2011,11,All (PS),area,165.0
1162,TG2009A20211,Togo,TG,Plateaux,Kpélé,Kpélé,Groundnuts (In Shell),Main,2012,5,2012,11,All (PS),area,76.0
1163,TG2009A20211,Togo,TG,Plateaux,Kpélé,Kpélé,Groundnuts (In Shell),Main,2013,5,2013,11,All (PS),area,74.0
1164,TG2009A20211,Togo,TG,Plateaux,Kpélé,Kpélé,Groundnuts (In Shell),Main,2014,5,2014,11,All (PS),area,76.0
1165,TG2009A20211,Togo,TG,Plateaux,Kpélé,Kpélé,Groundnuts (In Shell),Main,2015,5,2015,11,All (PS),area,75.0
1166,TG2009A20211,Togo,TG,Plateaux,Kpélé,Kpélé,Cowpea,Main,2010,5,2010,11,All (PS),area,2827.0
1167,TG2009A20211,Togo,TG,Plateaux,Kpélé,Kpélé,Cowpea,Main,2011,5,2011,11,All (PS),area,3001.0
1168,TG2009A20211,Togo,TG,Plateaux,Kpélé,Kpélé,Cowpea,Main,2012,5,2012,11,All (PS),area,4664.0
1169,TG2009A20211,Togo,TG,Plateaux,Kpélé,Kpélé,Cowpea,Main,2013,5,2013,11,All (PS),area,18535.0
1170,TG2009A20211,Togo,TG,Plateaux,Kpélé,Kpélé,Cowpea,Main,2014,5,2014,11,All (PS),area,21288.0
1171,TG2009A20211,Togo,TG,Plateaux,Kpélé,Kpélé,Cowpea,Main,2015,5,2015,11,All (PS),area,18995.0
1172,TG2009A20212,Togo,TG,Plateaux,Anié,Anié,Sorghum,Main,1995,5,1995,11,All (PS),area,4000.729565217391
1173,TG2009A20212,Togo,TG,Plateaux,Anié,Anié,Sorghum,Main,1996,5,1996,11,All (PS),area,12478.010869565216
1174,TG2009A20212,Togo,TG,Plateaux,Anié,Anié,Sorghum,Main,1997,5,1997,11,All (PS),area,8929.317191578
1175,TG2009A20212,Togo,TG,Plateaux,Anié,Anié,Sorghum,Main,1998,5,1998,11,All (PS),area,6302.653797659648
1176,TG2009A20212,Togo,TG,Plateaux,Anié,Anié,Sorghum,Main,1999,5,1999,11,All (PS),area,6331.03331611085
1177,TG2009A20212,Togo,TG,Plateaux,Anié,Anié,Sorghum,Main,2000,5,2000,11,All (PS),area,7124.724432168603
1178,TG2009A20212,Togo,TG,Plateaux,Anié,Anié,Sorghum,Main,2001,5,2001,11,All (PS),area,7993.845797986399
1179,TG2009A20212,Togo,TG,Plateaux,Anié,Anié,Sorghum,Main,2002,5,2002,11,All (PS),area,7844.685575591725
1180,TG2009A20212,Togo,TG,Plateaux,Anié,Anié,Sorghum,Main,2003,5,2003,11,All (PS),area,10075.679768415463
1181,TG2009A20212,Togo,TG,Plateaux,Anié,Anié,Sorghum,Main,2004,5,2004,11,All (PS),area,6035.5232862948515
1182,TG2009A20212,Togo,TG,Plateaux,Anié,Anié,Sorghum,Main,2005,5,2005,11,All (PS),area,6696.991412788204
1183,TG2009A20212,Togo,TG,Plateaux,Anié,Anié,Sorghum,Main,2006,5,2006,11,All (PS),area,7405.805032368738
1184,TG2009A20212,Togo,TG,Plateaux,Anié,Anié,Sorghum,Main,2007,5,2007,11,All (PS),area,7914.710471950497
1185,TG2009A20212,Togo,TG,Plateaux,Anié,Anié,Sorghum,Main,2008,5,2008,11,All (PS),area,9142.159225192478
1186,TG2009A20212,Togo,TG,Plateaux,Anié,Anié,Sorghum,Main,2012,5,2012,11,All (PS),area,11367.0
1187,TG2009A20212,Togo,TG,Plateaux,Anié,Anié,Sorghum,Main,2013,5,2013,11,All (PS),area,11664.0
1188,TG2009A20212,Togo,TG,Plateaux,Anié,Anié,Sorghum,Main,2014,5,2014,11,All (PS),area,11013.0
1189,TG2009A20212,Togo,TG,Plateaux,Anié,Anié,Sorghum,Main,2015,5,2015,11,All (PS),area,10188.0
1190,TG2009A20212,Togo,TG,Plateaux,Anié,Anié,Maize,Main,1995,5,1995,11,All (PS),area,807.075652173913
1191,TG2009A20212,Togo,TG,Plateaux,Anié,Anié,Maize,Main,1996,5,1996,11,All (PS),area,13995.08608695652
1192,TG2009A20212,Togo,TG,Plateaux,Anié,Anié,Maize,Main,1997,5,1997,11,All (PS),area,19115.841988277818
1193,TG2009A20212,Togo,TG,Plateaux,Anié,Anié,Maize,Main,1998,5,1998,11,All (PS),area,17792.016967753792
1194,TG2009A20212,Togo,TG,Plateaux,Anié,Anié,Maize,Main,1999,5,1999,11,All (PS),area,17457.661429329957
1195,TG2009A20212,Togo,TG,Plateaux,Anié,Anié,Maize,Main,2000,5,2000,11,All (PS),area,18215.24822758184
1196,TG2009A20212,Togo,TG,Plateaux,Anié,Anié,Maize,Main,2001,5,2001,11,All (PS),area,18212.309969979782
1197,TG2009A20212,Togo,TG,Plateaux,Anié,Anié,Maize,Main,2002,5,2002,11,All (PS),area,17802.86518389936
1198,TG2009A20212,Togo,TG,Plateaux,Anié,Anié,Maize,Main,2003,5,2003,11,All (PS),area,18276.14351685829
1199,TG2009A20212,Togo,TG,Plateaux,Anié,Anié,Maize,Main,2004,5,2004,11,All (PS),area,22779.297829967123
1200,TG2009A20212,Togo,TG,Plateaux,Anié,Anié,Maize,Main,2005,5,2005,11,All (PS),area,21246.87472052607
1201,TG2009A20212,Togo,TG,Plateaux,Anié,Anié,Maize,Main,2006,5,2006,11,All (PS),area,22842.343530540977
1202,TG2009A20212,Togo,TG,Plateaux,Anié,Anié,Maize,Main,2007,5,2007,11,All (PS),area,25091.78701758327
1203,TG2009A20212,Togo,TG,Plateaux,Anié,Anié,Maize,Main,2008,5,2008,11,All (PS),area,26395.039706741274
1204,TG2009A20212,Togo,TG,Plateaux,Anié,Anié,Maize,Main,2012,5,2012,11,All (PS),area,27892.0
1205,TG2009A20212,Togo,TG,Plateaux,Anié,Anié,Maize,Main,2013,5,2013,11,All (PS),area,7343.0
1206,TG2009A20212,Togo,TG,Plateaux,Anié,Anié,Maize,Main,2014,5,2014,11,All (PS),area,8961.0
1207,TG2009A20212,Togo,TG,Plateaux,Anié,Anié,Maize,Main,2015,5,2015,11,All (PS),area,5763.0
1208,TG2009A20212,Togo,TG,Plateaux,Anié,Anié,Millet,Main,2012,5,2012,11,All (PS),area,17.0
1209,TG2009A20212,Togo,TG,Plateaux,Anié,Anié,Millet,Main,2013,5,2013,11,All (PS),area,6.0
1210,TG2009A20212,Togo,TG,Plateaux,Anié,Anié,Millet,Main,2015,5,2015,11,All (PS),area,8.0
1211,TG2009A20212,Togo,TG,Plateaux,Anié,Anié,Rice,Annual,2012,5,2012,11,All (PS),area,5805.0
1212,TG2009A20212,Togo,TG,Plateaux,Anié,Anié,Rice,Annual,2013,5,2013,11,All (PS),area,245.0
1213,TG2009A20212,Togo,TG,Plateaux,Anié,Anié,Rice,Annual,2014,5,2014,11,All (PS),area,137.0
1214,TG2009A20212,Togo,TG,Plateaux,Anié,Anié,Rice,Annual,2015,5,2015,11,All (PS),area,177.0
1215,TG2009A20212,Togo,TG,Plateaux,Anié,Anié,Cassava,Main,2012,5,2012,11,All (PS),area,15604.0
1216,TG2009A20212,Togo,TG,Plateaux,Anié,Anié,Cassava,Main,2013,5,2013,11,All (PS),area,268.0
1217,TG2009A20212,Togo,TG,Plateaux,Anié,Anié,Cassava,Main,2014,5,2014,11,All (PS),area,259.0
1218,TG2009A20212,Togo,TG,Plateaux,Anié,Anié,Cassava,Main,2015,5,2015,11,All (PS),area,262.0
1219,TG2009A20212,Togo,TG,Plateaux,Anié,Anié,Soybean,Main,2015,5,2015,11,All (PS),area,829.0
1220,TG2009A20212,Togo,TG,Plateaux,Anié,Anié,Yams,Main,2012,5,2012,11,All (PS),area,2204.0
1221,TG2009A20212,Togo,TG,Plateaux,Anié,Anié,Yams,Main,2013,5,2013,11,All (PS),area,1175.0
1222,TG2009A20212,Togo,TG,Plateaux,Anié,Anié,Yams,Main,2014,5,2014,11,All (PS),area,3264.0
1223,TG2009A20212,Togo,TG,Plateaux,Anié,Anié,Yams,Main,2015,5,2015,11,All (PS),area,1445.0
1224,TG2009A20212,Togo,TG,Plateaux,Anié,Anié,Groundnuts (In Shell),Main,2012,5,2012,11,All (PS),area,7512.0
1225,TG2009A20212,Togo,TG,Plateaux,Anié,Anié,Groundnuts (In Shell),Main,2013,5,2013,11,All (PS),area,437.0
1226,TG2009A20212,Togo,TG,Plateaux,Anié,Anié,Groundnuts (In Shell),Main,2014,5,2014,11,All (PS),area,101.0
1227,TG2009A20212,Togo,TG,Plateaux,Anié,Anié,Groundnuts (In Shell),Main,2015,5,2015,11,All (PS),area,444.0
1228,TG2009A20212,Togo,TG,Plateaux,Anié,Anié,Cowpea,Main,2012,5,2012,11,All (PS),area,57802.0
1229,TG2009A20212,Togo,TG,Plateaux,Anié,Anié,Cowpea,Main,2013,5,2013,11,All (PS),area,22407.0
1230,TG2009A20212,Togo,TG,Plateaux,Anié,Anié,Cowpea,Main,2014,5,2014,11,All (PS),area,7614.0
1231,TG2009A20212,Togo,TG,Plateaux,Anié,Anié,Cowpea,Main,2015,5,2015,11,All (PS),area,22963.0
1232,TG2009A20301,Togo,TG,Centrale,Sotouboua,Sotouboua,Sorghum,Main,1995,5,1995,11,All (PS),area,21475.40539864497
1233,TG2009A20301,Togo,TG,Centrale,Sotouboua,Sotouboua,Sorghum,Main,1996,5,1996,11,All (PS),area,7650.7320137159695
1234,TG2009A20301,Togo,TG,Centrale,Sotouboua,Sotouboua,Sorghum,Main,1997,5,1997,11,All (PS),area,10651.561380144105
1235,TG2009A20301,Togo,TG,Centrale,Sotouboua,Sotouboua,Sorghum,Main,1998,5,1998,11,All (PS),area,14529.361233458494
1236,TG2009A20301,Togo,TG,Centrale,Sotouboua,Sotouboua,Sorghum,Main,1999,5,1999,11,All (PS),area,12101.847001361388
1237,TG2009A20301,Togo,TG,Centrale,Sotouboua,Sotouboua,Sorghum,Main,2000,5,2000,11,All (PS),area,13376.392807532477
1238,TG2009A20301,Togo,TG,Centrale,Sotouboua,Sotouboua,Sorghum,Main,2001,5,2001,11,All (PS),area,13470.312774262084
1239,TG2009A20301,Togo,TG,Centrale,Sotouboua,Sotouboua,Sorghum,Main,2002,5,2002,11,All (PS),area,14157.71473934441
1240,TG2009A20301,Togo,TG,Centrale,Sotouboua,Sotouboua,Sorghum,Main,2003,5,2003,11,All (PS),area,12802.501477086544
1241,TG2009A20301,Togo,TG,Centrale,Sotouboua,Sotouboua,Sorghum,Main,2004,5,2004,11,All (PS),area,12678.043116266943
1242,TG2009A20301,Togo,TG,Centrale,Sotouboua,Sotouboua,Sorghum,Main,2005,5,2005,11,All (PS),area,14740.825207628834
1243,TG2009A20301,Togo,TG,Centrale,Sotouboua,Sotouboua,Sorghum,Main,2006,5,2006,11,All (PS),area,13219.09126816326
1244,TG2009A20301,Togo,TG,Centrale,Sotouboua,Sotouboua,Sorghum,Main,2007,5,2007,11,All (PS),area,16915.965541397305
1245,TG2009A20301,Togo,TG,Centrale,Sotouboua,Sotouboua,Sorghum,Main,2008,5,2008,11,All (PS),area,15285.90673232949
1246,TG2009A20301,Togo,TG,Centrale,Sotouboua,Sotouboua,Sorghum,Main,2009,5,2009,11,All (PS),area,26920.0
1247,TG2009A20301,Togo,TG,Centrale,Sotouboua,Sotouboua,Sorghum,Main,2010,5,2010,11,All (PS),area,27438.0
1248,TG2009A20301,Togo,TG,Centrale,Sotouboua,Sotouboua,Sorghum,Main,2011,5,2011,11,All (PS),area,27689.0
1249,TG2009A20301,Togo,TG,Centrale,Sotouboua,Sotouboua,Sorghum,Main,2012,5,2012,11,All (PS),area,31258.0
1250,TG2009A20301,Togo,TG,Centrale,Sotouboua,Sotouboua,Sorghum,Main,2013,5,2013,11,All (PS),area,14404.44
1251,TG2009A20301,Togo,TG,Centrale,Sotouboua,Sotouboua,Sorghum,Main,2014,5,2014,11,All (PS),area,17351.0
1252,TG2009A20301,Togo,TG,Centrale,Sotouboua,Sotouboua,Sorghum,Main,2015,5,2015,11,All (PS),area,16347.12
1253,TG2009A20301,Togo,TG,Centrale,Sotouboua,Sotouboua,Maize,Main,1995,5,1995,11,All (PS),area,14567.370433011905
1254,TG2009A20301,Togo,TG,Centrale,Sotouboua,Sotouboua,Maize,Main,1996,5,1996,11,All (PS),area,5425.473768651343
1255,TG2009A20301,Togo,TG,Centrale,Sotouboua,Sotouboua,Maize,Main,1997,5,1997,11,All (PS),area,9151.098128397372
1256,TG2009A20301,Togo,TG,Centrale,Sotouboua,Sotouboua,Maize,Main,1998,5,1998,11,All (PS),area,9302.1958536334
1257,TG2009A20301,Togo,TG,Centrale,Sotouboua,Sotouboua,Maize,Main,1999,5,1999,11,All (PS),area,8347.180744128764
1258,TG2009A20301,Togo,TG,Centrale,Sotouboua,Sotouboua,Maize,Main,2000,5,2000,11,All (PS),area,12827.809442474048
1259,TG2009A20301,Togo,TG,Centrale,Sotouboua,Sotouboua,Maize,Main,2001,5,2001,11,All (PS),area,11435.482647430523
1260,TG2009A20301,Togo,TG,Centrale,Sotouboua,Sotouboua,Maize,Main,2002,5,2002,11,All (PS),area,10090.131747732814
1261,TG2009A20301,Togo,TG,Centrale,Sotouboua,Sotouboua,Maize,Main,2003,5,2003,11,All (PS),area,10627.206674933952
1262,TG2009A20301,Togo,TG,Centrale,Sotouboua,Sotouboua,Maize,Main,2004,5,2004,11,All (PS),area,9525.45242842125
1263,TG2009A20301,Togo,TG,Centrale,Sotouboua,Sotouboua,Maize,Main,2005,5,2005,11,All (PS),area,10901.313445714693
1264,TG2009A20301,Togo,TG,Centrale,Sotouboua,Sotouboua,Maize,Main,2006,5,2006,11,All (PS),area,9486.709421950472
1265,TG2009A20301,Togo,TG,Centrale,Sotouboua,Sotouboua,Maize,Main,2007,5,2007,11,All (PS),area,10153.57342082871
1266,TG2009A20301,Togo,TG,Centrale,Sotouboua,Sotouboua,Maize,Main,2008,5,2008,11,All (PS),area,9972.934153158716
1267,TG2009A20301,Togo,TG,Centrale,Sotouboua,Sotouboua,Maize,Main,2009,5,2009,11,All (PS),area,21928.0
1268,TG2009A20301,Togo,TG,Centrale,Sotouboua,Sotouboua,Maize,Main,2010,5,2010,11,All (PS),area,22013.0
1269,TG2009A20301,Togo,TG,Centrale,Sotouboua,Sotouboua,Maize,Main,2011,5,2011,11,All (PS),area,21484.0
1270,TG2009A20301,Togo,TG,Centrale,Sotouboua,Sotouboua,Maize,Main,2012,5,2012,11,All (PS),area,21191.0
1271,TG2009A20301,Togo,TG,Centrale,Sotouboua,Sotouboua,Maize,Main,2013,5,2013,11,All (PS),area,17159.14
1272,TG2009A20301,Togo,TG,Centrale,Sotouboua,Sotouboua,Maize,Main,2014,5,2014,11,All (PS),area,20623.0
1273,TG2009A20301,Togo,TG,Centrale,Sotouboua,Sotouboua,Maize,Main,2015,5,2015,11,All (PS),area,18833.64
1274,TG2009A20301,Togo,TG,Centrale,Sotouboua,Sotouboua,Millet,Main,2015,5,2015,11,All (PS),area,9.6
1275,TG2009A20301,Togo,TG,Centrale,Sotouboua,Sotouboua,Cotton,Main,2004,5,2004,11,All (PS),area,822.7792244155117
1276,TG2009A20301,Togo,TG,Centrale,Sotouboua,Sotouboua,Cotton,Main,2005,5,2005,11,All (PS),area,596.0561388772225
1277,TG2009A20301,Togo,TG,Centrale,Sotouboua,Sotouboua,Cotton,Main,2006,5,2006,11,All (PS),area,529.1479770404592
1278,TG2009A20301,Togo,TG,Centrale,Sotouboua,Sotouboua,Cotton,Main,2007,5,2007,11,All (PS),area,383.8616827663447
1279,TG2009A20301,Togo,TG,Centrale,Sotouboua,Sotouboua,Cotton,Main,2008,5,2008,11,All (PS),area,297.45457090858184
1280,TG2009A20301,Togo,TG,Centrale,Sotouboua,Sotouboua,Cotton,Main,2009,5,2009,11,All (PS),area,432.0
1281,TG2009A20301,Togo,TG,Centrale,Sotouboua,Sotouboua,Cotton,Main,2010,5,2010,11,All (PS),area,665.0
1282,TG2009A20301,Togo,TG,Centrale,Sotouboua,Sotouboua,Cotton,Main,2011,5,2011,11,All (PS),area,1634.0
1283,TG2009A20301,Togo,TG,Centrale,Sotouboua,Sotouboua,Rice,Annual,2012,5,2012,11,All (PS),area,5310.0
1284,TG2009A20301,Togo,TG,Centrale,Sotouboua,Sotouboua,Rice,Annual,2013,5,2013,11,All (PS),area,3804.33
1285,TG2009A20301,Togo,TG,Centrale,Sotouboua,Sotouboua,Rice,Annual,2014,5,2014,11,All (PS),area,4033.0
1286,TG2009A20301,Togo,TG,Centrale,Sotouboua,Sotouboua,Rice,Annual,2015,5,2015,11,All (PS),area,4171.62
1287,TG2009A20301,Togo,TG,Centrale,Sotouboua,Sotouboua,Cassava,Main,2012,5,2012,11,All (PS),area,4833.0
1288,TG2009A20301,Togo,TG,Centrale,Sotouboua,Sotouboua,Cassava,Main,2013,5,2013,11,All (PS),area,3038.2
1289,TG2009A20301,Togo,TG,Centrale,Sotouboua,Sotouboua,Cassava,Main,2014,5,2014,11,All (PS),area,4080.0
1290,TG2009A20301,Togo,TG,Centrale,Sotouboua,Sotouboua,Cassava,Main,2015,5,2015,11,All (PS),area,4545.5
1291,TG2009A20301,Togo,TG,Centrale,Sotouboua,Sotouboua,Soybean,Main,2012,5,2012,11,All (PS),area,20353.0
1292,TG2009A20301,Togo,TG,Centrale,Sotouboua,Sotouboua,Soybean,Main,2015,5,2015,11,All (PS),area,3847.29
1293,TG2009A20301,Togo,TG,Centrale,Sotouboua,Sotouboua,Yams,Main,2012,5,2012,11,All (PS),area,15464.0
1294,TG2009A20301,Togo,TG,Centrale,Sotouboua,Sotouboua,Yams,Main,2013,5,2013,11,All (PS),area,3359.67
1295,TG2009A20301,Togo,TG,Centrale,Sotouboua,Sotouboua,Yams,Main,2014,5,2014,11,All (PS),area,5042.0
1296,TG2009A20301,Togo,TG,Centrale,Sotouboua,Sotouboua,Yams,Main,2015,5,2015,11,All (PS),area,5965.62
1297,TG2009A20301,Togo,TG,Centrale,Sotouboua,Sotouboua,Beans (mixed),Main,2012,5,2012,11,All (PS),area,7840.0
1298,TG2009A20301,Togo,TG,Centrale,Sotouboua,Sotouboua,Beans (mixed),Main,2013,5,2013,11,All (PS),area,13361.52
1299,TG2009A20301,Togo,TG,Centrale,Sotouboua,Sotouboua,Beans (mixed),Main,2014,5,2014,11,All (PS),area,9872.0
1300,TG2009A20301,Togo,TG,Centrale,Sotouboua,Sotouboua,Beans (mixed),Main,2015,5,2015,11,All (PS),area,12661.43
1301,TG2009A20301,Togo,TG,Centrale,Sotouboua,Sotouboua,Groundnuts (In Shell),Main,2012,5,2012,11,All (PS),area,6346.0
1302,TG2009A20301,Togo,TG,Centrale,Sotouboua,Sotouboua,Groundnuts (In Shell),Main,2013,5,2013,11,All (PS),area,2434.12
1303,TG2009A20301,Togo,TG,Centrale,Sotouboua,Sotouboua,Groundnuts (In Shell),Main,2014,5,2014,11,All (PS),area,1907.0
1304,TG2009A20301,Togo,TG,Centrale,Sotouboua,Sotouboua,Groundnuts (In Shell),Main,2015,5,2015,11,All (PS),area,2460.89
1305,TG2009A20302,Togo,TG,Centrale,Tchamba,Tchamba,Sorghum,Main,1995,5,1995,11,All (PS),area,3314.0
1306,TG2009A20302,Togo,TG,Centrale,Tchamba,Tchamba,Sorghum,Main,1996,5,1996,11,All (PS),area,10177.0
1307,TG2009A20302,Togo,TG,Centrale,Tchamba,Tchamba,Sorghum,Main,1997,5,1997,11,All (PS),area,7823.0
1308,TG2009A20302,Togo,TG,Centrale,Tchamba,Tchamba,Sorghum,Main,1998,5,1998,11,All (PS),area,7833.0
1309,TG2009A20302,Togo,TG,Centrale,Tchamba,Tchamba,Sorghum,Main,1999,5,1999,11,All (PS),area,9108.0
1310,TG2009A20302,Togo,TG,Centrale,Tchamba,Tchamba,Sorghum,Main,2000,5,2000,11,All (PS),area,7995.0
1311,TG2009A20302,Togo,TG,Centrale,Tchamba,Tchamba,Sorghum,Main,2001,5,2001,11,All (PS),area,6085.0
1312,TG2009A20302,Togo,TG,Centrale,Tchamba,Tchamba,Sorghum,Main,2002,5,2002,11,All (PS),area,6964.0
1313,TG2009A20302,Togo,TG,Centrale,Tchamba,Tchamba,Sorghum,Main,2003,5,2003,11,All (PS),area,6557.0
1314,TG2009A20302,Togo,TG,Centrale,Tchamba,Tchamba,Sorghum,Main,2004,5,2004,11,All (PS),area,6347.0
1315,TG2009A20302,Togo,TG,Centrale,Tchamba,Tchamba,Sorghum,Main,2005,5,2005,11,All (PS),area,10769.0
1316,TG2009A20302,Togo,TG,Centrale,Tchamba,Tchamba,Sorghum,Main,2006,5,2006,11,All (PS),area,9215.0
1317,TG2009A20302,Togo,TG,Centrale,Tchamba,Tchamba,Sorghum,Main,2007,5,2007,11,All (PS),area,5340.0
1318,TG2009A20302,Togo,TG,Centrale,Tchamba,Tchamba,Sorghum,Main,2008,5,2008,11,All (PS),area,5587.0
1319,TG2009A20302,Togo,TG,Centrale,Tchamba,Tchamba,Sorghum,Main,2009,5,2009,11,All (PS),area,5776.0
1320,TG2009A20302,Togo,TG,Centrale,Tchamba,Tchamba,Sorghum,Main,2010,5,2010,11,All (PS),area,5969.0
1321,TG2009A20302,Togo,TG,Centrale,Tchamba,Tchamba,Sorghum,Main,2011,5,2011,11,All (PS),area,5852.0
1322,TG2009A20302,Togo,TG,Centrale,Tchamba,Tchamba,Sorghum,Main,2012,5,2012,11,All (PS),area,13936.0
1323,TG2009A20302,Togo,TG,Centrale,Tchamba,Tchamba,Sorghum,Main,2013,5,2013,11,All (PS),area,5333.45
1324,TG2009A20302,Togo,TG,Centrale,Tchamba,Tchamba,Sorghum,Main,2014,5,2014,11,All (PS),area,7557.0
1325,TG2009A20302,Togo,TG,Centrale,Tchamba,Tchamba,Sorghum,Main,2015,5,2015,11,All (PS),area,6052.76
1326,TG2009A20302,Togo,TG,Centrale,Tchamba,Tchamba,Maize,Main,1995,5,1995,11,All (PS),area,1563.0
1327,TG2009A20302,Togo,TG,Centrale,Tchamba,Tchamba,Maize,Main,1996,5,1996,11,All (PS),area,14077.0
1328,TG2009A20302,Togo,TG,Centrale,Tchamba,Tchamba,Maize,Main,1997,5,1997,11,All (PS),area,15428.0
1329,TG2009A20302,Togo,TG,Centrale,Tchamba,Tchamba,Maize,Main,1998,5,1998,11,All (PS),area,11964.0
1330,TG2009A20302,Togo,TG,Centrale,Tchamba,Tchamba,Maize,Main,1999,5,1999,11,All (PS),area,17120.0
1331,TG2009A20302,Togo,TG,Centrale,Tchamba,Tchamba,Maize,Main,2000,5,2000,11,All (PS),area,12570.0
1332,TG2009A20302,Togo,TG,Centrale,Tchamba,Tchamba,Maize,Main,2001,5,2001,11,All (PS),area,9965.0
1333,TG2009A20302,Togo,TG,Centrale,Tchamba,Tchamba,Maize,Main,2002,5,2002,11,All (PS),area,12402.0
1334,TG2009A20302,Togo,TG,Centrale,Tchamba,Tchamba,Maize,Main,2003,5,2003,11,All (PS),area,8655.0
1335,TG2009A20302,Togo,TG,Centrale,Tchamba,Tchamba,Maize,Main,2004,5,2004,11,All (PS),area,10840.0
1336,TG2009A20302,Togo,TG,Centrale,Tchamba,Tchamba,Maize,Main,2005,5,2005,11,All (PS),area,11086.0
1337,TG2009A20302,Togo,TG,Centrale,Tchamba,Tchamba,Maize,Main,2006,5,2006,11,All (PS),area,10381.0
1338,TG2009A20302,Togo,TG,Centrale,Tchamba,Tchamba,Maize,Main,2007,5,2007,11,All (PS),area,12101.0
1339,TG2009A20302,Togo,TG,Centrale,Tchamba,Tchamba,Maize,Main,2008,5,2008,11,All (PS),area,14341.0
1340,TG2009A20302,Togo,TG,Centrale,Tchamba,Tchamba,Maize,Main,2009,5,2009,11,All (PS),area,12920.0
1341,TG2009A20302,Togo,TG,Centrale,Tchamba,Tchamba,Maize,Main,2010,5,2010,11,All (PS),area,14439.0
1342,TG2009A20302,Togo,TG,Centrale,Tchamba,Tchamba,Maize,Main,2011,5,2011,11,All (PS),area,13878.0
1343,TG2009A20302,Togo,TG,Centrale,Tchamba,Tchamba,Maize,Main,2012,5,2012,11,All (PS),area,18212.0
1344,TG2009A20302,Togo,TG,Centrale,Tchamba,Tchamba,Maize,Main,2013,5,2013,11,All (PS),area,15769.67
1345,TG2009A20302,Togo,TG,Centrale,Tchamba,Tchamba,Maize,Main,2014,5,2014,11,All (PS),area,18089.0
1346,TG2009A20302,Togo,TG,Centrale,Tchamba,Tchamba,Maize,Main,2015,5,2015,11,All (PS),area,17308.58
1347,TG2009A20302,Togo,TG,Centrale,Tchamba,Tchamba,Millet,Main,2014,5,2014,11,All (PS),area,50.0
1348,TG2009A20302,Togo,TG,Centrale,Tchamba,Tchamba,Millet,Main,2015,5,2015,11,All (PS),area,9.6
1349,TG2009A20302,Togo,TG,Centrale,Tchamba,Tchamba,Cotton,Main,2004,5,2004,11,All (PS),area,1737.0
1350,TG2009A20302,Togo,TG,Centrale,Tchamba,Tchamba,Cotton,Main,2005,5,2005,11,All (PS),area,1716.0
1351,TG2009A20302,Togo,TG,Centrale,Tchamba,Tchamba,Cotton,Main,2006,5,2006,11,All (PS),area,916.0
1352,TG2009A20302,Togo,TG,Centrale,Tchamba,Tchamba,Cotton,Main,2007,5,2007,11,All (PS),area,515.0
1353,TG2009A20302,Togo,TG,Centrale,Tchamba,Tchamba,Cotton,Main,2008,5,2008,11,All (PS),area,403.0
1354,TG2009A20302,Togo,TG,Centrale,Tchamba,Tchamba,Cotton,Main,2009,5,2009,11,All (PS),area,356.0
1355,TG2009A20302,Togo,TG,Centrale,Tchamba,Tchamba,Cotton,Main,2010,5,2010,11,All (PS),area,626.0
1356,TG2009A20302,Togo,TG,Centrale,Tchamba,Tchamba,Cotton,Main,2011,5,2011,11,All (PS),area,1420.0
1357,TG2009A20302,Togo,TG,Centrale,Tchamba,Tchamba,Rice,Annual,2012,5,2012,11,All (PS),area,1266.0
1358,TG2009A20302,Togo,TG,Centrale,Tchamba,Tchamba,Rice,Annual,2013,5,2013,11,All (PS),area,559.45
1359,TG2009A20302,Togo,TG,Centrale,Tchamba,Tchamba,Rice,Annual,2014,5,2014,11,All (PS),area,575.0
1360,TG2009A20302,Togo,TG,Centrale,Tchamba,Tchamba,Rice,Annual,2015,5,2015,11,All (PS),area,613.46
1361,TG2009A20302,Togo,TG,Centrale,Tchamba,Tchamba,Cassava,Main,2012,5,2012,11,All (PS),area,4056.0
1362,TG2009A20302,Togo,TG,Centrale,Tchamba,Tchamba,Cassava,Main,2013,5,2013,11,All (PS),area,2219.8
1363,TG2009A20302,Togo,TG,Centrale,Tchamba,Tchamba,Cassava,Main,2014,5,2014,11,All (PS),area,3042.0
1364,TG2009A20302,Togo,TG,Centrale,Tchamba,Tchamba,Cassava,Main,2015,5,2015,11,All (PS),area,3321.07
1365,TG2009A20302,Togo,TG,Centrale,Tchamba,Tchamba,Soybean,Main,2012,5,2012,11,All (PS),area,11311.0
1366,TG2009A20302,Togo,TG,Centrale,Tchamba,Tchamba,Soybean,Main,2015,5,2015,11,All (PS),area,5099.99
1367,TG2009A20302,Togo,TG,Centrale,Tchamba,Tchamba,Yams,Main,2012,5,2012,11,All (PS),area,9770.0
1368,TG2009A20302,Togo,TG,Centrale,Tchamba,Tchamba,Yams,Main,2013,5,2013,11,All (PS),area,3390.6
1369,TG2009A20302,Togo,TG,Centrale,Tchamba,Tchamba,Yams,Main,2014,5,2014,11,All (PS),area,5787.0
1370,TG2009A20302,Togo,TG,Centrale,Tchamba,Tchamba,Yams,Main,2015,5,2015,11,All (PS),area,6020.54
1371,TG2009A20302,Togo,TG,Centrale,Tchamba,Tchamba,Beans (mixed),Main,2012,5,2012,11,All (PS),area,2748.0
1372,TG2009A20302,Togo,TG,Centrale,Tchamba,Tchamba,Beans (mixed),Main,2013,5,2013,11,All (PS),area,6646.33
1373,TG2009A20302,Togo,TG,Centrale,Tchamba,Tchamba,Beans (mixed),Main,2014,5,2014,11,All (PS),area,6175.0
1374,TG2009A20302,Togo,TG,Centrale,Tchamba,Tchamba,Beans (mixed),Main,2015,5,2015,11,All (PS),area,6298.09
1375,TG2009A20302,Togo,TG,Centrale,Tchamba,Tchamba,Groundnuts (In Shell),Main,2012,5,2012,11,All (PS),area,595.0
1376,TG2009A20302,Togo,TG,Centrale,Tchamba,Tchamba,Groundnuts (In Shell),Main,2013,5,2013,11,All (PS),area,752.3
1377,TG2009A20302,Togo,TG,Centrale,Tchamba,Tchamba,Groundnuts (In Shell),Main,2014,5,2014,11,All (PS),area,974.0
1378,TG2009A20302,Togo,TG,Centrale,Tchamba,Tchamba,Groundnuts (In Shell),Main,2015,5,2015,11,All (PS),area,760.57
1379,TG2009A20303,Togo,TG,Centrale,Tchaoudjo,Tchaoudjo,Sorghum,Main,1995,5,1995,11,All (PS),area,7078.0
1380,TG2009A20303,Togo,TG,Centrale,Tchaoudjo,Tchaoudjo,Sorghum,Main,1996,5,1996,11,All (PS),area,4821.0
1381,TG2009A20303,Togo,TG,Centrale,Tchaoudjo,Tchaoudjo,Sorghum,Main,1997,5,1997,11,All (PS),area,9821.0
1382,TG2009A20303,Togo,TG,Centrale,Tchaoudjo,Tchaoudjo,Sorghum,Main,1998,5,1998,11,All (PS),area,9062.0
1383,TG2009A20303,Togo,TG,Centrale,Tchaoudjo,Tchaoudjo,Sorghum,Main,1999,5,1999,11,All (PS),area,7908.0
1384,TG2009A20303,Togo,TG,Centrale,Tchaoudjo,Tchaoudjo,Sorghum,Main,2000,5,2000,11,All (PS),area,8912.0
1385,TG2009A20303,Togo,TG,Centrale,Tchaoudjo,Tchaoudjo,Sorghum,Main,2001,5,2001,11,All (PS),area,8418.0
1386,TG2009A20303,Togo,TG,Centrale,Tchaoudjo,Tchaoudjo,Sorghum,Main,2002,5,2002,11,All (PS),area,8143.0
1387,TG2009A20303,Togo,TG,Centrale,Tchaoudjo,Tchaoudjo,Sorghum,Main,2003,5,2003,11,All (PS),area,8364.0
1388,TG2009A20303,Togo,TG,Centrale,Tchaoudjo,Tchaoudjo,Sorghum,Main,2004,5,2004,11,All (PS),area,7272.0
1389,TG2009A20303,Togo,TG,Centrale,Tchaoudjo,Tchaoudjo,Sorghum,Main,2005,5,2005,11,All (PS),area,10922.0
1390,TG2009A20303,Togo,TG,Centrale,Tchaoudjo,Tchaoudjo,Sorghum,Main,2006,5,2006,11,All (PS),area,9553.0
1391,TG2009A20303,Togo,TG,Centrale,Tchaoudjo,Tchaoudjo,Sorghum,Main,2007,5,2007,11,All (PS),area,9555.0
1392,TG2009A20303,Togo,TG,Centrale,Tchaoudjo,Tchaoudjo,Sorghum,Main,2008,5,2008,11,All (PS),area,10199.0
1393,TG2009A20303,Togo,TG,Centrale,Tchaoudjo,Tchaoudjo,Sorghum,Main,2009,5,2009,11,All (PS),area,11113.0
1394,TG2009A20303,Togo,TG,Centrale,Tchaoudjo,Tchaoudjo,Sorghum,Main,2010,5,2010,11,All (PS),area,11396.0
1395,TG2009A20303,Togo,TG,Centrale,Tchaoudjo,Tchaoudjo,Sorghum,Main,2011,5,2011,11,All (PS),area,11616.0
1396,TG2009A20303,Togo,TG,Centrale,Tchaoudjo,Tchaoudjo,Sorghum,Main,2012,5,2012,11,All (PS),area,7522.0
1397,TG2009A20303,Togo,TG,Centrale,Tchaoudjo,Tchaoudjo,Sorghum,Main,2013,5,2013,11,All (PS),area,4785.89
1398,TG2009A20303,Togo,TG,Centrale,Tchaoudjo,Tchaoudjo,Sorghum,Main,2014,5,2014,11,All (PS),area,6617.0
1399,TG2009A20303,Togo,TG,Centrale,Tchaoudjo,Tchaoudjo,Sorghum,Main,2015,5,2015,11,All (PS),area,5431.35
1400,TG2009A20303,Togo,TG,Centrale,Tchaoudjo,Tchaoudjo,Maize,Main,1995,5,1995,11,All (PS),area,3691.0
1401,TG2009A20303,Togo,TG,Centrale,Tchaoudjo,Tchaoudjo,Maize,Main,1996,5,1996,11,All (PS),area,3999.0
1402,TG2009A20303,Togo,TG,Centrale,Tchaoudjo,Tchaoudjo,Maize,Main,1997,5,1997,11,All (PS),area,7346.0
1403,TG2009A20303,Togo,TG,Centrale,Tchaoudjo,Tchaoudjo,Maize,Main,1998,5,1998,11,All (PS),area,6164.0
1404,TG2009A20303,Togo,TG,Centrale,Tchaoudjo,Tchaoudjo,Maize,Main,1999,5,1999,11,All (PS),area,6893.0
1405,TG2009A20303,Togo,TG,Centrale,Tchaoudjo,Tchaoudjo,Maize,Main,2000,5,2000,11,All (PS),area,5809.0
1406,TG2009A20303,Togo,TG,Centrale,Tchaoudjo,Tchaoudjo,Maize,Main,2001,5,2001,11,All (PS),area,4125.0
1407,TG2009A20303,Togo,TG,Centrale,Tchaoudjo,Tchaoudjo,Maize,Main,2002,5,2002,11,All (PS),area,3089.0
1408,TG2009A20303,Togo,TG,Centrale,Tchaoudjo,Tchaoudjo,Maize,Main,2003,5,2003,11,All (PS),area,6463.0
1409,TG2009A20303,Togo,TG,Centrale,Tchaoudjo,Tchaoudjo,Maize,Main,2004,5,2004,11,All (PS),area,7240.0
1410,TG2009A20303,Togo,TG,Centrale,Tchaoudjo,Tchaoudjo,Maize,Main,2005,5,2005,11,All (PS),area,7384.0
1411,TG2009A20303,Togo,TG,Centrale,Tchaoudjo,Tchaoudjo,Maize,Main,2006,5,2006,11,All (PS),area,7860.0
1412,TG2009A20303,Togo,TG,Centrale,Tchaoudjo,Tchaoudjo,Maize,Main,2007,5,2007,11,All (PS),area,8874.0
1413,TG2009A20303,Togo,TG,Centrale,Tchaoudjo,Tchaoudjo,Maize,Main,2008,5,2008,11,All (PS),area,9136.0
1414,TG2009A20303,Togo,TG,Centrale,Tchaoudjo,Tchaoudjo,Maize,Main,2009,5,2009,11,All (PS),area,8925.0
1415,TG2009A20303,Togo,TG,Centrale,Tchaoudjo,Tchaoudjo,Maize,Main,2010,5,2010,11,All (PS),area,9352.0
1416,TG2009A20303,Togo,TG,Centrale,Tchaoudjo,Tchaoudjo,Maize,Main,2011,5,2011,11,All (PS),area,8953.0
1417,TG2009A20303,Togo,TG,Centrale,Tchaoudjo,Tchaoudjo,Maize,Main,2012,5,2012,11,All (PS),area,17184.0
1418,TG2009A20303,Togo,TG,Centrale,Tchaoudjo,Tchaoudjo,Maize,Main,2013,5,2013,11,All (PS),area,6531.07
1419,TG2009A20303,Togo,TG,Centrale,Tchaoudjo,Tchaoudjo,Maize,Main,2014,5,2014,11,All (PS),area,12450.0
1420,TG2009A20303,Togo,TG,Centrale,Tchaoudjo,Tchaoudjo,Maize,Main,2015,5,2015,11,All (PS),area,7168.41
1421,TG2009A20303,Togo,TG,Centrale,Tchaoudjo,Tchaoudjo,Millet,Main,2015,5,2015,11,All (PS),area,9.6
1422,TG2009A20303,Togo,TG,Centrale,Tchaoudjo,Tchaoudjo,Cotton,Main,2004,5,2004,11,All (PS),area,802.0
1423,TG2009A20303,Togo,TG,Centrale,Tchaoudjo,Tchaoudjo,Cotton,Main,2005,5,2005,11,All (PS),area,785.0
1424,TG2009A20303,Togo,TG,Centrale,Tchaoudjo,Tchaoudjo,Cotton,Main,2006,5,2006,11,All (PS),area,403.0
1425,TG2009A20303,Togo,TG,Centrale,Tchaoudjo,Tchaoudjo,Cotton,Main,2007,5,2007,11,All (PS),area,193.0
1426,TG2009A20303,Togo,TG,Centrale,Tchaoudjo,Tchaoudjo,Cotton,Main,2008,5,2008,11,All (PS),area,79.0
1427,TG2009A20303,Togo,TG,Centrale,Tchaoudjo,Tchaoudjo,Cotton,Main,2009,5,2009,11,All (PS),area,130.0
1428,TG2009A20303,Togo,TG,Centrale,Tchaoudjo,Tchaoudjo,Cotton,Main,2010,5,2010,11,All (PS),area,239.0
1429,TG2009A20303,Togo,TG,Centrale,Tchaoudjo,Tchaoudjo,Cotton,Main,2011,5,2011,11,All (PS),area,620.0
1430,TG2009A20303,Togo,TG,Centrale,Tchaoudjo,Tchaoudjo,Rice,Annual,2012,5,2012,11,All (PS),area,3573.0
1431,TG2009A20303,Togo,TG,Centrale,Tchaoudjo,Tchaoudjo,Rice,Annual,2013,5,2013,11,All (PS),area,757.56
1432,TG2009A20303,Togo,TG,Centrale,Tchaoudjo,Tchaoudjo,Rice,Annual,2014,5,2014,11,All (PS),area,676.0
1433,TG2009A20303,Togo,TG,Centrale,Tchaoudjo,Tchaoudjo,Rice,Annual,2015,5,2015,11,All (PS),area,830.7
1434,TG2009A20303,Togo,TG,Centrale,Tchaoudjo,Tchaoudjo,Cassava,Main,2012,5,2012,11,All (PS),area,7996.0
1435,TG2009A20303,Togo,TG,Centrale,Tchaoudjo,Tchaoudjo,Cassava,Main,2013,5,2013,11,All (PS),area,3744.44
1436,TG2009A20303,Togo,TG,Centrale,Tchaoudjo,Tchaoudjo,Cassava,Main,2014,5,2014,11,All (PS),area,3470.0
1437,TG2009A20303,Togo,TG,Centrale,Tchaoudjo,Tchaoudjo,Cassava,Main,2015,5,2015,11,All (PS),area,5602.1
1438,TG2009A20303,Togo,TG,Centrale,Tchaoudjo,Tchaoudjo,Soybean,Main,2012,5,2012,11,All (PS),area,7709.0
1439,TG2009A20303,Togo,TG,Centrale,Tchaoudjo,Tchaoudjo,Soybean,Main,2015,5,2015,11,All (PS),area,1088.24
1440,TG2009A20303,Togo,TG,Centrale,Tchaoudjo,Tchaoudjo,Yams,Main,2012,5,2012,11,All (PS),area,3337.0
1441,TG2009A20303,Togo,TG,Centrale,Tchaoudjo,Tchaoudjo,Yams,Main,2013,5,2013,11,All (PS),area,2725.1
1442,TG2009A20303,Togo,TG,Centrale,Tchaoudjo,Tchaoudjo,Yams,Main,2014,5,2014,11,All (PS),area,4653.0
1443,TG2009A20303,Togo,TG,Centrale,Tchaoudjo,Tchaoudjo,Yams,Main,2015,5,2015,11,All (PS),area,4838.83
1444,TG2009A20303,Togo,TG,Centrale,Tchaoudjo,Tchaoudjo,Beans (mixed),Main,2012,5,2012,11,All (PS),area,4991.0
1445,TG2009A20303,Togo,TG,Centrale,Tchaoudjo,Tchaoudjo,Beans (mixed),Main,2013,5,2013,11,All (PS),area,4494.4
1446,TG2009A20303,Togo,TG,Centrale,Tchaoudjo,Tchaoudjo,Beans (mixed),Main,2014,5,2014,11,All (PS),area,5050.0
1447,TG2009A20303,Togo,TG,Centrale,Tchaoudjo,Tchaoudjo,Beans (mixed),Main,2015,5,2015,11,All (PS),area,4258.91
1448,TG2009A20303,Togo,TG,Centrale,Tchaoudjo,Tchaoudjo,Groundnuts (In Shell),Main,2012,5,2012,11,All (PS),area,1066.0
1449,TG2009A20303,Togo,TG,Centrale,Tchaoudjo,Tchaoudjo,Groundnuts (In Shell),Main,2013,5,2013,11,All (PS),area,730.7
1450,TG2009A20303,Togo,TG,Centrale,Tchaoudjo,Tchaoudjo,Groundnuts (In Shell),Main,2014,5,2014,11,All (PS),area,724.0
1451,TG2009A20303,Togo,TG,Centrale,Tchaoudjo,Tchaoudjo,Groundnuts (In Shell),Main,2015,5,2015,11,All (PS),area,738.73
1452,TG2009A20304,Togo,TG,Centrale,Blitta,Blitta,Sorghum,Main,1995,5,1995,11,All (PS),area,15795.594601355031
1453,TG2009A20304,Togo,TG,Centrale,Blitta,Blitta,Sorghum,Main,1996,5,1996,11,All (PS),area,5627.2679862840305
1454,TG2009A20304,Togo,TG,Centrale,Blitta,Blitta,Sorghum,Main,1997,5,1997,11,All (PS),area,7834.438619855896
1455,TG2009A20304,Togo,TG,Centrale,Blitta,Blitta,Sorghum,Main,1998,5,1998,11,All (PS),area,10686.638766541506
1456,TG2009A20304,Togo,TG,Centrale,Blitta,Blitta,Sorghum,Main,1999,5,1999,11,All (PS),area,8901.152998638612
1457,TG2009A20304,Togo,TG,Centrale,Blitta,Blitta,Sorghum,Main,2000,5,2000,11,All (PS),area,9838.607192467523
1458,TG2009A20304,Togo,TG,Centrale,Blitta,Blitta,Sorghum,Main,2001,5,2001,11,All (PS),area,9907.687225737916
1459,TG2009A20304,Togo,TG,Centrale,Blitta,Blitta,Sorghum,Main,2002,5,2002,11,All (PS),area,10413.28526065559
1460,TG2009A20304,Togo,TG,Centrale,Blitta,Blitta,Sorghum,Main,2003,5,2003,11,All (PS),area,9416.498522913456
1461,TG2009A20304,Togo,TG,Centrale,Blitta,Blitta,Sorghum,Main,2004,5,2004,11,All (PS),area,9324.956883733057
1462,TG2009A20304,Togo,TG,Centrale,Blitta,Blitta,Sorghum,Main,2005,5,2005,11,All (PS),area,10842.174792371166
1463,TG2009A20304,Togo,TG,Centrale,Blitta,Blitta,Sorghum,Main,2006,5,2006,11,All (PS),area,9722.90873183674
1464,TG2009A20304,Togo,TG,Centrale,Blitta,Blitta,Sorghum,Main,2007,5,2007,11,All (PS),area,12442.034458602693
1465,TG2009A20304,Togo,TG,Centrale,Blitta,Blitta,Sorghum,Main,2008,5,2008,11,All (PS),area,11243.09326767051
1466,TG2009A20304,Togo,TG,Centrale,Blitta,Blitta,Sorghum,Main,2009,5,2009,11,All (PS),area,17580.0
1467,TG2009A20304,Togo,TG,Centrale,Blitta,Blitta,Sorghum,Main,2010,5,2010,11,All (PS),area,19042.0
1468,TG2009A20304,Togo,TG,Centrale,Blitta,Blitta,Sorghum,Main,2011,5,2011,11,All (PS),area,19987.0
1469,TG2009A20304,Togo,TG,Centrale,Blitta,Blitta,Sorghum,Main,2012,5,2012,11,All (PS),area,16096.0
1470,TG2009A20304,Togo,TG,Centrale,Blitta,Blitta,Sorghum,Main,2013,5,2013,11,All (PS),area,14896.11
1471,TG2009A20304,Togo,TG,Centrale,Blitta,Blitta,Sorghum,Main,2014,5,2014,11,All (PS),area,14964.0
1472,TG2009A20304,Togo,TG,Centrale,Blitta,Blitta,Sorghum,Main,2015,5,2015,11,All (PS),area,16905.09
1473,TG2009A20304,Togo,TG,Centrale,Blitta,Blitta,Maize,Main,1995,5,1995,11,All (PS),area,15512.629566988093
1474,TG2009A20304,Togo,TG,Centrale,Blitta,Blitta,Maize,Main,1996,5,1996,11,All (PS),area,5777.526231348657
1475,TG2009A20304,Togo,TG,Centrale,Blitta,Blitta,Maize,Main,1997,5,1997,11,All (PS),area,9744.901871602626
1476,TG2009A20304,Togo,TG,Centrale,Blitta,Blitta,Maize,Main,1998,5,1998,11,All (PS),area,9905.8041463666
1477,TG2009A20304,Togo,TG,Centrale,Blitta,Blitta,Maize,Main,1999,5,1999,11,All (PS),area,8888.819255871236
1478,TG2009A20304,Togo,TG,Centrale,Blitta,Blitta,Maize,Main,2000,5,2000,11,All (PS),area,13660.190557525952
1479,TG2009A20304,Togo,TG,Centrale,Blitta,Blitta,Maize,Main,2001,5,2001,11,All (PS),area,12177.517352569475
1480,TG2009A20304,Togo,TG,Centrale,Blitta,Blitta,Maize,Main,2002,5,2002,11,All (PS),area,10744.868252267184
1481,TG2009A20304,Togo,TG,Centrale,Blitta,Blitta,Maize,Main,2003,5,2003,11,All (PS),area,11316.793325066048
1482,TG2009A20304,Togo,TG,Centrale,Blitta,Blitta,Maize,Main,2004,5,2004,11,All (PS),area,10143.54757157875
1483,TG2009A20304,Togo,TG,Centrale,Blitta,Blitta,Maize,Main,2005,5,2005,11,All (PS),area,11608.686554285305
1484,TG2009A20304,Togo,TG,Centrale,Blitta,Blitta,Maize,Main,2006,5,2006,11,All (PS),area,10102.290578049526
1485,TG2009A20304,Togo,TG,Centrale,Blitta,Blitta,Maize,Main,2007,5,2007,11,All (PS),area,10812.426579171288
1486,TG2009A20304,Togo,TG,Centrale,Blitta,Blitta,Maize,Main,2008,5,2008,11,All (PS),area,10620.065846841284
1487,TG2009A20304,Togo,TG,Centrale,Blitta,Blitta,Maize,Main,2009,5,2009,11,All (PS),area,25405.0
1488,TG2009A20304,Togo,TG,Centrale,Blitta,Blitta,Maize,Main,2010,5,2010,11,All (PS),area,26141.0
1489,TG2009A20304,Togo,TG,Centrale,Blitta,Blitta,Maize,Main,2011,5,2011,11,All (PS),area,25256.0
1490,TG2009A20304,Togo,TG,Centrale,Blitta,Blitta,Maize,Main,2012,5,2012,11,All (PS),area,21835.0
1491,TG2009A20304,Togo,TG,Centrale,Blitta,Blitta,Maize,Main,2013,5,2013,11,All (PS),area,18357.12
1492,TG2009A20304,Togo,TG,Centrale,Blitta,Blitta,Maize,Main,2014,5,2014,11,All (PS),area,19920.0
1493,TG2009A20304,Togo,TG,Centrale,Blitta,Blitta,Maize,Main,2015,5,2015,11,All (PS),area,20148.53
1494,TG2009A20304,Togo,TG,Centrale,Blitta,Blitta,Millet,Main,2015,5,2015,11,All (PS),area,9.6
1495,TG2009A20304,Togo,TG,Centrale,Blitta,Blitta,Cotton,Main,2004,5,2004,11,All (PS),area,1329.2207755844884
1496,TG2009A20304,Togo,TG,Centrale,Blitta,Blitta,Cotton,Main,2005,5,2005,11,All (PS),area,962.9438611227775
1497,TG2009A20304,Togo,TG,Centrale,Blitta,Blitta,Cotton,Main,2006,5,2006,11,All (PS),area,854.8520229595408
1498,TG2009A20304,Togo,TG,Centrale,Blitta,Blitta,Cotton,Main,2007,5,2007,11,All (PS),area,620.1383172336554
1499,TG2009A20304,Togo,TG,Centrale,Blitta,Blitta,Cotton,Main,2008,5,2008,11,All (PS),area,480.5454290914182
1500,TG2009A20304,Togo,TG,Centrale,Blitta,Blitta,Cotton,Main,2009,5,2009,11,All (PS),area,669.0
1501,TG2009A20304,Togo,TG,Centrale,Blitta,Blitta,Cotton,Main,2010,5,2010,11,All (PS),area,1183.0
1502,TG2009A20304,Togo,TG,Centrale,Blitta,Blitta,Cotton,Main,2011,5,2011,11,All (PS),area,2422.0
1503,TG2009A20304,Togo,TG,Centrale,Blitta,Blitta,Rice,Annual,2012,5,2012,11,All (PS),area,3005.0
1504,TG2009A20304,Togo,TG,Centrale,Blitta,Blitta,Rice,Annual,2013,5,2013,11,All (PS),area,3416.45
1505,TG2009A20304,Togo,TG,Centrale,Blitta,Blitta,Rice,Annual,2014,5,2014,11,All (PS),area,3478.0
1506,TG2009A20304,Togo,TG,Centrale,Blitta,Blitta,Rice,Annual,2015,5,2015,11,All (PS),area,3746.29
1507,TG2009A20304,Togo,TG,Centrale,Blitta,Blitta,Cassava,Main,2012,5,2012,11,All (PS),area,10698.0
1508,TG2009A20304,Togo,TG,Centrale,Blitta,Blitta,Cassava,Main,2013,5,2013,11,All (PS),area,2976.48
1509,TG2009A20304,Togo,TG,Centrale,Blitta,Blitta,Cassava,Main,2014,5,2014,11,All (PS),area,5167.0
1510,TG2009A20304,Togo,TG,Centrale,Blitta,Blitta,Cassava,Main,2015,5,2015,11,All (PS),area,4453.16
1511,TG2009A20304,Togo,TG,Centrale,Blitta,Blitta,Soybean,Main,2012,5,2012,11,All (PS),area,11175.0
1512,TG2009A20304,Togo,TG,Centrale,Blitta,Blitta,Soybean,Main,2015,5,2015,11,All (PS),area,1843.02
1513,TG2009A20304,Togo,TG,Centrale,Blitta,Blitta,Yams,Main,2012,5,2012,11,All (PS),area,9973.0
1514,TG2009A20304,Togo,TG,Centrale,Blitta,Blitta,Yams,Main,2013,5,2013,11,All (PS),area,2564.54
1515,TG2009A20304,Togo,TG,Centrale,Blitta,Blitta,Yams,Main,2014,5,2014,11,All (PS),area,4534.0
1516,TG2009A20304,Togo,TG,Centrale,Blitta,Blitta,Yams,Main,2015,5,2015,11,All (PS),area,4553.74
1517,TG2009A20304,Togo,TG,Centrale,Blitta,Blitta,Beans (mixed),Main,2012,5,2012,11,All (PS),area,30688.0
1518,TG2009A20304,Togo,TG,Centrale,Blitta,Blitta,Beans (mixed),Main,2013,5,2013,11,All (PS),area,9877.69
1519,TG2009A20304,Togo,TG,Centrale,Blitta,Blitta,Beans (mixed),Main,2014,5,2014,11,All (PS),area,12249.0
1520,TG2009A20304,Togo,TG,Centrale,Blitta,Blitta,Beans (mixed),Main,2015,5,2015,11,All (PS),area,9360.15
1521,TG2009A20304,Togo,TG,Centrale,Blitta,Blitta,Groundnuts (In Shell),Main,2012,5,2012,11,All (PS),area,542.0
1522,TG2009A20304,Togo,TG,Centrale,Blitta,Blitta,Groundnuts (In Shell),Main,2013,5,2013,11,All (PS),area,731.73
1523,TG2009A20304,Togo,TG,Centrale,Blitta,Blitta,Groundnuts (In Shell),Main,2014,5,2014,11,All (PS),area,645.0
1524,TG2009A20304,Togo,TG,Centrale,Blitta,Blitta,Groundnuts (In Shell),Main,2015,5,2015,11,All (PS),area,739.78
1525,TG2009A20401,Togo,TG,Savanes,Tône,Tône,Sorghum,Main,1995,5,1995,11,All (PS),area,23178.981617647056
1526,TG2009A20401,Togo,TG,Savanes,Tône,Tône,Sorghum,Main,1996,5,1996,11,All (PS),area,13749.363970588234
1527,TG2009A20401,Togo,TG,Savanes,Tône,Tône,Sorghum,Main,1997,5,1997,11,All (PS),area,10231.091911764704
1528,TG2009A20401,Togo,TG,Savanes,Tône,Tône,Sorghum,Main,1998,5,1998,11,All (PS),area,8000.691176470587
1529,TG2009A20401,Togo,TG,Savanes,Tône,Tône,Sorghum,Main,1999,5,1999,11,All (PS),area,5642.2058823529405
1530,TG2009A20401,Togo,TG,Savanes,Tône,Tône,Sorghum,Main,2000,5,2000,11,All (PS),area,3796.0588235294117
1531,TG2009A20401,Togo,TG,Savanes,Tône,Tône,Sorghum,Main,2001,5,2001,11,All (PS),area,6269.658088235294
1532,TG2009A20401,Togo,TG,Savanes,Tône,Tône,Sorghum,Main,2002,5,2002,11,All (PS),area,6384.231617647059
1533,TG2009A20401,Togo,TG,Savanes,Tône,Tône,Sorghum,Main,2003,5,2003,11,All (PS),area,6538.797794117647
1534,TG2009A20401,Togo,TG,Savanes,Tône,Tône,Sorghum,Main,2004,5,2004,11,All (PS),area,6106.444852941176
1535,TG2009A20401,Togo,TG,Savanes,Tône,Tône,Sorghum,Main,2005,5,2005,11,All (PS),area,6239.3933823529405
1536,TG2009A20401,Togo,TG,Savanes,Tône,Tône,Sorghum,Main,2006,5,2006,11,All (PS),area,6847.389705882352
1537,TG2009A20401,Togo,TG,Savanes,Tône,Tône,Sorghum,Main,2007,5,2007,11,All (PS),area,7970.426470588235
1538,TG2009A20401,Togo,TG,Savanes,Tône,Tône,Sorghum,Main,2008,5,2008,11,All (PS),area,7723.985294117647
1539,TG2009A20401,Togo,TG,Savanes,Tône,Tône,Sorghum,Main,2009,5,2009,11,All (PS),area,16121.0
1540,TG2009A20401,Togo,TG,Savanes,Tône,Tône,Sorghum,Main,2010,5,2010,11,All (PS),area,12296.0
1541,TG2009A20401,Togo,TG,Savanes,Tône,Tône,Sorghum,Main,2011,5,2011,11,All (PS),area,12567.0
1542,TG2009A20401,Togo,TG,Savanes,Tône,Tône,Sorghum,Main,2012,5,2012,11,All (PS),area,12300.0
1543,TG2009A20401,Togo,TG,Savanes,Tône,Tône,Maize,Main,1995,5,1995,11,All (PS),area,5820.011029411764
1544,TG2009A20401,Togo,TG,Savanes,Tône,Tône,Maize,Main,1996,5,1996,11,All (PS),area,7104.639705882352
1545,TG2009A20401,Togo,TG,Savanes,Tône,Tône,Maize,Main,1997,5,1997,11,All (PS),area,2555.205882352941
1546,TG2009A20401,Togo,TG,Savanes,Tône,Tône,Maize,Main,1998,5,1998,11,All (PS),area,2698.9632352941176
1547,TG2009A20401,Togo,TG,Savanes,Tône,Tône,Maize,Main,1999,5,1999,11,All (PS),area,3030.253676470588
1548,TG2009A20401,Togo,TG,Savanes,Tône,Tône,Maize,Main,2000,5,2000,11,All (PS),area,3359.382352941176
1549,TG2009A20401,Togo,TG,Savanes,Tône,Tône,Maize,Main,2001,5,2001,11,All (PS),area,2462.25
1550,TG2009A20401,Togo,TG,Savanes,Tône,Tône,Maize,Main,2002,5,2002,11,All (PS),area,2983.7757352941176
1551,TG2009A20401,Togo,TG,Savanes,Tône,Tône,Maize,Main,2003,5,2003,11,All (PS),area,2156.9007352941176
1552,TG2009A20401,Togo,TG,Savanes,Tône,Tône,Maize,Main,2004,5,2004,11,All (PS),area,1843.4448529411764
1553,TG2009A20401,Togo,TG,Savanes,Tône,Tône,Maize,Main,2005,5,2005,11,All (PS),area,2915.6801470588234
1554,TG2009A20401,Togo,TG,Savanes,Tône,Tône,Maize,Main,2006,5,2006,11,All (PS),area,3987.3749999999995
1555,TG2009A20401,Togo,TG,Savanes,Tône,Tône,Maize,Main,2007,5,2007,11,All (PS),area,3161.0404411764703
1556,TG2009A20401,Togo,TG,Savanes,Tône,Tône,Maize,Main,2008,5,2008,11,All (PS),area,3259.4007352941176
1557,TG2009A20401,Togo,TG,Savanes,Tône,Tône,Maize,Main,2009,5,2009,11,All (PS),area,6004.0
1558,TG2009A20401,Togo,TG,Savanes,Tône,Tône,Maize,Main,2010,5,2010,11,All (PS),area,6810.0
1559,TG2009A20401,Togo,TG,Savanes,Tône,Tône,Maize,Main,2011,5,2011,11,All (PS),area,7046.0
1560,TG2009A20401,Togo,TG,Savanes,Tône,Tône,Maize,Main,2012,5,2012,11,All (PS),area,6999.0
1561,TG2009A20401,Togo,TG,Savanes,Tône,Tône,Millet,Main,1995,5,1995,11,All (PS),area,45227.36029411764
1562,TG2009A20401,Togo,TG,Savanes,Tône,Tône,Millet,Main,1996,5,1996,11,All (PS),area,22052.702205882353
1563,TG2009A20401,Togo,TG,Savanes,Tône,Tône,Millet,Main,1997,5,1997,11,All (PS),area,16982.823529411762
1564,TG2009A20401,Togo,TG,Savanes,Tône,Tône,Millet,Main,1998,5,1998,11,All (PS),area,14253.595588235294
1565,TG2009A20401,Togo,TG,Savanes,Tône,Tône,Millet,Main,1999,5,1999,11,All (PS),area,12993.827205882351
1566,TG2009A20401,Togo,TG,Savanes,Tône,Tône,Millet,Main,2000,5,2000,11,All (PS),area,12277.202205882351
1567,TG2009A20401,Togo,TG,Savanes,Tône,Tône,Millet,Main,2001,5,2001,11,All (PS),area,13272.154411764704
1568,TG2009A20401,Togo,TG,Savanes,Tône,Tône,Millet,Main,2002,5,2002,11,All (PS),area,12071.834558823528
1569,TG2009A20401,Togo,TG,Savanes,Tône,Tône,Millet,Main,2003,5,2003,11,All (PS),area,11668.66544117647
1570,TG2009A20401,Togo,TG,Savanes,Tône,Tône,Millet,Main,2004,5,2004,11,All (PS),area,8649.761029411764
1571,TG2009A20401,Togo,TG,Savanes,Tône,Tône,Millet,Main,2005,5,2005,11,All (PS),area,6981.959558823529
1572,TG2009A20401,Togo,TG,Savanes,Tône,Tône,Millet,Main,2006,5,2006,11,All (PS),area,6138.871323529412
1573,TG2009A20401,Togo,TG,Savanes,Tône,Tône,Millet,Main,2007,5,2007,11,All (PS),area,7239.75
1574,TG2009A20401,Togo,TG,Savanes,Tône,Tône,Millet,Main,2008,5,2008,11,All (PS),area,7840.180147058823
1575,TG2009A20401,Togo,TG,Savanes,Tône,Tône,Millet,Main,2009,5,2009,11,All (PS),area,16540.0
1576,TG2009A20401,Togo,TG,Savanes,Tône,Tône,Millet,Main,2010,5,2010,11,All (PS),area,15025.0
1577,TG2009A20401,Togo,TG,Savanes,Tône,Tône,Millet,Main,2011,5,2011,11,All (PS),area,15500.0
1578,TG2009A20401,Togo,TG,Savanes,Tône,Tône,Millet,Main,2012,5,2012,11,All (PS),area,14957.0
1579,TG2009A20402,Togo,TG,Savanes,Oti,Oti,Sorghum,Main,1995,5,1995,11,All (PS),area,46243.0
1580,TG2009A20402,Togo,TG,Savanes,Oti,Oti,Sorghum,Main,1996,5,1996,11,All (PS),area,39200.0
1581,TG2009A20402,Togo,TG,Savanes,Oti,Oti,Sorghum,Main,1997,5,1997,11,All (PS),area,33674.0
1582,TG2009A20402,Togo,TG,Savanes,Oti,Oti,Sorghum,Main,1998,5,1998,11,All (PS),area,20263.0
1583,TG2009A20402,Togo,TG,Savanes,Oti,Oti,Sorghum,Main,1999,5,1999,11,All (PS),area,19207.0
1584,TG2009A20402,Togo,TG,Savanes,Oti,Oti,Sorghum,Main,2000,5,2000,11,All (PS),area,16129.0
1585,TG2009A20402,Togo,TG,Savanes,Oti,Oti,Sorghum,Main,2001,5,2001,11,All (PS),area,15691.0
1586,TG2009A20402,Togo,TG,Savanes,Oti,Oti,Sorghum,Main,2002,5,2002,11,All (PS),area,15233.0
1587,TG2009A20402,Togo,TG,Savanes,Oti,Oti,Sorghum,Main,2003,5,2003,11,All (PS),area,12185.0
1588,TG2009A20402,Togo,TG,Savanes,Oti,Oti,Sorghum,Main,2004,5,2004,11,All (PS),area,12361.0
1589,TG2009A20402,Togo,TG,Savanes,Oti,Oti,Sorghum,Main,2005,5,2005,11,All (PS),area,11882.0
1590,TG2009A20402,Togo,TG,Savanes,Oti,Oti,Sorghum,Main,2006,5,2006,11,All (PS),area,19981.0
1591,TG2009A20402,Togo,TG,Savanes,Oti,Oti,Sorghum,Main,2007,5,2007,11,All (PS),area,20817.0
1592,TG2009A20402,Togo,TG,Savanes,Oti,Oti,Sorghum,Main,2008,5,2008,11,All (PS),area,19542.0
1593,TG2009A20402,Togo,TG,Savanes,Oti,Oti,Sorghum,Main,2009,5,2009,11,All (PS),area,19975.0
1594,TG2009A20402,Togo,TG,Savanes,Oti,Oti,Sorghum,Main,2010,5,2010,11,All (PS),area,21205.0
1595,TG2009A20402,Togo,TG,Savanes,Oti,Oti,Sorghum,Main,2011,5,2011,11,All (PS),area,22147.0
1596,TG2009A20402,Togo,TG,Savanes,Oti,Oti,Sorghum,Main,2012,5,2012,11,All (PS),area,21954.0
1597,TG2009A20402,Togo,TG,Savanes,Oti,Oti,Maize,Main,1995,5,1995,11,All (PS),area,14389.0
1598,TG2009A20402,Togo,TG,Savanes,Oti,Oti,Maize,Main,1996,5,1996,11,All (PS),area,13682.0
1599,TG2009A20402,Togo,TG,Savanes,Oti,Oti,Maize,Main,1997,5,1997,11,All (PS),area,15568.0
1600,TG2009A20402,Togo,TG,Savanes,Oti,Oti,Maize,Main,1998,5,1998,11,All (PS),area,10328.0
1601,TG2009A20402,Togo,TG,Savanes,Oti,Oti,Maize,Main,1999,5,1999,11,All (PS),area,9220.0
1602,TG2009A20402,Togo,TG,Savanes,Oti,Oti,Maize,Main,2000,5,2000,11,All (PS),area,10354.0
1603,TG2009A20402,Togo,TG,Savanes,Oti,Oti,Maize,Main,2001,5,2001,11,All (PS),area,12483.0
1604,TG2009A20402,Togo,TG,Savanes,Oti,Oti,Maize,Main,2002,5,2002,11,All (PS),area,10670.0
1605,TG2009A20402,Togo,TG,Savanes,Oti,Oti,Maize,Main,2003,5,2003,11,All (PS),area,11571.0
1606,TG2009A20402,Togo,TG,Savanes,Oti,Oti,Maize,Main,2004,5,2004,11,All (PS),area,13725.0
1607,TG2009A20402,Togo,TG,Savanes,Oti,Oti,Maize,Main,2005,5,2005,11,All (PS),area,13514.0
1608,TG2009A20402,Togo,TG,Savanes,Oti,Oti,Maize,Main,2006,5,2006,11,All (PS),area,14810.0
1609,TG2009A20402,Togo,TG,Savanes,Oti,Oti,Maize,Main,2007,5,2007,11,All (PS),area,12996.0
1610,TG2009A20402,Togo,TG,Savanes,Oti,Oti,Maize,Main,2008,5,2008,11,All (PS),area,12295.0
1611,TG2009A20402,Togo,TG,Savanes,Oti,Oti,Maize,Main,2009,5,2009,11,All (PS),area,13576.0
1612,TG2009A20402,Togo,TG,Savanes,Oti,Oti,Maize,Main,2010,5,2010,11,All (PS),area,13606.0
1613,TG2009A20402,Togo,TG,Savanes,Oti,Oti,Maize,Main,2011,5,2011,11,All (PS),area,13879.0
1614,TG2009A20402,Togo,TG,Savanes,Oti,Oti,Maize,Main,2012,5,2012,11,All (PS),area,12900.0
1615,TG2009A20402,Togo,TG,Savanes,Oti,Oti,Millet,Main,1995,5,1995,11,All (PS),area,60102.0
1616,TG2009A20402,Togo,TG,Savanes,Oti,Oti,Millet,Main,1996,5,1996,11,All (PS),area,59036.0
1617,TG2009A20402,Togo,TG,Savanes,Oti,Oti,Millet,Main,1997,5,1997,11,All (PS),area,14757.0
1618,TG2009A20402,Togo,TG,Savanes,Oti,Oti,Millet,Main,1998,5,1998,11,All (PS),area,8529.0
1619,TG2009A20402,Togo,TG,Savanes,Oti,Oti,Millet,Main,1999,5,1999,11,All (PS),area,11929.0
1620,TG2009A20402,Togo,TG,Savanes,Oti,Oti,Millet,Main,2000,5,2000,11,All (PS),area,6741.0
1621,TG2009A20402,Togo,TG,Savanes,Oti,Oti,Millet,Main,2001,5,2001,11,All (PS),area,6637.0
1622,TG2009A20402,Togo,TG,Savanes,Oti,Oti,Millet,Main,2002,5,2002,11,All (PS),area,5928.0
1623,TG2009A20402,Togo,TG,Savanes,Oti,Oti,Millet,Main,2003,5,2003,11,All (PS),area,9159.0
1624,TG2009A20402,Togo,TG,Savanes,Oti,Oti,Millet,Main,2004,5,2004,11,All (PS),area,9689.0
1625,TG2009A20402,Togo,TG,Savanes,Oti,Oti,Millet,Main,2005,5,2005,11,All (PS),area,5944.0
1626,TG2009A20402,Togo,TG,Savanes,Oti,Oti,Millet,Main,2006,5,2006,11,All (PS),area,9203.0
1627,TG2009A20402,Togo,TG,Savanes,Oti,Oti,Millet,Main,2007,5,2007,11,All (PS),area,10948.0
1628,TG2009A20402,Togo,TG,Savanes,Oti,Oti,Millet,Main,2008,5,2008,11,All (PS),area,16418.0
1629,TG2009A20402,Togo,TG,Savanes,Oti,Oti,Millet,Main,2009,5,2009,11,All (PS),area,9680.0
1630,TG2009A20402,Togo,TG,Savanes,Oti,Oti,Millet,Main,2010,5,2010,11,All (PS),area,6576.0
1631,TG2009A20402,Togo,TG,Savanes,Oti,Oti,Millet,Main,2011,5,2011,11,All (PS),area,7106.0
1632,TG2009A20402,Togo,TG,Savanes,Oti,Oti,Millet,Main,2012,5,2012,11,All (PS),area,6954.0
1633,TG2009A20403,Togo,TG,Savanes,Kpendjal,Kpendjal,Sorghum,Main,1995,5,1995,11,All (PS),area,9811.209150326797
1634,TG2009A20403,Togo,TG,Savanes,Kpendjal,Kpendjal,Sorghum,Main,1996,5,1996,11,All (PS),area,5819.836601307189
1635,TG2009A20403,Togo,TG,Savanes,Kpendjal,Kpendjal,Sorghum,Main,1997,5,1997,11,All (PS),area,19645.62091503268
1636,TG2009A20403,Togo,TG,Savanes,Kpendjal,Kpendjal,Sorghum,Main,1998,5,1998,11,All (PS),area,18292.53594771242
1637,TG2009A20403,Togo,TG,Savanes,Kpendjal,Kpendjal,Sorghum,Main,1999,5,1999,11,All (PS),area,16422.235294117647
1638,TG2009A20403,Togo,TG,Savanes,Kpendjal,Kpendjal,Sorghum,Main,2000,5,2000,11,All (PS),area,10555.797385620916
1639,TG2009A20403,Togo,TG,Savanes,Kpendjal,Kpendjal,Sorghum,Main,2001,5,2001,11,All (PS),area,12711.823529411764
1640,TG2009A20403,Togo,TG,Savanes,Kpendjal,Kpendjal,Sorghum,Main,2002,5,2002,11,All (PS),area,12376.320261437908
1641,TG2009A20403,Togo,TG,Savanes,Kpendjal,Kpendjal,Sorghum,Main,2003,5,2003,11,All (PS),area,12768.745098039215
1642,TG2009A20403,Togo,TG,Savanes,Kpendjal,Kpendjal,Sorghum,Main,2004,5,2004,11,All (PS),area,16645.738562091505
1643,TG2009A20403,Togo,TG,Savanes,Kpendjal,Kpendjal,Sorghum,Main,2005,5,2005,11,All (PS),area,11490.013071895424
1644,TG2009A20403,Togo,TG,Savanes,Kpendjal,Kpendjal,Sorghum,Main,2006,5,2006,11,All (PS),area,14646.366013071896
1645,TG2009A20403,Togo,TG,Savanes,Kpendjal,Kpendjal,Sorghum,Main,2007,5,2007,11,All (PS),area,16497.725490196077
1646,TG2009A20403,Togo,TG,Savanes,Kpendjal,Kpendjal,Sorghum,Main,2008,5,2008,11,All (PS),area,15031.411764705883
1647,TG2009A20403,Togo,TG,Savanes,Kpendjal,Kpendjal,Sorghum,Main,2009,5,2009,11,All (PS),area,17080.0
1648,TG2009A20403,Togo,TG,Savanes,Kpendjal,Kpendjal,Sorghum,Main,2010,5,2010,11,All (PS),area,17858.0
1649,TG2009A20403,Togo,TG,Savanes,Kpendjal,Kpendjal,Sorghum,Main,2011,5,2011,11,All (PS),area,18234.0
1650,TG2009A20403,Togo,TG,Savanes,Kpendjal,Kpendjal,Sorghum,Main,2012,5,2012,11,All (PS),area,17742.0
1651,TG2009A20403,Togo,TG,Savanes,Kpendjal,Kpendjal,Maize,Main,1995,5,1995,11,All (PS),area,2463.4967320261435
1652,TG2009A20403,Togo,TG,Savanes,Kpendjal,Kpendjal,Maize,Main,1996,5,1996,11,All (PS),area,3007.254901960784
1653,TG2009A20403,Togo,TG,Savanes,Kpendjal,Kpendjal,Maize,Main,1997,5,1997,11,All (PS),area,5423.568627450981
1654,TG2009A20403,Togo,TG,Savanes,Kpendjal,Kpendjal,Maize,Main,1998,5,1998,11,All (PS),area,6870.418300653595
1655,TG2009A20403,Togo,TG,Savanes,Kpendjal,Kpendjal,Maize,Main,1999,5,1999,11,All (PS),area,5668.64705882353
1656,TG2009A20403,Togo,TG,Savanes,Kpendjal,Kpendjal,Maize,Main,2000,5,2000,11,All (PS),area,6737.9607843137255
1657,TG2009A20403,Togo,TG,Savanes,Kpendjal,Kpendjal,Maize,Main,2001,5,2001,11,All (PS),area,4922.222222222223
1658,TG2009A20403,Togo,TG,Savanes,Kpendjal,Kpendjal,Maize,Main,2002,5,2002,11,All (PS),area,6385.97385620915
1659,TG2009A20403,Togo,TG,Savanes,Kpendjal,Kpendjal,Maize,Main,2003,5,2003,11,All (PS),area,8309.97385620915
1660,TG2009A20403,Togo,TG,Savanes,Kpendjal,Kpendjal,Maize,Main,2004,5,2004,11,All (PS),area,6066.294117647059
1661,TG2009A20403,Togo,TG,Savanes,Kpendjal,Kpendjal,Maize,Main,2005,5,2005,11,All (PS),area,7311.150326797386
1662,TG2009A20403,Togo,TG,Savanes,Kpendjal,Kpendjal,Maize,Main,2006,5,2006,11,All (PS),area,10220.777777777777
1663,TG2009A20403,Togo,TG,Savanes,Kpendjal,Kpendjal,Maize,Main,2007,5,2007,11,All (PS),area,6692.006535947712
1664,TG2009A20403,Togo,TG,Savanes,Kpendjal,Kpendjal,Maize,Main,2008,5,2008,11,All (PS),area,6789.640522875817
1665,TG2009A20403,Togo,TG,Savanes,Kpendjal,Kpendjal,Maize,Main,2009,5,2009,11,All (PS),area,7825.0
1666,TG2009A20403,Togo,TG,Savanes,Kpendjal,Kpendjal,Maize,Main,2010,5,2010,11,All (PS),area,7960.0
1667,TG2009A20403,Togo,TG,Savanes,Kpendjal,Kpendjal,Maize,Main,2011,5,2011,11,All (PS),area,8576.0
1668,TG2009A20403,Togo,TG,Savanes,Kpendjal,Kpendjal,Maize,Main,2012,5,2012,11,All (PS),area,8400.0
1669,TG2009A20403,Togo,TG,Savanes,Kpendjal,Kpendjal,Millet,Main,1995,5,1995,11,All (PS),area,19143.856209150326
1670,TG2009A20403,Togo,TG,Savanes,Kpendjal,Kpendjal,Millet,Main,1996,5,1996,11,All (PS),area,9334.477124183006
1671,TG2009A20403,Togo,TG,Savanes,Kpendjal,Kpendjal,Millet,Main,1997,5,1997,11,All (PS),area,27259.496732026142
1672,TG2009A20403,Togo,TG,Savanes,Kpendjal,Kpendjal,Millet,Main,1998,5,1998,11,All (PS),area,23941.267973856207
1673,TG2009A20403,Togo,TG,Savanes,Kpendjal,Kpendjal,Millet,Main,1999,5,1999,11,All (PS),area,21493.03267973856
1674,TG2009A20403,Togo,TG,Savanes,Kpendjal,Kpendjal,Millet,Main,2000,5,2000,11,All (PS),area,18248.69934640523
1675,TG2009A20403,Togo,TG,Savanes,Kpendjal,Kpendjal,Millet,Main,2001,5,2001,11,All (PS),area,19196.843137254902
1676,TG2009A20403,Togo,TG,Savanes,Kpendjal,Kpendjal,Millet,Main,2002,5,2002,11,All (PS),area,17555.771241830065
1677,TG2009A20403,Togo,TG,Savanes,Kpendjal,Kpendjal,Millet,Main,2003,5,2003,11,All (PS),area,15370.117647058823
1678,TG2009A20403,Togo,TG,Savanes,Kpendjal,Kpendjal,Millet,Main,2004,5,2004,11,All (PS),area,18980.274509803923
1679,TG2009A20403,Togo,TG,Savanes,Kpendjal,Kpendjal,Millet,Main,2005,5,2005,11,All (PS),area,12499.32679738562
1680,TG2009A20403,Togo,TG,Savanes,Kpendjal,Kpendjal,Millet,Main,2006,5,2006,11,All (PS),area,11904.464052287582
1681,TG2009A20403,Togo,TG,Savanes,Kpendjal,Kpendjal,Millet,Main,2007,5,2007,11,All (PS),area,13239.444444444445
1682,TG2009A20403,Togo,TG,Savanes,Kpendjal,Kpendjal,Millet,Main,2008,5,2008,11,All (PS),area,11964.594771241831
1683,TG2009A20403,Togo,TG,Savanes,Kpendjal,Kpendjal,Millet,Main,2009,5,2009,11,All (PS),area,13579.0
1684,TG2009A20403,Togo,TG,Savanes,Kpendjal,Kpendjal,Millet,Main,2010,5,2010,11,All (PS),area,13009.0
1685,TG2009A20403,Togo,TG,Savanes,Kpendjal,Kpendjal,Millet,Main,2011,5,2011,11,All (PS),area,13480.0
1686,TG2009A20403,Togo,TG,Savanes,Kpendjal,Kpendjal,Millet,Main,2012,5,2012,11,All (PS),area,13100.0
1687,TG2009A20404,Togo,TG,Savanes,Tandjouaré,Tandjouaré,Sorghum,Main,1995,5,1995,11,All (PS),area,4993.204656862746
1688,TG2009A20404,Togo,TG,Savanes,Tandjouaré,Tandjouaré,Sorghum,Main,1996,5,1996,11,All (PS),area,2961.8811274509803
1689,TG2009A20404,Togo,TG,Savanes,Tandjouaré,Tandjouaré,Sorghum,Main,1997,5,1997,11,All (PS),area,12124.976715686274
1690,TG2009A20404,Togo,TG,Savanes,Tandjouaré,Tandjouaré,Sorghum,Main,1998,5,1998,11,All (PS),area,9229.504901960785
1691,TG2009A20404,Togo,TG,Savanes,Tandjouaré,Tandjouaré,Sorghum,Main,1999,5,1999,11,All (PS),area,4917.441176470588
1692,TG2009A20404,Togo,TG,Savanes,Tandjouaré,Tandjouaré,Sorghum,Main,2000,5,2000,11,All (PS),area,5421.745098039216
1693,TG2009A20404,Togo,TG,Savanes,Tandjouaré,Tandjouaré,Sorghum,Main,2001,5,2001,11,All (PS),area,6364.606617647059
1694,TG2009A20404,Togo,TG,Savanes,Tandjouaré,Tandjouaré,Sorghum,Main,2002,5,2002,11,All (PS),area,6010.287990196079
1695,TG2009A20404,Togo,TG,Savanes,Tandjouaré,Tandjouaré,Sorghum,Main,2003,5,2003,11,All (PS),area,5188.58455882353
1696,TG2009A20404,Togo,TG,Savanes,Tandjouaré,Tandjouaré,Sorghum,Main,2004,5,2004,11,All (PS),area,5462.447303921568
1697,TG2009A20404,Togo,TG,Savanes,Tandjouaré,Tandjouaré,Sorghum,Main,2005,5,2005,11,All (PS),area,4879.087009803921
1698,TG2009A20404,Togo,TG,Savanes,Tandjouaré,Tandjouaré,Sorghum,Main,2006,5,2006,11,All (PS),area,6070.061274509804
1699,TG2009A20404,Togo,TG,Savanes,Tandjouaré,Tandjouaré,Sorghum,Main,2007,5,2007,11,All (PS),area,7427.985294117647
1700,TG2009A20404,Togo,TG,Savanes,Tandjouaré,Tandjouaré,Sorghum,Main,2008,5,2008,11,All (PS),area,8570.89705882353
1701,TG2009A20404,Togo,TG,Savanes,Tandjouaré,Tandjouaré,Sorghum,Main,2009,5,2009,11,All (PS),area,4761.0
1702,TG2009A20404,Togo,TG,Savanes,Tandjouaré,Tandjouaré,Sorghum,Main,2010,5,2010,11,All (PS),area,4485.0
1703,TG2009A20404,Togo,TG,Savanes,Tandjouaré,Tandjouaré,Sorghum,Main,2011,5,2011,11,All (PS),area,5033.0
1704,TG2009A20404,Togo,TG,Savanes,Tandjouaré,Tandjouaré,Sorghum,Main,2012,5,2012,11,All (PS),area,4900.0
1705,TG2009A20404,Togo,TG,Savanes,Tandjouaré,Tandjouaré,Maize,Main,1995,5,1995,11,All (PS),area,1253.7438725490197
1706,TG2009A20404,Togo,TG,Savanes,Tandjouaré,Tandjouaré,Maize,Main,1996,5,1996,11,All (PS),area,1530.4779411764707
1707,TG2009A20404,Togo,TG,Savanes,Tandjouaré,Tandjouaré,Maize,Main,1997,5,1997,11,All (PS),area,4977.441176470588
1708,TG2009A20404,Togo,TG,Savanes,Tandjouaré,Tandjouaré,Maize,Main,1998,5,1998,11,All (PS),area,5824.40931372549
1709,TG2009A20404,Togo,TG,Savanes,Tandjouaré,Tandjouaré,Maize,Main,1999,5,1999,11,All (PS),area,4424.775735294118
1710,TG2009A20404,Togo,TG,Savanes,Tandjouaré,Tandjouaré,Maize,Main,2000,5,2000,11,All (PS),area,3899.676470588235
1711,TG2009A20404,Togo,TG,Savanes,Tandjouaré,Tandjouaré,Maize,Main,2001,5,2001,11,All (PS),area,3183.4166666666665
1712,TG2009A20404,Togo,TG,Savanes,Tandjouaré,Tandjouaré,Maize,Main,2002,5,2002,11,All (PS),area,4374.763480392157
1713,TG2009A20404,Togo,TG,Savanes,Tandjouaré,Tandjouaré,Maize,Main,2003,5,2003,11,All (PS),area,4246.638480392156
1714,TG2009A20404,Togo,TG,Savanes,Tandjouaré,Tandjouaré,Maize,Main,2004,5,2004,11,All (PS),area,3034.113970588235
1715,TG2009A20404,Togo,TG,Savanes,Tandjouaré,Tandjouaré,Maize,Main,2005,5,2005,11,All (PS),area,4102.094362745098
1716,TG2009A20404,Togo,TG,Savanes,Tandjouaré,Tandjouaré,Maize,Main,2006,5,2006,11,All (PS),area,5471.958333333333
1717,TG2009A20404,Togo,TG,Savanes,Tandjouaré,Tandjouaré,Maize,Main,2007,5,2007,11,All (PS),area,3429.9497549019607
1718,TG2009A20404,Togo,TG,Savanes,Tandjouaré,Tandjouaré,Maize,Main,2008,5,2008,11,All (PS),area,3259.138480392157
1719,TG2009A20404,Togo,TG,Savanes,Tandjouaré,Tandjouaré,Maize,Main,2009,5,2009,11,All (PS),area,2694.0
1720,TG2009A20404,Togo,TG,Savanes,Tandjouaré,Tandjouaré,Maize,Main,2010,5,2010,11,All (PS),area,3162.0
1721,TG2009A20404,Togo,TG,Savanes,Tandjouaré,Tandjouaré,Maize,Main,2011,5,2011,11,All (PS),area,3406.0
1722,TG2009A20404,Togo,TG,Savanes,Tandjouaré,Tandjouaré,Maize,Main,2012,5,2012,11,All (PS),area,3200.0
1723,TG2009A20404,Togo,TG,Savanes,Tandjouaré,Tandjouaré,Millet,Main,1995,5,1995,11,All (PS),area,9742.855392156864
1724,TG2009A20404,Togo,TG,Savanes,Tandjouaré,Tandjouaré,Millet,Main,1996,5,1996,11,All (PS),area,4750.582107843137
1725,TG2009A20404,Togo,TG,Savanes,Tandjouaré,Tandjouaré,Millet,Main,1997,5,1997,11,All (PS),area,20086.43137254902
1726,TG2009A20404,Togo,TG,Savanes,Tandjouaré,Tandjouaré,Millet,Main,1998,5,1998,11,All (PS),area,19065.50245098039
1727,TG2009A20404,Togo,TG,Savanes,Tandjouaré,Tandjouaré,Millet,Main,1999,5,1999,11,All (PS),area,12822.123774509804
1728,TG2009A20404,Togo,TG,Savanes,Tandjouaré,Tandjouaré,Millet,Main,2000,5,2000,11,All (PS),area,13716.748774509804
1729,TG2009A20404,Togo,TG,Savanes,Tandjouaré,Tandjouaré,Millet,Main,2001,5,2001,11,All (PS),area,11047.08088235294
1730,TG2009A20404,Togo,TG,Savanes,Tandjouaré,Tandjouaré,Millet,Main,2002,5,2002,11,All (PS),area,10866.508578431372
1731,TG2009A20404,Togo,TG,Savanes,Tandjouaré,Tandjouaré,Millet,Main,2003,5,2003,11,All (PS),area,9251.658088235294
1732,TG2009A20404,Togo,TG,Savanes,Tandjouaré,Tandjouaré,Millet,Main,2004,5,2004,11,All (PS),area,8530.327205882353
1733,TG2009A20404,Togo,TG,Savanes,Tandjouaré,Tandjouaré,Millet,Main,2005,5,2005,11,All (PS),area,6779.050245098039
1734,TG2009A20404,Togo,TG,Savanes,Tandjouaré,Tandjouaré,Millet,Main,2006,5,2006,11,All (PS),area,9412.432598039215
1735,TG2009A20404,Togo,TG,Savanes,Tandjouaré,Tandjouaré,Millet,Main,2007,5,2007,11,All (PS),area,10888.583333333334
1736,TG2009A20404,Togo,TG,Savanes,Tandjouaré,Tandjouaré,Millet,Main,2008,5,2008,11,All (PS),area,13826.927696078432
1737,TG2009A20404,Togo,TG,Savanes,Tandjouaré,Tandjouaré,Millet,Main,2009,5,2009,11,All (PS),area,10437.0
1738,TG2009A20404,Togo,TG,Savanes,Tandjouaré,Tandjouaré,Millet,Main,2010,5,2010,11,All (PS),area,12838.0
1739,TG2009A20404,Togo,TG,Savanes,Tandjouaré,Tandjouaré,Millet,Main,2011,5,2011,11,All (PS),area,13308.0
1740,TG2009A20404,Togo,TG,Savanes,Tandjouaré,Tandjouaré,Millet,Main,2012,5,2012,11,All (PS),area,14632.0
1741,TG2009A20405,Togo,TG,Savanes,Cinkassé,Cinkassé,Sorghum,Main,1995,5,1995,11,All (PS),area,4905.604575163398
1742,TG2009A20405,Togo,TG,Savanes,Cinkassé,Cinkassé,Sorghum,Main,1996,5,1996,11,All (PS),area,2909.9183006535945
1743,TG2009A20405,Togo,TG,Savanes,Cinkassé,Cinkassé,Sorghum,Main,1997,5,1997,11,All (PS),area,7419.31045751634
1744,TG2009A20405,Togo,TG,Savanes,Cinkassé,Cinkassé,Sorghum,Main,1998,5,1998,11,All (PS),area,7352.267973856209
1745,TG2009A20405,Togo,TG,Savanes,Cinkassé,Cinkassé,Sorghum,Main,1999,5,1999,11,All (PS),area,5691.117647058823
1746,TG2009A20405,Togo,TG,Savanes,Cinkassé,Cinkassé,Sorghum,Main,2000,5,2000,11,All (PS),area,5493.398692810458
1747,TG2009A20405,Togo,TG,Savanes,Cinkassé,Cinkassé,Sorghum,Main,2001,5,2001,11,All (PS),area,7259.911764705882
1748,TG2009A20405,Togo,TG,Savanes,Cinkassé,Cinkassé,Sorghum,Main,2002,5,2002,11,All (PS),area,7249.160130718954
1749,TG2009A20405,Togo,TG,Savanes,Cinkassé,Cinkassé,Sorghum,Main,2003,5,2003,11,All (PS),area,7363.8725490196075
1750,TG2009A20405,Togo,TG,Savanes,Cinkassé,Cinkassé,Sorghum,Main,2004,5,2004,11,All (PS),area,9115.369281045752
1751,TG2009A20405,Togo,TG,Savanes,Cinkassé,Cinkassé,Sorghum,Main,2005,5,2005,11,All (PS),area,8524.506535947712
1752,TG2009A20405,Togo,TG,Savanes,Cinkassé,Cinkassé,Sorghum,Main,2006,5,2006,11,All (PS),area,9921.183006535948
1753,TG2009A20405,Togo,TG,Savanes,Cinkassé,Cinkassé,Sorghum,Main,2007,5,2007,11,All (PS),area,10582.862745098038
1754,TG2009A20405,Togo,TG,Savanes,Cinkassé,Cinkassé,Sorghum,Main,2008,5,2008,11,All (PS),area,8861.70588235294
1755,TG2009A20405,Togo,TG,Savanes,Cinkassé,Cinkassé,Sorghum,Main,2009,5,2009,11,All (PS),area,7736.0
1756,TG2009A20405,Togo,TG,Savanes,Cinkassé,Cinkassé,Sorghum,Main,2010,5,2010,11,All (PS),area,8341.0
1757,TG2009A20405,Togo,TG,Savanes,Cinkassé,Cinkassé,Sorghum,Main,2011,5,2011,11,All (PS),area,8771.0
1758,TG2009A20405,Togo,TG,Savanes,Cinkassé,Cinkassé,Sorghum,Main,2012,5,2012,11,All (PS),area,8248.0
1759,TG2009A20405,Togo,TG,Savanes,Cinkassé,Cinkassé,Maize,Main,1995,5,1995,11,All (PS),area,1231.7483660130717
1760,TG2009A20405,Togo,TG,Savanes,Cinkassé,Cinkassé,Maize,Main,1996,5,1996,11,All (PS),area,1503.627450980392
1761,TG2009A20405,Togo,TG,Savanes,Cinkassé,Cinkassé,Maize,Main,1997,5,1997,11,All (PS),area,1940.7843137254902
1762,TG2009A20405,Togo,TG,Savanes,Cinkassé,Cinkassé,Maize,Main,1998,5,1998,11,All (PS),area,2442.2091503267975
1763,TG2009A20405,Togo,TG,Savanes,Cinkassé,Cinkassé,Maize,Main,1999,5,1999,11,All (PS),area,2048.323529411765
1764,TG2009A20405,Togo,TG,Savanes,Cinkassé,Cinkassé,Maize,Main,2000,5,2000,11,All (PS),area,2702.9803921568628
1765,TG2009A20405,Togo,TG,Savanes,Cinkassé,Cinkassé,Maize,Main,2001,5,2001,11,All (PS),area,3634.1111111111113
1766,TG2009A20405,Togo,TG,Savanes,Cinkassé,Cinkassé,Maize,Main,2002,5,2002,11,All (PS),area,4047.486928104575
1767,TG2009A20405,Togo,TG,Savanes,Cinkassé,Cinkassé,Maize,Main,2003,5,2003,11,All (PS),area,3794.4869281045753
1768,TG2009A20405,Togo,TG,Savanes,Cinkassé,Cinkassé,Maize,Main,2004,5,2004,11,All (PS),area,3300.1470588235293
1769,TG2009A20405,Togo,TG,Savanes,Cinkassé,Cinkassé,Maize,Main,2005,5,2005,11,All (PS),area,3446.075163398693
1770,TG2009A20405,Togo,TG,Savanes,Cinkassé,Cinkassé,Maize,Main,2006,5,2006,11,All (PS),area,4691.888888888889
1771,TG2009A20405,Togo,TG,Savanes,Cinkassé,Cinkassé,Maize,Main,2007,5,2007,11,All (PS),area,5363.003267973856
1772,TG2009A20405,Togo,TG,Savanes,Cinkassé,Cinkassé,Maize,Main,2008,5,2008,11,All (PS),area,4005.8202614379084
1773,TG2009A20405,Togo,TG,Savanes,Cinkassé,Cinkassé,Maize,Main,2009,5,2009,11,All (PS),area,4697.0
1774,TG2009A20405,Togo,TG,Savanes,Cinkassé,Cinkassé,Maize,Main,2010,5,2010,11,All (PS),area,3545.0
1775,TG2009A20405,Togo,TG,Savanes,Cinkassé,Cinkassé,Maize,Main,2011,5,2011,11,All (PS),area,3579.0
1776,TG2009A20405,Togo,TG,Savanes,Cinkassé,Cinkassé,Maize,Main,2012,5,2012,11,All (PS),area,3400.0
1777,TG2009A20405,Togo,TG,Savanes,Cinkassé,Cinkassé,Millet,Main,1995,5,1995,11,All (PS),area,9571.928104575163
1778,TG2009A20405,Togo,TG,Savanes,Cinkassé,Cinkassé,Millet,Main,1996,5,1996,11,All (PS),area,4667.238562091503
1779,TG2009A20405,Togo,TG,Savanes,Cinkassé,Cinkassé,Millet,Main,1997,5,1997,11,All (PS),area,7426.248366013072
1780,TG2009A20405,Togo,TG,Savanes,Cinkassé,Cinkassé,Millet,Main,1998,5,1998,11,All (PS),area,8817.633986928104
1781,TG2009A20405,Togo,TG,Savanes,Cinkassé,Cinkassé,Millet,Main,1999,5,1999,11,All (PS),area,7765.01633986928
1782,TG2009A20405,Togo,TG,Savanes,Cinkassé,Cinkassé,Millet,Main,2000,5,2000,11,All (PS),area,9505.349673202614
1783,TG2009A20405,Togo,TG,Savanes,Cinkassé,Cinkassé,Millet,Main,2001,5,2001,11,All (PS),area,10117.921568627451
1784,TG2009A20405,Togo,TG,Savanes,Cinkassé,Cinkassé,Millet,Main,2002,5,2002,11,All (PS),area,9391.885620915033
1785,TG2009A20405,Togo,TG,Savanes,Cinkassé,Cinkassé,Millet,Main,2003,5,2003,11,All (PS),area,7136.558823529412
1786,TG2009A20405,Togo,TG,Savanes,Cinkassé,Cinkassé,Millet,Main,2004,5,2004,11,All (PS),area,6464.637254901961
1787,TG2009A20405,Togo,TG,Savanes,Cinkassé,Cinkassé,Millet,Main,2005,5,2005,11,All (PS),area,3909.6633986928105
1788,TG2009A20405,Togo,TG,Savanes,Cinkassé,Cinkassé,Millet,Main,2006,5,2006,11,All (PS),area,4658.232026143791
1789,TG2009A20405,Togo,TG,Savanes,Cinkassé,Cinkassé,Millet,Main,2007,5,2007,11,All (PS),area,5224.222222222223
1790,TG2009A20405,Togo,TG,Savanes,Cinkassé,Cinkassé,Millet,Main,2008,5,2008,11,All (PS),area,5297.2973856209155
1791,TG2009A20405,Togo,TG,Savanes,Cinkassé,Cinkassé,Millet,Main,2009,5,2009,11,All (PS),area,4642.0
1792,TG2009A20405,Togo,TG,Savanes,Cinkassé,Cinkassé,Millet,Main,2010,5,2010,11,All (PS),area,5683.0
1793,TG2009A20405,Togo,TG,Savanes,Cinkassé,Cinkassé,Millet,Main,2011,5,2011,11,All (PS),area,5862.0
1794,TG2009A20405,Togo,TG,Savanes,Cinkassé,Cinkassé,Millet,Main,2012,5,2012,11,All (PS),area,5923.0
1795,TG2009A20501,Togo,TG,Maritime,Zio,Zio,Sorghum,Main,1997,5,1997,11,All (PS),area,136.7215150574356
1796,TG2009A20501,Togo,TG,Maritime,Zio,Zio,Sorghum,Main,1998,5,1998,11,All (PS),area,126.15026389320087
1797,TG2009A20501,Togo,TG,Maritime,Zio,Zio,Sorghum,Main,2002,5,2002,11,All (PS),area,856.2713443030116
1798,TG2009A20501,Togo,TG,Maritime,Zio,Zio,Sorghum,Main,2003,5,2003,11,All (PS),area,1452.4899099658492
1799,TG2009A20501,Togo,TG,Maritime,Zio,Zio,Sorghum,Main,2004,5,2004,11,All (PS),area,295.2902825209562
1800,TG2009A20501,Togo,TG,Maritime,Zio,Zio,Sorghum,Main,2007,5,2007,11,All (PS),area,866.8425954672463
1801,TG2009A20501,Togo,TG,Maritime,Zio,Zio,Sorghum,Main,2008,5,2008,11,All (PS),area,749.1493325054331
1802,TG2009A20501,Togo,TG,Maritime,Zio,Zio,Sorghum,Main,2009,5,2009,11,All (PS),area,1416.0
1803,TG2009A20501,Togo,TG,Maritime,Zio,Zio,Sorghum,Main,2010,5,2010,11,All (PS),area,1506.0
1804,TG2009A20501,Togo,TG,Maritime,Zio,Zio,Sorghum,Main,2011,5,2011,11,All (PS),area,2056.0
1805,TG2009A20501,Togo,TG,Maritime,Zio,Zio,Sorghum,Main,2012,5,2012,11,All (PS),area,1603.0
1806,TG2009A20501,Togo,TG,Maritime,Zio,Zio,Sorghum,Main,2013,5,2013,11,All (PS),area,77.0
1807,TG2009A20501,Togo,TG,Maritime,Zio,Zio,Sorghum,Main,2014,5,2014,11,All (PS),area,9.0
1808,TG2009A20501,Togo,TG,Maritime,Zio,Zio,Sorghum,Main,2015,5,2015,11,All (PS),area,1231.0
1809,TG2009A20501,Togo,TG,Maritime,Zio,Zio,Maize,Main,1995,5,1995,11,All (PS),area,47196.40794784229
1810,TG2009A20501,Togo,TG,Maritime,Zio,Zio,Maize,Main,1996,5,1996,11,All (PS),area,24541.511952809688
1811,TG2009A20501,Togo,TG,Maritime,Zio,Zio,Maize,Main,1997,5,1997,11,All (PS),area,25740.996584911518
1812,TG2009A20501,Togo,TG,Maritime,Zio,Zio,Maize,Main,1998,5,1998,11,All (PS),area,26002.458863706925
1813,TG2009A20501,Togo,TG,Maritime,Zio,Zio,Maize,Main,1999,5,1999,11,All (PS),area,26767.817447997517
1814,TG2009A20501,Togo,TG,Maritime,Zio,Zio,Maize,Main,2000,5,2000,11,All (PS),area,26457.022663769018
1815,TG2009A20501,Togo,TG,Maritime,Zio,Zio,Maize,Main,2001,5,2001,11,All (PS),area,27297.789506364483
1816,TG2009A20501,Togo,TG,Maritime,Zio,Zio,Maize,Main,2002,5,2002,11,All (PS),area,25998.23036324123
1817,TG2009A20501,Togo,TG,Maritime,Zio,Zio,Maize,Main,2003,5,2003,11,All (PS),area,29564.970506054022
1818,TG2009A20501,Togo,TG,Maritime,Zio,Zio,Maize,Main,2004,5,2004,11,All (PS),area,22730.304253337472
1819,TG2009A20501,Togo,TG,Maritime,Zio,Zio,Maize,Main,2005,5,2005,11,All (PS),area,25113.064265755977
1820,TG2009A20501,Togo,TG,Maritime,Zio,Zio,Maize,Main,2006,5,2006,11,All (PS),area,22984.719031356723
1821,TG2009A20501,Togo,TG,Maritime,Zio,Zio,Maize,Main,2007,5,2007,11,All (PS),area,25227.23377832971
1822,TG2009A20501,Togo,TG,Maritime,Zio,Zio,Maize,Main,2008,5,2008,11,All (PS),area,24394.219186588016
1823,TG2009A20501,Togo,TG,Maritime,Zio,Zio,Maize,Main,2009,5,2009,11,All (PS),area,35825.0
1824,TG2009A20501,Togo,TG,Maritime,Zio,Zio,Maize,Main,2010,5,2010,11,All (PS),area,33572.0
1825,TG2009A20501,Togo,TG,Maritime,Zio,Zio,Maize,Main,2011,5,2011,11,All (PS),area,36107.0
1826,TG2009A20501,Togo,TG,Maritime,Zio,Zio,Maize,Main,2012,5,2012,11,All (PS),area,35600.0
1827,TG2009A20501,Togo,TG,Maritime,Zio,Zio,Maize,Main,2013,5,2013,11,All (PS),area,71007.0
1828,TG2009A20501,Togo,TG,Maritime,Zio,Zio,Maize,Main,2014,5,2014,11,All (PS),area,60940.0
1829,TG2009A20501,Togo,TG,Maritime,Zio,Zio,Maize,Main,2015,5,2015,11,All (PS),area,38175.0
1830,TG2009A20501,Togo,TG,Maritime,Zio,Zio,Millet,Main,2014,5,2014,11,All (PS),area,14.0
1831,TG2009A20501,Togo,TG,Maritime,Zio,Zio,Cotton,Main,2005,5,2005,11,All (PS),area,8720.57746041602
1832,TG2009A20501,Togo,TG,Maritime,Zio,Zio,Cotton,Main,2006,5,2006,11,All (PS),area,3372.933871468488
1833,TG2009A20501,Togo,TG,Maritime,Zio,Zio,Cotton,Main,2007,5,2007,11,All (PS),area,2498.33902514747
1834,TG2009A20501,Togo,TG,Maritime,Zio,Zio,Cotton,Main,2008,5,2008,11,All (PS),area,6300.465693883887
1835,TG2009A20501,Togo,TG,Maritime,Zio,Zio,Cotton,Main,2009,5,2009,11,All (PS),area,7578.0
1836,TG2009A20501,Togo,TG,Maritime,Zio,Zio,Cotton,Main,2010,5,2010,11,All (PS),area,5704.0
1837,TG2009A20501,Togo,TG,Maritime,Zio,Zio,Cotton,Main,2012,5,2012,11,All (PS),area,9202.0
1838,TG2009A20501,Togo,TG,Maritime,Zio,Zio,Cotton,Main,2013,5,2013,11,All (PS),area,6944.0
1839,TG2009A20501,Togo,TG,Maritime,Zio,Zio,Cotton,Main,2014,5,2014,11,All (PS),area,9568.0
1840,TG2009A20501,Togo,TG,Maritime,Zio,Zio,Cotton,Main,2015,5,2015,11,All (PS),area,66238.0
1841,TG2009A20501,Togo,TG,Maritime,Zio,Zio,Rice,Annual,2005,5,2005,11,All (PS),area,1172.7041291524372
1842,TG2009A20501,Togo,TG,Maritime,Zio,Zio,Rice,Annual,2006,5,2006,11,All (PS),area,216.35827382800375
1843,TG2009A20501,Togo,TG,Maritime,Zio,Zio,Rice,Annual,2007,5,2007,11,All (PS),area,348.85128841974546
1844,TG2009A20501,Togo,TG,Maritime,Zio,Zio,Rice,Annual,2008,5,2008,11,All (PS),area,453.8590499844769
1845,TG2009A20501,Togo,TG,Maritime,Zio,Zio,Rice,Annual,2009,5,2009,11,All (PS),area,710.0
1846,TG2009A20501,Togo,TG,Maritime,Zio,Zio,Rice,Annual,2010,5,2010,11,All (PS),area,684.0
1847,TG2009A20501,Togo,TG,Maritime,Zio,Zio,Rice,Annual,2011,5,2011,11,All (PS),area,584.0
1848,TG2009A20501,Togo,TG,Maritime,Zio,Zio,Rice,Annual,2012,5,2012,11,All (PS),area,508.0
1849,TG2009A20501,Togo,TG,Maritime,Zio,Zio,Rice,Annual,2013,5,2013,11,All (PS),area,3884.0
1850,TG2009A20501,Togo,TG,Maritime,Zio,Zio,Rice,Annual,2014,5,2014,11,All (PS),area,4262.0
1851,TG2009A20501,Togo,TG,Maritime,Zio,Zio,Rice,Annual,2015,5,2015,11,All (PS),area,4160.0
1852,TG2009A20501,Togo,TG,Maritime,Zio,Zio,Cassava,Main,2005,5,2005,11,All (PS),area,9500.735796336541
1853,TG2009A20501,Togo,TG,Maritime,Zio,Zio,Cassava,Main,2006,5,2006,11,All (PS),area,7578.177584601056
1854,TG2009A20501,Togo,TG,Maritime,Zio,Zio,Cassava,Main,2007,5,2007,11,All (PS),area,10882.750698540825
1855,TG2009A20501,Togo,TG,Maritime,Zio,Zio,Cassava,Main,2008,5,2008,11,All (PS),area,9165.274759391494
1856,TG2009A20501,Togo,TG,Maritime,Zio,Zio,Cassava,Main,2009,5,2009,11,All (PS),area,13262.0
1857,TG2009A20501,Togo,TG,Maritime,Zio,Zio,Cassava,Main,2010,5,2010,11,All (PS),area,13421.0
1858,TG2009A20501,Togo,TG,Maritime,Zio,Zio,Cassava,Main,2011,5,2011,11,All (PS),area,13221.0
1859,TG2009A20501,Togo,TG,Maritime,Zio,Zio,Cassava,Main,2012,5,2012,11,All (PS),area,13221.0
1860,TG2009A20501,Togo,TG,Maritime,Zio,Zio,Cassava,Main,2013,5,2013,11,All (PS),area,50985.0
1861,TG2009A20501,Togo,TG,Maritime,Zio,Zio,Cassava,Main,2014,5,2014,11,All (PS),area,47456.0
1862,TG2009A20501,Togo,TG,Maritime,Zio,Zio,Cassava,Main,2015,5,2015,11,All (PS),area,45561.0
1863,TG2009A20501,Togo,TG,Maritime,Zio,Zio,Soybean,Main,2015,5,2015,11,All (PS),area,312.0
1864,TG2009A20501,Togo,TG,Maritime,Zio,Zio,Yams,Main,2005,5,2005,11,All (PS),area,1174.1136293076684
1865,TG2009A20501,Togo,TG,Maritime,Zio,Zio,Yams,Main,2006,5,2006,11,All (PS),area,442.58304874262654
1866,TG2009A20501,Togo,TG,Maritime,Zio,Zio,Yams,Main,2007,5,2007,11,All (PS),area,1111.390872399876
1867,TG2009A20501,Togo,TG,Maritime,Zio,Zio,Yams,Main,2008,5,2008,11,All (PS),area,343.9180378764359
1868,TG2009A20501,Togo,TG,Maritime,Zio,Zio,Yams,Main,2009,5,2009,11,All (PS),area,444.0
1869,TG2009A20501,Togo,TG,Maritime,Zio,Zio,Yams,Main,2010,5,2010,11,All (PS),area,948.0
1870,TG2009A20501,Togo,TG,Maritime,Zio,Zio,Yams,Main,2011,5,2011,11,All (PS),area,948.0
1871,TG2009A20501,Togo,TG,Maritime,Zio,Zio,Yams,Main,2012,5,2012,11,All (PS),area,1237.0
1872,TG2009A20501,Togo,TG,Maritime,Zio,Zio,Yams,Main,2013,5,2013,11,All (PS),area,2330.0
1873,TG2009A20501,Togo,TG,Maritime,Zio,Zio,Yams,Main,2014,5,2014,11,All (PS),area,2565.0
1874,TG2009A20501,Togo,TG,Maritime,Zio,Zio,Yams,Main,2015,5,2015,11,All (PS),area,3215.0
1875,TG2009A20501,Togo,TG,Maritime,Zio,Zio,Beans (mixed),Main,2005,5,2005,11,All (PS),area,200.8537721204595
1876,TG2009A20501,Togo,TG,Maritime,Zio,Zio,Beans (mixed),Main,2006,5,2006,11,All (PS),area,651.1890717168582
1877,TG2009A20501,Togo,TG,Maritime,Zio,Zio,Beans (mixed),Main,2007,5,2007,11,All (PS),area,485.572803477181
1878,TG2009A20501,Togo,TG,Maritime,Zio,Zio,Beans (mixed),Main,2008,5,2008,11,All (PS),area,396.77429369760944
1879,TG2009A20501,Togo,TG,Maritime,Zio,Zio,Beans (mixed),Main,2009,5,2009,11,All (PS),area,1117.0
1880,TG2009A20501,Togo,TG,Maritime,Zio,Zio,Beans (mixed),Main,2010,5,2010,11,All (PS),area,889.0
1881,TG2009A20501,Togo,TG,Maritime,Zio,Zio,Beans (mixed),Main,2011,5,2011,11,All (PS),area,893.0
1882,TG2009A20501,Togo,TG,Maritime,Zio,Zio,Beans (mixed),Main,2012,5,2012,11,All (PS),area,637.0
1883,TG2009A20501,Togo,TG,Maritime,Zio,Zio,Beans (mixed),Main,2013,5,2013,11,All (PS),area,906.0
1884,TG2009A20501,Togo,TG,Maritime,Zio,Zio,Beans (mixed),Main,2014,5,2014,11,All (PS),area,5414.0
1885,TG2009A20501,Togo,TG,Maritime,Zio,Zio,Beans (mixed),Main,2015,5,2015,11,All (PS),area,952.0
1886,TG2009A20501,Togo,TG,Maritime,Zio,Zio,Groundnuts (In Shell),Main,2005,5,2005,11,All (PS),area,744.9208320397393
1887,TG2009A20501,Togo,TG,Maritime,Zio,Zio,Groundnuts (In Shell),Main,2006,5,2006,11,All (PS),area,571.55231294629
1888,TG2009A20501,Togo,TG,Maritime,Zio,Zio,Groundnuts (In Shell),Main,2007,5,2007,11,All (PS),area,578.5998137224465
1889,TG2009A20501,Togo,TG,Maritime,Zio,Zio,Groundnuts (In Shell),Main,2008,5,2008,11,All (PS),area,619.475318224154
1890,TG2009A20501,Togo,TG,Maritime,Zio,Zio,Groundnuts (In Shell),Main,2009,5,2009,11,All (PS),area,1184.0
1891,TG2009A20501,Togo,TG,Maritime,Zio,Zio,Groundnuts (In Shell),Main,2010,5,2010,11,All (PS),area,1094.0
1892,TG2009A20501,Togo,TG,Maritime,Zio,Zio,Groundnuts (In Shell),Main,2011,5,2011,11,All (PS),area,1041.0
1893,TG2009A20501,Togo,TG,Maritime,Zio,Zio,Groundnuts (In Shell),Main,2012,5,2012,11,All (PS),area,744.0
1894,TG2009A20501,Togo,TG,Maritime,Zio,Zio,Groundnuts (In Shell),Main,2013,5,2013,11,All (PS),area,1182.0
1895,TG2009A20501,Togo,TG,Maritime,Zio,Zio,Groundnuts (In Shell),Main,2014,5,2014,11,All (PS),area,864.0
1896,TG2009A20501,Togo,TG,Maritime,Zio,Zio,Groundnuts (In Shell),Main,2015,5,2015,11,All (PS),area,1139.0
1897,TG2009A20502,Togo,TG,Maritime,Lacs,Lacs,Maize,Main,1995,5,1995,11,All (PS),area,15455.66037735849
1898,TG2009A20502,Togo,TG,Maritime,Lacs,Lacs,Maize,Main,1996,5,1996,11,All (PS),area,16023.08679245283
1899,TG2009A20502,Togo,TG,Maritime,Lacs,Lacs,Maize,Main,1997,5,1997,11,All (PS),area,5394.384905660378
1900,TG2009A20502,Togo,TG,Maritime,Lacs,Lacs,Maize,Main,1998,5,1998,11,All (PS),area,2027.2075471698113
1901,TG2009A20502,Togo,TG,Maritime,Lacs,Lacs,Maize,Main,1999,5,1999,11,All (PS),area,6122.358490566038
1902,TG2009A20502,Togo,TG,Maritime,Lacs,Lacs,Maize,Main,2000,5,2000,11,All (PS),area,6884.837735849057
1903,TG2009A20502,Togo,TG,Maritime,Lacs,Lacs,Maize,Main,2001,5,2001,11,All (PS),area,7168.550943396226
1904,TG2009A20502,Togo,TG,Maritime,Lacs,Lacs,Maize,Main,2002,5,2002,11,All (PS),area,8462.033962264151
1905,TG2009A20502,Togo,TG,Maritime,Lacs,Lacs,Maize,Main,2003,5,2003,11,All (PS),area,8141.898113207547
1906,TG2009A20502,Togo,TG,Maritime,Lacs,Lacs,Maize,Main,2004,5,2004,11,All (PS),area,8010.105660377359
1907,TG2009A20502,Togo,TG,Maritime,Lacs,Lacs,Maize,Main,2005,5,2005,11,All (PS),area,7713.932075471698
1908,TG2009A20502,Togo,TG,Maritime,Lacs,Lacs,Maize,Main,2006,5,2006,11,All (PS),area,8708.366037735848
1909,TG2009A20502,Togo,TG,Maritime,Lacs,Lacs,Maize,Main,2007,5,2007,11,All (PS),area,6756.879245283019
1910,TG2009A20502,Togo,TG,Maritime,Lacs,Lacs,Maize,Main,2008,5,2008,11,All (PS),area,7025.256603773585
1911,TG2009A20502,Togo,TG,Maritime,Lacs,Lacs,Maize,Main,2009,5,2009,11,All (PS),area,15745.0
1912,TG2009A20502,Togo,TG,Maritime,Lacs,Lacs,Maize,Main,2010,5,2010,11,All (PS),area,19161.0
1913,TG2009A20502,Togo,TG,Maritime,Lacs,Lacs,Maize,Main,2011,5,2011,11,All (PS),area,18328.0
1914,TG2009A20502,Togo,TG,Maritime,Lacs,Lacs,Maize,Main,2012,5,2012,11,All (PS),area,17646.0
1915,TG2009A20502,Togo,TG,Maritime,Lacs,Lacs,Maize,Main,2013,5,2013,11,All (PS),area,43679.0
1916,TG2009A20502,Togo,TG,Maritime,Lacs,Lacs,Maize,Main,2014,5,2014,11,All (PS),area,7996.0
1917,TG2009A20502,Togo,TG,Maritime,Lacs,Lacs,Maize,Main,2015,5,2015,11,All (PS),area,23483.0
1918,TG2009A20502,Togo,TG,Maritime,Lacs,Lacs,Cotton,Main,2005,5,2005,11,All (PS),area,4.313207547169811
1919,TG2009A20502,Togo,TG,Maritime,Lacs,Lacs,Cotton,Main,2006,5,2006,11,All (PS),area,0.47924528301886793
1920,TG2009A20502,Togo,TG,Maritime,Lacs,Lacs,Cassava,Main,2005,5,2005,11,All (PS),area,3195.6075471698114
1921,TG2009A20502,Togo,TG,Maritime,Lacs,Lacs,Cassava,Main,2006,5,2006,11,All (PS),area,4427.74716981132
1922,TG2009A20502,Togo,TG,Maritime,Lacs,Lacs,Cassava,Main,2007,5,2007,11,All (PS),area,3653.28679245283
1923,TG2009A20502,Togo,TG,Maritime,Lacs,Lacs,Cassava,Main,2008,5,2008,11,All (PS),area,3480.758490566038
1924,TG2009A20502,Togo,TG,Maritime,Lacs,Lacs,Cassava,Main,2009,5,2009,11,All (PS),area,7372.0
1925,TG2009A20502,Togo,TG,Maritime,Lacs,Lacs,Cassava,Main,2010,5,2010,11,All (PS),area,5895.0
1926,TG2009A20502,Togo,TG,Maritime,Lacs,Lacs,Cassava,Main,2011,5,2011,11,All (PS),area,5595.0
1927,TG2009A20502,Togo,TG,Maritime,Lacs,Lacs,Cassava,Main,2012,5,2012,11,All (PS),area,6744.0
1928,TG2009A20502,Togo,TG,Maritime,Lacs,Lacs,Cassava,Main,2013,5,2013,11,All (PS),area,7389.0
1929,TG2009A20502,Togo,TG,Maritime,Lacs,Lacs,Cassava,Main,2014,5,2014,11,All (PS),area,6403.0
1930,TG2009A20502,Togo,TG,Maritime,Lacs,Lacs,Cassava,Main,2015,5,2015,11,All (PS),area,6603.0
1931,TG2009A20502,Togo,TG,Maritime,Lacs,Lacs,Soybean,Main,2015,5,2015,11,All (PS),area,40.0
1932,TG2009A20502,Togo,TG,Maritime,Lacs,Lacs,Yams,Main,2007,5,2007,11,All (PS),area,34.50566037735849
1933,TG2009A20502,Togo,TG,Maritime,Lacs,Lacs,Yams,Main,2008,5,2008,11,All (PS),area,34.50566037735849
1934,TG2009A20502,Togo,TG,Maritime,Lacs,Lacs,Yams,Main,2009,5,2009,11,All (PS),area,72.0
1935,TG2009A20502,Togo,TG,Maritime,Lacs,Lacs,Beans (mixed),Main,2005,5,2005,11,All (PS),area,2068.422641509434
1936,TG2009A20502,Togo,TG,Maritime,Lacs,Lacs,Beans (mixed),Main,2006,5,2006,11,All (PS),area,2383.28679245283
1937,TG2009A20502,Togo,TG,Maritime,Lacs,Lacs,Beans (mixed),Main,2007,5,2007,11,All (PS),area,1601.6377358490565
1938,TG2009A20502,Togo,TG,Maritime,Lacs,Lacs,Beans (mixed),Main,2008,5,2008,11,All (PS),area,2042.0641509433963
1939,TG2009A20502,Togo,TG,Maritime,Lacs,Lacs,Beans (mixed),Main,2009,5,2009,11,All (PS),area,5007.0
1940,TG2009A20502,Togo,TG,Maritime,Lacs,Lacs,Beans (mixed),Main,2010,5,2010,11,All (PS),area,3273.0
1941,TG2009A20502,Togo,TG,Maritime,Lacs,Lacs,Beans (mixed),Main,2011,5,2011,11,All (PS),area,3197.0
1942,TG2009A20502,Togo,TG,Maritime,Lacs,Lacs,Beans (mixed),Main,2012,5,2012,11,All (PS),area,2450.0
1943,TG2009A20502,Togo,TG,Maritime,Lacs,Lacs,Beans (mixed),Main,2013,5,2013,11,All (PS),area,24929.0
1944,TG2009A20502,Togo,TG,Maritime,Lacs,Lacs,Beans (mixed),Main,2014,5,2014,11,All (PS),area,12092.0
1945,TG2009A20502,Togo,TG,Maritime,Lacs,Lacs,Beans (mixed),Main,2015,5,2015,11,All (PS),area,26199.0
1946,TG2009A20502,Togo,TG,Maritime,Lacs,Lacs,Groundnuts (In Shell),Main,2005,5,2005,11,All (PS),area,324.4490566037736
1947,TG2009A20502,Togo,TG,Maritime,Lacs,Lacs,Groundnuts (In Shell),Main,2006,5,2006,11,All (PS),area,546.8188679245283
1948,TG2009A20502,Togo,TG,Maritime,Lacs,Lacs,Groundnuts (In Shell),Main,2007,5,2007,11,All (PS),area,344.57735849056604
1949,TG2009A20502,Togo,TG,Maritime,Lacs,Lacs,Groundnuts (In Shell),Main,2008,5,2008,11,All (PS),area,679.0905660377358
1950,TG2009A20502,Togo,TG,Maritime,Lacs,Lacs,Groundnuts (In Shell),Main,2009,5,2009,11,All (PS),area,1344.0
1951,TG2009A20502,Togo,TG,Maritime,Lacs,Lacs,Groundnuts (In Shell),Main,2010,5,2010,11,All (PS),area,824.0
1952,TG2009A20502,Togo,TG,Maritime,Lacs,Lacs,Groundnuts (In Shell),Main,2011,5,2011,11,All (PS),area,809.0
1953,TG2009A20502,Togo,TG,Maritime,Lacs,Lacs,Groundnuts (In Shell),Main,2012,5,2012,11,All (PS),area,654.0
1954,TG2009A20502,Togo,TG,Maritime,Lacs,Lacs,Groundnuts (In Shell),Main,2013,5,2013,11,All (PS),area,119.0
1955,TG2009A20502,Togo,TG,Maritime,Lacs,Lacs,Groundnuts (In Shell),Main,2014,5,2014,11,All (PS),area,169.0
1956,TG2009A20502,Togo,TG,Maritime,Lacs,Lacs,Groundnuts (In Shell),Main,2015,5,2015,11,All (PS),area,114.0
1957,TG2009A20504,Togo,TG,Maritime,Vo,Vo,Sorghum,Main,2015,5,2015,11,All (PS),area,1957.0
1958,TG2009A20504,Togo,TG,Maritime,Vo,Vo,Maize,Main,1995,5,1995,11,All (PS),area,32031.0
1959,TG2009A20504,Togo,TG,Maritime,Vo,Vo,Maize,Main,1996,5,1996,11,All (PS),area,41834.0
1960,TG2009A20504,Togo,TG,Maritime,Vo,Vo,Maize,Main,1997,5,1997,11,All (PS),area,29321.0
1961,TG2009A20504,Togo,TG,Maritime,Vo,Vo,Maize,Main,1998,5,1998,11,All (PS),area,23018.0
1962,TG2009A20504,Togo,TG,Maritime,Vo,Vo,Maize,Main,1999,5,1999,11,All (PS),area,30026.0
1963,TG2009A20504,Togo,TG,Maritime,Vo,Vo,Maize,Main,2000,5,2000,11,All (PS),area,21910.0
1964,TG2009A20504,Togo,TG,Maritime,Vo,Vo,Maize,Main,2001,5,2001,11,All (PS),area,26384.0
1965,TG2009A20504,Togo,TG,Maritime,Vo,Vo,Maize,Main,2002,5,2002,11,All (PS),area,28171.0
1966,TG2009A20504,Togo,TG,Maritime,Vo,Vo,Maize,Main,2003,5,2003,11,All (PS),area,26110.0
1967,TG2009A20504,Togo,TG,Maritime,Vo,Vo,Maize,Main,2004,5,2004,11,All (PS),area,26968.0
1968,TG2009A20504,Togo,TG,Maritime,Vo,Vo,Maize,Main,2005,5,2005,11,All (PS),area,24383.0
1969,TG2009A20504,Togo,TG,Maritime,Vo,Vo,Maize,Main,2006,5,2006,11,All (PS),area,24892.0
1970,TG2009A20504,Togo,TG,Maritime,Vo,Vo,Maize,Main,2007,5,2007,11,All (PS),area,14886.0
1971,TG2009A20504,Togo,TG,Maritime,Vo,Vo,Maize,Main,2008,5,2008,11,All (PS),area,25719.0
1972,TG2009A20504,Togo,TG,Maritime,Vo,Vo,Maize,Main,2009,5,2009,11,All (PS),area,26395.0
1973,TG2009A20504,Togo,TG,Maritime,Vo,Vo,Maize,Main,2010,5,2010,11,All (PS),area,37632.0
1974,TG2009A20504,Togo,TG,Maritime,Vo,Vo,Maize,Main,2011,5,2011,11,All (PS),area,38518.0
1975,TG2009A20504,Togo,TG,Maritime,Vo,Vo,Maize,Main,2012,5,2012,11,All (PS),area,37194.0
1976,TG2009A20504,Togo,TG,Maritime,Vo,Vo,Maize,Main,2013,5,2013,11,All (PS),area,41047.0
1977,TG2009A20504,Togo,TG,Maritime,Vo,Vo,Maize,Main,2014,5,2014,11,All (PS),area,49222.0
1978,TG2009A20504,Togo,TG,Maritime,Vo,Vo,Maize,Main,2015,5,2015,11,All (PS),area,22068.0
1979,TG2009A20504,Togo,TG,Maritime,Vo,Vo,Cotton,Main,2005,5,2005,11,All (PS),area,21.0
1980,TG2009A20504,Togo,TG,Maritime,Vo,Vo,Cotton,Main,2006,5,2006,11,All (PS),area,5.0
1981,TG2009A20504,Togo,TG,Maritime,Vo,Vo,Cassava,Main,2005,5,2005,11,All (PS),area,10168.0
1982,TG2009A20504,Togo,TG,Maritime,Vo,Vo,Cassava,Main,2006,5,2006,11,All (PS),area,10658.0
1983,TG2009A20504,Togo,TG,Maritime,Vo,Vo,Cassava,Main,2007,5,2007,11,All (PS),area,9747.0
1984,TG2009A20504,Togo,TG,Maritime,Vo,Vo,Cassava,Main,2008,5,2008,11,All (PS),area,10171.0
1985,TG2009A20504,Togo,TG,Maritime,Vo,Vo,Cassava,Main,2009,5,2009,11,All (PS),area,10459.0
1986,TG2009A20504,Togo,TG,Maritime,Vo,Vo,Cassava,Main,2010,5,2010,11,All (PS),area,11563.0
1987,TG2009A20504,Togo,TG,Maritime,Vo,Vo,Cassava,Main,2011,5,2011,11,All (PS),area,11384.0
1988,TG2009A20504,Togo,TG,Maritime,Vo,Vo,Cassava,Main,2012,5,2012,11,All (PS),area,11119.0
1989,TG2009A20504,Togo,TG,Maritime,Vo,Vo,Cassava,Main,2013,5,2013,11,All (PS),area,30377.0
1990,TG2009A20504,Togo,TG,Maritime,Vo,Vo,Cassava,Main,2014,5,2014,11,All (PS),area,36779.0
1991,TG2009A20504,Togo,TG,Maritime,Vo,Vo,Cassava,Main,2015,5,2015,11,All (PS),area,27146.0
1992,TG2009A20504,Togo,TG,Maritime,Vo,Vo,Soybean,Main,2015,5,2015,11,All (PS),area,49.0
1993,TG2009A20504,Togo,TG,Maritime,Vo,Vo,Yams,Main,2005,5,2005,11,All (PS),area,272.0
1994,TG2009A20504,Togo,TG,Maritime,Vo,Vo,Beans (mixed),Main,2005,5,2005,11,All (PS),area,5163.0
1995,TG2009A20504,Togo,TG,Maritime,Vo,Vo,Beans (mixed),Main,2006,5,2006,11,All (PS),area,8081.0
1996,TG2009A20504,Togo,TG,Maritime,Vo,Vo,Beans (mixed),Main,2007,5,2007,11,All (PS),area,6957.0
1997,TG2009A20504,Togo,TG,Maritime,Vo,Vo,Beans (mixed),Main,2008,5,2008,11,All (PS),area,7919.0
1998,TG2009A20504,Togo,TG,Maritime,Vo,Vo,Beans (mixed),Main,2009,5,2009,11,All (PS),area,7840.0
1999,TG2009A20504,Togo,TG,Maritime,Vo,Vo,Beans (mixed),Main,2010,5,2010,11,All (PS),area,10841.0
2000,TG2009A20504,Togo,TG,Maritime,Vo,Vo,Beans (mixed),Main,2011,5,2011,11,All (PS),area,10993.0
2001,TG2009A20504,Togo,TG,Maritime,Vo,Vo,Beans (mixed),Main,2012,5,2012,11,All (PS),area,11468.0
2002,TG2009A20504,Togo,TG,Maritime,Vo,Vo,Beans (mixed),Main,2013,5,2013,11,All (PS),area,6714.0
2003,TG2009A20504,Togo,TG,Maritime,Vo,Vo,Beans (mixed),Main,2014,5,2014,11,All (PS),area,9567.0
2004,TG2009A20504,Togo,TG,Maritime,Vo,Vo,Beans (mixed),Main,2015,5,2015,11,All (PS),area,7056.0
2005,TG2009A20504,Togo,TG,Maritime,Vo,Vo,Groundnuts (In Shell),Main,2005,5,2005,11,All (PS),area,951.0
2006,TG2009A20504,Togo,TG,Maritime,Vo,Vo,Groundnuts (In Shell),Main,2006,5,2006,11,All (PS),area,937.0
2007,TG2009A20504,Togo,TG,Maritime,Vo,Vo,Groundnuts (In Shell),Main,2007,5,2007,11,All (PS),area,849.0
2008,TG2009A20504,Togo,TG,Maritime,Vo,Vo,Groundnuts (In Shell),Main,2008,5,2008,11,All (PS),area,804.0
2009,TG2009A20504,Togo,TG,Maritime,Vo,Vo,Groundnuts (In Shell),Main,2009,5,2009,11,All (PS),area,869.0
2010,TG2009A20504,Togo,TG,Maritime,Vo,Vo,Groundnuts (In Shell),Main,2010,5,2010,11,All (PS),area,1096.0
2011,TG2009A20504,Togo,TG,Maritime,Vo,Vo,Groundnuts (In Shell),Main,2011,5,2011,11,All (PS),area,1100.0
2012,TG2009A20504,Togo,TG,Maritime,Vo,Vo,Groundnuts (In Shell),Main,2012,5,2012,11,All (PS),area,1052.0
2013,TG2009A20504,Togo,TG,Maritime,Vo,Vo,Groundnuts (In Shell),Main,2013,5,2013,11,All (PS),area,263.0
2014,TG2009A20504,Togo,TG,Maritime,Vo,Vo,Groundnuts (In Shell),Main,2014,5,2014,11,All (PS),area,254.0
2015,TG2009A20504,Togo,TG,Maritime,Vo,Vo,Groundnuts (In Shell),Main,2015,5,2015,11,All (PS),area,253.0
2016,TG2009A20505,Togo,TG,Maritime,Yoto,Yoto,Sorghum,Main,1997,5,1997,11,All (PS),area,50.0
2017,TG2009A20505,Togo,TG,Maritime,Yoto,Yoto,Sorghum,Main,1999,5,1999,11,All (PS),area,284.0
2018,TG2009A20505,Togo,TG,Maritime,Yoto,Yoto,Sorghum,Main,2002,5,2002,11,All (PS),area,52.0
2019,TG2009A20505,Togo,TG,Maritime,Yoto,Yoto,Sorghum,Main,2003,5,2003,11,All (PS),area,740.0
2020,TG2009A20505,Togo,TG,Maritime,Yoto,Yoto,Sorghum,Main,2004,5,2004,11,All (PS),area,69.0
2021,TG2009A20505,Togo,TG,Maritime,Yoto,Yoto,Sorghum,Main,2005,5,2005,11,All (PS),area,108.0
2022,TG2009A20505,Togo,TG,Maritime,Yoto,Yoto,Sorghum,Main,2007,5,2007,11,All (PS),area,569.0
2023,TG2009A20505,Togo,TG,Maritime,Yoto,Yoto,Sorghum,Main,2008,5,2008,11,All (PS),area,896.0
2024,TG2009A20505,Togo,TG,Maritime,Yoto,Yoto,Sorghum,Main,2009,5,2009,11,All (PS),area,1192.0
2025,TG2009A20505,Togo,TG,Maritime,Yoto,Yoto,Sorghum,Main,2010,5,2010,11,All (PS),area,1182.0
2026,TG2009A20505,Togo,TG,Maritime,Yoto,Yoto,Sorghum,Main,2011,5,2011,11,All (PS),area,1162.0
2027,TG2009A20505,Togo,TG,Maritime,Yoto,Yoto,Sorghum,Main,2012,5,2012,11,All (PS),area,1044.0
2028,TG2009A20505,Togo,TG,Maritime,Yoto,Yoto,Sorghum,Main,2015,5,2015,11,All (PS),area,1231.0
2029,TG2009A20505,Togo,TG,Maritime,Yoto,Yoto,Maize,Main,1995,5,1995,11,All (PS),area,52044.0
2030,TG2009A20505,Togo,TG,Maritime,Yoto,Yoto,Maize,Main,1996,5,1996,11,All (PS),area,25783.0
2031,TG2009A20505,Togo,TG,Maritime,Yoto,Yoto,Maize,Main,1997,5,1997,11,All (PS),area,2596.0
2032,TG2009A20505,Togo,TG,Maritime,Yoto,Yoto,Maize,Main,1998,5,1998,11,All (PS),area,33325.0
2033,TG2009A20505,Togo,TG,Maritime,Yoto,Yoto,Maize,Main,1999,5,1999,11,All (PS),area,33661.0
2034,TG2009A20505,Togo,TG,Maritime,Yoto,Yoto,Maize,Main,2000,5,2000,11,All (PS),area,35510.0
2035,TG2009A20505,Togo,TG,Maritime,Yoto,Yoto,Maize,Main,2001,5,2001,11,All (PS),area,34135.0
2036,TG2009A20505,Togo,TG,Maritime,Yoto,Yoto,Maize,Main,2002,5,2002,11,All (PS),area,39865.0
2037,TG2009A20505,Togo,TG,Maritime,Yoto,Yoto,Maize,Main,2003,5,2003,11,All (PS),area,29949.0
2038,TG2009A20505,Togo,TG,Maritime,Yoto,Yoto,Maize,Main,2004,5,2004,11,All (PS),area,27855.0
2039,TG2009A20505,Togo,TG,Maritime,Yoto,Yoto,Maize,Main,2005,5,2005,11,All (PS),area,30447.0
2040,TG2009A20505,Togo,TG,Maritime,Yoto,Yoto,Maize,Main,2006,5,2006,11,All (PS),area,25048.0
2041,TG2009A20505,Togo,TG,Maritime,Yoto,Yoto,Maize,Main,2007,5,2007,11,All (PS),area,27416.0
2042,TG2009A20505,Togo,TG,Maritime,Yoto,Yoto,Maize,Main,2008,5,2008,11,All (PS),area,25529.0
2043,TG2009A20505,Togo,TG,Maritime,Yoto,Yoto,Maize,Main,2009,5,2009,11,All (PS),area,24407.0
2044,TG2009A20505,Togo,TG,Maritime,Yoto,Yoto,Maize,Main,2010,5,2010,11,All (PS),area,21907.0
2045,TG2009A20505,Togo,TG,Maritime,Yoto,Yoto,Maize,Main,2011,5,2011,11,All (PS),area,23887.0
2046,TG2009A20505,Togo,TG,Maritime,Yoto,Yoto,Maize,Main,2012,5,2012,11,All (PS),area,23400.0
2047,TG2009A20505,Togo,TG,Maritime,Yoto,Yoto,Maize,Main,2013,5,2013,11,All (PS),area,40542.0
2048,TG2009A20505,Togo,TG,Maritime,Yoto,Yoto,Maize,Main,2014,5,2014,11,All (PS),area,9567.0
2049,TG2009A20505,Togo,TG,Maritime,Yoto,Yoto,Maize,Main,2015,5,2015,11,All (PS),area,21796.0
2050,TG2009A20505,Togo,TG,Maritime,Yoto,Yoto,Millet,Main,2005,5,2005,11,All (PS),area,60.0
2051,TG2009A20505,Togo,TG,Maritime,Yoto,Yoto,Cotton,Main,2005,5,2005,11,All (PS),area,8409.0
2052,TG2009A20505,Togo,TG,Maritime,Yoto,Yoto,Cotton,Main,2006,5,2006,11,All (PS),area,2070.0
2053,TG2009A20505,Togo,TG,Maritime,Yoto,Yoto,Cotton,Main,2007,5,2007,11,All (PS),area,886.0
2054,TG2009A20505,Togo,TG,Maritime,Yoto,Yoto,Cotton,Main,2008,5,2008,11,All (PS),area,2504.0
2055,TG2009A20505,Togo,TG,Maritime,Yoto,Yoto,Cotton,Main,2009,5,2009,11,All (PS),area,819.0
2056,TG2009A20505,Togo,TG,Maritime,Yoto,Yoto,Cotton,Main,2010,5,2010,11,All (PS),area,276.0
2057,TG2009A20505,Togo,TG,Maritime,Yoto,Yoto,Cotton,Main,2011,5,2011,11,All (PS),area,760.0
2058,TG2009A20505,Togo,TG,Maritime,Yoto,Yoto,Cotton,Main,2012,5,2012,11,All (PS),area,1011.0
2059,TG2009A20505,Togo,TG,Maritime,Yoto,Yoto,Cotton,Main,2013,5,2013,11,All (PS),area,995.0
2060,TG2009A20505,Togo,TG,Maritime,Yoto,Yoto,Cotton,Main,2014,5,2014,11,All (PS),area,1446.0
2061,TG2009A20505,Togo,TG,Maritime,Yoto,Yoto,Cotton,Main,2015,5,2015,11,All (PS),area,1152.0
2062,TG2009A20505,Togo,TG,Maritime,Yoto,Yoto,Rice,Annual,2013,5,2013,11,All (PS),area,955.0
2063,TG2009A20505,Togo,TG,Maritime,Yoto,Yoto,Rice,Annual,2014,5,2014,11,All (PS),area,1070.0
2064,TG2009A20505,Togo,TG,Maritime,Yoto,Yoto,Rice,Annual,2015,5,2015,11,All (PS),area,1023.0
2065,TG2009A20505,Togo,TG,Maritime,Yoto,Yoto,Cassava,Main,2005,5,2005,11,All (PS),area,17245.0
2066,TG2009A20505,Togo,TG,Maritime,Yoto,Yoto,Cassava,Main,2006,5,2006,11,All (PS),area,12664.0
2067,TG2009A20505,Togo,TG,Maritime,Yoto,Yoto,Cassava,Main,2007,5,2007,11,All (PS),area,13828.0
2068,TG2009A20505,Togo,TG,Maritime,Yoto,Yoto,Cassava,Main,2008,5,2008,11,All (PS),area,10760.0
2069,TG2009A20505,Togo,TG,Maritime,Yoto,Yoto,Cassava,Main,2009,5,2009,11,All (PS),area,9988.0
2070,TG2009A20505,Togo,TG,Maritime,Yoto,Yoto,Cassava,Main,2010,5,2010,11,All (PS),area,11144.0
2071,TG2009A20505,Togo,TG,Maritime,Yoto,Yoto,Cassava,Main,2011,5,2011,11,All (PS),area,12104.0
2072,TG2009A20505,Togo,TG,Maritime,Yoto,Yoto,Cassava,Main,2012,5,2012,11,All (PS),area,12204.0
2073,TG2009A20505,Togo,TG,Maritime,Yoto,Yoto,Cassava,Main,2013,5,2013,11,All (PS),area,37947.0
2074,TG2009A20505,Togo,TG,Maritime,Yoto,Yoto,Cassava,Main,2014,5,2014,11,All (PS),area,27467.0
2075,TG2009A20505,Togo,TG,Maritime,Yoto,Yoto,Cassava,Main,2015,5,2015,11,All (PS),area,33911.0
2076,TG2009A20505,Togo,TG,Maritime,Yoto,Yoto,Soybean,Main,2015,5,2015,11,All (PS),area,179.0
2077,TG2009A20505,Togo,TG,Maritime,Yoto,Yoto,Yams,Main,2005,5,2005,11,All (PS),area,236.0
2078,TG2009A20505,Togo,TG,Maritime,Yoto,Yoto,Yams,Main,2006,5,2006,11,All (PS),area,722.0
2079,TG2009A20505,Togo,TG,Maritime,Yoto,Yoto,Yams,Main,2007,5,2007,11,All (PS),area,789.0
2080,TG2009A20505,Togo,TG,Maritime,Yoto,Yoto,Yams,Main,2008,5,2008,11,All (PS),area,369.0
2081,TG2009A20505,Togo,TG,Maritime,Yoto,Yoto,Yams,Main,2009,5,2009,11,All (PS),area,459.0
2082,TG2009A20505,Togo,TG,Maritime,Yoto,Yoto,Yams,Main,2010,5,2010,11,All (PS),area,457.0
2083,TG2009A20505,Togo,TG,Maritime,Yoto,Yoto,Yams,Main,2011,5,2011,11,All (PS),area,479.0
2084,TG2009A20505,Togo,TG,Maritime,Yoto,Yoto,Yams,Main,2012,5,2012,11,All (PS),area,347.0
2085,TG2009A20505,Togo,TG,Maritime,Yoto,Yoto,Yams,Main,2013,5,2013,11,All (PS),area,449.0
2086,TG2009A20505,Togo,TG,Maritime,Yoto,Yoto,Yams,Main,2014,5,2014,11,All (PS),area,433.0
2087,TG2009A20505,Togo,TG,Maritime,Yoto,Yoto,Yams,Main,2015,5,2015,11,All (PS),area,620.0
2088,TG2009A20505,Togo,TG,Maritime,Yoto,Yoto,Beans (mixed),Main,2005,5,2005,11,All (PS),area,644.0
2089,TG2009A20505,Togo,TG,Maritime,Yoto,Yoto,Beans (mixed),Main,2006,5,2006,11,All (PS),area,1619.0
2090,TG2009A20505,Togo,TG,Maritime,Yoto,Yoto,Beans (mixed),Main,2007,5,2007,11,All (PS),area,520.0
2091,TG2009A20505,Togo,TG,Maritime,Yoto,Yoto,Beans (mixed),Main,2008,5,2008,11,All (PS),area,832.0
2092,TG2009A20505,Togo,TG,Maritime,Yoto,Yoto,Beans (mixed),Main,2009,5,2009,11,All (PS),area,751.0
2093,TG2009A20505,Togo,TG,Maritime,Yoto,Yoto,Beans (mixed),Main,2010,5,2010,11,All (PS),area,834.0
2094,TG2009A20505,Togo,TG,Maritime,Yoto,Yoto,Beans (mixed),Main,2011,5,2011,11,All (PS),area,945.0
2095,TG2009A20505,Togo,TG,Maritime,Yoto,Yoto,Beans (mixed),Main,2012,5,2012,11,All (PS),area,221.0
2096,TG2009A20505,Togo,TG,Maritime,Yoto,Yoto,Beans (mixed),Main,2013,5,2013,11,All (PS),area,1801.0
2097,TG2009A20505,Togo,TG,Maritime,Yoto,Yoto,Beans (mixed),Main,2014,5,2014,11,All (PS),area,5683.0
2098,TG2009A20505,Togo,TG,Maritime,Yoto,Yoto,Beans (mixed),Main,2015,5,2015,11,All (PS),area,1893.0
2099,TG2009A20505,Togo,TG,Maritime,Yoto,Yoto,Groundnuts (In Shell),Main,2005,5,2005,11,All (PS),area,213.0
2100,TG2009A20505,Togo,TG,Maritime,Yoto,Yoto,Groundnuts (In Shell),Main,2006,5,2006,11,All (PS),area,625.0
2101,TG2009A20505,Togo,TG,Maritime,Yoto,Yoto,Groundnuts (In Shell),Main,2007,5,2007,11,All (PS),area,112.0
2102,TG2009A20505,Togo,TG,Maritime,Yoto,Yoto,Groundnuts (In Shell),Main,2008,5,2008,11,All (PS),area,112.0
2103,TG2009A20505,Togo,TG,Maritime,Yoto,Yoto,Groundnuts (In Shell),Main,2009,5,2009,11,All (PS),area,204.0
2104,TG2009A20505,Togo,TG,Maritime,Yoto,Yoto,Groundnuts (In Shell),Main,2010,5,2010,11,All (PS),area,150.0
2105,TG2009A20505,Togo,TG,Maritime,Yoto,Yoto,Groundnuts (In Shell),Main,2011,5,2011,11,All (PS),area,150.0
2106,TG2009A20505,Togo,TG,Maritime,Yoto,Yoto,Groundnuts (In Shell),Main,2012,5,2012,11,All (PS),area,142.0
2107,TG2009A20505,Togo,TG,Maritime,Yoto,Yoto,Groundnuts (In Shell),Main,2013,5,2013,11,All (PS),area,273.0
2108,TG2009A20505,Togo,TG,Maritime,Yoto,Yoto,Groundnuts (In Shell),Main,2014,5,2014,11,All (PS),area,205.0
2109,TG2009A20505,Togo,TG,Maritime,Yoto,Yoto,Groundnuts (In Shell),Main,2015,5,2015,11,All (PS),area,263.0
2110,TG2009A20506,Togo,TG,Maritime,Avé,Avé,Sorghum,Main,1997,5,1997,11,All (PS),area,51.315740453275374
2111,TG2009A20506,Togo,TG,Maritime,Avé,Avé,Sorghum,Main,1998,5,1998,11,All (PS),area,47.348028562558206
2112,TG2009A20506,Togo,TG,Maritime,Avé,Avé,Sorghum,Main,2002,5,2002,11,All (PS),area,321.3846631480906
2113,TG2009A20506,Togo,TG,Maritime,Avé,Avé,Sorghum,Main,2003,5,2003,11,All (PS),area,545.1636137845389
2114,TG2009A20506,Togo,TG,Maritime,Avé,Avé,Sorghum,Main,2004,5,2004,11,All (PS),area,110.8314188140329
2115,TG2009A20506,Togo,TG,Maritime,Avé,Avé,Sorghum,Main,2007,5,2007,11,All (PS),area,325.3523750388078
2116,TG2009A20506,Togo,TG,Maritime,Avé,Avé,Sorghum,Main,2008,5,2008,11,All (PS),area,281.17851598882334
2117,TG2009A20506,Togo,TG,Maritime,Avé,Avé,Sorghum,Main,2013,5,2013,11,All (PS),area,735.0
2118,TG2009A20506,Togo,TG,Maritime,Avé,Avé,Sorghum,Main,2014,5,2014,11,All (PS),area,9084.0
2119,TG2009A20506,Togo,TG,Maritime,Avé,Avé,Maize,Main,1995,5,1995,11,All (PS),area,17714.24650729587
2120,TG2009A20506,Togo,TG,Maritime,Avé,Avé,Maize,Main,1996,5,1996,11,All (PS),area,9211.17541136293
2121,TG2009A20506,Togo,TG,Maritime,Avé,Avé,Maize,Main,1997,5,1997,11,All (PS),area,22124.378453896305
2122,TG2009A20506,Togo,TG,Maritime,Avé,Avé,Maize,Main,1998,5,1998,11,All (PS),area,24215.513194660045
2123,TG2009A20506,Togo,TG,Maritime,Avé,Avé,Maize,Main,1999,5,1999,11,All (PS),area,20707.775535547968
2124,TG2009A20506,Togo,TG,Maritime,Avé,Avé,Maize,Main,2000,5,2000,11,All (PS),area,18564.12480596088
2125,TG2009A20506,Togo,TG,Maritime,Avé,Avé,Maize,Main,2001,5,2001,11,All (PS),area,18907.69015833592
2126,TG2009A20506,Togo,TG,Maritime,Avé,Avé,Maize,Main,2002,5,2002,11,All (PS),area,18479.926109903754
2127,TG2009A20506,Togo,TG,Maritime,Avé,Avé,Maize,Main,2003,5,2003,11,All (PS),area,17705.63210183173
2128,TG2009A20506,Togo,TG,Maritime,Avé,Avé,Maize,Main,2004,5,2004,11,All (PS),area,15054.374107420055
2129,TG2009A20506,Togo,TG,Maritime,Avé,Avé,Maize,Main,2005,5,2005,11,All (PS),area,19828.696367587705
2130,TG2009A20506,Togo,TG,Maritime,Avé,Avé,Maize,Main,2006,5,2006,11,All (PS),area,18842.863706923315
2131,TG2009A20506,Togo,TG,Maritime,Avé,Avé,Maize,Main,2007,5,2007,11,All (PS),area,22075.54765600745
2132,TG2009A20506,Togo,TG,Maritime,Avé,Avé,Maize,Main,2008,5,2008,11,All (PS),area,22945.89195901894
2133,TG2009A20506,Togo,TG,Maritime,Avé,Avé,Maize,Main,2009,5,2009,11,All (PS),area,14807.0
2134,TG2009A20506,Togo,TG,Maritime,Avé,Avé,Maize,Main,2010,5,2010,11,All (PS),area,21617.0
2135,TG2009A20506,Togo,TG,Maritime,Avé,Avé,Maize,Main,2011,5,2011,11,All (PS),area,21617.0
2136,TG2009A20506,Togo,TG,Maritime,Avé,Avé,Maize,Main,2012,5,2012,11,All (PS),area,20650.0
2137,TG2009A20506,Togo,TG,Maritime,Avé,Avé,Maize,Main,2013,5,2013,11,All (PS),area,27349.0
2138,TG2009A20506,Togo,TG,Maritime,Avé,Avé,Maize,Main,2014,5,2014,11,All (PS),area,19924.0
2139,TG2009A20506,Togo,TG,Maritime,Avé,Avé,Maize,Main,2015,5,2015,11,All (PS),area,14704.0
2140,TG2009A20506,Togo,TG,Maritime,Avé,Avé,Cotton,Main,2005,5,2005,11,All (PS),area,3674.097795715616
2141,TG2009A20506,Togo,TG,Maritime,Avé,Avé,Cotton,Main,2006,5,2006,11,All (PS),area,1330.9646072648245
2142,TG2009A20506,Togo,TG,Maritime,Avé,Avé,Cotton,Main,2007,5,2007,11,All (PS),area,993.7025768394908
2143,TG2009A20506,Togo,TG,Maritime,Avé,Avé,Cotton,Main,2008,5,2008,11,All (PS),area,2572.756286867432
2144,TG2009A20506,Togo,TG,Maritime,Avé,Avé,Cotton,Main,2009,5,2009,11,All (PS),area,180.0
2145,TG2009A20506,Togo,TG,Maritime,Avé,Avé,Cotton,Main,2010,5,2010,11,All (PS),area,41.0
2146,TG2009A20506,Togo,TG,Maritime,Avé,Avé,Cotton,Main,2012,5,2012,11,All (PS),area,294.0
2147,TG2009A20506,Togo,TG,Maritime,Avé,Avé,Cotton,Main,2013,5,2013,11,All (PS),area,191.0
2148,TG2009A20506,Togo,TG,Maritime,Avé,Avé,Cotton,Main,2014,5,2014,11,All (PS),area,220.0
2149,TG2009A20506,Togo,TG,Maritime,Avé,Avé,Cotton,Main,2015,5,2015,11,All (PS),area,64.0
2150,TG2009A20506,Togo,TG,Maritime,Avé,Avé,Rice,Annual,2005,5,2005,11,All (PS),area,440.1515057435579
2151,TG2009A20506,Togo,TG,Maritime,Avé,Avé,Rice,Annual,2006,5,2006,11,All (PS),area,81.20583669667805
2152,TG2009A20506,Togo,TG,Maritime,Avé,Avé,Rice,Annual,2007,5,2007,11,All (PS),area,130.93449239366655
2153,TG2009A20506,Togo,TG,Maritime,Avé,Avé,Rice,Annual,2008,5,2008,11,All (PS),area,170.34709717479043
2154,TG2009A20506,Togo,TG,Maritime,Avé,Avé,Rice,Annual,2013,5,2013,11,All (PS),area,1473.0
2155,TG2009A20506,Togo,TG,Maritime,Avé,Avé,Rice,Annual,2014,5,2014,11,All (PS),area,2692.0
2156,TG2009A20506,Togo,TG,Maritime,Avé,Avé,Rice,Annual,2015,5,2015,11,All (PS),area,1578.0
2157,TG2009A20506,Togo,TG,Maritime,Avé,Avé,Cassava,Main,2005,5,2005,11,All (PS),area,8970.914933250544
2158,TG2009A20506,Togo,TG,Maritime,Avé,Avé,Cassava,Main,2006,5,2006,11,All (PS),area,6287.320397392114
2159,TG2009A20506,Togo,TG,Maritime,Avé,Avé,Cassava,Main,2007,5,2007,11,All (PS),area,10231.6271344303
2160,TG2009A20506,Togo,TG,Maritime,Avé,Avé,Cassava,Main,2008,5,2008,11,All (PS),area,6480.006209251785
2161,TG2009A20506,Togo,TG,Maritime,Avé,Avé,Cassava,Main,2009,5,2009,11,All (PS),area,3018.0
2162,TG2009A20506,Togo,TG,Maritime,Avé,Avé,Cassava,Main,2010,5,2010,11,All (PS),area,4889.0
2163,TG2009A20506,Togo,TG,Maritime,Avé,Avé,Cassava,Main,2011,5,2011,11,All (PS),area,5089.0
2164,TG2009A20506,Togo,TG,Maritime,Avé,Avé,Cassava,Main,2012,5,2012,11,All (PS),area,5087.0
2165,TG2009A20506,Togo,TG,Maritime,Avé,Avé,Cassava,Main,2013,5,2013,11,All (PS),area,8604.0
2166,TG2009A20506,Togo,TG,Maritime,Avé,Avé,Cassava,Main,2014,5,2014,11,All (PS),area,7894.0
2167,TG2009A20506,Togo,TG,Maritime,Avé,Avé,Cassava,Main,2015,5,2015,11,All (PS),area,7688.0
2168,TG2009A20506,Togo,TG,Maritime,Avé,Avé,Soybean,Main,2015,5,2015,11,All (PS),area,40.0
2169,TG2009A20506,Togo,TG,Maritime,Avé,Avé,Yams,Main,2005,5,2005,11,All (PS),area,676.6805339956535
2170,TG2009A20506,Togo,TG,Maritime,Avé,Avé,Yams,Main,2006,5,2006,11,All (PS),area,682.1148711580254
2171,TG2009A20506,Togo,TG,Maritime,Avé,Avé,Yams,Main,2007,5,2007,11,All (PS),area,586.1387767773983
2172,TG2009A20506,Togo,TG,Maritime,Avé,Avé,Yams,Main,2008,5,2008,11,All (PS),area,1639.0828935113318
2173,TG2009A20506,Togo,TG,Maritime,Avé,Avé,Yams,Main,2009,5,2009,11,All (PS),area,1427.0
2174,TG2009A20506,Togo,TG,Maritime,Avé,Avé,Yams,Main,2010,5,2010,11,All (PS),area,752.0
2175,TG2009A20506,Togo,TG,Maritime,Avé,Avé,Yams,Main,2011,5,2011,11,All (PS),area,752.0
2176,TG2009A20506,Togo,TG,Maritime,Avé,Avé,Yams,Main,2012,5,2012,11,All (PS),area,534.0
2177,TG2009A20506,Togo,TG,Maritime,Avé,Avé,Yams,Main,2013,5,2013,11,All (PS),area,488.0
2178,TG2009A20506,Togo,TG,Maritime,Avé,Avé,Yams,Main,2014,5,2014,11,All (PS),area,1902.0
2179,TG2009A20506,Togo,TG,Maritime,Avé,Avé,Yams,Main,2015,5,2015,11,All (PS),area,673.0
2180,TG2009A20506,Togo,TG,Maritime,Avé,Avé,Beans (mixed),Main,2005,5,2005,11,All (PS),area,97.3865259236262
2181,TG2009A20506,Togo,TG,Maritime,Avé,Avé,Beans (mixed),Main,2006,5,2006,11,All (PS),area,378.41105246817756
2182,TG2009A20506,Togo,TG,Maritime,Avé,Avé,Beans (mixed),Main,2007,5,2007,11,All (PS),area,216.25023284694194
2183,TG2009A20506,Togo,TG,Maritime,Avé,Avé,Beans (mixed),Main,2008,5,2008,11,All (PS),area,222.9214529649177
2184,TG2009A20506,Togo,TG,Maritime,Avé,Avé,Beans (mixed),Main,2009,5,2009,11,All (PS),area,77.0
2185,TG2009A20506,Togo,TG,Maritime,Avé,Avé,Beans (mixed),Main,2010,5,2010,11,All (PS),area,190.0
2186,TG2009A20506,Togo,TG,Maritime,Avé,Avé,Beans (mixed),Main,2011,5,2011,11,All (PS),area,211.0
2187,TG2009A20506,Togo,TG,Maritime,Avé,Avé,Beans (mixed),Main,2012,5,2012,11,All (PS),area,286.0
2188,TG2009A20506,Togo,TG,Maritime,Avé,Avé,Beans (mixed),Main,2013,5,2013,11,All (PS),area,527.0
2189,TG2009A20506,Togo,TG,Maritime,Avé,Avé,Beans (mixed),Main,2014,5,2014,11,All (PS),area,277.0
2190,TG2009A20506,Togo,TG,Maritime,Avé,Avé,Beans (mixed),Main,2015,5,2015,11,All (PS),area,554.0
2191,TG2009A20506,Togo,TG,Maritime,Avé,Avé,Groundnuts (In Shell),Main,2005,5,2005,11,All (PS),area,953.5914312325365
2192,TG2009A20506,Togo,TG,Maritime,Avé,Avé,Groundnuts (In Shell),Main,2006,5,2006,11,All (PS),area,1294.5209562247749
2193,TG2009A20506,Togo,TG,Maritime,Avé,Avé,Groundnuts (In Shell),Main,2007,5,2007,11,All (PS),area,1046.166097485253
2194,TG2009A20506,Togo,TG,Maritime,Avé,Avé,Groundnuts (In Shell),Main,2008,5,2008,11,All (PS),area,2678.507916796026
2195,TG2009A20506,Togo,TG,Maritime,Avé,Avé,Groundnuts (In Shell),Main,2009,5,2009,11,All (PS),area,2458.0
2196,TG2009A20506,Togo,TG,Maritime,Avé,Avé,Groundnuts (In Shell),Main,2010,5,2010,11,All (PS),area,2484.0
2197,TG2009A20506,Togo,TG,Maritime,Avé,Avé,Groundnuts (In Shell),Main,2011,5,2011,11,All (PS),area,2476.0
2198,TG2009A20506,Togo,TG,Maritime,Avé,Avé,Groundnuts (In Shell),Main,2012,5,2012,11,All (PS),area,2020.0
2199,TG2009A20506,Togo,TG,Maritime,Avé,Avé,Groundnuts (In Shell),Main,2013,5,2013,11,All (PS),area,4018.0
2200,TG2009A20506,Togo,TG,Maritime,Avé,Avé,Groundnuts (In Shell),Main,2014,5,2014,11,All (PS),area,4310.0
2201,TG2009A20506,Togo,TG,Maritime,Avé,Avé,Groundnuts (In Shell),Main,2015,5,2015,11,All (PS),area,3871.0
2202,TG2009A20507,Togo,TG,Maritime,Bas-Mono,Bas-Mono,Maize,Main,1995,5,1995,11,All (PS),area,16794.33962264151
2203,TG2009A20507,Togo,TG,Maritime,Bas-Mono,Bas-Mono,Maize,Main,1996,5,1996,11,All (PS),area,17410.913207547168
2204,TG2009A20507,Togo,TG,Maritime,Bas-Mono,Bas-Mono,Maize,Main,1997,5,1997,11,All (PS),area,18410.61509433962
2205,TG2009A20507,Togo,TG,Maritime,Bas-Mono,Bas-Mono,Maize,Main,1998,5,1998,11,All (PS),area,12222.792452830188
2206,TG2009A20507,Togo,TG,Maritime,Bas-Mono,Bas-Mono,Maize,Main,1999,5,1999,11,All (PS),area,14791.64150943396
2207,TG2009A20507,Togo,TG,Maritime,Bas-Mono,Bas-Mono,Maize,Main,2000,5,2000,11,All (PS),area,16486.162264150942
2208,TG2009A20507,Togo,TG,Maritime,Bas-Mono,Bas-Mono,Maize,Main,2001,5,2001,11,All (PS),area,17019.449056603775
2209,TG2009A20507,Togo,TG,Maritime,Bas-Mono,Bas-Mono,Maize,Main,2002,5,2002,11,All (PS),area,18211.96603773585
2210,TG2009A20507,Togo,TG,Maritime,Bas-Mono,Bas-Mono,Maize,Main,2003,5,2003,11,All (PS),area,18244.10188679245
2211,TG2009A20507,Togo,TG,Maritime,Bas-Mono,Bas-Mono,Maize,Main,2004,5,2004,11,All (PS),area,20488.894339622642
2212,TG2009A20507,Togo,TG,Maritime,Bas-Mono,Bas-Mono,Maize,Main,2005,5,2005,11,All (PS),area,16762.067924528303
2213,TG2009A20507,Togo,TG,Maritime,Bas-Mono,Bas-Mono,Maize,Main,2006,5,2006,11,All (PS),area,17996.633962264154
2214,TG2009A20507,Togo,TG,Maritime,Bas-Mono,Bas-Mono,Maize,Main,2007,5,2007,11,All (PS),area,17008.12075471698
2215,TG2009A20507,Togo,TG,Maritime,Bas-Mono,Bas-Mono,Maize,Main,2008,5,2008,11,All (PS),area,22132.743396226415
2216,TG2009A20507,Togo,TG,Maritime,Bas-Mono,Bas-Mono,Maize,Main,2009,5,2009,11,All (PS),area,13038.0
2217,TG2009A20507,Togo,TG,Maritime,Bas-Mono,Bas-Mono,Maize,Main,2010,5,2010,11,All (PS),area,6605.0
2218,TG2009A20507,Togo,TG,Maritime,Bas-Mono,Bas-Mono,Maize,Main,2011,5,2011,11,All (PS),area,3577.0
2219,TG2009A20507,Togo,TG,Maritime,Bas-Mono,Bas-Mono,Maize,Main,2012,5,2012,11,All (PS),area,4005.0
2220,TG2009A20507,Togo,TG,Maritime,Bas-Mono,Bas-Mono,Maize,Main,2013,5,2013,11,All (PS),area,31376.0
2221,TG2009A20507,Togo,TG,Maritime,Bas-Mono,Bas-Mono,Maize,Main,2014,5,2014,11,All (PS),area,15557.0
2222,TG2009A20507,Togo,TG,Maritime,Bas-Mono,Bas-Mono,Maize,Main,2015,5,2015,11,All (PS),area,16868.0
2223,TG2009A20507,Togo,TG,Maritime,Bas-Mono,Bas-Mono,Cotton,Main,2005,5,2005,11,All (PS),area,4.686792452830189
2224,TG2009A20507,Togo,TG,Maritime,Bas-Mono,Bas-Mono,Cotton,Main,2006,5,2006,11,All (PS),area,0.5207547169811321
2225,TG2009A20507,Togo,TG,Maritime,Bas-Mono,Bas-Mono,Rice,Annual,2005,5,2005,11,All (PS),area,75.0
2226,TG2009A20507,Togo,TG,Maritime,Bas-Mono,Bas-Mono,Rice,Annual,2009,5,2009,11,All (PS),area,36.0
2227,TG2009A20507,Togo,TG,Maritime,Bas-Mono,Bas-Mono,Rice,Annual,2010,5,2010,11,All (PS),area,136.0
2228,TG2009A20507,Togo,TG,Maritime,Bas-Mono,Bas-Mono,Rice,Annual,2011,5,2011,11,All (PS),area,244.0
2229,TG2009A20507,Togo,TG,Maritime,Bas-Mono,Bas-Mono,Rice,Annual,2012,5,2012,11,All (PS),area,320.0
2230,TG2009A20507,Togo,TG,Maritime,Bas-Mono,Bas-Mono,Rice,Annual,2013,5,2013,11,All (PS),area,1688.0
2231,TG2009A20507,Togo,TG,Maritime,Bas-Mono,Bas-Mono,Rice,Annual,2014,5,2014,11,All (PS),area,3068.0
2232,TG2009A20507,Togo,TG,Maritime,Bas-Mono,Bas-Mono,Rice,Annual,2015,5,2015,11,All (PS),area,1807.0
2233,TG2009A20507,Togo,TG,Maritime,Bas-Mono,Bas-Mono,Cassava,Main,2005,5,2005,11,All (PS),area,5090.392452830189
2234,TG2009A20507,Togo,TG,Maritime,Bas-Mono,Bas-Mono,Cassava,Main,2006,5,2006,11,All (PS),area,5966.25283018868
2235,TG2009A20507,Togo,TG,Maritime,Bas-Mono,Bas-Mono,Cassava,Main,2007,5,2007,11,All (PS),area,5579.71320754717
2236,TG2009A20507,Togo,TG,Maritime,Bas-Mono,Bas-Mono,Cassava,Main,2008,5,2008,11,All (PS),area,5566.241509433962
2237,TG2009A20507,Togo,TG,Maritime,Bas-Mono,Bas-Mono,Cassava,Main,2009,5,2009,11,All (PS),area,1832.0
2238,TG2009A20507,Togo,TG,Maritime,Bas-Mono,Bas-Mono,Cassava,Main,2010,5,2010,11,All (PS),area,1186.0
2239,TG2009A20507,Togo,TG,Maritime,Bas-Mono,Bas-Mono,Cassava,Main,2011,5,2011,11,All (PS),area,1186.0
2240,TG2009A20507,Togo,TG,Maritime,Bas-Mono,Bas-Mono,Cassava,Main,2012,5,2012,11,All (PS),area,1185.0
2241,TG2009A20507,Togo,TG,Maritime,Bas-Mono,Bas-Mono,Cassava,Main,2013,5,2013,11,All (PS),area,1007.0
2242,TG2009A20507,Togo,TG,Maritime,Bas-Mono,Bas-Mono,Cassava,Main,2014,5,2014,11,All (PS),area,3586.0
2243,TG2009A20507,Togo,TG,Maritime,Bas-Mono,Bas-Mono,Cassava,Main,2015,5,2015,11,All (PS),area,900.0
2244,TG2009A20507,Togo,TG,Maritime,Bas-Mono,Bas-Mono,Soybean,Main,2015,5,2015,11,All (PS),area,6.0
2245,TG2009A20507,Togo,TG,Maritime,Bas-Mono,Bas-Mono,Yams,Main,2007,5,2007,11,All (PS),area,37.49433962264151
2246,TG2009A20507,Togo,TG,Maritime,Bas-Mono,Bas-Mono,Yams,Main,2008,5,2008,11,All (PS),area,37.49433962264151
2247,TG2009A20507,Togo,TG,Maritime,Bas-Mono,Bas-Mono,Beans (mixed),Main,2005,5,2005,11,All (PS),area,3115.577358490566
2248,TG2009A20507,Togo,TG,Maritime,Bas-Mono,Bas-Mono,Beans (mixed),Main,2006,5,2006,11,All (PS),area,3642.71320754717
2249,TG2009A20507,Togo,TG,Maritime,Bas-Mono,Bas-Mono,Beans (mixed),Main,2007,5,2007,11,All (PS),area,3001.3622641509437
2250,TG2009A20507,Togo,TG,Maritime,Bas-Mono,Bas-Mono,Beans (mixed),Main,2008,5,2008,11,All (PS),area,3381.9358490566037
2251,TG2009A20507,Togo,TG,Maritime,Bas-Mono,Bas-Mono,Beans (mixed),Main,2009,5,2009,11,All (PS),area,992.0
2252,TG2009A20507,Togo,TG,Maritime,Bas-Mono,Bas-Mono,Beans (mixed),Main,2010,5,2010,11,All (PS),area,3155.0
2253,TG2009A20507,Togo,TG,Maritime,Bas-Mono,Bas-Mono,Beans (mixed),Main,2011,5,2011,11,All (PS),area,3135.0
2254,TG2009A20507,Togo,TG,Maritime,Bas-Mono,Bas-Mono,Beans (mixed),Main,2012,5,2012,11,All (PS),area,3156.0
2255,TG2009A20507,Togo,TG,Maritime,Bas-Mono,Bas-Mono,Beans (mixed),Main,2013,5,2013,11,All (PS),area,474.0
2256,TG2009A20507,Togo,TG,Maritime,Bas-Mono,Bas-Mono,Beans (mixed),Main,2014,5,2014,11,All (PS),area,5667.0
2257,TG2009A20507,Togo,TG,Maritime,Bas-Mono,Bas-Mono,Beans (mixed),Main,2015,5,2015,11,All (PS),area,498.0
2258,TG2009A20507,Togo,TG,Maritime,Bas-Mono,Bas-Mono,Groundnuts (In Shell),Main,2005,5,2005,11,All (PS),area,378.5509433962264
2259,TG2009A20507,Togo,TG,Maritime,Bas-Mono,Bas-Mono,Groundnuts (In Shell),Main,2006,5,2006,11,All (PS),area,629.1811320754717
2260,TG2009A20507,Togo,TG,Maritime,Bas-Mono,Bas-Mono,Groundnuts (In Shell),Main,2007,5,2007,11,All (PS),area,416.42264150943396
2261,TG2009A20507,Togo,TG,Maritime,Bas-Mono,Bas-Mono,Groundnuts (In Shell),Main,2008,5,2008,11,All (PS),area,809.9094339622642
2262,TG2009A20507,Togo,TG,Maritime,Bas-Mono,Bas-Mono,Groundnuts (In Shell),Main,2009,5,2009,11,All (PS),area,97.0
2263,TG2009A20507,Togo,TG,Maritime,Bas-Mono,Bas-Mono,Groundnuts (In Shell),Main,2010,5,2010,11,All (PS),area,71.0
2264,TG2009A20507,Togo,TG,Maritime,Bas-Mono,Bas-Mono,Groundnuts (In Shell),Main,2011,5,2011,11,All (PS),area,71.0
2265,TG2009A20507,Togo,TG,Maritime,Bas-Mono,Bas-Mono,Groundnuts (In Shell),Main,2012,5,2012,11,All (PS),area,47.0
2266,TG2009A20507,Togo,TG,Maritime,Bas-Mono,Bas-Mono,Groundnuts (In Shell),Main,2013,5,2013,11,All (PS),area,34.0
2267,TG2009A20507,Togo,TG,Maritime,Bas-Mono,Bas-Mono,Groundnuts (In Shell),Main,2014,5,2014,11,All (PS),area,298.0
2268,TG2009A20507,Togo,TG,Maritime,Bas-Mono,Bas-Mono,Groundnuts (In Shell),Main,2015,5,2015,11,All (PS),area,33.0
2269,TG2009A20101,Togo,TG,Kara,Bassar,Bassar,Sorghum,Main,1995,5,1995,11,All (PS),production,20601.0
2270,TG2009A20101,Togo,TG,Kara,Bassar,Bassar,Sorghum,Main,1996,5,1996,11,All (PS),production,1142.0
2271,TG2009A20101,Togo,TG,Kara,Bassar,Bassar,Sorghum,Main,1997,5,1997,11,All (PS),production,8787.0
2272,TG2009A20101,Togo,TG,Kara,Bassar,Bassar,Sorghum,Main,1998,5,1998,11,All (PS),production,7137.0
2273,TG2009A20101,Togo,TG,Kara,Bassar,Bassar,Sorghum,Main,1999,5,1999,11,All (PS),production,2653.0
2274,TG2009A20101,Togo,TG,Kara,Bassar,Bassar,Sorghum,Main,2000,5,2000,11,All (PS),production,2985.0
2275,TG2009A20101,Togo,TG,Kara,Bassar,Bassar,Sorghum,Main,2001,5,2001,11,All (PS),production,2221.0
2276,TG2009A20101,Togo,TG,Kara,Bassar,Bassar,Sorghum,Main,2002,5,2002,11,All (PS),production,2048.0
2277,TG2009A20101,Togo,TG,Kara,Bassar,Bassar,Sorghum,Main,2003,5,2003,11,All (PS),production,2029.0
2278,TG2009A20101,Togo,TG,Kara,Bassar,Bassar,Sorghum,Main,2004,5,2004,11,All (PS),production,2877.0
2279,TG2009A20101,Togo,TG,Kara,Bassar,Bassar,Sorghum,Main,2005,5,2005,11,All (PS),production,2134.0
2280,TG2009A20101,Togo,TG,Kara,Bassar,Bassar,Sorghum,Main,2006,5,2006,11,All (PS),production,2711.0
2281,TG2009A20101,Togo,TG,Kara,Bassar,Bassar,Sorghum,Main,2007,5,2007,11,All (PS),production,3073.0
2282,TG2009A20101,Togo,TG,Kara,Bassar,Bassar,Sorghum,Main,2008,5,2008,11,All (PS),production,3321.0
2283,TG2009A20101,Togo,TG,Kara,Bassar,Bassar,Sorghum,Main,2009,5,2009,11,All (PS),production,3696.0
2284,TG2009A20101,Togo,TG,Kara,Bassar,Bassar,Sorghum,Main,2010,5,2010,11,All (PS),production,5018.0
2285,TG2009A20101,Togo,TG,Kara,Bassar,Bassar,Sorghum,Main,2011,5,2011,11,All (PS),production,4532.0
2286,TG2009A20101,Togo,TG,Kara,Bassar,Bassar,Sorghum,Main,2012,5,2012,11,All (PS),production,4129.0
2287,TG2009A20101,Togo,TG,Kara,Bassar,Bassar,Sorghum,Main,2015,5,2015,11,All (PS),production,12414.0
2288,TG2009A20101,Togo,TG,Kara,Bassar,Bassar,Maize,Main,1995,5,1995,11,All (PS),production,8888.0
2289,TG2009A20101,Togo,TG,Kara,Bassar,Bassar,Maize,Main,1996,5,1996,11,All (PS),production,1368.0
2290,TG2009A20101,Togo,TG,Kara,Bassar,Bassar,Maize,Main,1997,5,1997,11,All (PS),production,7840.0
2291,TG2009A20101,Togo,TG,Kara,Bassar,Bassar,Maize,Main,1998,5,1998,11,All (PS),production,7864.0
2292,TG2009A20101,Togo,TG,Kara,Bassar,Bassar,Maize,Main,1999,5,1999,11,All (PS),production,5287.0
2293,TG2009A20101,Togo,TG,Kara,Bassar,Bassar,Maize,Main,2000,5,2000,11,All (PS),production,4947.0
2294,TG2009A20101,Togo,TG,Kara,Bassar,Bassar,Maize,Main,2001,5,2001,11,All (PS),production,3592.0
2295,TG2009A20101,Togo,TG,Kara,Bassar,Bassar,Maize,Main,2002,5,2002,11,All (PS),production,6382.0
2296,TG2009A20101,Togo,TG,Kara,Bassar,Bassar,Maize,Main,2003,5,2003,11,All (PS),production,4205.0
2297,TG2009A20101,Togo,TG,Kara,Bassar,Bassar,Maize,Main,2004,5,2004,11,All (PS),production,4186.0
2298,TG2009A20101,Togo,TG,Kara,Bassar,Bassar,Maize,Main,2005,5,2005,11,All (PS),production,2191.0
2299,TG2009A20101,Togo,TG,Kara,Bassar,Bassar,Maize,Main,2006,5,2006,11,All (PS),production,3115.0
2300,TG2009A20101,Togo,TG,Kara,Bassar,Bassar,Maize,Main,2007,5,2007,11,All (PS),production,3719.0
2301,TG2009A20101,Togo,TG,Kara,Bassar,Bassar,Maize,Main,2008,5,2008,11,All (PS),production,2619.0
2302,TG2009A20101,Togo,TG,Kara,Bassar,Bassar,Maize,Main,2009,5,2009,11,All (PS),production,2828.0
2303,TG2009A20101,Togo,TG,Kara,Bassar,Bassar,Maize,Main,2010,5,2010,11,All (PS),production,3591.0
2304,TG2009A20101,Togo,TG,Kara,Bassar,Bassar,Maize,Main,2011,5,2011,11,All (PS),production,3348.0
2305,TG2009A20101,Togo,TG,Kara,Bassar,Bassar,Maize,Main,2012,5,2012,11,All (PS),production,2860.0
2306,TG2009A20101,Togo,TG,Kara,Bassar,Bassar,Maize,Main,2015,5,2015,11,All (PS),production,6911.0
2307,TG2009A20101,Togo,TG,Kara,Bassar,Bassar,Millet,Main,1995,5,1995,11,All (PS),production,1509.0
2308,TG2009A20101,Togo,TG,Kara,Bassar,Bassar,Millet,Main,1996,5,1996,11,All (PS),production,2558.0
2309,TG2009A20101,Togo,TG,Kara,Bassar,Bassar,Millet,Main,1997,5,1997,11,All (PS),production,1925.0
2310,TG2009A20101,Togo,TG,Kara,Bassar,Bassar,Millet,Main,1998,5,1998,11,All (PS),production,433.0
2311,TG2009A20101,Togo,TG,Kara,Bassar,Bassar,Millet,Main,1999,5,1999,11,All (PS),production,676.0
2312,TG2009A20101,Togo,TG,Kara,Bassar,Bassar,Millet,Main,2000,5,2000,11,All (PS),production,1290.0
2313,TG2009A20101,Togo,TG,Kara,Bassar,Bassar,Millet,Main,2001,5,2001,11,All (PS),production,1016.0
2314,TG2009A20101,Togo,TG,Kara,Bassar,Bassar,Millet,Main,2002,5,2002,11,All (PS),production,987.0
2315,TG2009A20101,Togo,TG,Kara,Bassar,Bassar,Millet,Main,2003,5,2003,11,All (PS),production,1351.0
2316,TG2009A20101,Togo,TG,Kara,Bassar,Bassar,Millet,Main,2004,5,2004,11,All (PS),production,1498.0
2317,TG2009A20101,Togo,TG,Kara,Bassar,Bassar,Millet,Main,2005,5,2005,11,All (PS),production,1476.0
2318,TG2009A20101,Togo,TG,Kara,Bassar,Bassar,Millet,Main,2006,5,2006,11,All (PS),production,1279.0
2319,TG2009A20101,Togo,TG,Kara,Bassar,Bassar,Millet,Main,2007,5,2007,11,All (PS),production,1874.0
2320,TG2009A20101,Togo,TG,Kara,Bassar,Bassar,Millet,Main,2008,5,2008,11,All (PS),production,1704.0
2321,TG2009A20101,Togo,TG,Kara,Bassar,Bassar,Millet,Main,2009,5,2009,11,All (PS),production,1830.0
2322,TG2009A20101,Togo,TG,Kara,Bassar,Bassar,Millet,Main,2010,5,2010,11,All (PS),production,2175.0
2323,TG2009A20101,Togo,TG,Kara,Bassar,Bassar,Millet,Main,2011,5,2011,11,All (PS),production,1947.0
2324,TG2009A20101,Togo,TG,Kara,Bassar,Bassar,Millet,Main,2012,5,2012,11,All (PS),production,1912.0
2325,TG2009A20101,Togo,TG,Kara,Bassar,Bassar,Millet,Main,2015,5,2015,11,All (PS),production,1841.0
2326,TG2009A20101,Togo,TG,Kara,Bassar,Bassar,Cassava,Main,2015,5,2015,11,All (PS),production,37938.0
2327,TG2009A20101,Togo,TG,Kara,Bassar,Bassar,Yams,Main,2015,5,2015,11,All (PS),production,65216.0
2328,TG2009A20101,Togo,TG,Kara,Bassar,Bassar,Beans (mixed),Main,2015,5,2015,11,All (PS),production,2098.0
2329,TG2009A20101,Togo,TG,Kara,Bassar,Bassar,Groundnuts (In Shell),Main,2015,5,2015,11,All (PS),production,3916.0
2330,TG2009A20102,Togo,TG,Kara,Assoli,Assoli,Sorghum,Main,1995,5,1995,11,All (PS),production,2077.0
2331,TG2009A20102,Togo,TG,Kara,Assoli,Assoli,Sorghum,Main,1996,5,1996,11,All (PS),production,1142.0
2332,TG2009A20102,Togo,TG,Kara,Assoli,Assoli,Sorghum,Main,1997,5,1997,11,All (PS),production,1445.0
2333,TG2009A20102,Togo,TG,Kara,Assoli,Assoli,Sorghum,Main,1998,5,1998,11,All (PS),production,3321.0
2334,TG2009A20102,Togo,TG,Kara,Assoli,Assoli,Sorghum,Main,1999,5,1999,11,All (PS),production,2003.0
2335,TG2009A20102,Togo,TG,Kara,Assoli,Assoli,Sorghum,Main,2000,5,2000,11,All (PS),production,1697.0
2336,TG2009A20102,Togo,TG,Kara,Assoli,Assoli,Sorghum,Main,2001,5,2001,11,All (PS),production,1274.0
2337,TG2009A20102,Togo,TG,Kara,Assoli,Assoli,Sorghum,Main,2002,5,2002,11,All (PS),production,994.0
2338,TG2009A20102,Togo,TG,Kara,Assoli,Assoli,Sorghum,Main,2003,5,2003,11,All (PS),production,1012.0
2339,TG2009A20102,Togo,TG,Kara,Assoli,Assoli,Sorghum,Main,2004,5,2004,11,All (PS),production,2115.0
2340,TG2009A20102,Togo,TG,Kara,Assoli,Assoli,Sorghum,Main,2005,5,2005,11,All (PS),production,2962.0
2341,TG2009A20102,Togo,TG,Kara,Assoli,Assoli,Sorghum,Main,2006,5,2006,11,All (PS),production,2766.0
2342,TG2009A20102,Togo,TG,Kara,Assoli,Assoli,Sorghum,Main,2007,5,2007,11,All (PS),production,1886.0
2343,TG2009A20102,Togo,TG,Kara,Assoli,Assoli,Sorghum,Main,2008,5,2008,11,All (PS),production,1848.0
2344,TG2009A20102,Togo,TG,Kara,Assoli,Assoli,Sorghum,Main,2009,5,2009,11,All (PS),production,1718.0
2345,TG2009A20102,Togo,TG,Kara,Assoli,Assoli,Sorghum,Main,2010,5,2010,11,All (PS),production,2041.0
2346,TG2009A20102,Togo,TG,Kara,Assoli,Assoli,Sorghum,Main,2011,5,2011,11,All (PS),production,2094.0
2347,TG2009A20102,Togo,TG,Kara,Assoli,Assoli,Sorghum,Main,2012,5,2012,11,All (PS),production,1947.0
2348,TG2009A20102,Togo,TG,Kara,Assoli,Assoli,Sorghum,Main,2015,5,2015,11,All (PS),production,698.0
2349,TG2009A20102,Togo,TG,Kara,Assoli,Assoli,Maize,Main,1995,5,1995,11,All (PS),production,646.0
2350,TG2009A20102,Togo,TG,Kara,Assoli,Assoli,Maize,Main,1996,5,1996,11,All (PS),production,1388.0
2351,TG2009A20102,Togo,TG,Kara,Assoli,Assoli,Maize,Main,1997,5,1997,11,All (PS),production,1378.0
2352,TG2009A20102,Togo,TG,Kara,Assoli,Assoli,Maize,Main,1998,5,1998,11,All (PS),production,2982.0
2353,TG2009A20102,Togo,TG,Kara,Assoli,Assoli,Maize,Main,1999,5,1999,11,All (PS),production,1186.0
2354,TG2009A20102,Togo,TG,Kara,Assoli,Assoli,Maize,Main,2000,5,2000,11,All (PS),production,1260.0
2355,TG2009A20102,Togo,TG,Kara,Assoli,Assoli,Maize,Main,2001,5,2001,11,All (PS),production,721.0
2356,TG2009A20102,Togo,TG,Kara,Assoli,Assoli,Maize,Main,2002,5,2002,11,All (PS),production,1297.0
2357,TG2009A20102,Togo,TG,Kara,Assoli,Assoli,Maize,Main,2003,5,2003,11,All (PS),production,668.0
2358,TG2009A20102,Togo,TG,Kara,Assoli,Assoli,Maize,Main,2004,5,2004,11,All (PS),production,1914.0
2359,TG2009A20102,Togo,TG,Kara,Assoli,Assoli,Maize,Main,2005,5,2005,11,All (PS),production,1819.0
2360,TG2009A20102,Togo,TG,Kara,Assoli,Assoli,Maize,Main,2006,5,2006,11,All (PS),production,2481.0
2361,TG2009A20102,Togo,TG,Kara,Assoli,Assoli,Maize,Main,2007,5,2007,11,All (PS),production,4440.0
2362,TG2009A20102,Togo,TG,Kara,Assoli,Assoli,Maize,Main,2008,5,2008,11,All (PS),production,3494.0
2363,TG2009A20102,Togo,TG,Kara,Assoli,Assoli,Maize,Main,2009,5,2009,11,All (PS),production,3544.0
2364,TG2009A20102,Togo,TG,Kara,Assoli,Assoli,Maize,Main,2010,5,2010,11,All (PS),production,4366.0
2365,TG2009A20102,Togo,TG,Kara,Assoli,Assoli,Maize,Main,2011,5,2011,11,All (PS),production,5258.0
2366,TG2009A20102,Togo,TG,Kara,Assoli,Assoli,Maize,Main,2012,5,2012,11,All (PS),production,4404.0
2367,TG2009A20102,Togo,TG,Kara,Assoli,Assoli,Maize,Main,2015,5,2015,11,All (PS),production,2674.0
2368,TG2009A20102,Togo,TG,Kara,Assoli,Assoli,Millet,Main,1995,5,1995,11,All (PS),production,316.0
2369,TG2009A20102,Togo,TG,Kara,Assoli,Assoli,Millet,Main,1996,5,1996,11,All (PS),production,427.0
2370,TG2009A20102,Togo,TG,Kara,Assoli,Assoli,Millet,Main,1997,5,1997,11,All (PS),production,356.0
2371,TG2009A20102,Togo,TG,Kara,Assoli,Assoli,Millet,Main,1998,5,1998,11,All (PS),production,251.0
2372,TG2009A20102,Togo,TG,Kara,Assoli,Assoli,Millet,Main,1999,5,1999,11,All (PS),production,237.0
2373,TG2009A20102,Togo,TG,Kara,Assoli,Assoli,Millet,Main,2000,5,2000,11,All (PS),production,447.0
2374,TG2009A20102,Togo,TG,Kara,Assoli,Assoli,Millet,Main,2001,5,2001,11,All (PS),production,469.0
2375,TG2009A20102,Togo,TG,Kara,Assoli,Assoli,Millet,Main,2002,5,2002,11,All (PS),production,140.0
2376,TG2009A20102,Togo,TG,Kara,Assoli,Assoli,Millet,Main,2003,5,2003,11,All (PS),production,244.0
2377,TG2009A20102,Togo,TG,Kara,Assoli,Assoli,Millet,Main,2004,5,2004,11,All (PS),production,214.0
2378,TG2009A20102,Togo,TG,Kara,Assoli,Assoli,Millet,Main,2007,5,2007,11,All (PS),production,1.0
2379,TG2009A20102,Togo,TG,Kara,Assoli,Assoli,Millet,Main,2009,5,2009,11,All (PS),production,161.0
2380,TG2009A20102,Togo,TG,Kara,Assoli,Assoli,Millet,Main,2010,5,2010,11,All (PS),production,182.0
2381,TG2009A20102,Togo,TG,Kara,Assoli,Assoli,Millet,Main,2011,5,2011,11,All (PS),production,184.0
2382,TG2009A20102,Togo,TG,Kara,Assoli,Assoli,Millet,Main,2012,5,2012,11,All (PS),production,175.0
2383,TG2009A20102,Togo,TG,Kara,Assoli,Assoli,Millet,Main,2015,5,2015,11,All (PS),production,56.0
2384,TG2009A20102,Togo,TG,Kara,Assoli,Assoli,Cassava,Main,2015,5,2015,11,All (PS),production,101162.0
2385,TG2009A20102,Togo,TG,Kara,Assoli,Assoli,Yams,Main,2015,5,2015,11,All (PS),production,41572.0
2386,TG2009A20102,Togo,TG,Kara,Assoli,Assoli,Beans (mixed),Main,2015,5,2015,11,All (PS),production,2511.0
2387,TG2009A20102,Togo,TG,Kara,Assoli,Assoli,Groundnuts (In Shell),Main,2015,5,2015,11,All (PS),production,81.0
2388,TG2009A20103,Togo,TG,Kara,Binah,Binah,Sorghum,Main,1995,5,1995,11,All (PS),production,2060.4347048300538
2389,TG2009A20103,Togo,TG,Kara,Binah,Binah,Sorghum,Main,1996,5,1996,11,All (PS),production,1972.3837209302324
2390,TG2009A20103,Togo,TG,Kara,Binah,Binah,Sorghum,Main,1997,5,1997,11,All (PS),production,5348.836314847943
2391,TG2009A20103,Togo,TG,Kara,Binah,Binah,Sorghum,Main,1998,5,1998,11,All (PS),production,6031.86404293381
2392,TG2009A20103,Togo,TG,Kara,Binah,Binah,Sorghum,Main,1999,5,1999,11,All (PS),production,5286.82915921288
2393,TG2009A20103,Togo,TG,Kara,Binah,Binah,Sorghum,Main,2000,5,2000,11,All (PS),production,3994.720930232558
2394,TG2009A20103,Togo,TG,Kara,Binah,Binah,Sorghum,Main,2001,5,2001,11,All (PS),production,3969.8890876565292
2395,TG2009A20103,Togo,TG,Kara,Binah,Binah,Sorghum,Main,2002,5,2002,11,All (PS),production,3137.928443649374
2396,TG2009A20103,Togo,TG,Kara,Binah,Binah,Sorghum,Main,2003,5,2003,11,All (PS),production,6883.826475849732
2397,TG2009A20103,Togo,TG,Kara,Binah,Binah,Sorghum,Main,2004,5,2004,11,All (PS),production,7316.027728085867
2398,TG2009A20103,Togo,TG,Kara,Binah,Binah,Sorghum,Main,2005,5,2005,11,All (PS),production,5052.351520572451
2399,TG2009A20103,Togo,TG,Kara,Binah,Binah,Sorghum,Main,2006,5,2006,11,All (PS),production,2632.4856887298747
2400,TG2009A20103,Togo,TG,Kara,Binah,Binah,Sorghum,Main,2007,5,2007,11,All (PS),production,5050.328264758497
2401,TG2009A20103,Togo,TG,Kara,Binah,Binah,Sorghum,Main,2008,5,2008,11,All (PS),production,4764.0
2402,TG2009A20103,Togo,TG,Kara,Binah,Binah,Sorghum,Main,2009,5,2009,11,All (PS),production,4338.0
2403,TG2009A20103,Togo,TG,Kara,Binah,Binah,Sorghum,Main,2010,5,2010,11,All (PS),production,7042.0
2404,TG2009A20103,Togo,TG,Kara,Binah,Binah,Sorghum,Main,2011,5,2011,11,All (PS),production,4945.0
2405,TG2009A20103,Togo,TG,Kara,Binah,Binah,Sorghum,Main,2012,5,2012,11,All (PS),production,5306.0
2406,TG2009A20103,Togo,TG,Kara,Binah,Binah,Sorghum,Main,2015,5,2015,11,All (PS),production,9032.0
2407,TG2009A20103,Togo,TG,Kara,Binah,Binah,Maize,Main,1995,5,1995,11,All (PS),production,1479.639534883721
2408,TG2009A20103,Togo,TG,Kara,Binah,Binah,Maize,Main,1996,5,1996,11,All (PS),production,321.8202146690519
2409,TG2009A20103,Togo,TG,Kara,Binah,Binah,Maize,Main,1997,5,1997,11,All (PS),production,4261.3488372093025
2410,TG2009A20103,Togo,TG,Kara,Binah,Binah,Maize,Main,1998,5,1998,11,All (PS),production,2800.572450805009
2411,TG2009A20103,Togo,TG,Kara,Binah,Binah,Maize,Main,1999,5,1999,11,All (PS),production,1467.1207513416816
2412,TG2009A20103,Togo,TG,Kara,Binah,Binah,Maize,Main,2000,5,2000,11,All (PS),production,2001.8935599284437
2413,TG2009A20103,Togo,TG,Kara,Binah,Binah,Maize,Main,2001,5,2001,11,All (PS),production,2104.704830053667
2414,TG2009A20103,Togo,TG,Kara,Binah,Binah,Maize,Main,2002,5,2002,11,All (PS),production,3618.6940966010734
2415,TG2009A20103,Togo,TG,Kara,Binah,Binah,Maize,Main,2003,5,2003,11,All (PS),production,8170.509838998211
2416,TG2009A20103,Togo,TG,Kara,Binah,Binah,Maize,Main,2004,5,2004,11,All (PS),production,5593.647584973166
2417,TG2009A20103,Togo,TG,Kara,Binah,Binah,Maize,Main,2005,5,2005,11,All (PS),production,2587.8381037567083
2418,TG2009A20103,Togo,TG,Kara,Binah,Binah,Maize,Main,2006,5,2006,11,All (PS),production,3160.319320214669
2419,TG2009A20103,Togo,TG,Kara,Binah,Binah,Maize,Main,2007,5,2007,11,All (PS),production,3390.9624329159215
2420,TG2009A20103,Togo,TG,Kara,Binah,Binah,Maize,Main,2008,5,2008,11,All (PS),production,4844.384615384615
2421,TG2009A20103,Togo,TG,Kara,Binah,Binah,Maize,Main,2009,5,2009,11,All (PS),production,5725.0
2422,TG2009A20103,Togo,TG,Kara,Binah,Binah,Maize,Main,2010,5,2010,11,All (PS),production,7712.0
2423,TG2009A20103,Togo,TG,Kara,Binah,Binah,Maize,Main,2011,5,2011,11,All (PS),production,7982.0
2424,TG2009A20103,Togo,TG,Kara,Binah,Binah,Maize,Main,2012,5,2012,11,All (PS),production,7023.0
2425,TG2009A20103,Togo,TG,Kara,Binah,Binah,Maize,Main,2015,5,2015,11,All (PS),production,8916.0
2426,TG2009A20103,Togo,TG,Kara,Binah,Binah,Millet,Main,1995,5,1995,11,All (PS),production,2146.8220035778177
2427,TG2009A20103,Togo,TG,Kara,Binah,Binah,Millet,Main,1996,5,1996,11,All (PS),production,1776.108228980322
2428,TG2009A20103,Togo,TG,Kara,Binah,Binah,Millet,Main,1997,5,1997,11,All (PS),production,921.4722719141324
2429,TG2009A20103,Togo,TG,Kara,Binah,Binah,Millet,Main,1998,5,1998,11,All (PS),production,1579.557245080501
2430,TG2009A20103,Togo,TG,Kara,Binah,Binah,Millet,Main,1999,5,1999,11,All (PS),production,658.2057245080501
2431,TG2009A20103,Togo,TG,Kara,Binah,Binah,Millet,Main,2000,5,2000,11,All (PS),production,901.4490161001788
2432,TG2009A20103,Togo,TG,Kara,Binah,Binah,Millet,Main,2001,5,2001,11,All (PS),production,800.4042933810375
2433,TG2009A20103,Togo,TG,Kara,Binah,Binah,Millet,Main,2002,5,2002,11,All (PS),production,938.0062611806798
2434,TG2009A20103,Togo,TG,Kara,Binah,Binah,Millet,Main,2003,5,2003,11,All (PS),production,2170.1771019677994
2435,TG2009A20103,Togo,TG,Kara,Binah,Binah,Millet,Main,2004,5,2004,11,All (PS),production,2589.474060822898
2436,TG2009A20103,Togo,TG,Kara,Binah,Binah,Millet,Main,2005,5,2005,11,All (PS),production,1091.093023255814
2437,TG2009A20103,Togo,TG,Kara,Binah,Binah,Millet,Main,2006,5,2006,11,All (PS),production,660.061717352415
2438,TG2009A20103,Togo,TG,Kara,Binah,Binah,Millet,Main,2007,5,2007,11,All (PS),production,1081.9713774597496
2439,TG2009A20103,Togo,TG,Kara,Binah,Binah,Millet,Main,2008,5,2008,11,All (PS),production,895.8336314847943
2440,TG2009A20103,Togo,TG,Kara,Binah,Binah,Millet,Main,2009,5,2009,11,All (PS),production,959.0
2441,TG2009A20103,Togo,TG,Kara,Binah,Binah,Millet,Main,2010,5,2010,11,All (PS),production,2027.0
2442,TG2009A20103,Togo,TG,Kara,Binah,Binah,Millet,Main,2011,5,2011,11,All (PS),production,1239.0
2443,TG2009A20103,Togo,TG,Kara,Binah,Binah,Millet,Main,2012,5,2012,11,All (PS),production,1398.0
2444,TG2009A20103,Togo,TG,Kara,Binah,Binah,Millet,Main,2015,5,2015,11,All (PS),production,1658.0
2445,TG2009A20103,Togo,TG,Kara,Binah,Binah,Cassava,Main,2015,5,2015,11,All (PS),production,357.0
2446,TG2009A20103,Togo,TG,Kara,Binah,Binah,Yams,Main,2015,5,2015,11,All (PS),production,16522.0
2447,TG2009A20103,Togo,TG,Kara,Binah,Binah,Beans (mixed),Main,2015,5,2015,11,All (PS),production,2461.0
2448,TG2009A20103,Togo,TG,Kara,Binah,Binah,Groundnuts (In Shell),Main,2015,5,2015,11,All (PS),production,836.0
2449,TG2009A20104,Togo,TG,Kara,Doufelgou,Doufelgou,Sorghum,Main,1995,5,1995,11,All (PS),production,7589.565295169946
2450,TG2009A20104,Togo,TG,Kara,Doufelgou,Doufelgou,Sorghum,Main,1996,5,1996,11,All (PS),production,6305.616279069767
2451,TG2009A20104,Togo,TG,Kara,Doufelgou,Doufelgou,Sorghum,Main,1997,5,1997,11,All (PS),production,6276.163685152057
2452,TG2009A20104,Togo,TG,Kara,Doufelgou,Doufelgou,Sorghum,Main,1998,5,1998,11,All (PS),production,9953.13595706619
2453,TG2009A20104,Togo,TG,Kara,Doufelgou,Doufelgou,Sorghum,Main,1999,5,1999,11,All (PS),production,5825.17084078712
2454,TG2009A20104,Togo,TG,Kara,Doufelgou,Doufelgou,Sorghum,Main,2000,5,2000,11,All (PS),production,5049.279069767442
2455,TG2009A20104,Togo,TG,Kara,Doufelgou,Doufelgou,Sorghum,Main,2001,5,2001,11,All (PS),production,5872.110912343471
2456,TG2009A20104,Togo,TG,Kara,Doufelgou,Doufelgou,Sorghum,Main,2002,5,2002,11,All (PS),production,5780.0715563506255
2457,TG2009A20104,Togo,TG,Kara,Doufelgou,Doufelgou,Sorghum,Main,2003,5,2003,11,All (PS),production,4241.173524150268
2458,TG2009A20104,Togo,TG,Kara,Doufelgou,Doufelgou,Sorghum,Main,2004,5,2004,11,All (PS),production,5734.972271914132
2459,TG2009A20104,Togo,TG,Kara,Doufelgou,Doufelgou,Sorghum,Main,2005,5,2005,11,All (PS),production,5819.648479427549
2460,TG2009A20104,Togo,TG,Kara,Doufelgou,Doufelgou,Sorghum,Main,2006,5,2006,11,All (PS),production,5786.514311270125
2461,TG2009A20104,Togo,TG,Kara,Doufelgou,Doufelgou,Sorghum,Main,2007,5,2007,11,All (PS),production,5125.671735241503
2462,TG2009A20104,Togo,TG,Kara,Doufelgou,Doufelgou,Sorghum,Main,2008,5,2008,11,All (PS),production,6174.0
2463,TG2009A20104,Togo,TG,Kara,Doufelgou,Doufelgou,Sorghum,Main,2009,5,2009,11,All (PS),production,6964.0
2464,TG2009A20104,Togo,TG,Kara,Doufelgou,Doufelgou,Sorghum,Main,2010,5,2010,11,All (PS),production,10432.0
2465,TG2009A20104,Togo,TG,Kara,Doufelgou,Doufelgou,Sorghum,Main,2011,5,2011,11,All (PS),production,8305.0
2466,TG2009A20104,Togo,TG,Kara,Doufelgou,Doufelgou,Sorghum,Main,2012,5,2012,11,All (PS),production,8086.0
2467,TG2009A20104,Togo,TG,Kara,Doufelgou,Doufelgou,Sorghum,Main,2015,5,2015,11,All (PS),production,5094.0
2468,TG2009A20104,Togo,TG,Kara,Doufelgou,Doufelgou,Maize,Main,1995,5,1995,11,All (PS),production,1591.360465116279
2469,TG2009A20104,Togo,TG,Kara,Doufelgou,Doufelgou,Maize,Main,1996,5,1996,11,All (PS),production,1917.179785330948
2470,TG2009A20104,Togo,TG,Kara,Doufelgou,Doufelgou,Maize,Main,1997,5,1997,11,All (PS),production,3206.6511627906975
2471,TG2009A20104,Togo,TG,Kara,Doufelgou,Doufelgou,Maize,Main,1998,5,1998,11,All (PS),production,4180.427549194991
2472,TG2009A20104,Togo,TG,Kara,Doufelgou,Doufelgou,Maize,Main,1999,5,1999,11,All (PS),production,3365.8792486583184
2473,TG2009A20104,Togo,TG,Kara,Doufelgou,Doufelgou,Maize,Main,2000,5,2000,11,All (PS),production,1652.1064400715563
2474,TG2009A20104,Togo,TG,Kara,Doufelgou,Doufelgou,Maize,Main,2001,5,2001,11,All (PS),production,2748.295169946333
2475,TG2009A20104,Togo,TG,Kara,Doufelgou,Doufelgou,Maize,Main,2002,5,2002,11,All (PS),production,2586.3059033989266
2476,TG2009A20104,Togo,TG,Kara,Doufelgou,Doufelgou,Maize,Main,2003,5,2003,11,All (PS),production,4607.490161001789
2477,TG2009A20104,Togo,TG,Kara,Doufelgou,Doufelgou,Maize,Main,2004,5,2004,11,All (PS),production,5314.352415026833
2478,TG2009A20104,Togo,TG,Kara,Doufelgou,Doufelgou,Maize,Main,2005,5,2005,11,All (PS),production,4588.161896243291
2479,TG2009A20104,Togo,TG,Kara,Doufelgou,Doufelgou,Maize,Main,2006,5,2006,11,All (PS),production,4304.6806797853305
2480,TG2009A20104,Togo,TG,Kara,Doufelgou,Doufelgou,Maize,Main,2007,5,2007,11,All (PS),production,2520.0375670840785
2481,TG2009A20104,Togo,TG,Kara,Doufelgou,Doufelgou,Maize,Main,2008,5,2008,11,All (PS),production,2374.6153846153848
2482,TG2009A20104,Togo,TG,Kara,Doufelgou,Doufelgou,Maize,Main,2009,5,2009,11,All (PS),production,2671.0
2483,TG2009A20104,Togo,TG,Kara,Doufelgou,Doufelgou,Maize,Main,2010,5,2010,11,All (PS),production,3287.0
2484,TG2009A20104,Togo,TG,Kara,Doufelgou,Doufelgou,Maize,Main,2011,5,2011,11,All (PS),production,2984.0
2485,TG2009A20104,Togo,TG,Kara,Doufelgou,Doufelgou,Maize,Main,2012,5,2012,11,All (PS),production,2204.0
2486,TG2009A20104,Togo,TG,Kara,Doufelgou,Doufelgou,Maize,Main,2015,5,2015,11,All (PS),production,4384.0
2487,TG2009A20104,Togo,TG,Kara,Doufelgou,Doufelgou,Millet,Main,1995,5,1995,11,All (PS),production,1258.1779964221823
2488,TG2009A20104,Togo,TG,Kara,Doufelgou,Doufelgou,Millet,Main,1996,5,1996,11,All (PS),production,1804.891771019678
2489,TG2009A20104,Togo,TG,Kara,Doufelgou,Doufelgou,Millet,Main,1997,5,1997,11,All (PS),production,953.5277280858676
2490,TG2009A20104,Togo,TG,Kara,Doufelgou,Doufelgou,Millet,Main,1998,5,1998,11,All (PS),production,1035.442754919499
2491,TG2009A20104,Togo,TG,Kara,Doufelgou,Doufelgou,Millet,Main,1999,5,1999,11,All (PS),production,360.7942754919499
2492,TG2009A20104,Togo,TG,Kara,Doufelgou,Doufelgou,Millet,Main,2000,5,2000,11,All (PS),production,1288.5509838998212
2493,TG2009A20104,Togo,TG,Kara,Doufelgou,Doufelgou,Millet,Main,2001,5,2001,11,All (PS),production,1299.5957066189624
2494,TG2009A20104,Togo,TG,Kara,Doufelgou,Doufelgou,Millet,Main,2002,5,2002,11,All (PS),production,1294.9937388193202
2495,TG2009A20104,Togo,TG,Kara,Doufelgou,Doufelgou,Millet,Main,2003,5,2003,11,All (PS),production,614.8228980322003
2496,TG2009A20104,Togo,TG,Kara,Doufelgou,Doufelgou,Millet,Main,2004,5,2004,11,All (PS),production,1323.525939177102
2497,TG2009A20104,Togo,TG,Kara,Doufelgou,Doufelgou,Millet,Main,2005,5,2005,11,All (PS),production,717.9069767441861
2498,TG2009A20104,Togo,TG,Kara,Doufelgou,Doufelgou,Millet,Main,2006,5,2006,11,All (PS),production,416.93828264758497
2499,TG2009A20104,Togo,TG,Kara,Doufelgou,Doufelgou,Millet,Main,2007,5,2007,11,All (PS),production,254.02862254025044
2500,TG2009A20104,Togo,TG,Kara,Doufelgou,Doufelgou,Millet,Main,2008,5,2008,11,All (PS),production,576.1663685152057
2501,TG2009A20104,Togo,TG,Kara,Doufelgou,Doufelgou,Millet,Main,2009,5,2009,11,All (PS),production,633.0
2502,TG2009A20104,Togo,TG,Kara,Doufelgou,Doufelgou,Millet,Main,2010,5,2010,11,All (PS),production,991.0
2503,TG2009A20104,Togo,TG,Kara,Doufelgou,Doufelgou,Millet,Main,2011,5,2011,11,All (PS),production,767.0
2504,TG2009A20104,Togo,TG,Kara,Doufelgou,Doufelgou,Millet,Main,2012,5,2012,11,All (PS),production,752.0
2505,TG2009A20104,Togo,TG,Kara,Doufelgou,Doufelgou,Millet,Main,2015,5,2015,11,All (PS),production,1959.0
2506,TG2009A20104,Togo,TG,Kara,Doufelgou,Doufelgou,Cassava,Main,2015,5,2015,11,All (PS),production,1137.0
2507,TG2009A20104,Togo,TG,Kara,Doufelgou,Doufelgou,Yams,Main,2015,5,2015,11,All (PS),production,6435.0
2508,TG2009A20104,Togo,TG,Kara,Doufelgou,Doufelgou,Beans (mixed),Main,2015,5,2015,11,All (PS),production,1384.0
2509,TG2009A20104,Togo,TG,Kara,Doufelgou,Doufelgou,Groundnuts (In Shell),Main,2015,5,2015,11,All (PS),production,313.0
2510,TG2009A20105,Togo,TG,Kara,Kéran,Kéran,Sorghum,Main,1995,5,1995,11,All (PS),production,1751.0
2511,TG2009A20105,Togo,TG,Kara,Kéran,Kéran,Sorghum,Main,1996,5,1996,11,All (PS),production,1998.0
2512,TG2009A20105,Togo,TG,Kara,Kéran,Kéran,Sorghum,Main,1997,5,1997,11,All (PS),production,14627.0
2513,TG2009A20105,Togo,TG,Kara,Kéran,Kéran,Sorghum,Main,1998,5,1998,11,All (PS),production,17017.0
2514,TG2009A20105,Togo,TG,Kara,Kéran,Kéran,Sorghum,Main,1999,5,1999,11,All (PS),production,7954.0
2515,TG2009A20105,Togo,TG,Kara,Kéran,Kéran,Sorghum,Main,2000,5,2000,11,All (PS),production,8011.0
2516,TG2009A20105,Togo,TG,Kara,Kéran,Kéran,Sorghum,Main,2001,5,2001,11,All (PS),production,7398.0
2517,TG2009A20105,Togo,TG,Kara,Kéran,Kéran,Sorghum,Main,2002,5,2002,11,All (PS),production,4162.0
2518,TG2009A20105,Togo,TG,Kara,Kéran,Kéran,Sorghum,Main,2003,5,2003,11,All (PS),production,5040.0
2519,TG2009A20105,Togo,TG,Kara,Kéran,Kéran,Sorghum,Main,2004,5,2004,11,All (PS),production,4542.0
2520,TG2009A20105,Togo,TG,Kara,Kéran,Kéran,Sorghum,Main,2005,5,2005,11,All (PS),production,3457.0
2521,TG2009A20105,Togo,TG,Kara,Kéran,Kéran,Sorghum,Main,2006,5,2006,11,All (PS),production,3756.0
2522,TG2009A20105,Togo,TG,Kara,Kéran,Kéran,Sorghum,Main,2007,5,2007,11,All (PS),production,4684.0
2523,TG2009A20105,Togo,TG,Kara,Kéran,Kéran,Sorghum,Main,2008,5,2008,11,All (PS),production,4632.0
2524,TG2009A20105,Togo,TG,Kara,Kéran,Kéran,Sorghum,Main,2009,5,2009,11,All (PS),production,4750.0
2525,TG2009A20105,Togo,TG,Kara,Kéran,Kéran,Sorghum,Main,2010,5,2010,11,All (PS),production,6259.0
2526,TG2009A20105,Togo,TG,Kara,Kéran,Kéran,Sorghum,Main,2011,5,2011,11,All (PS),production,5688.0
2527,TG2009A20105,Togo,TG,Kara,Kéran,Kéran,Sorghum,Main,2012,5,2012,11,All (PS),production,5441.0
2528,TG2009A20105,Togo,TG,Kara,Kéran,Kéran,Sorghum,Main,2015,5,2015,11,All (PS),production,7224.0
2529,TG2009A20105,Togo,TG,Kara,Kéran,Kéran,Maize,Main,1995,5,1995,11,All (PS),production,996.0
2530,TG2009A20105,Togo,TG,Kara,Kéran,Kéran,Maize,Main,1996,5,1996,11,All (PS),production,151.0
2531,TG2009A20105,Togo,TG,Kara,Kéran,Kéran,Maize,Main,1997,5,1997,11,All (PS),production,2428.0
2532,TG2009A20105,Togo,TG,Kara,Kéran,Kéran,Maize,Main,1998,5,1998,11,All (PS),production,1979.0
2533,TG2009A20105,Togo,TG,Kara,Kéran,Kéran,Maize,Main,1999,5,1999,11,All (PS),production,2128.0
2534,TG2009A20105,Togo,TG,Kara,Kéran,Kéran,Maize,Main,2000,5,2000,11,All (PS),production,3217.0
2535,TG2009A20105,Togo,TG,Kara,Kéran,Kéran,Maize,Main,2001,5,2001,11,All (PS),production,2243.0
2536,TG2009A20105,Togo,TG,Kara,Kéran,Kéran,Maize,Main,2002,5,2002,11,All (PS),production,1485.0
2537,TG2009A20105,Togo,TG,Kara,Kéran,Kéran,Maize,Main,2003,5,2003,11,All (PS),production,2158.0
2538,TG2009A20105,Togo,TG,Kara,Kéran,Kéran,Maize,Main,2004,5,2004,11,All (PS),production,4313.0
2539,TG2009A20105,Togo,TG,Kara,Kéran,Kéran,Maize,Main,2005,5,2005,11,All (PS),production,3808.0
2540,TG2009A20105,Togo,TG,Kara,Kéran,Kéran,Maize,Main,2006,5,2006,11,All (PS),production,3814.0
2541,TG2009A20105,Togo,TG,Kara,Kéran,Kéran,Maize,Main,2007,5,2007,11,All (PS),production,1465.0
2542,TG2009A20105,Togo,TG,Kara,Kéran,Kéran,Maize,Main,2008,5,2008,11,All (PS),production,2662.0
2543,TG2009A20105,Togo,TG,Kara,Kéran,Kéran,Maize,Main,2009,5,2009,11,All (PS),production,2512.0
2544,TG2009A20105,Togo,TG,Kara,Kéran,Kéran,Maize,Main,2010,5,2010,11,All (PS),production,2937.0
2545,TG2009A20105,Togo,TG,Kara,Kéran,Kéran,Maize,Main,2011,5,2011,11,All (PS),production,3298.0
2546,TG2009A20105,Togo,TG,Kara,Kéran,Kéran,Maize,Main,2012,5,2012,11,All (PS),production,2658.0
2547,TG2009A20105,Togo,TG,Kara,Kéran,Kéran,Maize,Main,2015,5,2015,11,All (PS),production,5503.0
2548,TG2009A20105,Togo,TG,Kara,Kéran,Kéran,Millet,Main,1995,5,1995,11,All (PS),production,942.0
2549,TG2009A20105,Togo,TG,Kara,Kéran,Kéran,Millet,Main,1996,5,1996,11,All (PS),production,768.0
2550,TG2009A20105,Togo,TG,Kara,Kéran,Kéran,Millet,Main,1997,5,1997,11,All (PS),production,463.0
2551,TG2009A20105,Togo,TG,Kara,Kéran,Kéran,Millet,Main,1998,5,1998,11,All (PS),production,714.0
2552,TG2009A20105,Togo,TG,Kara,Kéran,Kéran,Millet,Main,1999,5,1999,11,All (PS),production,1367.0
2553,TG2009A20105,Togo,TG,Kara,Kéran,Kéran,Millet,Main,2000,5,2000,11,All (PS),production,828.0
2554,TG2009A20105,Togo,TG,Kara,Kéran,Kéran,Millet,Main,2001,5,2001,11,All (PS),production,325.0
2555,TG2009A20105,Togo,TG,Kara,Kéran,Kéran,Millet,Main,2002,5,2002,11,All (PS),production,898.0
2556,TG2009A20105,Togo,TG,Kara,Kéran,Kéran,Millet,Main,2003,5,2003,11,All (PS),production,289.0
2557,TG2009A20105,Togo,TG,Kara,Kéran,Kéran,Millet,Main,2004,5,2004,11,All (PS),production,204.0
2558,TG2009A20105,Togo,TG,Kara,Kéran,Kéran,Millet,Main,2005,5,2005,11,All (PS),production,242.0
2559,TG2009A20105,Togo,TG,Kara,Kéran,Kéran,Millet,Main,2006,5,2006,11,All (PS),production,268.0
2560,TG2009A20105,Togo,TG,Kara,Kéran,Kéran,Millet,Main,2007,5,2007,11,All (PS),production,217.0
2561,TG2009A20105,Togo,TG,Kara,Kéran,Kéran,Millet,Main,2008,5,2008,11,All (PS),production,326.0
2562,TG2009A20105,Togo,TG,Kara,Kéran,Kéran,Millet,Main,2009,5,2009,11,All (PS),production,297.0
2563,TG2009A20105,Togo,TG,Kara,Kéran,Kéran,Millet,Main,2010,5,2010,11,All (PS),production,353.0
2564,TG2009A20105,Togo,TG,Kara,Kéran,Kéran,Millet,Main,2011,5,2011,11,All (PS),production,380.0
2565,TG2009A20105,Togo,TG,Kara,Kéran,Kéran,Millet,Main,2012,5,2012,11,All (PS),production,343.0
2566,TG2009A20105,Togo,TG,Kara,Kéran,Kéran,Millet,Main,2015,5,2015,11,All (PS),production,172.0
2567,TG2009A20105,Togo,TG,Kara,Kéran,Kéran,Cassava,Main,2015,5,2015,11,All (PS),production,2472.0
2568,TG2009A20105,Togo,TG,Kara,Kéran,Kéran,Yams,Main,2015,5,2015,11,All (PS),production,6860.0
2569,TG2009A20105,Togo,TG,Kara,Kéran,Kéran,Beans (mixed),Main,2015,5,2015,11,All (PS),production,2908.0
2570,TG2009A20105,Togo,TG,Kara,Kéran,Kéran,Groundnuts (In Shell),Main,2015,5,2015,11,All (PS),production,403.0
2571,TG2009A20106,Togo,TG,Kara,Kozah,Kozah,Sorghum,Main,1995,5,1995,11,All (PS),production,1760.0
2572,TG2009A20106,Togo,TG,Kara,Kozah,Kozah,Sorghum,Main,1996,5,1996,11,All (PS),production,2855.0
2573,TG2009A20106,Togo,TG,Kara,Kozah,Kozah,Sorghum,Main,1997,5,1997,11,All (PS),production,8037.0
2574,TG2009A20106,Togo,TG,Kara,Kozah,Kozah,Sorghum,Main,1998,5,1998,11,All (PS),production,8183.0
2575,TG2009A20106,Togo,TG,Kara,Kozah,Kozah,Sorghum,Main,1999,5,1999,11,All (PS),production,7508.0
2576,TG2009A20106,Togo,TG,Kara,Kozah,Kozah,Sorghum,Main,2000,5,2000,11,All (PS),production,5714.0
2577,TG2009A20106,Togo,TG,Kara,Kozah,Kozah,Sorghum,Main,2001,5,2001,11,All (PS),production,5994.0
2578,TG2009A20106,Togo,TG,Kara,Kozah,Kozah,Sorghum,Main,2002,5,2002,11,All (PS),production,12380.0
2579,TG2009A20106,Togo,TG,Kara,Kozah,Kozah,Sorghum,Main,2003,5,2003,11,All (PS),production,6055.0
2580,TG2009A20106,Togo,TG,Kara,Kozah,Kozah,Sorghum,Main,2004,5,2004,11,All (PS),production,6491.0
2581,TG2009A20106,Togo,TG,Kara,Kozah,Kozah,Sorghum,Main,2005,5,2005,11,All (PS),production,7181.0
2582,TG2009A20106,Togo,TG,Kara,Kozah,Kozah,Sorghum,Main,2006,5,2006,11,All (PS),production,9708.0
2583,TG2009A20106,Togo,TG,Kara,Kozah,Kozah,Sorghum,Main,2007,5,2007,11,All (PS),production,9009.0
2584,TG2009A20106,Togo,TG,Kara,Kozah,Kozah,Sorghum,Main,2008,5,2008,11,All (PS),production,7218.0
2585,TG2009A20106,Togo,TG,Kara,Kozah,Kozah,Sorghum,Main,2009,5,2009,11,All (PS),production,7716.0
2586,TG2009A20106,Togo,TG,Kara,Kozah,Kozah,Sorghum,Main,2010,5,2010,11,All (PS),production,11837.0
2587,TG2009A20106,Togo,TG,Kara,Kozah,Kozah,Sorghum,Main,2011,5,2011,11,All (PS),production,9017.0
2588,TG2009A20106,Togo,TG,Kara,Kozah,Kozah,Sorghum,Main,2012,5,2012,11,All (PS),production,8919.0
2589,TG2009A20106,Togo,TG,Kara,Kozah,Kozah,Sorghum,Main,2015,5,2015,11,All (PS),production,20358.0
2590,TG2009A20106,Togo,TG,Kara,Kozah,Kozah,Maize,Main,1995,5,1995,11,All (PS),production,1816.0
2591,TG2009A20106,Togo,TG,Kara,Kozah,Kozah,Maize,Main,1996,5,1996,11,All (PS),production,3909.0
2592,TG2009A20106,Togo,TG,Kara,Kozah,Kozah,Maize,Main,1997,5,1997,11,All (PS),production,4863.0
2593,TG2009A20106,Togo,TG,Kara,Kozah,Kozah,Maize,Main,1998,5,1998,11,All (PS),production,3907.0
2594,TG2009A20106,Togo,TG,Kara,Kozah,Kozah,Maize,Main,1999,5,1999,11,All (PS),production,3177.0
2595,TG2009A20106,Togo,TG,Kara,Kozah,Kozah,Maize,Main,2000,5,2000,11,All (PS),production,4480.0
2596,TG2009A20106,Togo,TG,Kara,Kozah,Kozah,Maize,Main,2001,5,2001,11,All (PS),production,3288.0
2597,TG2009A20106,Togo,TG,Kara,Kozah,Kozah,Maize,Main,2002,5,2002,11,All (PS),production,4058.0
2598,TG2009A20106,Togo,TG,Kara,Kozah,Kozah,Maize,Main,2003,5,2003,11,All (PS),production,3771.0
2599,TG2009A20106,Togo,TG,Kara,Kozah,Kozah,Maize,Main,2004,5,2004,11,All (PS),production,5110.0
2600,TG2009A20106,Togo,TG,Kara,Kozah,Kozah,Maize,Main,2005,5,2005,11,All (PS),production,6259.0
2601,TG2009A20106,Togo,TG,Kara,Kozah,Kozah,Maize,Main,2006,5,2006,11,All (PS),production,7598.0
2602,TG2009A20106,Togo,TG,Kara,Kozah,Kozah,Maize,Main,2007,5,2007,11,All (PS),production,9001.0
2603,TG2009A20106,Togo,TG,Kara,Kozah,Kozah,Maize,Main,2008,5,2008,11,All (PS),production,6499.0
2604,TG2009A20106,Togo,TG,Kara,Kozah,Kozah,Maize,Main,2009,5,2009,11,All (PS),production,5889.0
2605,TG2009A20106,Togo,TG,Kara,Kozah,Kozah,Maize,Main,2010,5,2010,11,All (PS),production,6894.0
2606,TG2009A20106,Togo,TG,Kara,Kozah,Kozah,Maize,Main,2011,5,2011,11,All (PS),production,7856.0
2607,TG2009A20106,Togo,TG,Kara,Kozah,Kozah,Maize,Main,2012,5,2012,11,All (PS),production,6696.0
2608,TG2009A20106,Togo,TG,Kara,Kozah,Kozah,Maize,Main,2015,5,2015,11,All (PS),production,10824.0
2609,TG2009A20106,Togo,TG,Kara,Kozah,Kozah,Millet,Main,1995,5,1995,11,All (PS),production,2270.0
2610,TG2009A20106,Togo,TG,Kara,Kozah,Kozah,Millet,Main,1996,5,1996,11,All (PS),production,1193.0
2611,TG2009A20106,Togo,TG,Kara,Kozah,Kozah,Millet,Main,1997,5,1997,11,All (PS),production,1424.0
2612,TG2009A20106,Togo,TG,Kara,Kozah,Kozah,Millet,Main,1998,5,1998,11,All (PS),production,1125.0
2613,TG2009A20106,Togo,TG,Kara,Kozah,Kozah,Millet,Main,1999,5,1999,11,All (PS),production,731.0
2614,TG2009A20106,Togo,TG,Kara,Kozah,Kozah,Millet,Main,2000,5,2000,11,All (PS),production,615.0
2615,TG2009A20106,Togo,TG,Kara,Kozah,Kozah,Millet,Main,2001,5,2001,11,All (PS),production,984.0
2616,TG2009A20106,Togo,TG,Kara,Kozah,Kozah,Millet,Main,2002,5,2002,11,All (PS),production,1292.0
2617,TG2009A20106,Togo,TG,Kara,Kozah,Kozah,Millet,Main,2003,5,2003,11,All (PS),production,1029.0
2618,TG2009A20106,Togo,TG,Kara,Kozah,Kozah,Millet,Main,2004,5,2004,11,All (PS),production,540.0
2619,TG2009A20106,Togo,TG,Kara,Kozah,Kozah,Millet,Main,2005,5,2005,11,All (PS),production,436.0
2620,TG2009A20106,Togo,TG,Kara,Kozah,Kozah,Millet,Main,2006,5,2006,11,All (PS),production,422.0
2621,TG2009A20106,Togo,TG,Kara,Kozah,Kozah,Millet,Main,2007,5,2007,11,All (PS),production,985.0
2622,TG2009A20106,Togo,TG,Kara,Kozah,Kozah,Millet,Main,2008,5,2008,11,All (PS),production,878.0
2623,TG2009A20106,Togo,TG,Kara,Kozah,Kozah,Millet,Main,2009,5,2009,11,All (PS),production,849.0
2624,TG2009A20106,Togo,TG,Kara,Kozah,Kozah,Millet,Main,2010,5,2010,11,All (PS),production,1741.0
2625,TG2009A20106,Togo,TG,Kara,Kozah,Kozah,Millet,Main,2011,5,2011,11,All (PS),production,1104.0
2626,TG2009A20106,Togo,TG,Kara,Kozah,Kozah,Millet,Main,2012,5,2012,11,All (PS),production,1135.0
2627,TG2009A20106,Togo,TG,Kara,Kozah,Kozah,Millet,Main,2015,5,2015,11,All (PS),production,592.0
2628,TG2009A20106,Togo,TG,Kara,Kozah,Kozah,Cassava,Main,2015,5,2015,11,All (PS),production,21142.0
2629,TG2009A20106,Togo,TG,Kara,Kozah,Kozah,Yams,Main,2015,5,2015,11,All (PS),production,27114.0
2630,TG2009A20106,Togo,TG,Kara,Kozah,Kozah,Beans (mixed),Main,2015,5,2015,11,All (PS),production,3461.0
2631,TG2009A20106,Togo,TG,Kara,Kozah,Kozah,Groundnuts (In Shell),Main,2015,5,2015,11,All (PS),production,1427.0
2632,TG2009A20107,Togo,TG,Kara,Dankpen,Dankpen,Sorghum,Main,1998,5,1998,11,All (PS),production,14309.0
2633,TG2009A20107,Togo,TG,Kara,Dankpen,Dankpen,Sorghum,Main,1999,5,1999,11,All (PS),production,8904.0
2634,TG2009A20107,Togo,TG,Kara,Dankpen,Dankpen,Sorghum,Main,2000,5,2000,11,All (PS),production,9276.0
2635,TG2009A20107,Togo,TG,Kara,Dankpen,Dankpen,Sorghum,Main,2001,5,2001,11,All (PS),production,6471.0
2636,TG2009A20107,Togo,TG,Kara,Dankpen,Dankpen,Sorghum,Main,2002,5,2002,11,All (PS),production,8086.0
2637,TG2009A20107,Togo,TG,Kara,Dankpen,Dankpen,Sorghum,Main,2003,5,2003,11,All (PS),production,7321.0
2638,TG2009A20107,Togo,TG,Kara,Dankpen,Dankpen,Sorghum,Main,2004,5,2004,11,All (PS),production,3557.0
2639,TG2009A20107,Togo,TG,Kara,Dankpen,Dankpen,Sorghum,Main,2005,5,2005,11,All (PS),production,4493.0
2640,TG2009A20107,Togo,TG,Kara,Dankpen,Dankpen,Sorghum,Main,2006,5,2006,11,All (PS),production,4981.0
2641,TG2009A20107,Togo,TG,Kara,Dankpen,Dankpen,Sorghum,Main,2007,5,2007,11,All (PS),production,6226.0
2642,TG2009A20107,Togo,TG,Kara,Dankpen,Dankpen,Sorghum,Main,2008,5,2008,11,All (PS),production,6910.0
2643,TG2009A20107,Togo,TG,Kara,Dankpen,Dankpen,Sorghum,Main,2009,5,2009,11,All (PS),production,7064.0
2644,TG2009A20107,Togo,TG,Kara,Dankpen,Dankpen,Sorghum,Main,2010,5,2010,11,All (PS),production,9504.0
2645,TG2009A20107,Togo,TG,Kara,Dankpen,Dankpen,Sorghum,Main,2011,5,2011,11,All (PS),production,8804.0
2646,TG2009A20107,Togo,TG,Kara,Dankpen,Dankpen,Sorghum,Main,2012,5,2012,11,All (PS),production,8054.0
2647,TG2009A20107,Togo,TG,Kara,Dankpen,Dankpen,Sorghum,Main,2015,5,2015,11,All (PS),production,17066.0
2648,TG2009A20107,Togo,TG,Kara,Dankpen,Dankpen,Maize,Main,1998,5,1998,11,All (PS),production,9369.0
2649,TG2009A20107,Togo,TG,Kara,Dankpen,Dankpen,Maize,Main,1999,5,1999,11,All (PS),production,4814.0
2650,TG2009A20107,Togo,TG,Kara,Dankpen,Dankpen,Maize,Main,2000,5,2000,11,All (PS),production,8476.0
2651,TG2009A20107,Togo,TG,Kara,Dankpen,Dankpen,Maize,Main,2001,5,2001,11,All (PS),production,7178.0
2652,TG2009A20107,Togo,TG,Kara,Dankpen,Dankpen,Maize,Main,2002,5,2002,11,All (PS),production,6424.0
2653,TG2009A20107,Togo,TG,Kara,Dankpen,Dankpen,Maize,Main,2003,5,2003,11,All (PS),production,7433.0
2654,TG2009A20107,Togo,TG,Kara,Dankpen,Dankpen,Maize,Main,2004,5,2004,11,All (PS),production,5635.0
2655,TG2009A20107,Togo,TG,Kara,Dankpen,Dankpen,Maize,Main,2005,5,2005,11,All (PS),production,7123.0
2656,TG2009A20107,Togo,TG,Kara,Dankpen,Dankpen,Maize,Main,2006,5,2006,11,All (PS),production,7625.0
2657,TG2009A20107,Togo,TG,Kara,Dankpen,Dankpen,Maize,Main,2007,5,2007,11,All (PS),production,6330.0
2658,TG2009A20107,Togo,TG,Kara,Dankpen,Dankpen,Maize,Main,2008,5,2008,11,All (PS),production,5623.0
2659,TG2009A20107,Togo,TG,Kara,Dankpen,Dankpen,Maize,Main,2009,5,2009,11,All (PS),production,5966.0
2660,TG2009A20107,Togo,TG,Kara,Dankpen,Dankpen,Maize,Main,2010,5,2010,11,All (PS),production,7290.0
2661,TG2009A20107,Togo,TG,Kara,Dankpen,Dankpen,Maize,Main,2011,5,2011,11,All (PS),production,7024.0
2662,TG2009A20107,Togo,TG,Kara,Dankpen,Dankpen,Maize,Main,2012,5,2012,11,All (PS),production,5177.0
2663,TG2009A20107,Togo,TG,Kara,Dankpen,Dankpen,Maize,Main,2015,5,2015,11,All (PS),production,12654.0
2664,TG2009A20107,Togo,TG,Kara,Dankpen,Dankpen,Millet,Main,1998,5,1998,11,All (PS),production,1438.0
2665,TG2009A20107,Togo,TG,Kara,Dankpen,Dankpen,Millet,Main,1999,5,1999,11,All (PS),production,1406.0
2666,TG2009A20107,Togo,TG,Kara,Dankpen,Dankpen,Millet,Main,2000,5,2000,11,All (PS),production,2699.0
2667,TG2009A20107,Togo,TG,Kara,Dankpen,Dankpen,Millet,Main,2001,5,2001,11,All (PS),production,1628.0
2668,TG2009A20107,Togo,TG,Kara,Dankpen,Dankpen,Millet,Main,2002,5,2002,11,All (PS),production,2163.0
2669,TG2009A20107,Togo,TG,Kara,Dankpen,Dankpen,Millet,Main,2003,5,2003,11,All (PS),production,4109.0
2670,TG2009A20107,Togo,TG,Kara,Dankpen,Dankpen,Millet,Main,2004,5,2004,11,All (PS),production,309.0
2671,TG2009A20107,Togo,TG,Kara,Dankpen,Dankpen,Millet,Main,2005,5,2005,11,All (PS),production,502.0
2672,TG2009A20107,Togo,TG,Kara,Dankpen,Dankpen,Millet,Main,2006,5,2006,11,All (PS),production,295.0
2673,TG2009A20107,Togo,TG,Kara,Dankpen,Dankpen,Millet,Main,2008,5,2008,11,All (PS),production,889.0
2674,TG2009A20107,Togo,TG,Kara,Dankpen,Dankpen,Millet,Main,2009,5,2009,11,All (PS),production,883.0
2675,TG2009A20107,Togo,TG,Kara,Dankpen,Dankpen,Millet,Main,2010,5,2010,11,All (PS),production,1839.0
2676,TG2009A20107,Togo,TG,Kara,Dankpen,Dankpen,Millet,Main,2011,5,2011,11,All (PS),production,1158.0
2677,TG2009A20107,Togo,TG,Kara,Dankpen,Dankpen,Millet,Main,2012,5,2012,11,All (PS),production,1180.0
2678,TG2009A20107,Togo,TG,Kara,Dankpen,Dankpen,Millet,Main,2015,5,2015,11,All (PS),production,980.0
2679,TG2009A20107,Togo,TG,Kara,Dankpen,Dankpen,Cassava,Main,2015,5,2015,11,All (PS),production,14218.0
2680,TG2009A20107,Togo,TG,Kara,Dankpen,Dankpen,Yams,Main,2015,5,2015,11,All (PS),production,66653.0
2681,TG2009A20107,Togo,TG,Kara,Dankpen,Dankpen,Beans (mixed),Main,2015,5,2015,11,All (PS),production,2315.0
2682,TG2009A20107,Togo,TG,Kara,Dankpen,Dankpen,Groundnuts (In Shell),Main,2015,5,2015,11,All (PS),production,5785.0
2683,TG2009A20201,Togo,TG,Plateaux,Haho,Haho,Sorghum,Main,1995,5,1995,11,All (PS),production,2274.6237966884864
2684,TG2009A20201,Togo,TG,Plateaux,Haho,Haho,Sorghum,Main,1996,5,1996,11,All (PS),production,2037.664227955333
2685,TG2009A20201,Togo,TG,Plateaux,Haho,Haho,Sorghum,Main,1997,5,1997,11,All (PS),production,1717.9568733153637
2686,TG2009A20201,Togo,TG,Plateaux,Haho,Haho,Sorghum,Main,1998,5,1998,11,All (PS),production,2958.233346168656
2687,TG2009A20201,Togo,TG,Plateaux,Haho,Haho,Sorghum,Main,1999,5,1999,11,All (PS),production,2457.9853677319984
2688,TG2009A20201,Togo,TG,Plateaux,Haho,Haho,Sorghum,Main,2000,5,2000,11,All (PS),production,3449.078167115903
2689,TG2009A20201,Togo,TG,Plateaux,Haho,Haho,Sorghum,Main,2001,5,2001,11,All (PS),production,4258.6900269541775
2690,TG2009A20201,Togo,TG,Plateaux,Haho,Haho,Sorghum,Main,2002,5,2002,11,All (PS),production,3974.71467077397
2691,TG2009A20201,Togo,TG,Plateaux,Haho,Haho,Sorghum,Main,2003,5,2003,11,All (PS),production,7788.635348479014
2692,TG2009A20201,Togo,TG,Plateaux,Haho,Haho,Sorghum,Main,2004,5,2004,11,All (PS),production,7820.606083943011
2693,TG2009A20201,Togo,TG,Plateaux,Haho,Haho,Sorghum,Main,2005,5,2005,11,All (PS),production,7699.305352329611
2694,TG2009A20201,Togo,TG,Plateaux,Haho,Haho,Sorghum,Main,2006,5,2006,11,All (PS),production,12653.829033500191
2695,TG2009A20201,Togo,TG,Plateaux,Haho,Haho,Sorghum,Main,2007,5,2007,11,All (PS),production,9420.083172891798
2696,TG2009A20201,Togo,TG,Plateaux,Haho,Haho,Sorghum,Main,2008,5,2008,11,All (PS),production,13057.224489795917
2697,TG2009A20201,Togo,TG,Plateaux,Haho,Haho,Sorghum,Main,2009,5,2009,11,All (PS),production,9706.0
2698,TG2009A20201,Togo,TG,Plateaux,Haho,Haho,Sorghum,Main,2010,5,2010,11,All (PS),production,12091.0
2699,TG2009A20201,Togo,TG,Plateaux,Haho,Haho,Sorghum,Main,2011,5,2011,11,All (PS),production,12884.0
2700,TG2009A20201,Togo,TG,Plateaux,Haho,Haho,Sorghum,Main,2012,5,2012,11,All (PS),production,5074.0
2701,TG2009A20201,Togo,TG,Plateaux,Haho,Haho,Sorghum,Main,2013,5,2013,11,All (PS),production,15218.0
2702,TG2009A20201,Togo,TG,Plateaux,Haho,Haho,Sorghum,Main,2014,5,2014,11,All (PS),production,7803.0
2703,TG2009A20201,Togo,TG,Plateaux,Haho,Haho,Sorghum,Main,2015,5,2015,11,All (PS),production,12084.0
2704,TG2009A20201,Togo,TG,Plateaux,Haho,Haho,Maize,Main,1995,5,1995,11,All (PS),production,68297.95379283788
2705,TG2009A20201,Togo,TG,Plateaux,Haho,Haho,Maize,Main,1996,5,1996,11,All (PS),production,48485.50096264921
2706,TG2009A20201,Togo,TG,Plateaux,Haho,Haho,Maize,Main,1997,5,1997,11,All (PS),production,49521.728917982284
2707,TG2009A20201,Togo,TG,Plateaux,Haho,Haho,Maize,Main,1998,5,1998,11,All (PS),production,59954.53215248363
2708,TG2009A20201,Togo,TG,Plateaux,Haho,Haho,Maize,Main,1999,5,1999,11,All (PS),production,37416.103966114744
2709,TG2009A20201,Togo,TG,Plateaux,Haho,Haho,Maize,Main,2000,5,2000,11,All (PS),production,69427.27300731614
2710,TG2009A20201,Togo,TG,Plateaux,Haho,Haho,Maize,Main,2001,5,2001,11,All (PS),production,5964.422795533307
2711,TG2009A20201,Togo,TG,Plateaux,Haho,Haho,Maize,Main,2002,5,2002,11,All (PS),production,56794.13092029264
2712,TG2009A20201,Togo,TG,Plateaux,Haho,Haho,Maize,Main,2003,5,2003,11,All (PS),production,71967.065845206
2713,TG2009A20201,Togo,TG,Plateaux,Haho,Haho,Maize,Main,2004,5,2004,11,All (PS),production,92762.14863303812
2714,TG2009A20201,Togo,TG,Plateaux,Haho,Haho,Maize,Main,2005,5,2005,11,All (PS),production,86336.97112052368
2715,TG2009A20201,Togo,TG,Plateaux,Haho,Haho,Maize,Main,2006,5,2006,11,All (PS),production,80177.90296495956
2716,TG2009A20201,Togo,TG,Plateaux,Haho,Haho,Maize,Main,2007,5,2007,11,All (PS),production,74432.57373892952
2717,TG2009A20201,Togo,TG,Plateaux,Haho,Haho,Maize,Main,2008,5,2008,11,All (PS),production,91391.16827108202
2718,TG2009A20201,Togo,TG,Plateaux,Haho,Haho,Maize,Main,2009,5,2009,11,All (PS),production,95855.0
2719,TG2009A20201,Togo,TG,Plateaux,Haho,Haho,Maize,Main,2010,5,2010,11,All (PS),production,101061.0
2720,TG2009A20201,Togo,TG,Plateaux,Haho,Haho,Maize,Main,2011,5,2011,11,All (PS),production,105407.0
2721,TG2009A20201,Togo,TG,Plateaux,Haho,Haho,Maize,Main,2012,5,2012,11,All (PS),production,77429.0
2722,TG2009A20201,Togo,TG,Plateaux,Haho,Haho,Maize,Main,2013,5,2013,11,All (PS),production,51697.0
2723,TG2009A20201,Togo,TG,Plateaux,Haho,Haho,Maize,Main,2014,5,2014,11,All (PS),production,88922.0
2724,TG2009A20201,Togo,TG,Plateaux,Haho,Haho,Maize,Main,2015,5,2015,11,All (PS),production,67930.0
2725,TG2009A20201,Togo,TG,Plateaux,Haho,Haho,Millet,Main,2012,5,2012,11,All (PS),production,1920.0
2726,TG2009A20201,Togo,TG,Plateaux,Haho,Haho,Millet,Main,2013,5,2013,11,All (PS),production,15543.0
2727,TG2009A20201,Togo,TG,Plateaux,Haho,Haho,Millet,Main,2014,5,2014,11,All (PS),production,11185.0
2728,TG2009A20201,Togo,TG,Plateaux,Haho,Haho,Millet,Main,2015,5,2015,11,All (PS),production,4571.0
2729,TG2009A20201,Togo,TG,Plateaux,Haho,Haho,Rice,Annual,2010,5,2010,11,All (PS),production,2817.0
2730,TG2009A20201,Togo,TG,Plateaux,Haho,Haho,Rice,Annual,2011,5,2011,11,All (PS),production,3411.0
2731,TG2009A20201,Togo,TG,Plateaux,Haho,Haho,Rice,Annual,2012,5,2012,11,All (PS),production,5635.0
2732,TG2009A20201,Togo,TG,Plateaux,Haho,Haho,Rice,Annual,2013,5,2013,11,All (PS),production,818.0
2733,TG2009A20201,Togo,TG,Plateaux,Haho,Haho,Rice,Annual,2014,5,2014,11,All (PS),production,648.0
2734,TG2009A20201,Togo,TG,Plateaux,Haho,Haho,Rice,Annual,2015,5,2015,11,All (PS),production,648.0
2735,TG2009A20201,Togo,TG,Plateaux,Haho,Haho,Cassava,Main,2010,5,2010,11,All (PS),production,62614.0
2736,TG2009A20201,Togo,TG,Plateaux,Haho,Haho,Cassava,Main,2011,5,2011,11,All (PS),production,77395.0
2737,TG2009A20201,Togo,TG,Plateaux,Haho,Haho,Cassava,Main,2012,5,2012,11,All (PS),production,69793.0
2738,TG2009A20201,Togo,TG,Plateaux,Haho,Haho,Cassava,Main,2013,5,2013,11,All (PS),production,124193.0
2739,TG2009A20201,Togo,TG,Plateaux,Haho,Haho,Cassava,Main,2014,5,2014,11,All (PS),production,96877.0
2740,TG2009A20201,Togo,TG,Plateaux,Haho,Haho,Cassava,Main,2015,5,2015,11,All (PS),production,122572.0
2741,TG2009A20201,Togo,TG,Plateaux,Haho,Haho,Soybean,Main,2015,5,2015,11,All (PS),production,897.0
2742,TG2009A20201,Togo,TG,Plateaux,Haho,Haho,Yams,Main,2010,5,2010,11,All (PS),production,19584.0
2743,TG2009A20201,Togo,TG,Plateaux,Haho,Haho,Yams,Main,2011,5,2011,11,All (PS),production,19849.0
2744,TG2009A20201,Togo,TG,Plateaux,Haho,Haho,Yams,Main,2012,5,2012,11,All (PS),production,43219.0
2745,TG2009A20201,Togo,TG,Plateaux,Haho,Haho,Yams,Main,2013,5,2013,11,All (PS),production,23606.0
2746,TG2009A20201,Togo,TG,Plateaux,Haho,Haho,Yams,Main,2014,5,2014,11,All (PS),production,19221.0
2747,TG2009A20201,Togo,TG,Plateaux,Haho,Haho,Yams,Main,2015,5,2015,11,All (PS),production,19636.0
2748,TG2009A20201,Togo,TG,Plateaux,Haho,Haho,Groundnuts (In Shell),Main,2010,5,2010,11,All (PS),production,1490.0
2749,TG2009A20201,Togo,TG,Plateaux,Haho,Haho,Groundnuts (In Shell),Main,2011,5,2011,11,All (PS),production,1731.0
2750,TG2009A20201,Togo,TG,Plateaux,Haho,Haho,Groundnuts (In Shell),Main,2012,5,2012,11,All (PS),production,516.0
2751,TG2009A20201,Togo,TG,Plateaux,Haho,Haho,Groundnuts (In Shell),Main,2013,5,2013,11,All (PS),production,94.0
2752,TG2009A20201,Togo,TG,Plateaux,Haho,Haho,Groundnuts (In Shell),Main,2014,5,2014,11,All (PS),production,62.0
2753,TG2009A20201,Togo,TG,Plateaux,Haho,Haho,Groundnuts (In Shell),Main,2015,5,2015,11,All (PS),production,61.0
2754,TG2009A20201,Togo,TG,Plateaux,Haho,Haho,Cowpea,Main,2010,5,2010,11,All (PS),production,5260.0
2755,TG2009A20201,Togo,TG,Plateaux,Haho,Haho,Cowpea,Main,2011,5,2011,11,All (PS),production,6709.0
2756,TG2009A20201,Togo,TG,Plateaux,Haho,Haho,Cowpea,Main,2012,5,2012,11,All (PS),production,4532.0
2757,TG2009A20201,Togo,TG,Plateaux,Haho,Haho,Cowpea,Main,2013,5,2013,11,All (PS),production,2778.0
2758,TG2009A20201,Togo,TG,Plateaux,Haho,Haho,Cowpea,Main,2014,5,2014,11,All (PS),production,4819.0
2759,TG2009A20201,Togo,TG,Plateaux,Haho,Haho,Cowpea,Main,2015,5,2015,11,All (PS),production,4819.0
2760,TG2009A20202,Togo,TG,Plateaux,Kloto,Kloto,Sorghum,Main,1995,5,1995,11,All (PS),production,2234.578587699317
2761,TG2009A20202,Togo,TG,Plateaux,Kloto,Kloto,Sorghum,Main,1997,5,1997,11,All (PS),production,41.44667981087652
2762,TG2009A20202,Togo,TG,Plateaux,Kloto,Kloto,Sorghum,Main,1998,5,1998,11,All (PS),production,54.504859688750216
2763,TG2009A20202,Togo,TG,Plateaux,Kloto,Kloto,Sorghum,Main,1999,5,1999,11,All (PS),production,91.97266514806378
2764,TG2009A20202,Togo,TG,Plateaux,Kloto,Kloto,Sorghum,Main,2000,5,2000,11,All (PS),production,35.43487394957983
2765,TG2009A20202,Togo,TG,Plateaux,Kloto,Kloto,Sorghum,Main,2001,5,2001,11,All (PS),production,55.866144407649166
2766,TG2009A20202,Togo,TG,Plateaux,Kloto,Kloto,Sorghum,Main,2002,5,2002,11,All (PS),production,72.64636970961504
2767,TG2009A20202,Togo,TG,Plateaux,Kloto,Kloto,Sorghum,Main,2003,5,2003,11,All (PS),production,117.602687544266
2768,TG2009A20202,Togo,TG,Plateaux,Kloto,Kloto,Sorghum,Main,2004,5,2004,11,All (PS),production,65.92282641986179
2769,TG2009A20202,Togo,TG,Plateaux,Kloto,Kloto,Sorghum,Main,2005,5,2005,11,All (PS),production,31.191176470588236
2770,TG2009A20202,Togo,TG,Plateaux,Kloto,Kloto,Sorghum,Main,2006,5,2006,11,All (PS),production,155.35375232097397
2771,TG2009A20202,Togo,TG,Plateaux,Kloto,Kloto,Sorghum,Main,2007,5,2007,11,All (PS),production,121.86848452365
2772,TG2009A20202,Togo,TG,Plateaux,Kloto,Kloto,Sorghum,Main,2008,5,2008,11,All (PS),production,91.56598983556977
2773,TG2009A20202,Togo,TG,Plateaux,Kloto,Kloto,Sorghum,Main,2009,5,2009,11,All (PS),production,295.0
2774,TG2009A20202,Togo,TG,Plateaux,Kloto,Kloto,Sorghum,Main,2010,5,2010,11,All (PS),production,832.0
2775,TG2009A20202,Togo,TG,Plateaux,Kloto,Kloto,Sorghum,Main,2011,5,2011,11,All (PS),production,915.0
2776,TG2009A20202,Togo,TG,Plateaux,Kloto,Kloto,Maize,Main,1995,5,1995,11,All (PS),production,9195.480637813213
2777,TG2009A20202,Togo,TG,Plateaux,Kloto,Kloto,Maize,Main,1996,5,1996,11,All (PS),production,3332.892938496583
2778,TG2009A20202,Togo,TG,Plateaux,Kloto,Kloto,Maize,Main,1997,5,1997,11,All (PS),production,4123.706186233036
2779,TG2009A20202,Togo,TG,Plateaux,Kloto,Kloto,Maize,Main,1998,5,1998,11,All (PS),production,4723.323345169503
2780,TG2009A20202,Togo,TG,Plateaux,Kloto,Kloto,Maize,Main,1999,5,1999,11,All (PS),production,3243.9743065791235
2781,TG2009A20202,Togo,TG,Plateaux,Kloto,Kloto,Maize,Main,2000,5,2000,11,All (PS),production,5598.927793782661
2782,TG2009A20202,Togo,TG,Plateaux,Kloto,Kloto,Maize,Main,2001,5,2001,11,All (PS),production,4824.625069389943
2783,TG2009A20202,Togo,TG,Plateaux,Kloto,Kloto,Maize,Main,2002,5,2002,11,All (PS),production,4240.430885224249
2784,TG2009A20202,Togo,TG,Plateaux,Kloto,Kloto,Maize,Main,2003,5,2003,11,All (PS),production,4181.090343312724
2785,TG2009A20202,Togo,TG,Plateaux,Kloto,Kloto,Maize,Main,2004,5,2004,11,All (PS),production,4896.369987174824
2786,TG2009A20202,Togo,TG,Plateaux,Kloto,Kloto,Maize,Main,2005,5,2005,11,All (PS),production,6192.584449953102
2787,TG2009A20202,Togo,TG,Plateaux,Kloto,Kloto,Maize,Main,2006,5,2006,11,All (PS),production,4264.8669411956125
2788,TG2009A20202,Togo,TG,Plateaux,Kloto,Kloto,Maize,Main,2007,5,2007,11,All (PS),production,6533.68851333244
2789,TG2009A20202,Togo,TG,Plateaux,Kloto,Kloto,Maize,Main,2008,5,2008,11,All (PS),production,5170.814716889034
2790,TG2009A20202,Togo,TG,Plateaux,Kloto,Kloto,Maize,Main,2009,5,2009,11,All (PS),production,10279.0
2791,TG2009A20202,Togo,TG,Plateaux,Kloto,Kloto,Maize,Main,2010,5,2010,11,All (PS),production,12282.0
2792,TG2009A20202,Togo,TG,Plateaux,Kloto,Kloto,Maize,Main,2011,5,2011,11,All (PS),production,12107.0
2793,TG2009A20202,Togo,TG,Plateaux,Kloto,Kloto,Maize,Main,2012,5,2012,11,All (PS),production,10608.0
2794,TG2009A20202,Togo,TG,Plateaux,Kloto,Kloto,Maize,Main,2013,5,2013,11,All (PS),production,8785.0
2795,TG2009A20202,Togo,TG,Plateaux,Kloto,Kloto,Maize,Main,2014,5,2014,11,All (PS),production,13876.0
2796,TG2009A20202,Togo,TG,Plateaux,Kloto,Kloto,Maize,Main,2015,5,2015,11,All (PS),production,11543.0
2797,TG2009A20202,Togo,TG,Plateaux,Kloto,Kloto,Rice,Annual,2010,5,2010,11,All (PS),production,593.0
2798,TG2009A20202,Togo,TG,Plateaux,Kloto,Kloto,Rice,Annual,2011,5,2011,11,All (PS),production,777.0
2799,TG2009A20202,Togo,TG,Plateaux,Kloto,Kloto,Rice,Annual,2012,5,2012,11,All (PS),production,12.0
2800,TG2009A20202,Togo,TG,Plateaux,Kloto,Kloto,Cassava,Main,2010,5,2010,11,All (PS),production,19640.0
2801,TG2009A20202,Togo,TG,Plateaux,Kloto,Kloto,Cassava,Main,2011,5,2011,11,All (PS),production,17743.0
2802,TG2009A20202,Togo,TG,Plateaux,Kloto,Kloto,Cassava,Main,2012,5,2012,11,All (PS),production,16902.0
2803,TG2009A20202,Togo,TG,Plateaux,Kloto,Kloto,Cassava,Main,2013,5,2013,11,All (PS),production,15712.0
2804,TG2009A20202,Togo,TG,Plateaux,Kloto,Kloto,Cassava,Main,2014,5,2014,11,All (PS),production,15312.0
2805,TG2009A20202,Togo,TG,Plateaux,Kloto,Kloto,Cassava,Main,2015,5,2015,11,All (PS),production,15507.0
2806,TG2009A20202,Togo,TG,Plateaux,Kloto,Kloto,Yams,Main,2010,5,2010,11,All (PS),production,10584.0
2807,TG2009A20202,Togo,TG,Plateaux,Kloto,Kloto,Yams,Main,2011,5,2011,11,All (PS),production,8872.0
2808,TG2009A20202,Togo,TG,Plateaux,Kloto,Kloto,Yams,Main,2012,5,2012,11,All (PS),production,15271.0
2809,TG2009A20202,Togo,TG,Plateaux,Kloto,Kloto,Yams,Main,2013,5,2013,11,All (PS),production,10918.0
2810,TG2009A20202,Togo,TG,Plateaux,Kloto,Kloto,Yams,Main,2014,5,2014,11,All (PS),production,26003.0
2811,TG2009A20202,Togo,TG,Plateaux,Kloto,Kloto,Yams,Main,2015,5,2015,11,All (PS),production,9082.0
2812,TG2009A20202,Togo,TG,Plateaux,Kloto,Kloto,Groundnuts (In Shell),Main,2010,5,2010,11,All (PS),production,25.0
2813,TG2009A20202,Togo,TG,Plateaux,Kloto,Kloto,Groundnuts (In Shell),Main,2011,5,2011,11,All (PS),production,23.0
2814,TG2009A20202,Togo,TG,Plateaux,Kloto,Kloto,Groundnuts (In Shell),Main,2012,5,2012,11,All (PS),production,103.0
2815,TG2009A20202,Togo,TG,Plateaux,Kloto,Kloto,Groundnuts (In Shell),Main,2013,5,2013,11,All (PS),production,970.0
2816,TG2009A20202,Togo,TG,Plateaux,Kloto,Kloto,Groundnuts (In Shell),Main,2014,5,2014,11,All (PS),production,934.0
2817,TG2009A20202,Togo,TG,Plateaux,Kloto,Kloto,Groundnuts (In Shell),Main,2015,5,2015,11,All (PS),production,632.0
2818,TG2009A20202,Togo,TG,Plateaux,Kloto,Kloto,Cowpea,Main,2010,5,2010,11,All (PS),production,2102.0
2819,TG2009A20202,Togo,TG,Plateaux,Kloto,Kloto,Cowpea,Main,2011,5,2011,11,All (PS),production,1617.0
2820,TG2009A20202,Togo,TG,Plateaux,Kloto,Kloto,Cowpea,Main,2012,5,2012,11,All (PS),production,7609.0
2821,TG2009A20202,Togo,TG,Plateaux,Kloto,Kloto,Cowpea,Main,2013,5,2013,11,All (PS),production,5008.0
2822,TG2009A20202,Togo,TG,Plateaux,Kloto,Kloto,Cowpea,Main,2014,5,2014,11,All (PS),production,8688.0
2823,TG2009A20202,Togo,TG,Plateaux,Kloto,Kloto,Cowpea,Main,2015,5,2015,11,All (PS),production,8688.0
2824,TG2009A20203,Togo,TG,Plateaux,Wawa,Wawa,Maize,Main,1995,5,1995,11,All (PS),production,13339.48345718375
2825,TG2009A20203,Togo,TG,Plateaux,Wawa,Wawa,Maize,Main,1996,5,1996,11,All (PS),production,7855.58572800106
2826,TG2009A20203,Togo,TG,Plateaux,Wawa,Wawa,Maize,Main,1997,5,1997,11,All (PS),production,3396.686136605565
2827,TG2009A20203,Togo,TG,Plateaux,Wawa,Wawa,Maize,Main,1998,5,1998,11,All (PS),production,4415.376593544838
2828,TG2009A20203,Togo,TG,Plateaux,Wawa,Wawa,Maize,Main,1999,5,1999,11,All (PS),production,2495.9493115224177
2829,TG2009A20203,Togo,TG,Plateaux,Wawa,Wawa,Maize,Main,2000,5,2000,11,All (PS),production,3655.931819455126
2830,TG2009A20203,Togo,TG,Plateaux,Wawa,Wawa,Maize,Main,2001,5,2001,11,All (PS),production,5779.727960950194
2831,TG2009A20203,Togo,TG,Plateaux,Wawa,Wawa,Maize,Main,2002,5,2002,11,All (PS),production,4233.715385124708
2832,TG2009A20203,Togo,TG,Plateaux,Wawa,Wawa,Maize,Main,2003,5,2003,11,All (PS),production,3371.45541321388
2833,TG2009A20203,Togo,TG,Plateaux,Wawa,Wawa,Maize,Main,2004,5,2004,11,All (PS),production,4295.530657434336
2834,TG2009A20203,Togo,TG,Plateaux,Wawa,Wawa,Maize,Main,2005,5,2005,11,All (PS),production,3297.02477920841
2835,TG2009A20203,Togo,TG,Plateaux,Wawa,Wawa,Maize,Main,2006,5,2006,11,All (PS),production,4371.22282760939
2836,TG2009A20203,Togo,TG,Plateaux,Wawa,Wawa,Maize,Main,2007,5,2007,11,All (PS),production,5178.605976143303
2837,TG2009A20203,Togo,TG,Plateaux,Wawa,Wawa,Maize,Main,2008,5,2008,11,All (PS),production,5707.1896311990995
2838,TG2009A20203,Togo,TG,Plateaux,Wawa,Wawa,Maize,Main,2009,5,2009,11,All (PS),production,12234.0
2839,TG2009A20203,Togo,TG,Plateaux,Wawa,Wawa,Maize,Main,2010,5,2010,11,All (PS),production,19143.0
2840,TG2009A20203,Togo,TG,Plateaux,Wawa,Wawa,Maize,Main,2011,5,2011,11,All (PS),production,19719.0
2841,TG2009A20203,Togo,TG,Plateaux,Wawa,Wawa,Maize,Main,2012,5,2012,11,All (PS),production,18367.0
2842,TG2009A20203,Togo,TG,Plateaux,Wawa,Wawa,Maize,Main,2013,5,2013,11,All (PS),production,9695.0
2843,TG2009A20203,Togo,TG,Plateaux,Wawa,Wawa,Maize,Main,2014,5,2014,11,All (PS),production,12392.0
2844,TG2009A20203,Togo,TG,Plateaux,Wawa,Wawa,Maize,Main,2015,5,2015,11,All (PS),production,12740.0
2845,TG2009A20203,Togo,TG,Plateaux,Wawa,Wawa,Rice,Annual,2010,5,2010,11,All (PS),production,1110.0
2846,TG2009A20203,Togo,TG,Plateaux,Wawa,Wawa,Rice,Annual,2011,5,2011,11,All (PS),production,1041.0
2847,TG2009A20203,Togo,TG,Plateaux,Wawa,Wawa,Rice,Annual,2012,5,2012,11,All (PS),production,1883.0
2848,TG2009A20203,Togo,TG,Plateaux,Wawa,Wawa,Rice,Annual,2013,5,2013,11,All (PS),production,3710.0
2849,TG2009A20203,Togo,TG,Plateaux,Wawa,Wawa,Rice,Annual,2014,5,2014,11,All (PS),production,2937.0
2850,TG2009A20203,Togo,TG,Plateaux,Wawa,Wawa,Rice,Annual,2015,5,2015,11,All (PS),production,2937.0
2851,TG2009A20203,Togo,TG,Plateaux,Wawa,Wawa,Cassava,Main,2010,5,2010,11,All (PS),production,38669.0
2852,TG2009A20203,Togo,TG,Plateaux,Wawa,Wawa,Cassava,Main,2011,5,2011,11,All (PS),production,48249.0
2853,TG2009A20203,Togo,TG,Plateaux,Wawa,Wawa,Cassava,Main,2012,5,2012,11,All (PS),production,30760.0
2854,TG2009A20203,Togo,TG,Plateaux,Wawa,Wawa,Cassava,Main,2013,5,2013,11,All (PS),production,18098.0
2855,TG2009A20203,Togo,TG,Plateaux,Wawa,Wawa,Cassava,Main,2014,5,2014,11,All (PS),production,34689.0
2856,TG2009A20203,Togo,TG,Plateaux,Wawa,Wawa,Cassava,Main,2015,5,2015,11,All (PS),production,17862.0
2857,TG2009A20203,Togo,TG,Plateaux,Wawa,Wawa,Soybean,Main,2015,5,2015,11,All (PS),production,14.0
2858,TG2009A20203,Togo,TG,Plateaux,Wawa,Wawa,Yams,Main,2010,5,2010,11,All (PS),production,15733.0
2859,TG2009A20203,Togo,TG,Plateaux,Wawa,Wawa,Yams,Main,2011,5,2011,11,All (PS),production,22957.0
2860,TG2009A20203,Togo,TG,Plateaux,Wawa,Wawa,Yams,Main,2012,5,2012,11,All (PS),production,10313.0
2861,TG2009A20203,Togo,TG,Plateaux,Wawa,Wawa,Yams,Main,2013,5,2013,11,All (PS),production,15765.0
2862,TG2009A20203,Togo,TG,Plateaux,Wawa,Wawa,Yams,Main,2014,5,2014,11,All (PS),production,11040.0
2863,TG2009A20203,Togo,TG,Plateaux,Wawa,Wawa,Yams,Main,2015,5,2015,11,All (PS),production,13114.0
2864,TG2009A20203,Togo,TG,Plateaux,Wawa,Wawa,Groundnuts (In Shell),Main,2010,5,2010,11,All (PS),production,241.0
2865,TG2009A20203,Togo,TG,Plateaux,Wawa,Wawa,Groundnuts (In Shell),Main,2011,5,2011,11,All (PS),production,224.0
2866,TG2009A20203,Togo,TG,Plateaux,Wawa,Wawa,Groundnuts (In Shell),Main,2012,5,2012,11,All (PS),production,80.0
2867,TG2009A20203,Togo,TG,Plateaux,Wawa,Wawa,Groundnuts (In Shell),Main,2013,5,2013,11,All (PS),production,2157.0
2868,TG2009A20203,Togo,TG,Plateaux,Wawa,Wawa,Groundnuts (In Shell),Main,2014,5,2014,11,All (PS),production,1077.0
2869,TG2009A20203,Togo,TG,Plateaux,Wawa,Wawa,Groundnuts (In Shell),Main,2015,5,2015,11,All (PS),production,1406.0
2870,TG2009A20203,Togo,TG,Plateaux,Wawa,Wawa,Cowpea,Main,2010,5,2010,11,All (PS),production,7210.0
2871,TG2009A20203,Togo,TG,Plateaux,Wawa,Wawa,Cowpea,Main,2011,5,2011,11,All (PS),production,7553.0
2872,TG2009A20203,Togo,TG,Plateaux,Wawa,Wawa,Cowpea,Main,2012,5,2012,11,All (PS),production,1783.0
2873,TG2009A20203,Togo,TG,Plateaux,Wawa,Wawa,Cowpea,Main,2013,5,2013,11,All (PS),production,1066.0
2874,TG2009A20203,Togo,TG,Plateaux,Wawa,Wawa,Cowpea,Main,2014,5,2014,11,All (PS),production,1850.0
2875,TG2009A20203,Togo,TG,Plateaux,Wawa,Wawa,Cowpea,Main,2015,5,2015,11,All (PS),production,1850.0
2876,TG2009A20204,Togo,TG,Plateaux,Ogou,Ogou,Sorghum,Main,1995,5,1995,11,All (PS),production,10831.645652173913
2877,TG2009A20204,Togo,TG,Plateaux,Ogou,Ogou,Sorghum,Main,1996,5,1996,11,All (PS),production,39634.916521739135
2878,TG2009A20204,Togo,TG,Plateaux,Ogou,Ogou,Sorghum,Main,1997,5,1997,11,All (PS),production,4871.26
2879,TG2009A20204,Togo,TG,Plateaux,Ogou,Ogou,Sorghum,Main,1998,5,1998,11,All (PS),production,6505.2991304347825
2880,TG2009A20204,Togo,TG,Plateaux,Ogou,Ogou,Sorghum,Main,1999,5,1999,11,All (PS),production,5658.12347826087
2881,TG2009A20204,Togo,TG,Plateaux,Ogou,Ogou,Sorghum,Main,2000,5,2000,11,All (PS),production,11301.519565217392
2882,TG2009A20204,Togo,TG,Plateaux,Ogou,Ogou,Sorghum,Main,2001,5,2001,11,All (PS),production,16613.9
2883,TG2009A20204,Togo,TG,Plateaux,Ogou,Ogou,Sorghum,Main,2002,5,2002,11,All (PS),production,12701.323043478262
2884,TG2009A20204,Togo,TG,Plateaux,Ogou,Ogou,Sorghum,Main,2003,5,2003,11,All (PS),production,17437.932608695653
2885,TG2009A20204,Togo,TG,Plateaux,Ogou,Ogou,Sorghum,Main,2004,5,2004,11,All (PS),production,6574.728260869565
2886,TG2009A20204,Togo,TG,Plateaux,Ogou,Ogou,Sorghum,Main,2005,5,2005,11,All (PS),production,19700.34043478261
2887,TG2009A20204,Togo,TG,Plateaux,Ogou,Ogou,Sorghum,Main,2006,5,2006,11,All (PS),production,13972.086521739131
2888,TG2009A20204,Togo,TG,Plateaux,Ogou,Ogou,Sorghum,Main,2007,5,2007,11,All (PS),production,13690.86347826087
2889,TG2009A20204,Togo,TG,Plateaux,Ogou,Ogou,Sorghum,Main,2008,5,2008,11,All (PS),production,17797.00043478261
2890,TG2009A20204,Togo,TG,Plateaux,Ogou,Ogou,Sorghum,Main,2009,5,2009,11,All (PS),production,20662.0
2891,TG2009A20204,Togo,TG,Plateaux,Ogou,Ogou,Sorghum,Main,2010,5,2010,11,All (PS),production,22012.0
2892,TG2009A20204,Togo,TG,Plateaux,Ogou,Ogou,Sorghum,Main,2011,5,2011,11,All (PS),production,24870.0
2893,TG2009A20204,Togo,TG,Plateaux,Ogou,Ogou,Sorghum,Main,2012,5,2012,11,All (PS),production,37173.0
2894,TG2009A20204,Togo,TG,Plateaux,Ogou,Ogou,Sorghum,Main,2013,5,2013,11,All (PS),production,11812.0
2895,TG2009A20204,Togo,TG,Plateaux,Ogou,Ogou,Sorghum,Main,2014,5,2014,11,All (PS),production,9207.0
2896,TG2009A20204,Togo,TG,Plateaux,Ogou,Ogou,Sorghum,Main,2015,5,2015,11,All (PS),production,9379.0
2897,TG2009A20204,Togo,TG,Plateaux,Ogou,Ogou,Maize,Main,1995,5,1995,11,All (PS),production,2564.67
2898,TG2009A20204,Togo,TG,Plateaux,Ogou,Ogou,Maize,Main,1996,5,1996,11,All (PS),production,33465.54217391305
2899,TG2009A20204,Togo,TG,Plateaux,Ogou,Ogou,Maize,Main,1997,5,1997,11,All (PS),production,32862.42043478261
2900,TG2009A20204,Togo,TG,Plateaux,Ogou,Ogou,Maize,Main,1998,5,1998,11,All (PS),production,45129.636086956525
2901,TG2009A20204,Togo,TG,Plateaux,Ogou,Ogou,Maize,Main,1999,5,1999,11,All (PS),production,29803.33086956522
2902,TG2009A20204,Togo,TG,Plateaux,Ogou,Ogou,Maize,Main,2000,5,2000,11,All (PS),production,54897.40304347826
2903,TG2009A20204,Togo,TG,Plateaux,Ogou,Ogou,Maize,Main,2001,5,2001,11,All (PS),production,53648.380000000005
2904,TG2009A20204,Togo,TG,Plateaux,Ogou,Ogou,Maize,Main,2002,5,2002,11,All (PS),production,48465.74086956522
2905,TG2009A20204,Togo,TG,Plateaux,Ogou,Ogou,Maize,Main,2003,5,2003,11,All (PS),production,50038.065217391304
2906,TG2009A20204,Togo,TG,Plateaux,Ogou,Ogou,Maize,Main,2004,5,2004,11,All (PS),production,55134.44391304348
2907,TG2009A20204,Togo,TG,Plateaux,Ogou,Ogou,Maize,Main,2005,5,2005,11,All (PS),production,62133.461304347824
2908,TG2009A20204,Togo,TG,Plateaux,Ogou,Ogou,Maize,Main,2006,5,2006,11,All (PS),production,44921.348695652174
2909,TG2009A20204,Togo,TG,Plateaux,Ogou,Ogou,Maize,Main,2007,5,2007,11,All (PS),production,60386.51217391305
2910,TG2009A20204,Togo,TG,Plateaux,Ogou,Ogou,Maize,Main,2008,5,2008,11,All (PS),production,62793.388695652175
2911,TG2009A20204,Togo,TG,Plateaux,Ogou,Ogou,Maize,Main,2009,5,2009,11,All (PS),production,105243.0
2912,TG2009A20204,Togo,TG,Plateaux,Ogou,Ogou,Maize,Main,2010,5,2010,11,All (PS),production,4977.0
2913,TG2009A20204,Togo,TG,Plateaux,Ogou,Ogou,Maize,Main,2011,5,2011,11,All (PS),production,111904.0
2914,TG2009A20204,Togo,TG,Plateaux,Ogou,Ogou,Maize,Main,2012,5,2012,11,All (PS),production,144534.0
2915,TG2009A20204,Togo,TG,Plateaux,Ogou,Ogou,Maize,Main,2013,5,2013,11,All (PS),production,56475.0
2916,TG2009A20204,Togo,TG,Plateaux,Ogou,Ogou,Maize,Main,2014,5,2014,11,All (PS),production,86242.0
2917,TG2009A20204,Togo,TG,Plateaux,Ogou,Ogou,Maize,Main,2015,5,2015,11,All (PS),production,74209.0
2918,TG2009A20204,Togo,TG,Plateaux,Ogou,Ogou,Millet,Main,2012,5,2012,11,All (PS),production,142.0
2919,TG2009A20204,Togo,TG,Plateaux,Ogou,Ogou,Millet,Main,2013,5,2013,11,All (PS),production,122.0
2920,TG2009A20204,Togo,TG,Plateaux,Ogou,Ogou,Millet,Main,2015,5,2015,11,All (PS),production,36.0
2921,TG2009A20204,Togo,TG,Plateaux,Ogou,Ogou,Rice,Annual,2010,5,2010,11,All (PS),production,10264.0
2922,TG2009A20204,Togo,TG,Plateaux,Ogou,Ogou,Rice,Annual,2011,5,2011,11,All (PS),production,12643.0
2923,TG2009A20204,Togo,TG,Plateaux,Ogou,Ogou,Rice,Annual,2012,5,2012,11,All (PS),production,4015.0
2924,TG2009A20204,Togo,TG,Plateaux,Ogou,Ogou,Rice,Annual,2013,5,2013,11,All (PS),production,971.0
2925,TG2009A20204,Togo,TG,Plateaux,Ogou,Ogou,Rice,Annual,2014,5,2014,11,All (PS),production,768.0
2926,TG2009A20204,Togo,TG,Plateaux,Ogou,Ogou,Rice,Annual,2015,5,2015,11,All (PS),production,768.0
2927,TG2009A20204,Togo,TG,Plateaux,Ogou,Ogou,Cassava,Main,2010,5,2010,11,All (PS),production,32021.0
2928,TG2009A20204,Togo,TG,Plateaux,Ogou,Ogou,Cassava,Main,2011,5,2011,11,All (PS),production,88794.0
2929,TG2009A20204,Togo,TG,Plateaux,Ogou,Ogou,Cassava,Main,2012,5,2012,11,All (PS),production,81555.0
2930,TG2009A20204,Togo,TG,Plateaux,Ogou,Ogou,Cassava,Main,2013,5,2013,11,All (PS),production,35716.0
2931,TG2009A20204,Togo,TG,Plateaux,Ogou,Ogou,Cassava,Main,2014,5,2014,11,All (PS),production,80420.0
2932,TG2009A20204,Togo,TG,Plateaux,Ogou,Ogou,Cassava,Main,2015,5,2015,11,All (PS),production,35250.0
2933,TG2009A20204,Togo,TG,Plateaux,Ogou,Ogou,Soybean,Main,2015,5,2015,11,All (PS),production,626.0
2934,TG2009A20204,Togo,TG,Plateaux,Ogou,Ogou,Yams,Main,2010,5,2010,11,All (PS),production,62765.0
2935,TG2009A20204,Togo,TG,Plateaux,Ogou,Ogou,Yams,Main,2011,5,2011,11,All (PS),production,63702.0
2936,TG2009A20204,Togo,TG,Plateaux,Ogou,Ogou,Yams,Main,2012,5,2012,11,All (PS),production,40529.0
2937,TG2009A20204,Togo,TG,Plateaux,Ogou,Ogou,Yams,Main,2013,5,2013,11,All (PS),production,34148.0
2938,TG2009A20204,Togo,TG,Plateaux,Ogou,Ogou,Yams,Main,2014,5,2014,11,All (PS),production,34534.0
2939,TG2009A20204,Togo,TG,Plateaux,Ogou,Ogou,Yams,Main,2015,5,2015,11,All (PS),production,28405.0
2940,TG2009A20204,Togo,TG,Plateaux,Ogou,Ogou,Groundnuts (In Shell),Main,2010,5,2010,11,All (PS),production,3097.0
2941,TG2009A20204,Togo,TG,Plateaux,Ogou,Ogou,Groundnuts (In Shell),Main,2011,5,2011,11,All (PS),production,3316.0
2942,TG2009A20204,Togo,TG,Plateaux,Ogou,Ogou,Groundnuts (In Shell),Main,2012,5,2012,11,All (PS),production,712.0
2943,TG2009A20204,Togo,TG,Plateaux,Ogou,Ogou,Groundnuts (In Shell),Main,2013,5,2013,11,All (PS),production,1511.0
2944,TG2009A20204,Togo,TG,Plateaux,Ogou,Ogou,Groundnuts (In Shell),Main,2014,5,2014,11,All (PS),production,616.0
2945,TG2009A20204,Togo,TG,Plateaux,Ogou,Ogou,Groundnuts (In Shell),Main,2015,5,2015,11,All (PS),production,985.0
2946,TG2009A20204,Togo,TG,Plateaux,Ogou,Ogou,Cowpea,Main,2010,5,2010,11,All (PS),production,1351.0
2947,TG2009A20204,Togo,TG,Plateaux,Ogou,Ogou,Cowpea,Main,2011,5,2011,11,All (PS),production,1602.0
2948,TG2009A20204,Togo,TG,Plateaux,Ogou,Ogou,Cowpea,Main,2012,5,2012,11,All (PS),production,7765.0
2949,TG2009A20204,Togo,TG,Plateaux,Ogou,Ogou,Cowpea,Main,2013,5,2013,11,All (PS),production,2024.0
2950,TG2009A20204,Togo,TG,Plateaux,Ogou,Ogou,Cowpea,Main,2014,5,2014,11,All (PS),production,3511.0
2951,TG2009A20204,Togo,TG,Plateaux,Ogou,Ogou,Cowpea,Main,2015,5,2015,11,All (PS),production,3511.0
2952,TG2009A20205,Togo,TG,Plateaux,Amou,Amou,Sorghum,Main,1995,5,1995,11,All (PS),production,848.2334869431643
2953,TG2009A20205,Togo,TG,Plateaux,Amou,Amou,Sorghum,Main,1996,5,1996,11,All (PS),production,668.9477726574501
2954,TG2009A20205,Togo,TG,Plateaux,Amou,Amou,Sorghum,Main,1997,5,1997,11,All (PS),production,669.526113671275
2955,TG2009A20205,Togo,TG,Plateaux,Amou,Amou,Sorghum,Main,1998,5,1998,11,All (PS),production,894.1152073732719
2956,TG2009A20205,Togo,TG,Plateaux,Amou,Amou,Sorghum,Main,1999,5,1999,11,All (PS),production,714.2511520737327
2957,TG2009A20205,Togo,TG,Plateaux,Amou,Amou,Sorghum,Main,2000,5,2000,11,All (PS),production,1543.2066052227342
2958,TG2009A20205,Togo,TG,Plateaux,Amou,Amou,Sorghum,Main,2001,5,2001,11,All (PS),production,1330.184331797235
2959,TG2009A20205,Togo,TG,Plateaux,Amou,Amou,Sorghum,Main,2002,5,2002,11,All (PS),production,1307.0506912442395
2960,TG2009A20205,Togo,TG,Plateaux,Amou,Amou,Sorghum,Main,2003,5,2003,11,All (PS),production,1666.5860215053763
2961,TG2009A20205,Togo,TG,Plateaux,Amou,Amou,Sorghum,Main,2004,5,2004,11,All (PS),production,267.0007680491551
2962,TG2009A20205,Togo,TG,Plateaux,Amou,Amou,Sorghum,Main,2005,5,2005,11,All (PS),production,980.2880184331797
2963,TG2009A20205,Togo,TG,Plateaux,Amou,Amou,Sorghum,Main,2006,5,2006,11,All (PS),production,1635.7411674347156
2964,TG2009A20205,Togo,TG,Plateaux,Amou,Amou,Sorghum,Main,2007,5,2007,11,All (PS),production,2478.191244239631
2965,TG2009A20205,Togo,TG,Plateaux,Amou,Amou,Sorghum,Main,2008,5,2008,11,All (PS),production,1316.689708141321
2966,TG2009A20205,Togo,TG,Plateaux,Amou,Amou,Sorghum,Main,2009,5,2009,11,All (PS),production,2720.0
2967,TG2009A20205,Togo,TG,Plateaux,Amou,Amou,Sorghum,Main,2010,5,2010,11,All (PS),production,4387.0
2968,TG2009A20205,Togo,TG,Plateaux,Amou,Amou,Sorghum,Main,2011,5,2011,11,All (PS),production,3783.0
2969,TG2009A20205,Togo,TG,Plateaux,Amou,Amou,Sorghum,Main,2012,5,2012,11,All (PS),production,1397.0
2970,TG2009A20205,Togo,TG,Plateaux,Amou,Amou,Sorghum,Main,2013,5,2013,11,All (PS),production,5989.0
2971,TG2009A20205,Togo,TG,Plateaux,Amou,Amou,Sorghum,Main,2014,5,2014,11,All (PS),production,14425.0
2972,TG2009A20205,Togo,TG,Plateaux,Amou,Amou,Sorghum,Main,2015,5,2015,11,All (PS),production,4756.0
2973,TG2009A20205,Togo,TG,Plateaux,Amou,Amou,Maize,Main,1995,5,1995,11,All (PS),production,11876.232718894009
2974,TG2009A20205,Togo,TG,Plateaux,Amou,Amou,Maize,Main,1996,5,1996,11,All (PS),production,14252.250384024577
2975,TG2009A20205,Togo,TG,Plateaux,Amou,Amou,Maize,Main,1997,5,1997,11,All (PS),production,32636.747311827956
2976,TG2009A20205,Togo,TG,Plateaux,Amou,Amou,Maize,Main,1998,5,1998,11,All (PS),production,62028.037634408596
2977,TG2009A20205,Togo,TG,Plateaux,Amou,Amou,Maize,Main,1999,5,1999,11,All (PS),production,9870.353302611367
2978,TG2009A20205,Togo,TG,Plateaux,Amou,Amou,Maize,Main,2000,5,2000,11,All (PS),production,9653.475422427035
2979,TG2009A20205,Togo,TG,Plateaux,Amou,Amou,Maize,Main,2001,5,2001,11,All (PS),production,11234.274193548386
2980,TG2009A20205,Togo,TG,Plateaux,Amou,Amou,Maize,Main,2002,5,2002,11,All (PS),production,14395.87173579109
2981,TG2009A20205,Togo,TG,Plateaux,Amou,Amou,Maize,Main,2003,5,2003,11,All (PS),production,12360.111367127496
2982,TG2009A20205,Togo,TG,Plateaux,Amou,Amou,Maize,Main,2004,5,2004,11,All (PS),production,13840.664362519201
2983,TG2009A20205,Togo,TG,Plateaux,Amou,Amou,Maize,Main,2005,5,2005,11,All (PS),production,13376.063748079876
2984,TG2009A20205,Togo,TG,Plateaux,Amou,Amou,Maize,Main,2006,5,2006,11,All (PS),production,12569.278033794162
2985,TG2009A20205,Togo,TG,Plateaux,Amou,Amou,Maize,Main,2007,5,2007,11,All (PS),production,10709.911674347157
2986,TG2009A20205,Togo,TG,Plateaux,Amou,Amou,Maize,Main,2008,5,2008,11,All (PS),production,12792.90322580645
2987,TG2009A20205,Togo,TG,Plateaux,Amou,Amou,Maize,Main,2009,5,2009,11,All (PS),production,12915.0
2988,TG2009A20205,Togo,TG,Plateaux,Amou,Amou,Maize,Main,2010,5,2010,11,All (PS),production,17272.0
2989,TG2009A20205,Togo,TG,Plateaux,Amou,Amou,Maize,Main,2011,5,2011,11,All (PS),production,18483.0
2990,TG2009A20205,Togo,TG,Plateaux,Amou,Amou,Maize,Main,2012,5,2012,11,All (PS),production,22030.0
2991,TG2009A20205,Togo,TG,Plateaux,Amou,Amou,Maize,Main,2013,5,2013,11,All (PS),production,22329.0
2992,TG2009A20205,Togo,TG,Plateaux,Amou,Amou,Maize,Main,2014,5,2014,11,All (PS),production,18849.0
2993,TG2009A20205,Togo,TG,Plateaux,Amou,Amou,Maize,Main,2015,5,2015,11,All (PS),production,29341.0
2994,TG2009A20205,Togo,TG,Plateaux,Amou,Amou,Millet,Main,2012,5,2012,11,All (PS),production,525.0
2995,TG2009A20205,Togo,TG,Plateaux,Amou,Amou,Millet,Main,2013,5,2013,11,All (PS),production,6073.0
2996,TG2009A20205,Togo,TG,Plateaux,Amou,Amou,Millet,Main,2014,5,2014,11,All (PS),production,664.0
2997,TG2009A20205,Togo,TG,Plateaux,Amou,Amou,Millet,Main,2015,5,2015,11,All (PS),production,1786.0
2998,TG2009A20205,Togo,TG,Plateaux,Amou,Amou,Rice,Annual,2010,5,2010,11,All (PS),production,768.0
2999,TG2009A20205,Togo,TG,Plateaux,Amou,Amou,Rice,Annual,2011,5,2011,11,All (PS),production,750.0
3000,TG2009A20205,Togo,TG,Plateaux,Amou,Amou,Rice,Annual,2012,5,2012,11,All (PS),production,5405.0
3001,TG2009A20205,Togo,TG,Plateaux,Amou,Amou,Rice,Annual,2013,5,2013,11,All (PS),production,3900.0
3002,TG2009A20205,Togo,TG,Plateaux,Amou,Amou,Rice,Annual,2014,5,2014,11,All (PS),production,3088.0
3003,TG2009A20205,Togo,TG,Plateaux,Amou,Amou,Rice,Annual,2015,5,2015,11,All (PS),production,3088.0
3004,TG2009A20205,Togo,TG,Plateaux,Amou,Amou,Cassava,Main,2010,5,2010,11,All (PS),production,11553.0
3005,TG2009A20205,Togo,TG,Plateaux,Amou,Amou,Cassava,Main,2011,5,2011,11,All (PS),production,7065.0
3006,TG2009A20205,Togo,TG,Plateaux,Amou,Amou,Cassava,Main,2012,5,2012,11,All (PS),production,12527.0
3007,TG2009A20205,Togo,TG,Plateaux,Amou,Amou,Cassava,Main,2013,5,2013,11,All (PS),production,16740.0
3008,TG2009A20205,Togo,TG,Plateaux,Amou,Amou,Cassava,Main,2014,5,2014,11,All (PS),production,11722.0
3009,TG2009A20205,Togo,TG,Plateaux,Amou,Amou,Cassava,Main,2015,5,2015,11,All (PS),production,16521.0
3010,TG2009A20205,Togo,TG,Plateaux,Amou,Amou,Soybean,Main,2015,5,2015,11,All (PS),production,490.0
3011,TG2009A20205,Togo,TG,Plateaux,Amou,Amou,Yams,Main,2010,5,2010,11,All (PS),production,9666.0
3012,TG2009A20205,Togo,TG,Plateaux,Amou,Amou,Yams,Main,2011,5,2011,11,All (PS),production,7024.0
3013,TG2009A20205,Togo,TG,Plateaux,Amou,Amou,Yams,Main,2012,5,2012,11,All (PS),production,23262.0
3014,TG2009A20205,Togo,TG,Plateaux,Amou,Amou,Yams,Main,2013,5,2013,11,All (PS),production,22130.0
3015,TG2009A20205,Togo,TG,Plateaux,Amou,Amou,Yams,Main,2014,5,2014,11,All (PS),production,21097.0
3016,TG2009A20205,Togo,TG,Plateaux,Amou,Amou,Yams,Main,2015,5,2015,11,All (PS),production,18408.0
3017,TG2009A20205,Togo,TG,Plateaux,Amou,Amou,Groundnuts (In Shell),Main,2010,5,2010,11,All (PS),production,367.0
3018,TG2009A20205,Togo,TG,Plateaux,Amou,Amou,Groundnuts (In Shell),Main,2011,5,2011,11,All (PS),production,397.0
3019,TG2009A20205,Togo,TG,Plateaux,Amou,Amou,Groundnuts (In Shell),Main,2012,5,2012,11,All (PS),production,409.0
3020,TG2009A20205,Togo,TG,Plateaux,Amou,Amou,Groundnuts (In Shell),Main,2013,5,2013,11,All (PS),production,1553.0
3021,TG2009A20205,Togo,TG,Plateaux,Amou,Amou,Groundnuts (In Shell),Main,2014,5,2014,11,All (PS),production,378.0
3022,TG2009A20205,Togo,TG,Plateaux,Amou,Amou,Groundnuts (In Shell),Main,2015,5,2015,11,All (PS),production,1012.0
3023,TG2009A20205,Togo,TG,Plateaux,Amou,Amou,Cowpea,Main,2010,5,2010,11,All (PS),production,513.0
3024,TG2009A20205,Togo,TG,Plateaux,Amou,Amou,Cowpea,Main,2011,5,2011,11,All (PS),production,344.0
3025,TG2009A20205,Togo,TG,Plateaux,Amou,Amou,Cowpea,Main,2012,5,2012,11,All (PS),production,5411.0
3026,TG2009A20205,Togo,TG,Plateaux,Amou,Amou,Cowpea,Main,2013,5,2013,11,All (PS),production,4018.0
3027,TG2009A20205,Togo,TG,Plateaux,Amou,Amou,Cowpea,Main,2014,5,2014,11,All (PS),production,6971.0
3028,TG2009A20205,Togo,TG,Plateaux,Amou,Amou,Cowpea,Main,2015,5,2015,11,All (PS),production,6971.0
3029,TG2009A20206,Togo,TG,Plateaux,Est-Mono,Est-Mono,Sorghum,Main,1997,5,1997,11,All (PS),production,10578.01831845937
3030,TG2009A20206,Togo,TG,Plateaux,Est-Mono,Est-Mono,Sorghum,Main,1998,5,1998,11,All (PS),production,3337.151244715829
3031,TG2009A20206,Togo,TG,Plateaux,Est-Mono,Est-Mono,Sorghum,Main,1999,5,1999,11,All (PS),production,3367.196336308126
3032,TG2009A20206,Togo,TG,Plateaux,Est-Mono,Est-Mono,Sorghum,Main,2000,5,2000,11,All (PS),production,7704.419915453264
3033,TG2009A20206,Togo,TG,Plateaux,Est-Mono,Est-Mono,Sorghum,Main,2001,5,2001,11,All (PS),production,7152.877876937529
3034,TG2009A20206,Togo,TG,Plateaux,Est-Mono,Est-Mono,Sorghum,Main,2002,5,2002,11,All (PS),production,3099.6519492719585
3035,TG2009A20206,Togo,TG,Plateaux,Est-Mono,Est-Mono,Sorghum,Main,2003,5,2003,11,All (PS),production,6481.1554720526065
3036,TG2009A20206,Togo,TG,Plateaux,Est-Mono,Est-Mono,Sorghum,Main,2004,5,2004,11,All (PS),production,5509.697510568342
3037,TG2009A20206,Togo,TG,Plateaux,Est-Mono,Est-Mono,Sorghum,Main,2005,5,2005,11,All (PS),production,4318.62423673086
3038,TG2009A20206,Togo,TG,Plateaux,Est-Mono,Est-Mono,Sorghum,Main,2006,5,2006,11,All (PS),production,5166.325035227806
3039,TG2009A20206,Togo,TG,Plateaux,Est-Mono,Est-Mono,Sorghum,Main,2007,5,2007,11,All (PS),production,6144.936589948333
3040,TG2009A20206,Togo,TG,Plateaux,Est-Mono,Est-Mono,Sorghum,Main,2008,5,2008,11,All (PS),production,8977.75951150775
3041,TG2009A20206,Togo,TG,Plateaux,Est-Mono,Est-Mono,Sorghum,Main,2009,5,2009,11,All (PS),production,7299.0
3042,TG2009A20206,Togo,TG,Plateaux,Est-Mono,Est-Mono,Sorghum,Main,2010,5,2010,11,All (PS),production,5823.0
3043,TG2009A20206,Togo,TG,Plateaux,Est-Mono,Est-Mono,Sorghum,Main,2011,5,2011,11,All (PS),production,6674.0
3044,TG2009A20206,Togo,TG,Plateaux,Est-Mono,Est-Mono,Sorghum,Main,2012,5,2012,11,All (PS),production,9103.0
3045,TG2009A20206,Togo,TG,Plateaux,Est-Mono,Est-Mono,Sorghum,Main,2013,5,2013,11,All (PS),production,12670.0
3046,TG2009A20206,Togo,TG,Plateaux,Est-Mono,Est-Mono,Sorghum,Main,2014,5,2014,11,All (PS),production,17534.0
3047,TG2009A20206,Togo,TG,Plateaux,Est-Mono,Est-Mono,Sorghum,Main,2015,5,2015,11,All (PS),production,10060.0
3048,TG2009A20206,Togo,TG,Plateaux,Est-Mono,Est-Mono,Maize,Main,1997,5,1997,11,All (PS),production,13207.679192108972
3049,TG2009A20206,Togo,TG,Plateaux,Est-Mono,Est-Mono,Maize,Main,1998,5,1998,11,All (PS),production,9552.908407703148
3050,TG2009A20206,Togo,TG,Plateaux,Est-Mono,Est-Mono,Maize,Main,1999,5,1999,11,All (PS),production,8680.170032879287
3051,TG2009A20206,Togo,TG,Plateaux,Est-Mono,Est-Mono,Maize,Main,2000,5,2000,11,All (PS),production,12059.527477689056
3052,TG2009A20206,Togo,TG,Plateaux,Est-Mono,Est-Mono,Maize,Main,2001,5,2001,11,All (PS),production,13729.891498356035
3053,TG2009A20206,Togo,TG,Plateaux,Est-Mono,Est-Mono,Maize,Main,2002,5,2002,11,All (PS),production,12453.690465007045
3054,TG2009A20206,Togo,TG,Plateaux,Est-Mono,Est-Mono,Maize,Main,2003,5,2003,11,All (PS),production,10598.048379520902
3055,TG2009A20206,Togo,TG,Plateaux,Est-Mono,Est-Mono,Maize,Main,2004,5,2004,11,All (PS),production,9603.6989196806
3056,TG2009A20206,Togo,TG,Plateaux,Est-Mono,Est-Mono,Maize,Main,2005,5,2005,11,All (PS),production,9502.117895725693
3057,TG2009A20206,Togo,TG,Plateaux,Est-Mono,Est-Mono,Maize,Main,2006,5,2006,11,All (PS),production,15110.534992954439
3058,TG2009A20206,Togo,TG,Plateaux,Est-Mono,Est-Mono,Maize,Main,2007,5,2007,11,All (PS),production,18237.37059652419
3059,TG2009A20206,Togo,TG,Plateaux,Est-Mono,Est-Mono,Maize,Main,2008,5,2008,11,All (PS),production,19520.009863785814
3060,TG2009A20206,Togo,TG,Plateaux,Est-Mono,Est-Mono,Maize,Main,2009,5,2009,11,All (PS),production,32751.0
3061,TG2009A20206,Togo,TG,Plateaux,Est-Mono,Est-Mono,Maize,Main,2010,5,2010,11,All (PS),production,35260.0
3062,TG2009A20206,Togo,TG,Plateaux,Est-Mono,Est-Mono,Maize,Main,2011,5,2011,11,All (PS),production,36073.0
3063,TG2009A20206,Togo,TG,Plateaux,Est-Mono,Est-Mono,Maize,Main,2012,5,2012,11,All (PS),production,34652.0
3064,TG2009A20206,Togo,TG,Plateaux,Est-Mono,Est-Mono,Maize,Main,2013,5,2013,11,All (PS),production,57952.0
3065,TG2009A20206,Togo,TG,Plateaux,Est-Mono,Est-Mono,Maize,Main,2014,5,2014,11,All (PS),production,61734.0
3066,TG2009A20206,Togo,TG,Plateaux,Est-Mono,Est-Mono,Maize,Main,2015,5,2015,11,All (PS),production,76150.0
3067,TG2009A20206,Togo,TG,Plateaux,Est-Mono,Est-Mono,Millet,Main,2012,5,2012,11,All (PS),production,596.0
3068,TG2009A20206,Togo,TG,Plateaux,Est-Mono,Est-Mono,Millet,Main,2013,5,2013,11,All (PS),production,2241.0
3069,TG2009A20206,Togo,TG,Plateaux,Est-Mono,Est-Mono,Millet,Main,2015,5,2015,11,All (PS),production,659.0
3070,TG2009A20206,Togo,TG,Plateaux,Est-Mono,Est-Mono,Rice,Annual,2010,5,2010,11,All (PS),production,715.0
3071,TG2009A20206,Togo,TG,Plateaux,Est-Mono,Est-Mono,Rice,Annual,2011,5,2011,11,All (PS),production,553.0
3072,TG2009A20206,Togo,TG,Plateaux,Est-Mono,Est-Mono,Rice,Annual,2012,5,2012,11,All (PS),production,959.0
3073,TG2009A20206,Togo,TG,Plateaux,Est-Mono,Est-Mono,Rice,Annual,2013,5,2013,11,All (PS),production,4234.0
3074,TG2009A20206,Togo,TG,Plateaux,Est-Mono,Est-Mono,Rice,Annual,2014,5,2014,11,All (PS),production,3352.0
3075,TG2009A20206,Togo,TG,Plateaux,Est-Mono,Est-Mono,Rice,Annual,2015,5,2015,11,All (PS),production,3352.0
3076,TG2009A20206,Togo,TG,Plateaux,Est-Mono,Est-Mono,Cassava,Main,2010,5,2010,11,All (PS),production,1359.0
3077,TG2009A20206,Togo,TG,Plateaux,Est-Mono,Est-Mono,Cassava,Main,2011,5,2011,11,All (PS),production,1679.0
3078,TG2009A20206,Togo,TG,Plateaux,Est-Mono,Est-Mono,Cassava,Main,2012,5,2012,11,All (PS),production,1457.0
3079,TG2009A20206,Togo,TG,Plateaux,Est-Mono,Est-Mono,Cassava,Main,2013,5,2013,11,All (PS),production,4676.0
3080,TG2009A20206,Togo,TG,Plateaux,Est-Mono,Est-Mono,Cassava,Main,2014,5,2014,11,All (PS),production,24528.0
3081,TG2009A20206,Togo,TG,Plateaux,Est-Mono,Est-Mono,Cassava,Main,2015,5,2015,11,All (PS),production,4615.0
3082,TG2009A20206,Togo,TG,Plateaux,Est-Mono,Est-Mono,Soybean,Main,2015,5,2015,11,All (PS),production,2573.0
3083,TG2009A20206,Togo,TG,Plateaux,Est-Mono,Est-Mono,Yams,Main,2010,5,2010,11,All (PS),production,22813.0
3084,TG2009A20206,Togo,TG,Plateaux,Est-Mono,Est-Mono,Yams,Main,2011,5,2011,11,All (PS),production,21527.0
3085,TG2009A20206,Togo,TG,Plateaux,Est-Mono,Est-Mono,Yams,Main,2012,5,2012,11,All (PS),production,17540.0
3086,TG2009A20206,Togo,TG,Plateaux,Est-Mono,Est-Mono,Yams,Main,2013,5,2013,11,All (PS),production,48249.0
3087,TG2009A20206,Togo,TG,Plateaux,Est-Mono,Est-Mono,Yams,Main,2014,5,2014,11,All (PS),production,18949.0
3088,TG2009A20206,Togo,TG,Plateaux,Est-Mono,Est-Mono,Yams,Main,2015,5,2015,11,All (PS),production,40135.0
3089,TG2009A20206,Togo,TG,Plateaux,Est-Mono,Est-Mono,Groundnuts (In Shell),Main,2010,5,2010,11,All (PS),production,99.0
3090,TG2009A20206,Togo,TG,Plateaux,Est-Mono,Est-Mono,Groundnuts (In Shell),Main,2011,5,2011,11,All (PS),production,94.0
3091,TG2009A20206,Togo,TG,Plateaux,Est-Mono,Est-Mono,Groundnuts (In Shell),Main,2012,5,2012,11,All (PS),production,374.0
3092,TG2009A20206,Togo,TG,Plateaux,Est-Mono,Est-Mono,Groundnuts (In Shell),Main,2013,5,2013,11,All (PS),production,1263.0
3093,TG2009A20206,Togo,TG,Plateaux,Est-Mono,Est-Mono,Groundnuts (In Shell),Main,2014,5,2014,11,All (PS),production,3138.0
3094,TG2009A20206,Togo,TG,Plateaux,Est-Mono,Est-Mono,Groundnuts (In Shell),Main,2015,5,2015,11,All (PS),production,823.0
3095,TG2009A20206,Togo,TG,Plateaux,Est-Mono,Est-Mono,Cowpea,Main,2010,5,2010,11,All (PS),production,2308.0
3096,TG2009A20206,Togo,TG,Plateaux,Est-Mono,Est-Mono,Cowpea,Main,2011,5,2011,11,All (PS),production,2002.0
3097,TG2009A20206,Togo,TG,Plateaux,Est-Mono,Est-Mono,Cowpea,Main,2012,5,2012,11,All (PS),production,2126.0
3098,TG2009A20206,Togo,TG,Plateaux,Est-Mono,Est-Mono,Cowpea,Main,2013,5,2013,11,All (PS),production,2022.0
3099,TG2009A20206,Togo,TG,Plateaux,Est-Mono,Est-Mono,Cowpea,Main,2014,5,2014,11,All (PS),production,3507.0
3100,TG2009A20206,Togo,TG,Plateaux,Est-Mono,Est-Mono,Cowpea,Main,2015,5,2015,11,All (PS),production,3507.0
3101,TG2009A20207,Togo,TG,Plateaux,Agou,Agou,Sorghum,Main,1995,5,1995,11,All (PS),production,995.6795747911922
3102,TG2009A20207,Togo,TG,Plateaux,Agou,Agou,Sorghum,Main,1997,5,1997,11,All (PS),production,235.20631942982206
3103,TG2009A20207,Togo,TG,Plateaux,Agou,Agou,Sorghum,Main,1998,5,1998,11,All (PS),production,309.60220181466667
3104,TG2009A20207,Togo,TG,Plateaux,Agou,Agou,Sorghum,Main,1999,5,1999,11,All (PS),production,40.981017463933185
3105,TG2009A20207,Togo,TG,Plateaux,Agou,Agou,Sorghum,Main,2000,5,2000,11,All (PS),production,298.5651260504202
3106,TG2009A20207,Togo,TG,Plateaux,Agou,Agou,Sorghum,Main,2001,5,2001,11,All (PS),production,50.29179029242677
3107,TG2009A20207,Togo,TG,Plateaux,Agou,Agou,Sorghum,Main,2002,5,2002,11,All (PS),production,120.41968951589747
3108,TG2009A20207,Togo,TG,Plateaux,Agou,Agou,Sorghum,Main,2003,5,2003,11,All (PS),production,93.03968147623515
3109,TG2009A20207,Togo,TG,Plateaux,Agou,Agou,Sorghum,Main,2004,5,2004,11,All (PS),production,138.58970205394232
3110,TG2009A20207,Togo,TG,Plateaux,Agou,Agou,Sorghum,Main,2005,5,2005,11,All (PS),production,262.80882352941177
3111,TG2009A20207,Togo,TG,Plateaux,Agou,Agou,Sorghum,Main,2006,5,2006,11,All (PS),production,225.84974046566236
3112,TG2009A20207,Togo,TG,Plateaux,Agou,Agou,Sorghum,Main,2007,5,2007,11,All (PS),production,125.41929072312297
3113,TG2009A20207,Togo,TG,Plateaux,Agou,Agou,Sorghum,Main,2008,5,2008,11,All (PS),production,51.806067871339884
3114,TG2009A20207,Togo,TG,Plateaux,Agou,Agou,Sorghum,Main,2009,5,2009,11,All (PS),production,2924.0
3115,TG2009A20207,Togo,TG,Plateaux,Agou,Agou,Sorghum,Main,2010,5,2010,11,All (PS),production,3050.0
3116,TG2009A20207,Togo,TG,Plateaux,Agou,Agou,Sorghum,Main,2011,5,2011,11,All (PS),production,2901.0
3117,TG2009A20207,Togo,TG,Plateaux,Agou,Agou,Sorghum,Main,2012,5,2012,11,All (PS),production,1274.0
3118,TG2009A20207,Togo,TG,Plateaux,Agou,Agou,Maize,Main,1995,5,1995,11,All (PS),production,4097.305998481397
3119,TG2009A20207,Togo,TG,Plateaux,Agou,Agou,Maize,Main,1996,5,1996,11,All (PS),production,1485.0645406226272
3120,TG2009A20207,Togo,TG,Plateaux,Agou,Agou,Maize,Main,1997,5,1997,11,All (PS),production,8404.782044594604
3121,TG2009A20207,Togo,TG,Plateaux,Agou,Agou,Maize,Main,1998,5,1998,11,All (PS),production,8807.420010942875
3122,TG2009A20207,Togo,TG,Plateaux,Agou,Agou,Maize,Main,1999,5,1999,11,All (PS),production,5937.690082183215
3123,TG2009A20207,Togo,TG,Plateaux,Agou,Agou,Maize,Main,2000,5,2000,11,All (PS),production,7680.400224440573
3124,TG2009A20207,Togo,TG,Plateaux,Agou,Agou,Maize,Main,2001,5,2001,11,All (PS),production,5866.475917701933
3125,TG2009A20207,Togo,TG,Plateaux,Agou,Agou,Maize,Main,2002,5,2002,11,All (PS),production,5347.948006195645
3126,TG2009A20207,Togo,TG,Plateaux,Agou,Agou,Maize,Main,2003,5,2003,11,All (PS),production,5418.023551903678
3127,TG2009A20207,Togo,TG,Plateaux,Agou,Agou,Maize,Main,2004,5,2004,11,All (PS),production,6364.093186705206
3128,TG2009A20207,Togo,TG,Plateaux,Agou,Agou,Maize,Main,2005,5,2005,11,All (PS),production,6137.354805931484
3129,TG2009A20207,Togo,TG,Plateaux,Agou,Agou,Maize,Main,2006,5,2006,11,All (PS),production,4898.266695858298
3130,TG2009A20207,Togo,TG,Plateaux,Agou,Agou,Maize,Main,2007,5,2007,11,All (PS),production,8085.056361382823
3131,TG2009A20207,Togo,TG,Plateaux,Agou,Agou,Maize,Main,2008,5,2008,11,All (PS),production,5053.026589109448
3132,TG2009A20207,Togo,TG,Plateaux,Agou,Agou,Maize,Main,2009,5,2009,11,All (PS),production,3713.0
3133,TG2009A20207,Togo,TG,Plateaux,Agou,Agou,Maize,Main,2010,5,2010,11,All (PS),production,4977.0
3134,TG2009A20207,Togo,TG,Plateaux,Agou,Agou,Maize,Main,2011,5,2011,11,All (PS),production,4695.0
3135,TG2009A20207,Togo,TG,Plateaux,Agou,Agou,Maize,Main,2012,5,2012,11,All (PS),production,18720.0
3136,TG2009A20207,Togo,TG,Plateaux,Agou,Agou,Maize,Main,2013,5,2013,11,All (PS),production,47350.0
3137,TG2009A20207,Togo,TG,Plateaux,Agou,Agou,Maize,Main,2014,5,2014,11,All (PS),production,20107.0
3138,TG2009A20207,Togo,TG,Plateaux,Agou,Agou,Maize,Main,2015,5,2015,11,All (PS),production,62218.0
3139,TG2009A20207,Togo,TG,Plateaux,Agou,Agou,Rice,Annual,2011,5,2011,11,All (PS),production,465.0
3140,TG2009A20207,Togo,TG,Plateaux,Agou,Agou,Rice,Annual,2012,5,2012,11,All (PS),production,1765.0
3141,TG2009A20207,Togo,TG,Plateaux,Agou,Agou,Rice,Annual,2013,5,2013,11,All (PS),production,729.0
3142,TG2009A20207,Togo,TG,Plateaux,Agou,Agou,Rice,Annual,2014,5,2014,11,All (PS),production,577.0
3143,TG2009A20207,Togo,TG,Plateaux,Agou,Agou,Rice,Annual,2015,5,2015,11,All (PS),production,577.0
3144,TG2009A20207,Togo,TG,Plateaux,Agou,Agou,Cassava,Main,2010,5,2010,11,All (PS),production,8979.0
3145,TG2009A20207,Togo,TG,Plateaux,Agou,Agou,Cassava,Main,2011,5,2011,11,All (PS),production,7855.0
3146,TG2009A20207,Togo,TG,Plateaux,Agou,Agou,Cassava,Main,2012,5,2012,11,All (PS),production,1706.0
3147,TG2009A20207,Togo,TG,Plateaux,Agou,Agou,Cassava,Main,2013,5,2013,11,All (PS),production,12129.0
3148,TG2009A20207,Togo,TG,Plateaux,Agou,Agou,Cassava,Main,2014,5,2014,11,All (PS),production,2653.0
3149,TG2009A20207,Togo,TG,Plateaux,Agou,Agou,Cassava,Main,2015,5,2015,11,All (PS),production,11971.0
3150,TG2009A20207,Togo,TG,Plateaux,Agou,Agou,Soybean,Main,2015,5,2015,11,All (PS),production,35.0
3151,TG2009A20207,Togo,TG,Plateaux,Agou,Agou,Yams,Main,2010,5,2010,11,All (PS),production,29679.0
3152,TG2009A20207,Togo,TG,Plateaux,Agou,Agou,Yams,Main,2011,5,2011,11,All (PS),production,38132.0
3153,TG2009A20207,Togo,TG,Plateaux,Agou,Agou,Yams,Main,2012,5,2012,11,All (PS),production,23960.0
3154,TG2009A20207,Togo,TG,Plateaux,Agou,Agou,Yams,Main,2013,5,2013,11,All (PS),production,43723.0
3155,TG2009A20207,Togo,TG,Plateaux,Agou,Agou,Yams,Main,2014,5,2014,11,All (PS),production,36369.0
3156,TG2009A20207,Togo,TG,Plateaux,Agou,Agou,Yams,Main,2015,5,2015,11,All (PS),production,36369.0
3157,TG2009A20207,Togo,TG,Plateaux,Agou,Agou,Groundnuts (In Shell),Main,2010,5,2010,11,All (PS),production,192.0
3158,TG2009A20207,Togo,TG,Plateaux,Agou,Agou,Groundnuts (In Shell),Main,2011,5,2011,11,All (PS),production,171.0
3159,TG2009A20207,Togo,TG,Plateaux,Agou,Agou,Groundnuts (In Shell),Main,2012,5,2012,11,All (PS),production,252.0
3160,TG2009A20207,Togo,TG,Plateaux,Agou,Agou,Groundnuts (In Shell),Main,2013,5,2013,11,All (PS),production,599.0
3161,TG2009A20207,Togo,TG,Plateaux,Agou,Agou,Groundnuts (In Shell),Main,2014,5,2014,11,All (PS),production,395.0
3162,TG2009A20207,Togo,TG,Plateaux,Agou,Agou,Groundnuts (In Shell),Main,2015,5,2015,11,All (PS),production,391.0
3163,TG2009A20207,Togo,TG,Plateaux,Agou,Agou,Cowpea,Main,2012,5,2012,11,All (PS),production,557.0
3164,TG2009A20207,Togo,TG,Plateaux,Agou,Agou,Cowpea,Main,2013,5,2013,11,All (PS),production,2353.0
3165,TG2009A20207,Togo,TG,Plateaux,Agou,Agou,Cowpea,Main,2014,5,2014,11,All (PS),production,4081.0
3166,TG2009A20207,Togo,TG,Plateaux,Agou,Agou,Cowpea,Main,2015,5,2015,11,All (PS),production,4081.0
3167,TG2009A20208,Togo,TG,Plateaux,Danyi,Danyi,Sorghum,Main,1995,5,1995,11,All (PS),production,233.18261024742029
3168,TG2009A20208,Togo,TG,Plateaux,Danyi,Danyi,Sorghum,Main,1996,5,1996,11,All (PS),production,25.052227342549923
3169,TG2009A20208,Togo,TG,Plateaux,Danyi,Danyi,Sorghum,Main,1997,5,1997,11,All (PS),production,26.361661575498008
3170,TG2009A20208,Togo,TG,Plateaux,Danyi,Danyi,Sorghum,Main,1998,5,1998,11,All (PS),production,35.17499763811763
3171,TG2009A20208,Togo,TG,Plateaux,Danyi,Danyi,Sorghum,Main,1999,5,1999,11,All (PS),production,35.038901077368266
3172,TG2009A20208,Togo,TG,Plateaux,Danyi,Danyi,Sorghum,Main,2000,5,2000,11,All (PS),production,57.793394777265746
3173,TG2009A20208,Togo,TG,Plateaux,Danyi,Danyi,Sorghum,Main,2001,5,2001,11,All (PS),production,54.5643394252403
3174,TG2009A20208,Togo,TG,Plateaux,Danyi,Danyi,Sorghum,Main,2002,5,2002,11,All (PS),production,54.5028395074688
3175,TG2009A20208,Togo,TG,Plateaux,Danyi,Danyi,Sorghum,Main,2003,5,2003,11,All (PS),production,72.55520856296079
3176,TG2009A20208,Togo,TG,Plateaux,Danyi,Danyi,Sorghum,Main,2004,5,2004,11,All (PS),production,14.707660196858521
3177,TG2009A20208,Togo,TG,Plateaux,Danyi,Danyi,Sorghum,Main,2005,5,2005,11,All (PS),production,36.71198156682028
3178,TG2009A20208,Togo,TG,Plateaux,Danyi,Danyi,Sorghum,Main,2006,5,2006,11,All (PS),production,73.49269740962738
3179,TG2009A20208,Togo,TG,Plateaux,Danyi,Danyi,Sorghum,Main,2007,5,2007,11,All (PS),production,102.99022880516745
3180,TG2009A20208,Togo,TG,Plateaux,Danyi,Danyi,Sorghum,Main,2008,5,2008,11,All (PS),production,57.43937310393332
3181,TG2009A20208,Togo,TG,Plateaux,Danyi,Danyi,Maize,Main,1995,5,1995,11,All (PS),production,1273.6116243102429
3182,TG2009A20208,Togo,TG,Plateaux,Danyi,Danyi,Maize,Main,1996,5,1996,11,All (PS),production,834.1634352616791
3183,TG2009A20208,Togo,TG,Plateaux,Danyi,Danyi,Maize,Main,1997,5,1997,11,All (PS),production,2454.541795656098
3184,TG2009A20208,Togo,TG,Plateaux,Danyi,Danyi,Maize,Main,1998,5,1998,11,All (PS),production,4677.962968050501
3185,TG2009A20208,Togo,TG,Plateaux,Danyi,Danyi,Maize,Main,1999,5,1999,11,All (PS),production,3032.535418671492
3186,TG2009A20208,Togo,TG,Plateaux,Danyi,Danyi,Maize,Main,2000,5,2000,11,All (PS),production,2986.1793325252615
3187,TG2009A20208,Togo,TG,Plateaux,Danyi,Danyi,Maize,Main,2001,5,2001,11,All (PS),production,1974.6993951242746
3188,TG2009A20208,Togo,TG,Plateaux,Danyi,Danyi,Maize,Main,2002,5,2002,11,All (PS),production,2796.814753902061
3189,TG2009A20208,Togo,TG,Plateaux,Danyi,Danyi,Maize,Main,2003,5,2003,11,All (PS),production,3768.87986723094
3190,TG2009A20208,Togo,TG,Plateaux,Danyi,Danyi,Maize,Main,2004,5,2004,11,All (PS),production,3154.1629310001654
3191,TG2009A20208,Togo,TG,Plateaux,Danyi,Danyi,Maize,Main,2005,5,2005,11,All (PS),production,4183.823551473306
3192,TG2009A20208,Togo,TG,Plateaux,Danyi,Danyi,Maize,Main,2006,5,2006,11,All (PS),production,4169.555569400254
3193,TG2009A20208,Togo,TG,Plateaux,Danyi,Danyi,Maize,Main,2007,5,2007,11,All (PS),production,4772.001375027733
3194,TG2009A20208,Togo,TG,Plateaux,Danyi,Danyi,Maize,Main,2008,5,2008,11,All (PS),production,6029.698076354005
3195,TG2009A20208,Togo,TG,Plateaux,Danyi,Danyi,Maize,Main,2009,5,2009,11,All (PS),production,12539.0
3196,TG2009A20208,Togo,TG,Plateaux,Danyi,Danyi,Maize,Main,2010,5,2010,11,All (PS),production,15853.0
3197,TG2009A20208,Togo,TG,Plateaux,Danyi,Danyi,Maize,Main,2011,5,2011,11,All (PS),production,16403.0
3198,TG2009A20208,Togo,TG,Plateaux,Danyi,Danyi,Maize,Main,2012,5,2012,11,All (PS),production,9563.0
3199,TG2009A20208,Togo,TG,Plateaux,Danyi,Danyi,Maize,Main,2013,5,2013,11,All (PS),production,9050.0
3200,TG2009A20208,Togo,TG,Plateaux,Danyi,Danyi,Maize,Main,2014,5,2014,11,All (PS),production,8487.0
3201,TG2009A20208,Togo,TG,Plateaux,Danyi,Danyi,Maize,Main,2015,5,2015,11,All (PS),production,11891.0
3202,TG2009A20208,Togo,TG,Plateaux,Danyi,Danyi,Rice,Annual,2010,5,2010,11,All (PS),production,2155.0
3203,TG2009A20208,Togo,TG,Plateaux,Danyi,Danyi,Rice,Annual,2011,5,2011,11,All (PS),production,1465.0
3204,TG2009A20208,Togo,TG,Plateaux,Danyi,Danyi,Rice,Annual,2012,5,2012,11,All (PS),production,1202.0
3205,TG2009A20208,Togo,TG,Plateaux,Danyi,Danyi,Rice,Annual,2013,5,2013,11,All (PS),production,6770.0
3206,TG2009A20208,Togo,TG,Plateaux,Danyi,Danyi,Rice,Annual,2014,5,2014,11,All (PS),production,5359.0
3207,TG2009A20208,Togo,TG,Plateaux,Danyi,Danyi,Rice,Annual,2015,5,2015,11,All (PS),production,5359.0
3208,TG2009A20208,Togo,TG,Plateaux,Danyi,Danyi,Cassava,Main,2010,5,2010,11,All (PS),production,55310.0
3209,TG2009A20208,Togo,TG,Plateaux,Danyi,Danyi,Cassava,Main,2011,5,2011,11,All (PS),production,42999.0
3210,TG2009A20208,Togo,TG,Plateaux,Danyi,Danyi,Cassava,Main,2012,5,2012,11,All (PS),production,20590.0
3211,TG2009A20208,Togo,TG,Plateaux,Danyi,Danyi,Cassava,Main,2013,5,2013,11,All (PS),production,17435.0
3212,TG2009A20208,Togo,TG,Plateaux,Danyi,Danyi,Cassava,Main,2014,5,2014,11,All (PS),production,25650.0
3213,TG2009A20208,Togo,TG,Plateaux,Danyi,Danyi,Cassava,Main,2015,5,2015,11,All (PS),production,17207.0
3214,TG2009A20208,Togo,TG,Plateaux,Danyi,Danyi,Soybean,Main,2015,5,2015,11,All (PS),production,3.0
3215,TG2009A20208,Togo,TG,Plateaux,Danyi,Danyi,Yams,Main,2010,5,2010,11,All (PS),production,23368.0
3216,TG2009A20208,Togo,TG,Plateaux,Danyi,Danyi,Yams,Main,2011,5,2011,11,All (PS),production,22204.0
3217,TG2009A20208,Togo,TG,Plateaux,Danyi,Danyi,Yams,Main,2012,5,2012,11,All (PS),production,4102.0
3218,TG2009A20208,Togo,TG,Plateaux,Danyi,Danyi,Yams,Main,2013,5,2013,11,All (PS),production,3173.0
3219,TG2009A20208,Togo,TG,Plateaux,Danyi,Danyi,Yams,Main,2014,5,2014,11,All (PS),production,2639.0
3220,TG2009A20208,Togo,TG,Plateaux,Danyi,Danyi,Yams,Main,2015,5,2015,11,All (PS),production,2639.0
3221,TG2009A20208,Togo,TG,Plateaux,Danyi,Danyi,Groundnuts (In Shell),Main,2010,5,2010,11,All (PS),production,407.0
3222,TG2009A20208,Togo,TG,Plateaux,Danyi,Danyi,Groundnuts (In Shell),Main,2011,5,2011,11,All (PS),production,510.0
3223,TG2009A20208,Togo,TG,Plateaux,Danyi,Danyi,Cowpea,Main,2010,5,2010,11,All (PS),production,1904.0
3224,TG2009A20208,Togo,TG,Plateaux,Danyi,Danyi,Cowpea,Main,2011,5,2011,11,All (PS),production,1850.0
3225,TG2009A20208,Togo,TG,Plateaux,Danyi,Danyi,Cowpea,Main,2012,5,2012,11,All (PS),production,498.0
3226,TG2009A20208,Togo,TG,Plateaux,Danyi,Danyi,Cowpea,Main,2013,5,2013,11,All (PS),production,3690.0
3227,TG2009A20208,Togo,TG,Plateaux,Danyi,Danyi,Cowpea,Main,2014,5,2014,11,All (PS),production,6401.0
3228,TG2009A20208,Togo,TG,Plateaux,Danyi,Danyi,Cowpea,Main,2015,5,2015,11,All (PS),production,6401.0
3229,TG2009A20209,Togo,TG,Plateaux,Moyen-Mono,Moyen-Mono,Sorghum,Main,1998,5,1998,11,All (PS),production,24.0
3230,TG2009A20209,Togo,TG,Plateaux,Moyen-Mono,Moyen-Mono,Sorghum,Main,2003,5,2003,11,All (PS),production,15.0
3231,TG2009A20209,Togo,TG,Plateaux,Moyen-Mono,Moyen-Mono,Sorghum,Main,2006,5,2006,11,All (PS),production,669.0
3232,TG2009A20209,Togo,TG,Plateaux,Moyen-Mono,Moyen-Mono,Sorghum,Main,2009,5,2009,11,All (PS),production,43.0
3233,TG2009A20209,Togo,TG,Plateaux,Moyen-Mono,Moyen-Mono,Sorghum,Main,2010,5,2010,11,All (PS),production,69.0
3234,TG2009A20209,Togo,TG,Plateaux,Moyen-Mono,Moyen-Mono,Sorghum,Main,2012,5,2012,11,All (PS),production,118.0
3235,TG2009A20209,Togo,TG,Plateaux,Moyen-Mono,Moyen-Mono,Sorghum,Main,2013,5,2013,11,All (PS),production,24.0
3236,TG2009A20209,Togo,TG,Plateaux,Moyen-Mono,Moyen-Mono,Sorghum,Main,2014,5,2014,11,All (PS),production,117.0
3237,TG2009A20209,Togo,TG,Plateaux,Moyen-Mono,Moyen-Mono,Sorghum,Main,2015,5,2015,11,All (PS),production,19.0
3238,TG2009A20209,Togo,TG,Plateaux,Moyen-Mono,Moyen-Mono,Maize,Main,1997,5,1997,11,All (PS),production,13668.0
3239,TG2009A20209,Togo,TG,Plateaux,Moyen-Mono,Moyen-Mono,Maize,Main,1998,5,1998,11,All (PS),production,17328.0
3240,TG2009A20209,Togo,TG,Plateaux,Moyen-Mono,Moyen-Mono,Maize,Main,1999,5,1999,11,All (PS),production,18485.0
3241,TG2009A20209,Togo,TG,Plateaux,Moyen-Mono,Moyen-Mono,Maize,Main,2000,5,2000,11,All (PS),production,24181.0
3242,TG2009A20209,Togo,TG,Plateaux,Moyen-Mono,Moyen-Mono,Maize,Main,2001,5,2001,11,All (PS),production,19900.0
3243,TG2009A20209,Togo,TG,Plateaux,Moyen-Mono,Moyen-Mono,Maize,Main,2002,5,2002,11,All (PS),production,15364.0
3244,TG2009A20209,Togo,TG,Plateaux,Moyen-Mono,Moyen-Mono,Maize,Main,2003,5,2003,11,All (PS),production,17153.0
3245,TG2009A20209,Togo,TG,Plateaux,Moyen-Mono,Moyen-Mono,Maize,Main,2004,5,2004,11,All (PS),production,22790.0
3246,TG2009A20209,Togo,TG,Plateaux,Moyen-Mono,Moyen-Mono,Maize,Main,2005,5,2005,11,All (PS),production,12670.0
3247,TG2009A20209,Togo,TG,Plateaux,Moyen-Mono,Moyen-Mono,Maize,Main,2006,5,2006,11,All (PS),production,13606.0
3248,TG2009A20209,Togo,TG,Plateaux,Moyen-Mono,Moyen-Mono,Maize,Main,2007,5,2007,11,All (PS),production,11413.0
3249,TG2009A20209,Togo,TG,Plateaux,Moyen-Mono,Moyen-Mono,Maize,Main,2008,5,2008,11,All (PS),production,18292.0
3250,TG2009A20209,Togo,TG,Plateaux,Moyen-Mono,Moyen-Mono,Maize,Main,2009,5,2009,11,All (PS),production,18852.0
3251,TG2009A20209,Togo,TG,Plateaux,Moyen-Mono,Moyen-Mono,Maize,Main,2010,5,2010,11,All (PS),production,21754.0
3252,TG2009A20209,Togo,TG,Plateaux,Moyen-Mono,Moyen-Mono,Maize,Main,2011,5,2011,11,All (PS),production,16640.0
3253,TG2009A20209,Togo,TG,Plateaux,Moyen-Mono,Moyen-Mono,Maize,Main,2012,5,2012,11,All (PS),production,27942.0
3254,TG2009A20209,Togo,TG,Plateaux,Moyen-Mono,Moyen-Mono,Maize,Main,2013,5,2013,11,All (PS),production,18950.0
3255,TG2009A20209,Togo,TG,Plateaux,Moyen-Mono,Moyen-Mono,Maize,Main,2014,5,2014,11,All (PS),production,26755.0
3256,TG2009A20209,Togo,TG,Plateaux,Moyen-Mono,Moyen-Mono,Maize,Main,2015,5,2015,11,All (PS),production,24900.0
3257,TG2009A20209,Togo,TG,Plateaux,Moyen-Mono,Moyen-Mono,Millet,Main,2012,5,2012,11,All (PS),production,600.0
3258,TG2009A20209,Togo,TG,Plateaux,Moyen-Mono,Moyen-Mono,Millet,Main,2013,5,2013,11,All (PS),production,329.0
3259,TG2009A20209,Togo,TG,Plateaux,Moyen-Mono,Moyen-Mono,Millet,Main,2015,5,2015,11,All (PS),production,97.0
3260,TG2009A20209,Togo,TG,Plateaux,Moyen-Mono,Moyen-Mono,Rice,Annual,2012,5,2012,11,All (PS),production,749.0
3261,TG2009A20209,Togo,TG,Plateaux,Moyen-Mono,Moyen-Mono,Rice,Annual,2013,5,2013,11,All (PS),production,348.0
3262,TG2009A20209,Togo,TG,Plateaux,Moyen-Mono,Moyen-Mono,Rice,Annual,2014,5,2014,11,All (PS),production,276.0
3263,TG2009A20209,Togo,TG,Plateaux,Moyen-Mono,Moyen-Mono,Rice,Annual,2015,5,2015,11,All (PS),production,276.0
3264,TG2009A20209,Togo,TG,Plateaux,Moyen-Mono,Moyen-Mono,Cassava,Main,2010,5,2010,11,All (PS),production,33362.0
3265,TG2009A20209,Togo,TG,Plateaux,Moyen-Mono,Moyen-Mono,Cassava,Main,2011,5,2011,11,All (PS),production,38688.0
3266,TG2009A20209,Togo,TG,Plateaux,Moyen-Mono,Moyen-Mono,Cassava,Main,2012,5,2012,11,All (PS),production,19960.0
3267,TG2009A20209,Togo,TG,Plateaux,Moyen-Mono,Moyen-Mono,Cassava,Main,2013,5,2013,11,All (PS),production,43938.0
3268,TG2009A20209,Togo,TG,Plateaux,Moyen-Mono,Moyen-Mono,Cassava,Main,2014,5,2014,11,All (PS),production,39581.0
3269,TG2009A20209,Togo,TG,Plateaux,Moyen-Mono,Moyen-Mono,Cassava,Main,2015,5,2015,11,All (PS),production,43365.0
3270,TG2009A20209,Togo,TG,Plateaux,Moyen-Mono,Moyen-Mono,Soybean,Main,2015,5,2015,11,All (PS),production,2.0
3271,TG2009A20209,Togo,TG,Plateaux,Moyen-Mono,Moyen-Mono,Yams,Main,2010,5,2010,11,All (PS),production,2305.0
3272,TG2009A20209,Togo,TG,Plateaux,Moyen-Mono,Moyen-Mono,Yams,Main,2011,5,2011,11,All (PS),production,2071.0
3273,TG2009A20209,Togo,TG,Plateaux,Moyen-Mono,Moyen-Mono,Yams,Main,2012,5,2012,11,All (PS),production,2482.0
3274,TG2009A20209,Togo,TG,Plateaux,Moyen-Mono,Moyen-Mono,Groundnuts (In Shell),Main,2010,5,2010,11,All (PS),production,283.0
3275,TG2009A20209,Togo,TG,Plateaux,Moyen-Mono,Moyen-Mono,Groundnuts (In Shell),Main,2011,5,2011,11,All (PS),production,279.0
3276,TG2009A20209,Togo,TG,Plateaux,Moyen-Mono,Moyen-Mono,Groundnuts (In Shell),Main,2012,5,2012,11,All (PS),production,2158.0
3277,TG2009A20209,Togo,TG,Plateaux,Moyen-Mono,Moyen-Mono,Groundnuts (In Shell),Main,2013,5,2013,11,All (PS),production,799.0
3278,TG2009A20209,Togo,TG,Plateaux,Moyen-Mono,Moyen-Mono,Groundnuts (In Shell),Main,2014,5,2014,11,All (PS),production,252.0
3279,TG2009A20209,Togo,TG,Plateaux,Moyen-Mono,Moyen-Mono,Groundnuts (In Shell),Main,2015,5,2015,11,All (PS),production,520.0
3280,TG2009A20209,Togo,TG,Plateaux,Moyen-Mono,Moyen-Mono,Cowpea,Main,2010,5,2010,11,All (PS),production,1855.0
3281,TG2009A20209,Togo,TG,Plateaux,Moyen-Mono,Moyen-Mono,Cowpea,Main,2011,5,2011,11,All (PS),production,1376.0
3282,TG2009A20209,Togo,TG,Plateaux,Moyen-Mono,Moyen-Mono,Cowpea,Main,2012,5,2012,11,All (PS),production,3054.0
3283,TG2009A20209,Togo,TG,Plateaux,Moyen-Mono,Moyen-Mono,Cowpea,Main,2013,5,2013,11,All (PS),production,3948.0
3284,TG2009A20209,Togo,TG,Plateaux,Moyen-Mono,Moyen-Mono,Cowpea,Main,2014,5,2014,11,All (PS),production,6849.0
3285,TG2009A20209,Togo,TG,Plateaux,Moyen-Mono,Moyen-Mono,Cowpea,Main,2015,5,2015,11,All (PS),production,6849.0
3286,TG2009A20210,Togo,TG,Plateaux,Akébou,Akébou,Sorghum,Main,2012,5,2012,11,All (PS),production,3.0
3287,TG2009A20210,Togo,TG,Plateaux,Akébou,Akébou,Maize,Main,1995,5,1995,11,All (PS),production,7808.516542816251
3288,TG2009A20210,Togo,TG,Plateaux,Akébou,Akébou,Maize,Main,1996,5,1996,11,All (PS),production,4598.41427199894
3289,TG2009A20210,Togo,TG,Plateaux,Akébou,Akébou,Maize,Main,1997,5,1997,11,All (PS),production,5872.3138633944345
3290,TG2009A20210,Togo,TG,Plateaux,Akébou,Akébou,Maize,Main,1998,5,1998,11,All (PS),production,7516.623406455162
3291,TG2009A20210,Togo,TG,Plateaux,Akébou,Akébou,Maize,Main,1999,5,1999,11,All (PS),production,2921.0506884775823
3292,TG2009A20210,Togo,TG,Plateaux,Akébou,Akébou,Maize,Main,2000,5,2000,11,All (PS),production,9151.068180544873
3293,TG2009A20210,Togo,TG,Plateaux,Akébou,Akébou,Maize,Main,2001,5,2001,11,All (PS),production,7517.272039049807
3294,TG2009A20210,Togo,TG,Plateaux,Akébou,Akébou,Maize,Main,2002,5,2002,11,All (PS),production,7454.284614875292
3295,TG2009A20210,Togo,TG,Plateaux,Akébou,Akébou,Maize,Main,2003,5,2003,11,All (PS),production,8337.54458678612
3296,TG2009A20210,Togo,TG,Plateaux,Akébou,Akébou,Maize,Main,2004,5,2004,11,All (PS),production,8325.469342565664
3297,TG2009A20210,Togo,TG,Plateaux,Akébou,Akébou,Maize,Main,2005,5,2005,11,All (PS),production,7495.97522079159
3298,TG2009A20210,Togo,TG,Plateaux,Akébou,Akébou,Maize,Main,2006,5,2006,11,All (PS),production,8995.77717239061
3299,TG2009A20210,Togo,TG,Plateaux,Akébou,Akébou,Maize,Main,2007,5,2007,11,All (PS),production,25840.394023856697
3300,TG2009A20210,Togo,TG,Plateaux,Akébou,Akébou,Maize,Main,2008,5,2008,11,All (PS),production,13663.8103688009
3301,TG2009A20210,Togo,TG,Plateaux,Akébou,Akébou,Maize,Main,2009,5,2009,11,All (PS),production,12692.0
3302,TG2009A20210,Togo,TG,Plateaux,Akébou,Akébou,Maize,Main,2010,5,2010,11,All (PS),production,15052.0
3303,TG2009A20210,Togo,TG,Plateaux,Akébou,Akébou,Maize,Main,2011,5,2011,11,All (PS),production,15876.0
3304,TG2009A20210,Togo,TG,Plateaux,Akébou,Akébou,Maize,Main,2012,5,2012,11,All (PS),production,12414.0
3305,TG2009A20210,Togo,TG,Plateaux,Akébou,Akébou,Maize,Main,2013,5,2013,11,All (PS),production,6565.0
3306,TG2009A20210,Togo,TG,Plateaux,Akébou,Akébou,Maize,Main,2014,5,2014,11,All (PS),production,10770.0
3307,TG2009A20210,Togo,TG,Plateaux,Akébou,Akébou,Maize,Main,2015,5,2015,11,All (PS),production,8626.0
3308,TG2009A20210,Togo,TG,Plateaux,Akébou,Akébou,Rice,Annual,2010,5,2010,11,All (PS),production,1464.0
3309,TG2009A20210,Togo,TG,Plateaux,Akébou,Akébou,Rice,Annual,2011,5,2011,11,All (PS),production,1563.0
3310,TG2009A20210,Togo,TG,Plateaux,Akébou,Akébou,Rice,Annual,2012,5,2012,11,All (PS),production,7232.0
3311,TG2009A20210,Togo,TG,Plateaux,Akébou,Akébou,Rice,Annual,2013,5,2013,11,All (PS),production,8419.0
3312,TG2009A20210,Togo,TG,Plateaux,Akébou,Akébou,Rice,Annual,2014,5,2014,11,All (PS),production,6665.0
3313,TG2009A20210,Togo,TG,Plateaux,Akébou,Akébou,Rice,Annual,2015,5,2015,11,All (PS),production,6665.0
3314,TG2009A20210,Togo,TG,Plateaux,Akébou,Akébou,Cassava,Main,2010,5,2010,11,All (PS),production,45370.0
3315,TG2009A20210,Togo,TG,Plateaux,Akébou,Akébou,Cassava,Main,2011,5,2011,11,All (PS),production,34584.0
3316,TG2009A20210,Togo,TG,Plateaux,Akébou,Akébou,Cassava,Main,2012,5,2012,11,All (PS),production,18666.0
3317,TG2009A20210,Togo,TG,Plateaux,Akébou,Akébou,Cassava,Main,2013,5,2013,11,All (PS),production,12798.0
3318,TG2009A20210,Togo,TG,Plateaux,Akébou,Akébou,Cassava,Main,2014,5,2014,11,All (PS),production,12631.0
3319,TG2009A20210,Togo,TG,Plateaux,Akébou,Akébou,Cassava,Main,2015,5,2015,11,All (PS),production,12631.0
3320,TG2009A20210,Togo,TG,Plateaux,Akébou,Akébou,Soybean,Main,2015,5,2015,11,All (PS),production,90.0
3321,TG2009A20210,Togo,TG,Plateaux,Akébou,Akébou,Yams,Main,2010,5,2010,11,All (PS),production,9899.0
3322,TG2009A20210,Togo,TG,Plateaux,Akébou,Akébou,Yams,Main,2011,5,2011,11,All (PS),production,13845.0
3323,TG2009A20210,Togo,TG,Plateaux,Akébou,Akébou,Yams,Main,2012,5,2012,11,All (PS),production,15028.0
3324,TG2009A20210,Togo,TG,Plateaux,Akébou,Akébou,Yams,Main,2013,5,2013,11,All (PS),production,9305.0
3325,TG2009A20210,Togo,TG,Plateaux,Akébou,Akébou,Yams,Main,2014,5,2014,11,All (PS),production,7740.0
3326,TG2009A20210,Togo,TG,Plateaux,Akébou,Akébou,Yams,Main,2015,5,2015,11,All (PS),production,7740.0
3327,TG2009A20210,Togo,TG,Plateaux,Akébou,Akébou,Groundnuts (In Shell),Main,2010,5,2010,11,All (PS),production,887.0
3328,TG2009A20210,Togo,TG,Plateaux,Akébou,Akébou,Groundnuts (In Shell),Main,2011,5,2011,11,All (PS),production,922.0
3329,TG2009A20210,Togo,TG,Plateaux,Akébou,Akébou,Groundnuts (In Shell),Main,2012,5,2012,11,All (PS),production,251.0
3330,TG2009A20210,Togo,TG,Plateaux,Akébou,Akébou,Groundnuts (In Shell),Main,2013,5,2013,11,All (PS),production,983.0
3331,TG2009A20210,Togo,TG,Plateaux,Akébou,Akébou,Groundnuts (In Shell),Main,2014,5,2014,11,All (PS),production,646.0
3332,TG2009A20210,Togo,TG,Plateaux,Akébou,Akébou,Groundnuts (In Shell),Main,2015,5,2015,11,All (PS),production,640.0
3333,TG2009A20210,Togo,TG,Plateaux,Akébou,Akébou,Cowpea,Main,2010,5,2010,11,All (PS),production,3857.0
3334,TG2009A20210,Togo,TG,Plateaux,Akébou,Akébou,Cowpea,Main,2011,5,2011,11,All (PS),production,4477.0
3335,TG2009A20210,Togo,TG,Plateaux,Akébou,Akébou,Cowpea,Main,2012,5,2012,11,All (PS),production,1095.0
3336,TG2009A20210,Togo,TG,Plateaux,Akébou,Akébou,Cowpea,Main,2013,5,2013,11,All (PS),production,615.0
3337,TG2009A20210,Togo,TG,Plateaux,Akébou,Akébou,Cowpea,Main,2014,5,2014,11,All (PS),production,1067.0
3338,TG2009A20210,Togo,TG,Plateaux,Akébou,Akébou,Cowpea,Main,2015,5,2015,11,All (PS),production,1067.0
3339,TG2009A20211,Togo,TG,Plateaux,Kpélé,Kpélé,Sorghum,Main,1995,5,1995,11,All (PS),production,1717.7019436304201
3340,TG2009A20211,Togo,TG,Plateaux,Kpélé,Kpélé,Sorghum,Main,1996,5,1996,11,All (PS),production,129.33577204466692
3341,TG2009A20211,Togo,TG,Plateaux,Kpélé,Kpélé,Sorghum,Main,1997,5,1997,11,All (PS),production,609.1023521971646
3342,TG2009A20211,Togo,TG,Plateaux,Kpélé,Kpélé,Sorghum,Main,1998,5,1998,11,All (PS),production,455.96938731653745
3343,TG2009A20211,Togo,TG,Plateaux,Kpélé,Kpélé,Sorghum,Main,1999,5,1999,11,All (PS),production,956.7708965049037
3344,TG2009A20211,Togo,TG,Plateaux,Kpélé,Kpélé,Sorghum,Main,2000,5,2000,11,All (PS),production,1459.921832884097
3345,TG2009A20211,Togo,TG,Plateaux,Kpélé,Kpélé,Sorghum,Main,2001,5,2001,11,All (PS),production,855.4033671232708
3346,TG2009A20211,Togo,TG,Plateaux,Kpélé,Kpélé,Sorghum,Main,2002,5,2002,11,All (PS),production,1284.665739248809
3347,TG2009A20211,Togo,TG,Plateaux,Kpélé,Kpélé,Sorghum,Main,2003,5,2003,11,All (PS),production,1579.5810524321475
3348,TG2009A20211,Togo,TG,Plateaux,Kpélé,Kpélé,Sorghum,Main,2004,5,2004,11,All (PS),production,1476.172959337171
3349,TG2009A20211,Togo,TG,Plateaux,Kpélé,Kpélé,Sorghum,Main,2005,5,2005,11,All (PS),production,1124.6946476703888
3350,TG2009A20211,Togo,TG,Plateaux,Kpélé,Kpélé,Sorghum,Main,2006,5,2006,11,All (PS),production,1040.733608868828
3351,TG2009A20211,Togo,TG,Plateaux,Kpélé,Kpélé,Sorghum,Main,2007,5,2007,11,All (PS),production,1242.44757881663
3352,TG2009A20211,Togo,TG,Plateaux,Kpélé,Kpélé,Sorghum,Main,2008,5,2008,11,All (PS),production,892.2743712519176
3353,TG2009A20211,Togo,TG,Plateaux,Kpélé,Kpélé,Sorghum,Main,2009,5,2009,11,All (PS),production,2353.0
3354,TG2009A20211,Togo,TG,Plateaux,Kpélé,Kpélé,Sorghum,Main,2010,5,2010,11,All (PS),production,1523.0
3355,TG2009A20211,Togo,TG,Plateaux,Kpélé,Kpélé,Sorghum,Main,2011,5,2011,11,All (PS),production,1258.0
3356,TG2009A20211,Togo,TG,Plateaux,Kpélé,Kpélé,Sorghum,Main,2012,5,2012,11,All (PS),production,563.0
3357,TG2009A20211,Togo,TG,Plateaux,Kpélé,Kpélé,Sorghum,Main,2013,5,2013,11,All (PS),production,4128.0
3358,TG2009A20211,Togo,TG,Plateaux,Kpélé,Kpélé,Sorghum,Main,2014,5,2014,11,All (PS),production,7106.0
3359,TG2009A20211,Togo,TG,Plateaux,Kpélé,Kpélé,Sorghum,Main,2015,5,2015,11,All (PS),production,3278.0
3360,TG2009A20211,Togo,TG,Plateaux,Kpélé,Kpélé,Maize,Main,1995,5,1995,11,All (PS),production,10809.415227663249
3361,TG2009A20211,Togo,TG,Plateaux,Kpélé,Kpélé,Maize,Main,1996,5,1996,11,All (PS),production,5424.127738945323
3362,TG2009A20211,Togo,TG,Plateaux,Kpélé,Kpélé,Maize,Main,1997,5,1997,11,All (PS),production,6589.493743706019
3363,TG2009A20211,Togo,TG,Plateaux,Kpélé,Kpélé,Maize,Main,1998,5,1998,11,All (PS),production,8946.723888944885
3364,TG2009A20211,Togo,TG,Plateaux,Kpélé,Kpélé,Maize,Main,1999,5,1999,11,All (PS),production,7169.342923840053
3365,TG2009A20211,Togo,TG,Plateaux,Kpélé,Kpélé,Maize,Main,2000,5,2000,11,All (PS),production,20161.744219508335
3366,TG2009A20211,Togo,TG,Plateaux,Kpélé,Kpélé,Maize,Main,2001,5,2001,11,All (PS),production,17576.502628702154
3367,TG2009A20211,Togo,TG,Plateaux,Kpélé,Kpélé,Maize,Main,2002,5,2002,11,All (PS),production,21208.803698594307
3368,TG2009A20211,Togo,TG,Plateaux,Kpélé,Kpélé,Maize,Main,2003,5,2003,11,All (PS),production,19011.82902521916
3369,TG2009A20211,Togo,TG,Plateaux,Kpélé,Kpélé,Maize,Main,2004,5,2004,11,All (PS),production,28176.56089956248
3370,TG2009A20211,Togo,TG,Plateaux,Kpélé,Kpélé,Maize,Main,2005,5,2005,11,All (PS),production,23732.202324038546
3371,TG2009A20211,Togo,TG,Plateaux,Kpélé,Kpélé,Maize,Main,2006,5,2006,11,All (PS),production,22686.129794792105
3372,TG2009A20211,Togo,TG,Plateaux,Kpélé,Kpélé,Maize,Main,2007,5,2007,11,All (PS),production,26847.768336980313
3373,TG2009A20211,Togo,TG,Plateaux,Kpélé,Kpélé,Maize,Main,2008,5,2008,11,All (PS),production,27422.389120759042
3374,TG2009A20211,Togo,TG,Plateaux,Kpélé,Kpélé,Maize,Main,2009,5,2009,11,All (PS),production,12558.0
3375,TG2009A20211,Togo,TG,Plateaux,Kpélé,Kpélé,Maize,Main,2010,5,2010,11,All (PS),production,17368.0
3376,TG2009A20211,Togo,TG,Plateaux,Kpélé,Kpélé,Maize,Main,2011,5,2011,11,All (PS),production,17994.0
3377,TG2009A20211,Togo,TG,Plateaux,Kpélé,Kpélé,Maize,Main,2012,5,2012,11,All (PS),production,13829.0
3378,TG2009A20211,Togo,TG,Plateaux,Kpélé,Kpélé,Maize,Main,2013,5,2013,11,All (PS),production,14277.0
3379,TG2009A20211,Togo,TG,Plateaux,Kpélé,Kpélé,Maize,Main,2014,5,2014,11,All (PS),production,19744.0
3380,TG2009A20211,Togo,TG,Plateaux,Kpélé,Kpélé,Maize,Main,2015,5,2015,11,All (PS),production,18760.0
3381,TG2009A20211,Togo,TG,Plateaux,Kpélé,Kpélé,Millet,Main,2012,5,2012,11,All (PS),production,795.0
3382,TG2009A20211,Togo,TG,Plateaux,Kpélé,Kpélé,Millet,Main,2013,5,2013,11,All (PS),production,15745.0
3383,TG2009A20211,Togo,TG,Plateaux,Kpélé,Kpélé,Millet,Main,2014,5,2014,11,All (PS),production,2346.0
3384,TG2009A20211,Togo,TG,Plateaux,Kpélé,Kpélé,Millet,Main,2015,5,2015,11,All (PS),production,4631.0
3385,TG2009A20211,Togo,TG,Plateaux,Kpélé,Kpélé,Rice,Annual,2010,5,2010,11,All (PS),production,3530.0
3386,TG2009A20211,Togo,TG,Plateaux,Kpélé,Kpélé,Rice,Annual,2011,5,2011,11,All (PS),production,4161.0
3387,TG2009A20211,Togo,TG,Plateaux,Kpélé,Kpélé,Rice,Annual,2012,5,2012,11,All (PS),production,2950.0
3388,TG2009A20211,Togo,TG,Plateaux,Kpélé,Kpélé,Rice,Annual,2013,5,2013,11,All (PS),production,1960.0
3389,TG2009A20211,Togo,TG,Plateaux,Kpélé,Kpélé,Rice,Annual,2014,5,2014,11,All (PS),production,1552.0
3390,TG2009A20211,Togo,TG,Plateaux,Kpélé,Kpélé,Rice,Annual,2015,5,2015,11,All (PS),production,1552.0
3391,TG2009A20211,Togo,TG,Plateaux,Kpélé,Kpélé,Cassava,Main,2010,5,2010,11,All (PS),production,12474.0
3392,TG2009A20211,Togo,TG,Plateaux,Kpélé,Kpélé,Cassava,Main,2011,5,2011,11,All (PS),production,14335.0
3393,TG2009A20211,Togo,TG,Plateaux,Kpélé,Kpélé,Cassava,Main,2012,5,2012,11,All (PS),production,17182.0
3394,TG2009A20211,Togo,TG,Plateaux,Kpélé,Kpélé,Cassava,Main,2013,5,2013,11,All (PS),production,19637.0
3395,TG2009A20211,Togo,TG,Plateaux,Kpélé,Kpélé,Cassava,Main,2014,5,2014,11,All (PS),production,19380.0
3396,TG2009A20211,Togo,TG,Plateaux,Kpélé,Kpélé,Cassava,Main,2015,5,2015,11,All (PS),production,19380.0
3397,TG2009A20211,Togo,TG,Plateaux,Kpélé,Kpélé,Soybean,Main,2015,5,2015,11,All (PS),production,114.0
3398,TG2009A20211,Togo,TG,Plateaux,Kpélé,Kpélé,Yams,Main,2010,5,2010,11,All (PS),production,20567.0
3399,TG2009A20211,Togo,TG,Plateaux,Kpélé,Kpélé,Yams,Main,2011,5,2011,11,All (PS),production,18204.0
3400,TG2009A20211,Togo,TG,Plateaux,Kpélé,Kpélé,Yams,Main,2012,5,2012,11,All (PS),production,17136.0
3401,TG2009A20211,Togo,TG,Plateaux,Kpélé,Kpélé,Yams,Main,2013,5,2013,11,All (PS),production,28612.0
3402,TG2009A20211,Togo,TG,Plateaux,Kpélé,Kpélé,Yams,Main,2014,5,2014,11,All (PS),production,25710.0
3403,TG2009A20211,Togo,TG,Plateaux,Kpélé,Kpélé,Yams,Main,2015,5,2015,11,All (PS),production,23800.0
3404,TG2009A20211,Togo,TG,Plateaux,Kpélé,Kpélé,Groundnuts (In Shell),Main,2010,5,2010,11,All (PS),production,118.0
3405,TG2009A20211,Togo,TG,Plateaux,Kpélé,Kpélé,Groundnuts (In Shell),Main,2011,5,2011,11,All (PS),production,108.0
3406,TG2009A20211,Togo,TG,Plateaux,Kpélé,Kpélé,Groundnuts (In Shell),Main,2012,5,2012,11,All (PS),production,61.0
3407,TG2009A20211,Togo,TG,Plateaux,Kpélé,Kpélé,Groundnuts (In Shell),Main,2013,5,2013,11,All (PS),production,100.0
3408,TG2009A20211,Togo,TG,Plateaux,Kpélé,Kpélé,Groundnuts (In Shell),Main,2014,5,2014,11,All (PS),production,66.0
3409,TG2009A20211,Togo,TG,Plateaux,Kpélé,Kpélé,Groundnuts (In Shell),Main,2015,5,2015,11,All (PS),production,65.0
3410,TG2009A20211,Togo,TG,Plateaux,Kpélé,Kpélé,Cowpea,Main,2010,5,2010,11,All (PS),production,1273.0
3411,TG2009A20211,Togo,TG,Plateaux,Kpélé,Kpélé,Cowpea,Main,2011,5,2011,11,All (PS),production,1399.0
3412,TG2009A20211,Togo,TG,Plateaux,Kpélé,Kpélé,Cowpea,Main,2012,5,2012,11,All (PS),production,1759.0
3413,TG2009A20211,Togo,TG,Plateaux,Kpélé,Kpélé,Cowpea,Main,2013,5,2013,11,All (PS),production,4766.0
3414,TG2009A20211,Togo,TG,Plateaux,Kpélé,Kpélé,Cowpea,Main,2014,5,2014,11,All (PS),production,8268.0
3415,TG2009A20211,Togo,TG,Plateaux,Kpélé,Kpélé,Cowpea,Main,2015,5,2015,11,All (PS),production,8268.0
3416,TG2009A20212,Togo,TG,Plateaux,Anié,Anié,Sorghum,Main,1995,5,1995,11,All (PS),production,4613.354347826087
3417,TG2009A20212,Togo,TG,Plateaux,Anié,Anié,Sorghum,Main,1996,5,1996,11,All (PS),production,16881.08347826087
3418,TG2009A20212,Togo,TG,Plateaux,Anié,Anié,Sorghum,Main,1997,5,1997,11,All (PS),production,6283.721681540629
3419,TG2009A20212,Togo,TG,Plateaux,Anié,Anié,Sorghum,Main,1998,5,1998,11,All (PS),production,4098.549624849388
3420,TG2009A20212,Togo,TG,Plateaux,Anié,Anié,Sorghum,Main,1999,5,1999,11,All (PS),production,3749.6801854310042
3421,TG2009A20212,Togo,TG,Plateaux,Anié,Anié,Sorghum,Main,2000,5,2000,11,All (PS),production,7879.060519329344
3422,TG2009A20212,Togo,TG,Plateaux,Anié,Anié,Sorghum,Main,2001,5,2001,11,All (PS),production,9922.222123062471
3423,TG2009A20212,Togo,TG,Plateaux,Anié,Anié,Sorghum,Main,2002,5,2002,11,All (PS),production,6643.02500724978
3424,TG2009A20212,Togo,TG,Plateaux,Anié,Anié,Sorghum,Main,2003,5,2003,11,All (PS),production,10005.911919251741
3425,TG2009A20212,Togo,TG,Plateaux,Anié,Anié,Sorghum,Main,2004,5,2004,11,All (PS),production,4992.574228562093
3426,TG2009A20212,Togo,TG,Plateaux,Anié,Anié,Sorghum,Main,2005,5,2005,11,All (PS),production,10109.03532848653
3427,TG2009A20212,Togo,TG,Plateaux,Anié,Anié,Sorghum,Main,2006,5,2006,11,All (PS),production,8006.5884430330625
3428,TG2009A20212,Togo,TG,Plateaux,Anié,Anié,Sorghum,Main,2007,5,2007,11,All (PS),production,8276.199931790798
3429,TG2009A20212,Togo,TG,Plateaux,Anié,Anié,Sorghum,Main,2008,5,2008,11,All (PS),production,11152.24005370964
3430,TG2009A20212,Togo,TG,Plateaux,Anié,Anié,Sorghum,Main,2012,5,2012,11,All (PS),production,7262.0
3431,TG2009A20212,Togo,TG,Plateaux,Anié,Anié,Sorghum,Main,2013,5,2013,11,All (PS),production,6944.0
3432,TG2009A20212,Togo,TG,Plateaux,Anié,Anié,Sorghum,Main,2014,5,2014,11,All (PS),production,9379.0
3433,TG2009A20212,Togo,TG,Plateaux,Anié,Anié,Sorghum,Main,2015,5,2015,11,All (PS),production,5514.0
3434,TG2009A20212,Togo,TG,Plateaux,Anié,Anié,Maize,Main,1995,5,1995,11,All (PS),production,1092.33
3435,TG2009A20212,Togo,TG,Plateaux,Anié,Anié,Maize,Main,1996,5,1996,11,All (PS),production,14253.457826086957
3436,TG2009A20212,Togo,TG,Plateaux,Anié,Anié,Maize,Main,1997,5,1997,11,All (PS),production,19251.90037310842
3437,TG2009A20212,Togo,TG,Plateaux,Anié,Anié,Maize,Main,1998,5,1998,11,All (PS),production,23022.45550534033
3438,TG2009A20212,Togo,TG,Plateaux,Anié,Anié,Maize,Main,1999,5,1999,11,All (PS),production,16147.499097555497
3439,TG2009A20212,Togo,TG,Plateaux,Anié,Anié,Maize,Main,2000,5,2000,11,All (PS),production,28180.069478832684
3440,TG2009A20212,Togo,TG,Plateaux,Anié,Anié,Maize,Main,2001,5,2001,11,All (PS),production,28312.728501643964
3441,TG2009A20212,Togo,TG,Plateaux,Anié,Anié,Maize,Main,2002,5,2002,11,All (PS),production,25597.568665427734
3442,TG2009A20212,Togo,TG,Plateaux,Anié,Anié,Maize,Main,2003,5,2003,11,All (PS),production,25528.886403087796
3443,TG2009A20212,Togo,TG,Plateaux,Anié,Anié,Maize,Main,2004,5,2004,11,All (PS),production,27303.857167275917
3444,TG2009A20212,Togo,TG,Plateaux,Anié,Anié,Maize,Main,2005,5,2005,11,All (PS),production,30244.42079992648
3445,TG2009A20212,Togo,TG,Plateaux,Anié,Anié,Maize,Main,2006,5,2006,11,All (PS),production,25145.116311393387
3446,TG2009A20212,Togo,TG,Plateaux,Anié,Anié,Maize,Main,2007,5,2007,11,All (PS),production,32976.11722956276
3447,TG2009A20212,Togo,TG,Plateaux,Anié,Anié,Maize,Main,2008,5,2008,11,All (PS),production,34511.60144056201
3448,TG2009A20212,Togo,TG,Plateaux,Anié,Anié,Maize,Main,2012,5,2012,11,All (PS),production,37598.0
3449,TG2009A20212,Togo,TG,Plateaux,Anié,Anié,Maize,Main,2013,5,2013,11,All (PS),production,7912.0
3450,TG2009A20212,Togo,TG,Plateaux,Anié,Anié,Maize,Main,2014,5,2014,11,All (PS),production,12248.0
3451,TG2009A20212,Togo,TG,Plateaux,Anié,Anié,Maize,Main,2015,5,2015,11,All (PS),production,10397.0
3452,TG2009A20212,Togo,TG,Plateaux,Anié,Anié,Millet,Main,2012,5,2012,11,All (PS),production,9.0
3453,TG2009A20212,Togo,TG,Plateaux,Anié,Anié,Millet,Main,2013,5,2013,11,All (PS),production,23.0
3454,TG2009A20212,Togo,TG,Plateaux,Anié,Anié,Millet,Main,2015,5,2015,11,All (PS),production,7.0
3455,TG2009A20212,Togo,TG,Plateaux,Anié,Anié,Rice,Annual,2012,5,2012,11,All (PS),production,5866.0
3456,TG2009A20212,Togo,TG,Plateaux,Anié,Anié,Rice,Annual,2013,5,2013,11,All (PS),production,200.0
3457,TG2009A20212,Togo,TG,Plateaux,Anié,Anié,Rice,Annual,2014,5,2014,11,All (PS),production,158.0
3458,TG2009A20212,Togo,TG,Plateaux,Anié,Anié,Rice,Annual,2015,5,2015,11,All (PS),production,158.0
3459,TG2009A20212,Togo,TG,Plateaux,Anié,Anié,Cassava,Main,2012,5,2012,11,All (PS),production,96050.0
3460,TG2009A20212,Togo,TG,Plateaux,Anié,Anié,Cassava,Main,2013,5,2013,11,All (PS),production,1831.0
3461,TG2009A20212,Togo,TG,Plateaux,Anié,Anié,Cassava,Main,2014,5,2014,11,All (PS),production,1636.0
3462,TG2009A20212,Togo,TG,Plateaux,Anié,Anié,Cassava,Main,2015,5,2015,11,All (PS),production,1807.0
3463,TG2009A20212,Togo,TG,Plateaux,Anié,Anié,Soybean,Main,2015,5,2015,11,All (PS),production,552.0
3464,TG2009A20212,Togo,TG,Plateaux,Anié,Anié,Yams,Main,2012,5,2012,11,All (PS),production,23021.0
3465,TG2009A20212,Togo,TG,Plateaux,Anié,Anié,Yams,Main,2013,5,2013,11,All (PS),production,17297.0
3466,TG2009A20212,Togo,TG,Plateaux,Anié,Anié,Yams,Main,2014,5,2014,11,All (PS),production,35877.0
3467,TG2009A20212,Togo,TG,Plateaux,Anié,Anié,Yams,Main,2015,5,2015,11,All (PS),production,14388.0
3468,TG2009A20212,Togo,TG,Plateaux,Anié,Anié,Groundnuts (In Shell),Main,2012,5,2012,11,All (PS),production,4019.0
3469,TG2009A20212,Togo,TG,Plateaux,Anié,Anié,Groundnuts (In Shell),Main,2013,5,2013,11,All (PS),production,379.0
3470,TG2009A20212,Togo,TG,Plateaux,Anié,Anié,Groundnuts (In Shell),Main,2014,5,2014,11,All (PS),production,62.0
3471,TG2009A20212,Togo,TG,Plateaux,Anié,Anié,Groundnuts (In Shell),Main,2015,5,2015,11,All (PS),production,247.0
3472,TG2009A20212,Togo,TG,Plateaux,Anié,Anié,Cowpea,Main,2012,5,2012,11,All (PS),production,22306.0
3473,TG2009A20212,Togo,TG,Plateaux,Anié,Anié,Cowpea,Main,2013,5,2013,11,All (PS),production,6920.0
3474,TG2009A20212,Togo,TG,Plateaux,Anié,Anié,Cowpea,Main,2014,5,2014,11,All (PS),production,3201.0
3475,TG2009A20212,Togo,TG,Plateaux,Anié,Anié,Cowpea,Main,2015,5,2015,11,All (PS),production,12005.0
3476,TG2009A20301,Togo,TG,Centrale,Sotouboua,Sotouboua,Sorghum,Main,1995,5,1995,11,All (PS),production,13140.728596536104
3477,TG2009A20301,Togo,TG,Centrale,Sotouboua,Sotouboua,Sorghum,Main,1996,5,1996,11,All (PS),production,4744.398810132347
3478,TG2009A20301,Togo,TG,Centrale,Sotouboua,Sotouboua,Sorghum,Main,1997,5,1997,11,All (PS),production,5239.351272836218
3479,TG2009A20301,Togo,TG,Centrale,Sotouboua,Sotouboua,Sorghum,Main,1998,5,1998,11,All (PS),production,10058.079381791382
3480,TG2009A20301,Togo,TG,Centrale,Sotouboua,Sotouboua,Sorghum,Main,1999,5,1999,11,All (PS),production,10263.20519869776
3481,TG2009A20301,Togo,TG,Centrale,Sotouboua,Sotouboua,Sorghum,Main,2000,5,2000,11,All (PS),production,12404.349961686805
3482,TG2009A20301,Togo,TG,Centrale,Sotouboua,Sotouboua,Sorghum,Main,2001,5,2001,11,All (PS),production,10993.821872398004
3483,TG2009A20301,Togo,TG,Centrale,Sotouboua,Sotouboua,Sorghum,Main,2002,5,2002,11,All (PS),production,14031.527790180095
3484,TG2009A20301,Togo,TG,Centrale,Sotouboua,Sotouboua,Sorghum,Main,2003,5,2003,11,All (PS),production,9856.410741574437
3485,TG2009A20301,Togo,TG,Centrale,Sotouboua,Sotouboua,Sorghum,Main,2004,5,2004,11,All (PS),production,9700.837790549936
3486,TG2009A20301,Togo,TG,Centrale,Sotouboua,Sotouboua,Sorghum,Main,2005,5,2005,11,All (PS),production,12883.745129288227
3487,TG2009A20301,Togo,TG,Centrale,Sotouboua,Sotouboua,Sorghum,Main,2006,5,2006,11,All (PS),production,13409.235986082094
3488,TG2009A20301,Togo,TG,Centrale,Sotouboua,Sotouboua,Sorghum,Main,2007,5,2007,11,All (PS),production,16672.234584792255
3489,TG2009A20301,Togo,TG,Centrale,Sotouboua,Sotouboua,Sorghum,Main,2008,5,2008,11,All (PS),production,16859.498322136562
3490,TG2009A20301,Togo,TG,Centrale,Sotouboua,Sotouboua,Sorghum,Main,2009,5,2009,11,All (PS),production,35084.0
3491,TG2009A20301,Togo,TG,Centrale,Sotouboua,Sotouboua,Sorghum,Main,2010,5,2010,11,All (PS),production,32592.0
3492,TG2009A20301,Togo,TG,Centrale,Sotouboua,Sotouboua,Sorghum,Main,2011,5,2011,11,All (PS),production,30786.0
3493,TG2009A20301,Togo,TG,Centrale,Sotouboua,Sotouboua,Sorghum,Main,2012,5,2012,11,All (PS),production,26694.0
3494,TG2009A20301,Togo,TG,Centrale,Sotouboua,Sotouboua,Sorghum,Main,2013,5,2013,11,All (PS),production,15837.99
3495,TG2009A20301,Togo,TG,Centrale,Sotouboua,Sotouboua,Sorghum,Main,2014,5,2014,11,All (PS),production,11278.83
3496,TG2009A20301,Togo,TG,Centrale,Sotouboua,Sotouboua,Sorghum,Main,2015,5,2015,11,All (PS),production,11623.33
3497,TG2009A20301,Togo,TG,Centrale,Sotouboua,Sotouboua,Maize,Main,1995,5,1995,11,All (PS),production,14020.609754193074
3498,TG2009A20301,Togo,TG,Centrale,Sotouboua,Sotouboua,Maize,Main,1996,5,1996,11,All (PS),production,5435.643807849921
3499,TG2009A20301,Togo,TG,Centrale,Sotouboua,Sotouboua,Maize,Main,1997,5,1997,11,All (PS),production,8936.074442484563
3500,TG2009A20301,Togo,TG,Centrale,Sotouboua,Sotouboua,Maize,Main,1998,5,1998,11,All (PS),production,8415.465293033507
3501,TG2009A20301,Togo,TG,Centrale,Sotouboua,Sotouboua,Maize,Main,1999,5,1999,11,All (PS),production,13021.040187247045
3502,TG2009A20301,Togo,TG,Centrale,Sotouboua,Sotouboua,Maize,Main,2000,5,2000,11,All (PS),production,20451.464540761062
3503,TG2009A20301,Togo,TG,Centrale,Sotouboua,Sotouboua,Maize,Main,2001,5,2001,11,All (PS),production,14187.688969598297
3504,TG2009A20301,Togo,TG,Centrale,Sotouboua,Sotouboua,Maize,Main,2002,5,2002,11,All (PS),production,15762.592182635355
3505,TG2009A20301,Togo,TG,Centrale,Sotouboua,Sotouboua,Maize,Main,2003,5,2003,11,All (PS),production,16738.91594569892
3506,TG2009A20301,Togo,TG,Centrale,Sotouboua,Sotouboua,Maize,Main,2004,5,2004,11,All (PS),production,14910.73032785916
3507,TG2009A20301,Togo,TG,Centrale,Sotouboua,Sotouboua,Maize,Main,2005,5,2005,11,All (PS),production,16404.27322730759
3508,TG2009A20301,Togo,TG,Centrale,Sotouboua,Sotouboua,Maize,Main,2006,5,2006,11,All (PS),production,15238.593020118105
3509,TG2009A20301,Togo,TG,Centrale,Sotouboua,Sotouboua,Maize,Main,2007,5,2007,11,All (PS),production,17224.65638932628
3510,TG2009A20301,Togo,TG,Centrale,Sotouboua,Sotouboua,Maize,Main,2008,5,2008,11,All (PS),production,16692.908625514872
3511,TG2009A20301,Togo,TG,Centrale,Sotouboua,Sotouboua,Maize,Main,2009,5,2009,11,All (PS),production,36819.0
3512,TG2009A20301,Togo,TG,Centrale,Sotouboua,Sotouboua,Maize,Main,2010,5,2010,11,All (PS),production,40195.0
3513,TG2009A20301,Togo,TG,Centrale,Sotouboua,Sotouboua,Maize,Main,2011,5,2011,11,All (PS),production,36927.0
3514,TG2009A20301,Togo,TG,Centrale,Sotouboua,Sotouboua,Maize,Main,2012,5,2012,11,All (PS),production,35652.0
3515,TG2009A20301,Togo,TG,Centrale,Sotouboua,Sotouboua,Maize,Main,2013,5,2013,11,All (PS),production,26272.16
3516,TG2009A20301,Togo,TG,Centrale,Sotouboua,Sotouboua,Maize,Main,2014,5,2014,11,All (PS),production,31929.48
3517,TG2009A20301,Togo,TG,Centrale,Sotouboua,Sotouboua,Maize,Main,2015,5,2015,11,All (PS),production,29375.27
3518,TG2009A20301,Togo,TG,Centrale,Sotouboua,Sotouboua,Millet,Main,2015,5,2015,11,All (PS),production,7.13
3519,TG2009A20301,Togo,TG,Centrale,Sotouboua,Sotouboua,Cotton,Main,2004,5,2004,11,All (PS),production,863.6887862242756
3520,TG2009A20301,Togo,TG,Centrale,Sotouboua,Sotouboua,Cotton,Main,2005,5,2005,11,All (PS),production,609.4377712445752
3521,TG2009A20301,Togo,TG,Centrale,Sotouboua,Sotouboua,Cotton,Main,2006,5,2006,11,All (PS),production,490.532409351813
3522,TG2009A20301,Togo,TG,Centrale,Sotouboua,Sotouboua,Cotton,Main,2007,5,2007,11,All (PS),production,350.98110037799245
3523,TG2009A20301,Togo,TG,Centrale,Sotouboua,Sotouboua,Cotton,Main,2008,5,2008,11,All (PS),production,297.45457090858184
3524,TG2009A20301,Togo,TG,Centrale,Sotouboua,Sotouboua,Cotton,Main,2009,5,2009,11,All (PS),production,432.0
3525,TG2009A20301,Togo,TG,Centrale,Sotouboua,Sotouboua,Cotton,Main,2010,5,2010,11,All (PS),production,665.0
3526,TG2009A20301,Togo,TG,Centrale,Sotouboua,Sotouboua,Cotton,Main,2011,5,2011,11,All (PS),production,1634.0
3527,TG2009A20301,Togo,TG,Centrale,Sotouboua,Sotouboua,Rice,Annual,2012,5,2012,11,All (PS),production,10297.0
3528,TG2009A20301,Togo,TG,Centrale,Sotouboua,Sotouboua,Rice,Annual,2013,5,2013,11,All (PS),production,8479.64
3529,TG2009A20301,Togo,TG,Centrale,Sotouboua,Sotouboua,Rice,Annual,2014,5,2014,11,All (PS),production,7030.27
3530,TG2009A20301,Togo,TG,Centrale,Sotouboua,Sotouboua,Rice,Annual,2015,5,2015,11,All (PS),production,7311.12
3531,TG2009A20301,Togo,TG,Centrale,Sotouboua,Sotouboua,Cassava,Main,2012,5,2012,11,All (PS),production,23942.0
3532,TG2009A20301,Togo,TG,Centrale,Sotouboua,Sotouboua,Cassava,Main,2013,5,2013,11,All (PS),production,10167.54
3533,TG2009A20301,Togo,TG,Centrale,Sotouboua,Sotouboua,Cassava,Main,2014,5,2014,11,All (PS),production,18142.39
3534,TG2009A20301,Togo,TG,Centrale,Sotouboua,Sotouboua,Cassava,Main,2015,5,2015,11,All (PS),production,18505.24
3535,TG2009A20301,Togo,TG,Centrale,Sotouboua,Sotouboua,Soybean,Main,2012,5,2012,11,All (PS),production,12987.0
3536,TG2009A20301,Togo,TG,Centrale,Sotouboua,Sotouboua,Soybean,Main,2015,5,2015,11,All (PS),production,2738.88
3537,TG2009A20301,Togo,TG,Centrale,Sotouboua,Sotouboua,Yams,Main,2012,5,2012,11,All (PS),production,177504.0
3538,TG2009A20301,Togo,TG,Centrale,Sotouboua,Sotouboua,Yams,Main,2013,5,2013,11,All (PS),production,32957.31
3539,TG2009A20301,Togo,TG,Centrale,Sotouboua,Sotouboua,Yams,Main,2014,5,2014,11,All (PS),production,46606.74
3540,TG2009A20301,Togo,TG,Centrale,Sotouboua,Sotouboua,Yams,Main,2015,5,2015,11,All (PS),production,48008.7
3541,TG2009A20301,Togo,TG,Centrale,Sotouboua,Sotouboua,Beans (mixed),Main,2012,5,2012,11,All (PS),production,2880.0
3542,TG2009A20301,Togo,TG,Centrale,Sotouboua,Sotouboua,Beans (mixed),Main,2013,5,2013,11,All (PS),production,3097.92
3543,TG2009A20301,Togo,TG,Centrale,Sotouboua,Sotouboua,Beans (mixed),Main,2014,5,2014,11,All (PS),production,4370.13
3544,TG2009A20301,Togo,TG,Centrale,Sotouboua,Sotouboua,Beans (mixed),Main,2015,5,2015,11,All (PS),production,4501.26
3545,TG2009A20301,Togo,TG,Centrale,Sotouboua,Sotouboua,Groundnuts (In Shell),Main,2012,5,2012,11,All (PS),production,3771.0
3546,TG2009A20301,Togo,TG,Centrale,Sotouboua,Sotouboua,Groundnuts (In Shell),Main,2013,5,2013,11,All (PS),production,981.94
3547,TG2009A20301,Togo,TG,Centrale,Sotouboua,Sotouboua,Groundnuts (In Shell),Main,2014,5,2014,11,All (PS),production,769.24
3548,TG2009A20301,Togo,TG,Centrale,Sotouboua,Sotouboua,Groundnuts (In Shell),Main,2015,5,2015,11,All (PS),production,777.57
3549,TG2009A20302,Togo,TG,Centrale,Tchamba,Tchamba,Sorghum,Main,1995,5,1995,11,All (PS),production,2570.0
3550,TG2009A20302,Togo,TG,Centrale,Tchamba,Tchamba,Sorghum,Main,1996,5,1996,11,All (PS),production,8093.0
3551,TG2009A20302,Togo,TG,Centrale,Tchamba,Tchamba,Sorghum,Main,1997,5,1997,11,All (PS),production,5147.0
3552,TG2009A20302,Togo,TG,Centrale,Tchamba,Tchamba,Sorghum,Main,1998,5,1998,11,All (PS),production,7196.0
3553,TG2009A20302,Togo,TG,Centrale,Tchamba,Tchamba,Sorghum,Main,1999,5,1999,11,All (PS),production,5833.0
3554,TG2009A20302,Togo,TG,Centrale,Tchamba,Tchamba,Sorghum,Main,2000,5,2000,11,All (PS),production,6060.0
3555,TG2009A20302,Togo,TG,Centrale,Tchamba,Tchamba,Sorghum,Main,2001,5,2001,11,All (PS),production,4575.0
3556,TG2009A20302,Togo,TG,Centrale,Tchamba,Tchamba,Sorghum,Main,2002,5,2002,11,All (PS),production,3439.0
3557,TG2009A20302,Togo,TG,Centrale,Tchamba,Tchamba,Sorghum,Main,2003,5,2003,11,All (PS),production,4263.0
3558,TG2009A20302,Togo,TG,Centrale,Tchamba,Tchamba,Sorghum,Main,2004,5,2004,11,All (PS),production,4672.0
3559,TG2009A20302,Togo,TG,Centrale,Tchamba,Tchamba,Sorghum,Main,2005,5,2005,11,All (PS),production,7382.0
3560,TG2009A20302,Togo,TG,Centrale,Tchamba,Tchamba,Sorghum,Main,2006,5,2006,11,All (PS),production,6629.0
3561,TG2009A20302,Togo,TG,Centrale,Tchamba,Tchamba,Sorghum,Main,2007,5,2007,11,All (PS),production,3655.0
3562,TG2009A20302,Togo,TG,Centrale,Tchamba,Tchamba,Sorghum,Main,2008,5,2008,11,All (PS),production,3830.0
3563,TG2009A20302,Togo,TG,Centrale,Tchamba,Tchamba,Sorghum,Main,2009,5,2009,11,All (PS),production,4242.0
3564,TG2009A20302,Togo,TG,Centrale,Tchamba,Tchamba,Sorghum,Main,2010,5,2010,11,All (PS),production,4457.0
3565,TG2009A20302,Togo,TG,Centrale,Tchamba,Tchamba,Sorghum,Main,2011,5,2011,11,All (PS),production,4171.0
3566,TG2009A20302,Togo,TG,Centrale,Tchamba,Tchamba,Sorghum,Main,2012,5,2012,11,All (PS),production,8947.0
3567,TG2009A20302,Togo,TG,Centrale,Tchamba,Tchamba,Sorghum,Main,2013,5,2013,11,All (PS),production,6392.77
3568,TG2009A20302,Togo,TG,Centrale,Tchamba,Tchamba,Sorghum,Main,2014,5,2014,11,All (PS),production,4517.98
3569,TG2009A20302,Togo,TG,Centrale,Tchamba,Tchamba,Sorghum,Main,2015,5,2015,11,All (PS),production,4691.58
3570,TG2009A20302,Togo,TG,Centrale,Tchamba,Tchamba,Maize,Main,1995,5,1995,11,All (PS),production,3341.0
3571,TG2009A20302,Togo,TG,Centrale,Tchamba,Tchamba,Maize,Main,1996,5,1996,11,All (PS),production,20587.0
3572,TG2009A20302,Togo,TG,Centrale,Tchamba,Tchamba,Maize,Main,1997,5,1997,11,All (PS),production,19416.0
3573,TG2009A20302,Togo,TG,Centrale,Tchamba,Tchamba,Maize,Main,1998,5,1998,11,All (PS),production,15498.0
3574,TG2009A20302,Togo,TG,Centrale,Tchamba,Tchamba,Maize,Main,1999,5,1999,11,All (PS),production,27610.0
3575,TG2009A20302,Togo,TG,Centrale,Tchamba,Tchamba,Maize,Main,2000,5,2000,11,All (PS),production,19251.0
3576,TG2009A20302,Togo,TG,Centrale,Tchamba,Tchamba,Maize,Main,2001,5,2001,11,All (PS),production,13721.0
3577,TG2009A20302,Togo,TG,Centrale,Tchamba,Tchamba,Maize,Main,2002,5,2002,11,All (PS),production,23028.0
3578,TG2009A20302,Togo,TG,Centrale,Tchamba,Tchamba,Maize,Main,2003,5,2003,11,All (PS),production,10579.0
3579,TG2009A20302,Togo,TG,Centrale,Tchamba,Tchamba,Maize,Main,2004,5,2004,11,All (PS),production,13376.0
3580,TG2009A20302,Togo,TG,Centrale,Tchamba,Tchamba,Maize,Main,2005,5,2005,11,All (PS),production,16322.0
3581,TG2009A20302,Togo,TG,Centrale,Tchamba,Tchamba,Maize,Main,2006,5,2006,11,All (PS),production,17074.0
3582,TG2009A20302,Togo,TG,Centrale,Tchamba,Tchamba,Maize,Main,2007,5,2007,11,All (PS),production,20662.0
3583,TG2009A20302,Togo,TG,Centrale,Tchamba,Tchamba,Maize,Main,2008,5,2008,11,All (PS),production,22539.0
3584,TG2009A20302,Togo,TG,Centrale,Tchamba,Tchamba,Maize,Main,2009,5,2009,11,All (PS),production,22279.0
3585,TG2009A20302,Togo,TG,Centrale,Tchamba,Tchamba,Maize,Main,2010,5,2010,11,All (PS),production,24549.0
3586,TG2009A20302,Togo,TG,Centrale,Tchamba,Tchamba,Maize,Main,2011,5,2011,11,All (PS),production,23258.0
3587,TG2009A20302,Togo,TG,Centrale,Tchamba,Tchamba,Maize,Main,2012,5,2012,11,All (PS),production,31258.0
3588,TG2009A20302,Togo,TG,Centrale,Tchamba,Tchamba,Maize,Main,2013,5,2013,11,All (PS),production,24178.83
3589,TG2009A20302,Togo,TG,Centrale,Tchamba,Tchamba,Maize,Main,2014,5,2014,11,All (PS),production,29385.39
3590,TG2009A20302,Togo,TG,Centrale,Tchamba,Tchamba,Maize,Main,2015,5,2015,11,All (PS),production,27034.7
3591,TG2009A20302,Togo,TG,Centrale,Tchamba,Tchamba,Millet,Main,2014,5,2014,11,All (PS),production,34.55
3592,TG2009A20302,Togo,TG,Centrale,Tchamba,Tchamba,Millet,Main,2015,5,2015,11,All (PS),production,5.22
3593,TG2009A20302,Togo,TG,Centrale,Tchamba,Tchamba,Cotton,Main,2004,5,2004,11,All (PS),production,2089.0
3594,TG2009A20302,Togo,TG,Centrale,Tchamba,Tchamba,Cotton,Main,2005,5,2005,11,All (PS),production,1841.0
3595,TG2009A20302,Togo,TG,Centrale,Tchamba,Tchamba,Cotton,Main,2006,5,2006,11,All (PS),production,604.0
3596,TG2009A20302,Togo,TG,Centrale,Tchamba,Tchamba,Cotton,Main,2007,5,2007,11,All (PS),production,451.0
3597,TG2009A20302,Togo,TG,Centrale,Tchamba,Tchamba,Cotton,Main,2008,5,2008,11,All (PS),production,448.0
3598,TG2009A20302,Togo,TG,Centrale,Tchamba,Tchamba,Cotton,Main,2009,5,2009,11,All (PS),production,379.0
3599,TG2009A20302,Togo,TG,Centrale,Tchamba,Tchamba,Cotton,Main,2010,5,2010,11,All (PS),production,778.0
3600,TG2009A20302,Togo,TG,Centrale,Tchamba,Tchamba,Cotton,Main,2011,5,2011,11,All (PS),production,1509.0
3601,TG2009A20302,Togo,TG,Centrale,Tchamba,Tchamba,Rice,Annual,2012,5,2012,11,All (PS),production,2721.0
3602,TG2009A20302,Togo,TG,Centrale,Tchamba,Tchamba,Rice,Annual,2013,5,2013,11,All (PS),production,1344.64
3603,TG2009A20302,Togo,TG,Centrale,Tchamba,Tchamba,Rice,Annual,2014,5,2014,11,All (PS),production,1114.81
3604,TG2009A20302,Togo,TG,Centrale,Tchamba,Tchamba,Rice,Annual,2015,5,2015,11,All (PS),production,1159.34
3605,TG2009A20302,Togo,TG,Centrale,Tchamba,Tchamba,Cassava,Main,2012,5,2012,11,All (PS),production,27702.0
3606,TG2009A20302,Togo,TG,Centrale,Tchamba,Tchamba,Cassava,Main,2013,5,2013,11,All (PS),production,10309.6
3607,TG2009A20302,Togo,TG,Centrale,Tchamba,Tchamba,Cassava,Main,2014,5,2014,11,All (PS),production,18395.87
3608,TG2009A20302,Togo,TG,Centrale,Tchamba,Tchamba,Cassava,Main,2015,5,2015,11,All (PS),production,18763.79
3609,TG2009A20302,Togo,TG,Centrale,Tchamba,Tchamba,Soybean,Main,2012,5,2012,11,All (PS),production,6207.0
3610,TG2009A20302,Togo,TG,Centrale,Tchamba,Tchamba,Soybean,Main,2015,5,2015,11,All (PS),production,4067.82
3611,TG2009A20302,Togo,TG,Centrale,Tchamba,Tchamba,Yams,Main,2012,5,2012,11,All (PS),production,123606.0
3612,TG2009A20302,Togo,TG,Centrale,Tchamba,Tchamba,Yams,Main,2013,5,2013,11,All (PS),production,41067.81
3613,TG2009A20302,Togo,TG,Centrale,Tchamba,Tchamba,Yams,Main,2014,5,2014,11,All (PS),production,58076.25
3614,TG2009A20302,Togo,TG,Centrale,Tchamba,Tchamba,Yams,Main,2015,5,2015,11,All (PS),production,59823.22
3615,TG2009A20302,Togo,TG,Centrale,Tchamba,Tchamba,Beans (mixed),Main,2012,5,2012,11,All (PS),production,1319.0
3616,TG2009A20302,Togo,TG,Centrale,Tchamba,Tchamba,Beans (mixed),Main,2013,5,2013,11,All (PS),production,2223.63
3617,TG2009A20302,Togo,TG,Centrale,Tchamba,Tchamba,Beans (mixed),Main,2014,5,2014,11,All (PS),production,3136.8
3618,TG2009A20302,Togo,TG,Centrale,Tchamba,Tchamba,Beans (mixed),Main,2015,5,2015,11,All (PS),production,3230.92
3619,TG2009A20302,Togo,TG,Centrale,Tchamba,Tchamba,Groundnuts (In Shell),Main,2012,5,2012,11,All (PS),production,270.0
3620,TG2009A20302,Togo,TG,Centrale,Tchamba,Tchamba,Groundnuts (In Shell),Main,2013,5,2013,11,All (PS),production,400.1
3621,TG2009A20302,Togo,TG,Centrale,Tchamba,Tchamba,Groundnuts (In Shell),Main,2014,5,2014,11,All (PS),production,313.43
3622,TG2009A20302,Togo,TG,Centrale,Tchamba,Tchamba,Groundnuts (In Shell),Main,2015,5,2015,11,All (PS),production,316.82
3623,TG2009A20303,Togo,TG,Centrale,Tchaoudjo,Tchaoudjo,Sorghum,Main,1995,5,1995,11,All (PS),production,6745.0
3624,TG2009A20303,Togo,TG,Centrale,Tchaoudjo,Tchaoudjo,Sorghum,Main,1996,5,1996,11,All (PS),production,2622.0
3625,TG2009A20303,Togo,TG,Centrale,Tchaoudjo,Tchaoudjo,Sorghum,Main,1997,5,1997,11,All (PS),production,4775.0
3626,TG2009A20303,Togo,TG,Centrale,Tchaoudjo,Tchaoudjo,Sorghum,Main,1998,5,1998,11,All (PS),production,4551.0
3627,TG2009A20303,Togo,TG,Centrale,Tchaoudjo,Tchaoudjo,Sorghum,Main,1999,5,1999,11,All (PS),production,6123.0
3628,TG2009A20303,Togo,TG,Centrale,Tchaoudjo,Tchaoudjo,Sorghum,Main,2000,5,2000,11,All (PS),production,6058.0
3629,TG2009A20303,Togo,TG,Centrale,Tchaoudjo,Tchaoudjo,Sorghum,Main,2001,5,2001,11,All (PS),production,4259.0
3630,TG2009A20303,Togo,TG,Centrale,Tchaoudjo,Tchaoudjo,Sorghum,Main,2002,5,2002,11,All (PS),production,4717.0
3631,TG2009A20303,Togo,TG,Centrale,Tchaoudjo,Tchaoudjo,Sorghum,Main,2003,5,2003,11,All (PS),production,6467.0
3632,TG2009A20303,Togo,TG,Centrale,Tchaoudjo,Tchaoudjo,Sorghum,Main,2004,5,2004,11,All (PS),production,5539.0
3633,TG2009A20303,Togo,TG,Centrale,Tchaoudjo,Tchaoudjo,Sorghum,Main,2005,5,2005,11,All (PS),production,7197.0
3634,TG2009A20303,Togo,TG,Centrale,Tchaoudjo,Tchaoudjo,Sorghum,Main,2006,5,2006,11,All (PS),production,6215.0
3635,TG2009A20303,Togo,TG,Centrale,Tchaoudjo,Tchaoudjo,Sorghum,Main,2007,5,2007,11,All (PS),production,6440.0
3636,TG2009A20303,Togo,TG,Centrale,Tchaoudjo,Tchaoudjo,Sorghum,Main,2008,5,2008,11,All (PS),production,7297.0
3637,TG2009A20303,Togo,TG,Centrale,Tchaoudjo,Tchaoudjo,Sorghum,Main,2009,5,2009,11,All (PS),production,9178.0
3638,TG2009A20303,Togo,TG,Centrale,Tchaoudjo,Tchaoudjo,Sorghum,Main,2010,5,2010,11,All (PS),production,8914.0
3639,TG2009A20303,Togo,TG,Centrale,Tchaoudjo,Tchaoudjo,Sorghum,Main,2011,5,2011,11,All (PS),production,11212.0
3640,TG2009A20303,Togo,TG,Centrale,Tchaoudjo,Tchaoudjo,Sorghum,Main,2012,5,2012,11,All (PS),production,4137.0
3641,TG2009A20303,Togo,TG,Centrale,Tchaoudjo,Tchaoudjo,Sorghum,Main,2013,5,2013,11,All (PS),production,5933.64
3642,TG2009A20303,Togo,TG,Centrale,Tchaoudjo,Tchaoudjo,Sorghum,Main,2014,5,2014,11,All (PS),production,4225.69
3643,TG2009A20303,Togo,TG,Centrale,Tchaoudjo,Tchaoudjo,Sorghum,Main,2015,5,2015,11,All (PS),production,4354.63
3644,TG2009A20303,Togo,TG,Centrale,Tchaoudjo,Tchaoudjo,Maize,Main,1995,5,1995,11,All (PS),production,4825.0
3645,TG2009A20303,Togo,TG,Centrale,Tchaoudjo,Tchaoudjo,Maize,Main,1996,5,1996,11,All (PS),production,4585.0
3646,TG2009A20303,Togo,TG,Centrale,Tchaoudjo,Tchaoudjo,Maize,Main,1997,5,1997,11,All (PS),production,6832.0
3647,TG2009A20303,Togo,TG,Centrale,Tchaoudjo,Tchaoudjo,Maize,Main,1998,5,1998,11,All (PS),production,5868.0
3648,TG2009A20303,Togo,TG,Centrale,Tchaoudjo,Tchaoudjo,Maize,Main,1999,5,1999,11,All (PS),production,8702.0
3649,TG2009A20303,Togo,TG,Centrale,Tchaoudjo,Tchaoudjo,Maize,Main,2000,5,2000,11,All (PS),production,5216.0
3650,TG2009A20303,Togo,TG,Centrale,Tchaoudjo,Tchaoudjo,Maize,Main,2001,5,2001,11,All (PS),production,3352.0
3651,TG2009A20303,Togo,TG,Centrale,Tchaoudjo,Tchaoudjo,Maize,Main,2002,5,2002,11,All (PS),production,2729.0
3652,TG2009A20303,Togo,TG,Centrale,Tchaoudjo,Tchaoudjo,Maize,Main,2003,5,2003,11,All (PS),production,5706.0
3653,TG2009A20303,Togo,TG,Centrale,Tchaoudjo,Tchaoudjo,Maize,Main,2004,5,2004,11,All (PS),production,6228.0
3654,TG2009A20303,Togo,TG,Centrale,Tchaoudjo,Tchaoudjo,Maize,Main,2005,5,2005,11,All (PS),production,6625.0
3655,TG2009A20303,Togo,TG,Centrale,Tchaoudjo,Tchaoudjo,Maize,Main,2006,5,2006,11,All (PS),production,9343.0
3656,TG2009A20303,Togo,TG,Centrale,Tchaoudjo,Tchaoudjo,Maize,Main,2007,5,2007,11,All (PS),production,11593.0
3657,TG2009A20303,Togo,TG,Centrale,Tchaoudjo,Tchaoudjo,Maize,Main,2008,5,2008,11,All (PS),production,12103.0
3658,TG2009A20303,Togo,TG,Centrale,Tchaoudjo,Tchaoudjo,Maize,Main,2009,5,2009,11,All (PS),production,12896.0
3659,TG2009A20303,Togo,TG,Centrale,Tchaoudjo,Tchaoudjo,Maize,Main,2010,5,2010,11,All (PS),production,14287.0
3660,TG2009A20303,Togo,TG,Centrale,Tchaoudjo,Tchaoudjo,Maize,Main,2011,5,2011,11,All (PS),production,13917.0
3661,TG2009A20303,Togo,TG,Centrale,Tchaoudjo,Tchaoudjo,Maize,Main,2012,5,2012,11,All (PS),production,29155.0
3662,TG2009A20303,Togo,TG,Centrale,Tchaoudjo,Tchaoudjo,Maize,Main,2013,5,2013,11,All (PS),production,15209.77
3663,TG2009A20303,Togo,TG,Centrale,Tchaoudjo,Tchaoudjo,Maize,Main,2014,5,2014,11,All (PS),production,18484.97
3664,TG2009A20303,Togo,TG,Centrale,Tchaoudjo,Tchaoudjo,Maize,Main,2015,5,2015,11,All (PS),production,17006.26
3665,TG2009A20303,Togo,TG,Centrale,Tchaoudjo,Tchaoudjo,Millet,Main,2015,5,2015,11,All (PS),production,6.6
3666,TG2009A20303,Togo,TG,Centrale,Tchaoudjo,Tchaoudjo,Cotton,Main,2004,5,2004,11,All (PS),production,967.0
3667,TG2009A20303,Togo,TG,Centrale,Tchaoudjo,Tchaoudjo,Cotton,Main,2005,5,2005,11,All (PS),production,816.0
3668,TG2009A20303,Togo,TG,Centrale,Tchaoudjo,Tchaoudjo,Cotton,Main,2006,5,2006,11,All (PS),production,250.0
3669,TG2009A20303,Togo,TG,Centrale,Tchaoudjo,Tchaoudjo,Cotton,Main,2007,5,2007,11,All (PS),production,131.0
3670,TG2009A20303,Togo,TG,Centrale,Tchaoudjo,Tchaoudjo,Cotton,Main,2008,5,2008,11,All (PS),production,83.0
3671,TG2009A20303,Togo,TG,Centrale,Tchaoudjo,Tchaoudjo,Cotton,Main,2009,5,2009,11,All (PS),production,119.0
3672,TG2009A20303,Togo,TG,Centrale,Tchaoudjo,Tchaoudjo,Cotton,Main,2010,5,2010,11,All (PS),production,289.0
3673,TG2009A20303,Togo,TG,Centrale,Tchaoudjo,Tchaoudjo,Cotton,Main,2011,5,2011,11,All (PS),production,667.0
3674,TG2009A20303,Togo,TG,Centrale,Tchaoudjo,Tchaoudjo,Rice,Annual,2012,5,2012,11,All (PS),production,8090.0
3675,TG2009A20303,Togo,TG,Centrale,Tchaoudjo,Tchaoudjo,Rice,Annual,2013,5,2013,11,All (PS),production,1725.73
3676,TG2009A20303,Togo,TG,Centrale,Tchaoudjo,Tchaoudjo,Rice,Annual,2014,5,2014,11,All (PS),production,1430.77
3677,TG2009A20303,Togo,TG,Centrale,Tchaoudjo,Tchaoudjo,Rice,Annual,2015,5,2015,11,All (PS),production,1487.92
3678,TG2009A20303,Togo,TG,Centrale,Tchaoudjo,Tchaoudjo,Cassava,Main,2012,5,2012,11,All (PS),production,61066.0
3679,TG2009A20303,Togo,TG,Centrale,Tchaoudjo,Tchaoudjo,Cassava,Main,2013,5,2013,11,All (PS),production,13854.95
3680,TG2009A20303,Togo,TG,Centrale,Tchaoudjo,Tchaoudjo,Cassava,Main,2014,5,2014,11,All (PS),production,24721.99
3681,TG2009A20303,Togo,TG,Centrale,Tchaoudjo,Tchaoudjo,Cassava,Main,2015,5,2015,11,All (PS),production,25216.43
3682,TG2009A20303,Togo,TG,Centrale,Tchaoudjo,Tchaoudjo,Soybean,Main,2012,5,2012,11,All (PS),production,4661.0
3683,TG2009A20303,Togo,TG,Centrale,Tchaoudjo,Tchaoudjo,Soybean,Main,2015,5,2015,11,All (PS),production,742.64
3684,TG2009A20303,Togo,TG,Centrale,Tchaoudjo,Tchaoudjo,Yams,Main,2012,5,2012,11,All (PS),production,33718.0
3685,TG2009A20303,Togo,TG,Centrale,Tchaoudjo,Tchaoudjo,Yams,Main,2013,5,2013,11,All (PS),production,33258.24
3686,TG2009A20303,Togo,TG,Centrale,Tchaoudjo,Tchaoudjo,Yams,Main,2014,5,2014,11,All (PS),production,47032.3
3687,TG2009A20303,Togo,TG,Centrale,Tchaoudjo,Tchaoudjo,Yams,Main,2015,5,2015,11,All (PS),production,48447.06
3688,TG2009A20303,Togo,TG,Centrale,Tchaoudjo,Tchaoudjo,Beans (mixed),Main,2012,5,2012,11,All (PS),production,3051.0
3689,TG2009A20303,Togo,TG,Centrale,Tchaoudjo,Tchaoudjo,Beans (mixed),Main,2013,5,2013,11,All (PS),production,2222.96
3690,TG2009A20303,Togo,TG,Centrale,Tchaoudjo,Tchaoudjo,Beans (mixed),Main,2014,5,2014,11,All (PS),production,3135.85
3691,TG2009A20303,Togo,TG,Centrale,Tchaoudjo,Tchaoudjo,Beans (mixed),Main,2015,5,2015,11,All (PS),production,3229.94
3692,TG2009A20303,Togo,TG,Centrale,Tchaoudjo,Tchaoudjo,Groundnuts (In Shell),Main,2012,5,2012,11,All (PS),production,575.0
3693,TG2009A20303,Togo,TG,Centrale,Tchaoudjo,Tchaoudjo,Groundnuts (In Shell),Main,2013,5,2013,11,All (PS),production,483.44
3694,TG2009A20303,Togo,TG,Centrale,Tchaoudjo,Tchaoudjo,Groundnuts (In Shell),Main,2014,5,2014,11,All (PS),production,378.72
3695,TG2009A20303,Togo,TG,Centrale,Tchaoudjo,Tchaoudjo,Groundnuts (In Shell),Main,2015,5,2015,11,All (PS),production,382.82
3696,TG2009A20304,Togo,TG,Centrale,Blitta,Blitta,Sorghum,Main,1995,5,1995,11,All (PS),production,9665.271403463896
3697,TG2009A20304,Togo,TG,Centrale,Blitta,Blitta,Sorghum,Main,1996,5,1996,11,All (PS),production,3489.601189867654
3698,TG2009A20304,Togo,TG,Centrale,Blitta,Blitta,Sorghum,Main,1997,5,1997,11,All (PS),production,3853.648727163781
3699,TG2009A20304,Togo,TG,Centrale,Blitta,Blitta,Sorghum,Main,1998,5,1998,11,All (PS),production,7397.920618208618
3700,TG2009A20304,Togo,TG,Centrale,Blitta,Blitta,Sorghum,Main,1999,5,1999,11,All (PS),production,7548.794801302241
3701,TG2009A20304,Togo,TG,Centrale,Blitta,Blitta,Sorghum,Main,2000,5,2000,11,All (PS),production,9123.650038313195
3702,TG2009A20304,Togo,TG,Centrale,Blitta,Blitta,Sorghum,Main,2001,5,2001,11,All (PS),production,8086.178127601996
3703,TG2009A20304,Togo,TG,Centrale,Blitta,Blitta,Sorghum,Main,2002,5,2002,11,All (PS),production,10320.472209819905
3704,TG2009A20304,Togo,TG,Centrale,Blitta,Blitta,Sorghum,Main,2003,5,2003,11,All (PS),production,7249.589258425563
3705,TG2009A20304,Togo,TG,Centrale,Blitta,Blitta,Sorghum,Main,2004,5,2004,11,All (PS),production,7135.162209450063
3706,TG2009A20304,Togo,TG,Centrale,Blitta,Blitta,Sorghum,Main,2005,5,2005,11,All (PS),production,9476.254870711773
3707,TG2009A20304,Togo,TG,Centrale,Blitta,Blitta,Sorghum,Main,2006,5,2006,11,All (PS),production,9862.764013917906
3708,TG2009A20304,Togo,TG,Centrale,Blitta,Blitta,Sorghum,Main,2007,5,2007,11,All (PS),production,12262.765415207743
3709,TG2009A20304,Togo,TG,Centrale,Blitta,Blitta,Sorghum,Main,2008,5,2008,11,All (PS),production,12400.501677863438
3710,TG2009A20304,Togo,TG,Centrale,Blitta,Blitta,Sorghum,Main,2009,5,2009,11,All (PS),production,19410.0
3711,TG2009A20304,Togo,TG,Centrale,Blitta,Blitta,Sorghum,Main,2010,5,2010,11,All (PS),production,19548.0
3712,TG2009A20304,Togo,TG,Centrale,Blitta,Blitta,Sorghum,Main,2011,5,2011,11,All (PS),production,19199.0
3713,TG2009A20304,Togo,TG,Centrale,Blitta,Blitta,Sorghum,Main,2012,5,2012,11,All (PS),production,13123.0
3714,TG2009A20304,Togo,TG,Centrale,Blitta,Blitta,Sorghum,Main,2013,5,2013,11,All (PS),production,20142.43
3715,TG2009A20304,Togo,TG,Centrale,Blitta,Blitta,Sorghum,Main,2014,5,2014,11,All (PS),production,14344.19
3716,TG2009A20304,Togo,TG,Centrale,Blitta,Blitta,Sorghum,Main,2015,5,2015,11,All (PS),production,14782.31
3717,TG2009A20304,Togo,TG,Centrale,Blitta,Blitta,Maize,Main,1995,5,1995,11,All (PS),production,14930.390245806924
3718,TG2009A20304,Togo,TG,Centrale,Blitta,Blitta,Maize,Main,1996,5,1996,11,All (PS),production,5788.356192150079
3719,TG2009A20304,Togo,TG,Centrale,Blitta,Blitta,Maize,Main,1997,5,1997,11,All (PS),production,9515.925557515435
3720,TG2009A20304,Togo,TG,Centrale,Blitta,Blitta,Maize,Main,1998,5,1998,11,All (PS),production,8961.534706966493
3721,TG2009A20304,Togo,TG,Centrale,Blitta,Blitta,Maize,Main,1999,5,1999,11,All (PS),production,13865.959812752953
3722,TG2009A20304,Togo,TG,Centrale,Blitta,Blitta,Maize,Main,2000,5,2000,11,All (PS),production,21778.535459238934
3723,TG2009A20304,Togo,TG,Centrale,Blitta,Blitta,Maize,Main,2001,5,2001,11,All (PS),production,15108.311030401701
3724,TG2009A20304,Togo,TG,Centrale,Blitta,Blitta,Maize,Main,2002,5,2002,11,All (PS),production,16785.40781736464
3725,TG2009A20304,Togo,TG,Centrale,Blitta,Blitta,Maize,Main,2003,5,2003,11,All (PS),production,17825.084054301078
3726,TG2009A20304,Togo,TG,Centrale,Blitta,Blitta,Maize,Main,2004,5,2004,11,All (PS),production,15878.269672140837
3727,TG2009A20304,Togo,TG,Centrale,Blitta,Blitta,Maize,Main,2005,5,2005,11,All (PS),production,17468.726772692407
3728,TG2009A20304,Togo,TG,Centrale,Blitta,Blitta,Maize,Main,2006,5,2006,11,All (PS),production,16227.406979881893
3729,TG2009A20304,Togo,TG,Centrale,Blitta,Blitta,Maize,Main,2007,5,2007,11,All (PS),production,18342.34361067372
3730,TG2009A20304,Togo,TG,Centrale,Blitta,Blitta,Maize,Main,2008,5,2008,11,All (PS),production,17776.091374485124
3731,TG2009A20304,Togo,TG,Centrale,Blitta,Blitta,Maize,Main,2009,5,2009,11,All (PS),production,44164.0
3732,TG2009A20304,Togo,TG,Centrale,Blitta,Blitta,Maize,Main,2010,5,2010,11,All (PS),production,44173.0
3733,TG2009A20304,Togo,TG,Centrale,Blitta,Blitta,Maize,Main,2011,5,2011,11,All (PS),production,41973.0
3734,TG2009A20304,Togo,TG,Centrale,Blitta,Blitta,Maize,Main,2012,5,2012,11,All (PS),production,35950.0
3735,TG2009A20304,Togo,TG,Centrale,Blitta,Blitta,Maize,Main,2013,5,2013,11,All (PS),production,25888.97
3736,TG2009A20304,Togo,TG,Centrale,Blitta,Blitta,Maize,Main,2014,5,2014,11,All (PS),production,31463.78
3737,TG2009A20304,Togo,TG,Centrale,Blitta,Blitta,Maize,Main,2015,5,2015,11,All (PS),production,28946.83
3738,TG2009A20304,Togo,TG,Centrale,Blitta,Blitta,Millet,Main,2015,5,2015,11,All (PS),production,5.23
3739,TG2009A20304,Togo,TG,Centrale,Blitta,Blitta,Cotton,Main,2004,5,2004,11,All (PS),production,1395.3112137757246
3740,TG2009A20304,Togo,TG,Centrale,Blitta,Blitta,Cotton,Main,2005,5,2005,11,All (PS),production,984.5622287554249
3741,TG2009A20304,Togo,TG,Centrale,Blitta,Blitta,Cotton,Main,2006,5,2006,11,All (PS),production,792.4675906481871
3742,TG2009A20304,Togo,TG,Centrale,Blitta,Blitta,Cotton,Main,2007,5,2007,11,All (PS),production,567.0188996220076
3743,TG2009A20304,Togo,TG,Centrale,Blitta,Blitta,Cotton,Main,2008,5,2008,11,All (PS),production,480.5454290914182
3744,TG2009A20304,Togo,TG,Centrale,Blitta,Blitta,Cotton,Main,2009,5,2009,11,All (PS),production,652.0
3745,TG2009A20304,Togo,TG,Centrale,Blitta,Blitta,Cotton,Main,2010,5,2010,11,All (PS),production,1333.0
3746,TG2009A20304,Togo,TG,Centrale,Blitta,Blitta,Cotton,Main,2011,5,2011,11,All (PS),production,2427.0
3747,TG2009A20304,Togo,TG,Centrale,Blitta,Blitta,Rice,Annual,2012,5,2012,11,All (PS),production,5494.0
3748,TG2009A20304,Togo,TG,Centrale,Blitta,Blitta,Rice,Annual,2013,5,2013,11,All (PS),production,7304.38
3749,TG2009A20304,Togo,TG,Centrale,Blitta,Blitta,Rice,Annual,2014,5,2014,11,All (PS),production,6055.88
3750,TG2009A20304,Togo,TG,Centrale,Blitta,Blitta,Rice,Annual,2015,5,2015,11,All (PS),production,6297.81
3751,TG2009A20304,Togo,TG,Centrale,Blitta,Blitta,Cassava,Main,2012,5,2012,11,All (PS),production,41220.0
3752,TG2009A20304,Togo,TG,Centrale,Blitta,Blitta,Cassava,Main,2013,5,2013,11,All (PS),production,10057.37
3753,TG2009A20304,Togo,TG,Centrale,Blitta,Blitta,Cassava,Main,2014,5,2014,11,All (PS),production,17945.81
3754,TG2009A20304,Togo,TG,Centrale,Blitta,Blitta,Cassava,Main,2015,5,2015,11,All (PS),production,18304.73
3755,TG2009A20304,Togo,TG,Centrale,Blitta,Blitta,Soybean,Main,2012,5,2012,11,All (PS),production,8022.0
3756,TG2009A20304,Togo,TG,Centrale,Blitta,Blitta,Soybean,Main,2015,5,2015,11,All (PS),production,1554.79
3757,TG2009A20304,Togo,TG,Centrale,Blitta,Blitta,Yams,Main,2012,5,2012,11,All (PS),production,76964.0
3758,TG2009A20304,Togo,TG,Centrale,Blitta,Blitta,Yams,Main,2013,5,2013,11,All (PS),production,23382.94
3759,TG2009A20304,Togo,TG,Centrale,Blitta,Blitta,Yams,Main,2014,5,2014,11,All (PS),production,33067.09
3760,TG2009A20304,Togo,TG,Centrale,Blitta,Blitta,Yams,Main,2015,5,2015,11,All (PS),production,34061.77
3761,TG2009A20304,Togo,TG,Centrale,Blitta,Blitta,Beans (mixed),Main,2012,5,2012,11,All (PS),production,9935.0
3762,TG2009A20304,Togo,TG,Centrale,Blitta,Blitta,Beans (mixed),Main,2013,5,2013,11,All (PS),production,3250.45
3763,TG2009A20304,Togo,TG,Centrale,Blitta,Blitta,Beans (mixed),Main,2014,5,2014,11,All (PS),production,4585.3
3764,TG2009A20304,Togo,TG,Centrale,Blitta,Blitta,Beans (mixed),Main,2015,5,2015,11,All (PS),production,4722.88
3765,TG2009A20304,Togo,TG,Centrale,Blitta,Blitta,Groundnuts (In Shell),Main,2012,5,2012,11,All (PS),production,341.0
3766,TG2009A20304,Togo,TG,Centrale,Blitta,Blitta,Groundnuts (In Shell),Main,2013,5,2013,11,All (PS),production,353.47
3767,TG2009A20304,Togo,TG,Centrale,Blitta,Blitta,Groundnuts (In Shell),Main,2014,5,2014,11,All (PS),production,276.9
3768,TG2009A20304,Togo,TG,Centrale,Blitta,Blitta,Groundnuts (In Shell),Main,2015,5,2015,11,All (PS),production,279.9
3769,TG2009A20401,Togo,TG,Savanes,Tône,Tône,Sorghum,Main,1995,5,1995,11,All (PS),production,7883.41544117647
3770,TG2009A20401,Togo,TG,Savanes,Tône,Tône,Sorghum,Main,1996,5,1996,11,All (PS),production,13180.819852941177
3771,TG2009A20401,Togo,TG,Savanes,Tône,Tône,Sorghum,Main,1997,5,1997,11,All (PS),production,5878.919117647059
3772,TG2009A20401,Togo,TG,Savanes,Tône,Tône,Sorghum,Main,1998,5,1998,11,All (PS),production,4522.411764705882
3773,TG2009A20401,Togo,TG,Savanes,Tône,Tône,Sorghum,Main,1999,5,1999,11,All (PS),production,3091.863970588235
3774,TG2009A20401,Togo,TG,Savanes,Tône,Tône,Sorghum,Main,2000,5,2000,11,All (PS),production,2055.297794117647
3775,TG2009A20401,Togo,TG,Savanes,Tône,Tône,Sorghum,Main,2001,5,2001,11,All (PS),production,3348.5735294117644
3776,TG2009A20401,Togo,TG,Savanes,Tône,Tône,Sorghum,Main,2002,5,2002,11,All (PS),production,4211.658088235294
3777,TG2009A20401,Togo,TG,Savanes,Tône,Tône,Sorghum,Main,2003,5,2003,11,All (PS),production,6339.375
3778,TG2009A20401,Togo,TG,Savanes,Tône,Tône,Sorghum,Main,2004,5,2004,11,All (PS),production,5563.301470588235
3779,TG2009A20401,Togo,TG,Savanes,Tône,Tône,Sorghum,Main,2005,5,2005,11,All (PS),production,5783.801470588235
3780,TG2009A20401,Togo,TG,Savanes,Tône,Tône,Sorghum,Main,2006,5,2006,11,All (PS),production,6710.117647058823
3781,TG2009A20401,Togo,TG,Savanes,Tône,Tône,Sorghum,Main,2007,5,2007,11,All (PS),production,10029.507352941177
3782,TG2009A20401,Togo,TG,Savanes,Tône,Tône,Sorghum,Main,2008,5,2008,11,All (PS),production,7937.459558823529
3783,TG2009A20401,Togo,TG,Savanes,Tône,Tône,Sorghum,Main,2009,5,2009,11,All (PS),production,17423.0
3784,TG2009A20401,Togo,TG,Savanes,Tône,Tône,Sorghum,Main,2010,5,2010,11,All (PS),production,14078.0
3785,TG2009A20401,Togo,TG,Savanes,Tône,Tône,Sorghum,Main,2011,5,2011,11,All (PS),production,15500.0
3786,TG2009A20401,Togo,TG,Savanes,Tône,Tône,Sorghum,Main,2012,5,2012,11,All (PS),production,12453.0
3787,TG2009A20401,Togo,TG,Savanes,Tône,Tône,Maize,Main,1995,5,1995,11,All (PS),production,8282.801470588234
3788,TG2009A20401,Togo,TG,Savanes,Tône,Tône,Maize,Main,1996,5,1996,11,All (PS),production,7093.8308823529405
3789,TG2009A20401,Togo,TG,Savanes,Tône,Tône,Maize,Main,1997,5,1997,11,All (PS),production,3767.955882352941
3790,TG2009A20401,Togo,TG,Savanes,Tône,Tône,Maize,Main,1998,5,1998,11,All (PS),production,2836.235294117647
3791,TG2009A20401,Togo,TG,Savanes,Tône,Tône,Maize,Main,1999,5,1999,11,All (PS),production,3475.5772058823527
3792,TG2009A20401,Togo,TG,Savanes,Tône,Tône,Maize,Main,2000,5,2000,11,All (PS),production,3382.6213235294117
3793,TG2009A20401,Togo,TG,Savanes,Tône,Tône,Maize,Main,2001,5,2001,11,All (PS),production,2483.8676470588234
3794,TG2009A20401,Togo,TG,Savanes,Tône,Tône,Maize,Main,2002,5,2002,11,All (PS),production,2566.5551470588234
3795,TG2009A20401,Togo,TG,Savanes,Tône,Tône,Maize,Main,2003,5,2003,11,All (PS),production,2995.6654411764703
3796,TG2009A20401,Togo,TG,Savanes,Tône,Tône,Maize,Main,2004,5,2004,11,All (PS),production,2542.7757352941176
3797,TG2009A20401,Togo,TG,Savanes,Tône,Tône,Maize,Main,2005,5,2005,11,All (PS),production,3820.378676470588
3798,TG2009A20401,Togo,TG,Savanes,Tône,Tône,Maize,Main,2006,5,2006,11,All (PS),production,4392.16544117647
3799,TG2009A20401,Togo,TG,Savanes,Tône,Tône,Maize,Main,2007,5,2007,11,All (PS),production,2915.1397058823527
3800,TG2009A20401,Togo,TG,Savanes,Tône,Tône,Maize,Main,2008,5,2008,11,All (PS),production,3008.095588235294
3801,TG2009A20401,Togo,TG,Savanes,Tône,Tône,Maize,Main,2009,5,2009,11,All (PS),production,5719.0
3802,TG2009A20401,Togo,TG,Savanes,Tône,Tône,Maize,Main,2010,5,2010,11,All (PS),production,7342.0
3803,TG2009A20401,Togo,TG,Savanes,Tône,Tône,Maize,Main,2011,5,2011,11,All (PS),production,7430.0
3804,TG2009A20401,Togo,TG,Savanes,Tône,Tône,Maize,Main,2012,5,2012,11,All (PS),production,7083.0
3805,TG2009A20401,Togo,TG,Savanes,Tône,Tône,Millet,Main,1995,5,1995,11,All (PS),production,16313.216911764704
3806,TG2009A20401,Togo,TG,Savanes,Tône,Tône,Millet,Main,1996,5,1996,11,All (PS),production,25958.470588235294
3807,TG2009A20401,Togo,TG,Savanes,Tône,Tône,Millet,Main,1997,5,1997,11,All (PS),production,9645.253676470587
3808,TG2009A20401,Togo,TG,Savanes,Tône,Tône,Millet,Main,1998,5,1998,11,All (PS),production,6985.742647058823
3809,TG2009A20401,Togo,TG,Savanes,Tône,Tône,Millet,Main,1999,5,1999,11,All (PS),production,6909.0
3810,TG2009A20401,Togo,TG,Savanes,Tône,Tône,Millet,Main,2000,5,2000,11,All (PS),production,6818.746323529412
3811,TG2009A20401,Togo,TG,Savanes,Tône,Tône,Millet,Main,2001,5,2001,11,All (PS),production,5774.073529411764
3812,TG2009A20401,Togo,TG,Savanes,Tône,Tône,Millet,Main,2002,5,2002,11,All (PS),production,6812.801470588235
3813,TG2009A20401,Togo,TG,Savanes,Tône,Tône,Millet,Main,2003,5,2003,11,All (PS),production,9778.742647058823
3814,TG2009A20401,Togo,TG,Savanes,Tône,Tône,Millet,Main,2004,5,2004,11,All (PS),production,8218.488970588234
3815,TG2009A20401,Togo,TG,Savanes,Tône,Tône,Millet,Main,2005,5,2005,11,All (PS),production,6720.386029411764
3816,TG2009A20401,Togo,TG,Savanes,Tône,Tône,Millet,Main,2006,5,2006,11,All (PS),production,3929.547794117647
3817,TG2009A20401,Togo,TG,Savanes,Tône,Tône,Millet,Main,2007,5,2007,11,All (PS),production,5029.345588235294
3818,TG2009A20401,Togo,TG,Savanes,Tône,Tône,Millet,Main,2008,5,2008,11,All (PS),production,6264.253676470588
3819,TG2009A20401,Togo,TG,Savanes,Tône,Tône,Millet,Main,2009,5,2009,11,All (PS),production,13518.0
3820,TG2009A20401,Togo,TG,Savanes,Tône,Tône,Millet,Main,2010,5,2010,11,All (PS),production,13658.0
3821,TG2009A20401,Togo,TG,Savanes,Tône,Tône,Millet,Main,2011,5,2011,11,All (PS),production,13062.0
3822,TG2009A20401,Togo,TG,Savanes,Tône,Tône,Millet,Main,2012,5,2012,11,All (PS),production,12707.0
3823,TG2009A20402,Togo,TG,Savanes,Oti,Oti,Sorghum,Main,1995,5,1995,11,All (PS),production,12455.0
3824,TG2009A20402,Togo,TG,Savanes,Oti,Oti,Sorghum,Main,1996,5,1996,11,All (PS),production,27892.0
3825,TG2009A20402,Togo,TG,Savanes,Oti,Oti,Sorghum,Main,1997,5,1997,11,All (PS),production,13718.0
3826,TG2009A20402,Togo,TG,Savanes,Oti,Oti,Sorghum,Main,1998,5,1998,11,All (PS),production,11426.0
3827,TG2009A20402,Togo,TG,Savanes,Oti,Oti,Sorghum,Main,1999,5,1999,11,All (PS),production,11486.0
3828,TG2009A20402,Togo,TG,Savanes,Oti,Oti,Sorghum,Main,2000,5,2000,11,All (PS),production,11477.0
3829,TG2009A20402,Togo,TG,Savanes,Oti,Oti,Sorghum,Main,2001,5,2001,11,All (PS),production,9703.0
3830,TG2009A20402,Togo,TG,Savanes,Oti,Oti,Sorghum,Main,2002,5,2002,11,All (PS),production,11411.0
3831,TG2009A20402,Togo,TG,Savanes,Oti,Oti,Sorghum,Main,2003,5,2003,11,All (PS),production,10798.0
3832,TG2009A20402,Togo,TG,Savanes,Oti,Oti,Sorghum,Main,2004,5,2004,11,All (PS),production,17657.0
3833,TG2009A20402,Togo,TG,Savanes,Oti,Oti,Sorghum,Main,2005,5,2005,11,All (PS),production,14901.0
3834,TG2009A20402,Togo,TG,Savanes,Oti,Oti,Sorghum,Main,2006,5,2006,11,All (PS),production,25613.0
3835,TG2009A20402,Togo,TG,Savanes,Oti,Oti,Sorghum,Main,2007,5,2007,11,All (PS),production,28912.0
3836,TG2009A20402,Togo,TG,Savanes,Oti,Oti,Sorghum,Main,2008,5,2008,11,All (PS),production,21888.0
3837,TG2009A20402,Togo,TG,Savanes,Oti,Oti,Sorghum,Main,2009,5,2009,11,All (PS),production,46002.0
3838,TG2009A20402,Togo,TG,Savanes,Oti,Oti,Sorghum,Main,2010,5,2010,11,All (PS),production,26254.0
3839,TG2009A20402,Togo,TG,Savanes,Oti,Oti,Sorghum,Main,2011,5,2011,11,All (PS),production,27716.0
3840,TG2009A20402,Togo,TG,Savanes,Oti,Oti,Sorghum,Main,2012,5,2012,11,All (PS),production,32743.0
3841,TG2009A20402,Togo,TG,Savanes,Oti,Oti,Maize,Main,1995,5,1995,11,All (PS),production,22459.0
3842,TG2009A20402,Togo,TG,Savanes,Oti,Oti,Maize,Main,1996,5,1996,11,All (PS),production,19302.0
3843,TG2009A20402,Togo,TG,Savanes,Oti,Oti,Maize,Main,1997,5,1997,11,All (PS),production,15925.0
3844,TG2009A20402,Togo,TG,Savanes,Oti,Oti,Maize,Main,1998,5,1998,11,All (PS),production,12749.0
3845,TG2009A20402,Togo,TG,Savanes,Oti,Oti,Maize,Main,1999,5,1999,11,All (PS),production,10903.0
3846,TG2009A20402,Togo,TG,Savanes,Oti,Oti,Maize,Main,2000,5,2000,11,All (PS),production,10800.0
3847,TG2009A20402,Togo,TG,Savanes,Oti,Oti,Maize,Main,2001,5,2001,11,All (PS),production,12231.0
3848,TG2009A20402,Togo,TG,Savanes,Oti,Oti,Maize,Main,2002,5,2002,11,All (PS),production,9358.0
3849,TG2009A20402,Togo,TG,Savanes,Oti,Oti,Maize,Main,2003,5,2003,11,All (PS),production,14237.0
3850,TG2009A20402,Togo,TG,Savanes,Oti,Oti,Maize,Main,2004,5,2004,11,All (PS),production,15372.0
3851,TG2009A20402,Togo,TG,Savanes,Oti,Oti,Maize,Main,2005,5,2005,11,All (PS),production,15451.0
3852,TG2009A20402,Togo,TG,Savanes,Oti,Oti,Maize,Main,2006,5,2006,11,All (PS),production,24591.0
3853,TG2009A20402,Togo,TG,Savanes,Oti,Oti,Maize,Main,2007,5,2007,11,All (PS),production,19973.0
3854,TG2009A20402,Togo,TG,Savanes,Oti,Oti,Maize,Main,2008,5,2008,11,All (PS),production,11742.0
3855,TG2009A20402,Togo,TG,Savanes,Oti,Oti,Maize,Main,2009,5,2009,11,All (PS),production,15683.0
3856,TG2009A20402,Togo,TG,Savanes,Oti,Oti,Maize,Main,2010,5,2010,11,All (PS),production,18259.0
3857,TG2009A20402,Togo,TG,Savanes,Oti,Oti,Maize,Main,2011,5,2011,11,All (PS),production,17622.0
3858,TG2009A20402,Togo,TG,Savanes,Oti,Oti,Maize,Main,2012,5,2012,11,All (PS),production,15365.0
3859,TG2009A20402,Togo,TG,Savanes,Oti,Oti,Millet,Main,1995,5,1995,11,All (PS),production,19196.0
3860,TG2009A20402,Togo,TG,Savanes,Oti,Oti,Millet,Main,1996,5,1996,11,All (PS),production,17647.0
3861,TG2009A20402,Togo,TG,Savanes,Oti,Oti,Millet,Main,1997,5,1997,11,All (PS),production,5278.0
3862,TG2009A20402,Togo,TG,Savanes,Oti,Oti,Millet,Main,1998,5,1998,11,All (PS),production,5284.0
3863,TG2009A20402,Togo,TG,Savanes,Oti,Oti,Millet,Main,1999,5,1999,11,All (PS),production,6064.0
3864,TG2009A20402,Togo,TG,Savanes,Oti,Oti,Millet,Main,2000,5,2000,11,All (PS),production,3695.0
3865,TG2009A20402,Togo,TG,Savanes,Oti,Oti,Millet,Main,2001,5,2001,11,All (PS),production,3228.0
3866,TG2009A20402,Togo,TG,Savanes,Oti,Oti,Millet,Main,2002,5,2002,11,All (PS),production,2477.0
3867,TG2009A20402,Togo,TG,Savanes,Oti,Oti,Millet,Main,2003,5,2003,11,All (PS),production,9687.0
3868,TG2009A20402,Togo,TG,Savanes,Oti,Oti,Millet,Main,2004,5,2004,11,All (PS),production,6144.0
3869,TG2009A20402,Togo,TG,Savanes,Oti,Oti,Millet,Main,2005,5,2005,11,All (PS),production,3755.0
3870,TG2009A20402,Togo,TG,Savanes,Oti,Oti,Millet,Main,2006,5,2006,11,All (PS),production,7616.0
3871,TG2009A20402,Togo,TG,Savanes,Oti,Oti,Millet,Main,2007,5,2007,11,All (PS),production,8735.0
3872,TG2009A20402,Togo,TG,Savanes,Oti,Oti,Millet,Main,2008,5,2008,11,All (PS),production,11975.0
3873,TG2009A20402,Togo,TG,Savanes,Oti,Oti,Millet,Main,2009,5,2009,11,All (PS),production,7434.0
3874,TG2009A20402,Togo,TG,Savanes,Oti,Oti,Millet,Main,2010,5,2010,11,All (PS),production,5112.0
3875,TG2009A20402,Togo,TG,Savanes,Oti,Oti,Millet,Main,2011,5,2011,11,All (PS),production,6020.0
3876,TG2009A20402,Togo,TG,Savanes,Oti,Oti,Millet,Main,2012,5,2012,11,All (PS),production,5476.0
3877,TG2009A20403,Togo,TG,Savanes,Kpendjal,Kpendjal,Sorghum,Main,1995,5,1995,11,All (PS),production,3336.8954248366013
3878,TG2009A20403,Togo,TG,Savanes,Kpendjal,Kpendjal,Sorghum,Main,1996,5,1996,11,All (PS),production,5579.183006535947
3879,TG2009A20403,Togo,TG,Savanes,Kpendjal,Kpendjal,Sorghum,Main,1997,5,1997,11,All (PS),production,10150.43137254902
3880,TG2009A20403,Togo,TG,Savanes,Kpendjal,Kpendjal,Sorghum,Main,1998,5,1998,11,All (PS),production,11377.248366013071
3881,TG2009A20403,Togo,TG,Savanes,Kpendjal,Kpendjal,Sorghum,Main,1999,5,1999,11,All (PS),production,10616.725490196079
3882,TG2009A20403,Togo,TG,Savanes,Kpendjal,Kpendjal,Sorghum,Main,2000,5,2000,11,All (PS),production,4052.9673202614376
3883,TG2009A20403,Togo,TG,Savanes,Kpendjal,Kpendjal,Sorghum,Main,2001,5,2001,11,All (PS),production,6767.385620915033
3884,TG2009A20403,Togo,TG,Savanes,Kpendjal,Kpendjal,Sorghum,Main,2002,5,2002,11,All (PS),production,6130.712418300654
3885,TG2009A20403,Togo,TG,Savanes,Kpendjal,Kpendjal,Sorghum,Main,2003,5,2003,11,All (PS),production,11758.333333333332
3886,TG2009A20403,Togo,TG,Savanes,Kpendjal,Kpendjal,Sorghum,Main,2004,5,2004,11,All (PS),production,12703.83660130719
3887,TG2009A20403,Togo,TG,Savanes,Kpendjal,Kpendjal,Sorghum,Main,2005,5,2005,11,All (PS),production,10294.169934640522
3888,TG2009A20403,Togo,TG,Savanes,Kpendjal,Kpendjal,Sorghum,Main,2006,5,2006,11,All (PS),production,18234.261437908495
3889,TG2009A20403,Togo,TG,Savanes,Kpendjal,Kpendjal,Sorghum,Main,2007,5,2007,11,All (PS),production,23042.29411764706
3890,TG2009A20403,Togo,TG,Savanes,Kpendjal,Kpendjal,Sorghum,Main,2008,5,2008,11,All (PS),production,15465.771241830065
3891,TG2009A20403,Togo,TG,Savanes,Kpendjal,Kpendjal,Sorghum,Main,2009,5,2009,11,All (PS),production,17808.0
3892,TG2009A20403,Togo,TG,Savanes,Kpendjal,Kpendjal,Sorghum,Main,2010,5,2010,11,All (PS),production,21714.0
3893,TG2009A20403,Togo,TG,Savanes,Kpendjal,Kpendjal,Sorghum,Main,2011,5,2011,11,All (PS),production,22927.0
3894,TG2009A20403,Togo,TG,Savanes,Kpendjal,Kpendjal,Sorghum,Main,2012,5,2012,11,All (PS),production,20362.0
3895,TG2009A20403,Togo,TG,Savanes,Kpendjal,Kpendjal,Maize,Main,1995,5,1995,11,All (PS),production,3505.9477124183004
3896,TG2009A20403,Togo,TG,Savanes,Kpendjal,Kpendjal,Maize,Main,1996,5,1996,11,All (PS),production,3002.679738562091
3897,TG2009A20403,Togo,TG,Savanes,Kpendjal,Kpendjal,Maize,Main,1997,5,1997,11,All (PS),production,7844.901960784314
3898,TG2009A20403,Togo,TG,Savanes,Kpendjal,Kpendjal,Maize,Main,1998,5,1998,11,All (PS),production,6300.522875816993
3899,TG2009A20403,Togo,TG,Savanes,Kpendjal,Kpendjal,Maize,Main,1999,5,1999,11,All (PS),production,6204.143790849674
3900,TG2009A20403,Togo,TG,Savanes,Kpendjal,Kpendjal,Maize,Main,2000,5,2000,11,All (PS),production,3287.797385620915
3901,TG2009A20403,Togo,TG,Savanes,Kpendjal,Kpendjal,Maize,Main,2001,5,2001,11,All (PS),production,5886.3725490196075
3902,TG2009A20403,Togo,TG,Savanes,Kpendjal,Kpendjal,Maize,Main,2002,5,2002,11,All (PS),production,5686.3725490196075
3903,TG2009A20403,Togo,TG,Savanes,Kpendjal,Kpendjal,Maize,Main,2003,5,2003,11,All (PS),production,6528.006535947712
3904,TG2009A20403,Togo,TG,Savanes,Kpendjal,Kpendjal,Maize,Main,2004,5,2004,11,All (PS),production,6123.307189542484
3905,TG2009A20403,Togo,TG,Savanes,Kpendjal,Kpendjal,Maize,Main,2005,5,2005,11,All (PS),production,7224.091503267974
3906,TG2009A20403,Togo,TG,Savanes,Kpendjal,Kpendjal,Maize,Main,2006,5,2006,11,All (PS),production,12851.117647058823
3907,TG2009A20403,Togo,TG,Savanes,Kpendjal,Kpendjal,Maize,Main,2007,5,2007,11,All (PS),production,5935.921568627451
3908,TG2009A20403,Togo,TG,Savanes,Kpendjal,Kpendjal,Maize,Main,2008,5,2008,11,All (PS),production,6275.267973856209
3909,TG2009A20403,Togo,TG,Savanes,Kpendjal,Kpendjal,Maize,Main,2009,5,2009,11,All (PS),production,8358.0
3910,TG2009A20403,Togo,TG,Savanes,Kpendjal,Kpendjal,Maize,Main,2010,5,2010,11,All (PS),production,8836.0
3911,TG2009A20403,Togo,TG,Savanes,Kpendjal,Kpendjal,Maize,Main,2011,5,2011,11,All (PS),production,10309.0
3912,TG2009A20403,Togo,TG,Savanes,Kpendjal,Kpendjal,Maize,Main,2012,5,2012,11,All (PS),production,9130.0
3913,TG2009A20403,Togo,TG,Savanes,Kpendjal,Kpendjal,Millet,Main,1995,5,1995,11,All (PS),production,6905.065359477124
3914,TG2009A20403,Togo,TG,Savanes,Kpendjal,Kpendjal,Millet,Main,1996,5,1996,11,All (PS),production,10987.712418300653
3915,TG2009A20403,Togo,TG,Savanes,Kpendjal,Kpendjal,Millet,Main,1997,5,1997,11,All (PS),production,15174.64705882353
3916,TG2009A20403,Togo,TG,Savanes,Kpendjal,Kpendjal,Millet,Main,1998,5,1998,11,All (PS),production,12769.928104575163
3917,TG2009A20403,Togo,TG,Savanes,Kpendjal,Kpendjal,Millet,Main,1999,5,1999,11,All (PS),production,11522.444444444445
3918,TG2009A20403,Togo,TG,Savanes,Kpendjal,Kpendjal,Millet,Main,2000,5,2000,11,All (PS),production,6922.241830065359
3919,TG2009A20403,Togo,TG,Savanes,Kpendjal,Kpendjal,Millet,Main,2001,5,2001,11,All (PS),production,8498.052287581699
3920,TG2009A20403,Togo,TG,Savanes,Kpendjal,Kpendjal,Millet,Main,2002,5,2002,11,All (PS),production,8700.725490196079
3921,TG2009A20403,Togo,TG,Savanes,Kpendjal,Kpendjal,Millet,Main,2003,5,2003,11,All (PS),production,10204.150326797386
3922,TG2009A20403,Togo,TG,Savanes,Kpendjal,Kpendjal,Millet,Main,2004,5,2004,11,All (PS),production,13041.725490196079
3923,TG2009A20403,Togo,TG,Savanes,Kpendjal,Kpendjal,Millet,Main,2005,5,2005,11,All (PS),production,9261.607843137255
3924,TG2009A20403,Togo,TG,Savanes,Kpendjal,Kpendjal,Millet,Main,2006,5,2006,11,All (PS),production,13222.300653594772
3925,TG2009A20403,Togo,TG,Savanes,Kpendjal,Kpendjal,Millet,Main,2007,5,2007,11,All (PS),production,7992.823529411764
3926,TG2009A20403,Togo,TG,Savanes,Kpendjal,Kpendjal,Millet,Main,2008,5,2008,11,All (PS),production,7932.535947712418
3927,TG2009A20403,Togo,TG,Savanes,Kpendjal,Kpendjal,Millet,Main,2009,5,2009,11,All (PS),production,9005.0
3928,TG2009A20403,Togo,TG,Savanes,Kpendjal,Kpendjal,Millet,Main,2010,5,2010,11,All (PS),production,9456.0
3929,TG2009A20403,Togo,TG,Savanes,Kpendjal,Kpendjal,Millet,Main,2011,5,2011,11,All (PS),production,9466.0
3930,TG2009A20403,Togo,TG,Savanes,Kpendjal,Kpendjal,Millet,Main,2012,5,2012,11,All (PS),production,8729.0
3931,TG2009A20404,Togo,TG,Savanes,Tandjouaré,Tandjouaré,Sorghum,Main,1995,5,1995,11,All (PS),production,1698.2414215686274
3932,TG2009A20404,Togo,TG,Savanes,Tandjouaré,Tandjouaré,Sorghum,Main,1996,5,1996,11,All (PS),production,2839.405637254902
3933,TG2009A20404,Togo,TG,Savanes,Tandjouaré,Tandjouaré,Sorghum,Main,1997,5,1997,11,All (PS),production,7586.433823529412
3934,TG2009A20404,Togo,TG,Savanes,Tandjouaré,Tandjouaré,Sorghum,Main,1998,5,1998,11,All (PS),production,5291.21568627451
3935,TG2009A20404,Togo,TG,Savanes,Tandjouaré,Tandjouaré,Sorghum,Main,1999,5,1999,11,All (PS),production,3043.047794117647
3936,TG2009A20404,Togo,TG,Savanes,Tandjouaré,Tandjouaré,Sorghum,Main,2000,5,2000,11,All (PS),production,3237.7512254901962
3937,TG2009A20404,Togo,TG,Savanes,Tandjouaré,Tandjouaré,Sorghum,Main,2001,5,2001,11,All (PS),production,3697.348039215686
3938,TG2009A20404,Togo,TG,Savanes,Tandjouaré,Tandjouaré,Sorghum,Main,2002,5,2002,11,All (PS),production,4257.2732843137255
3939,TG2009A20404,Togo,TG,Savanes,Tandjouaré,Tandjouaré,Sorghum,Main,2003,5,2003,11,All (PS),production,3724.625
3940,TG2009A20404,Togo,TG,Savanes,Tandjouaré,Tandjouaré,Sorghum,Main,2004,5,2004,11,All (PS),production,7294.443627450981
3941,TG2009A20404,Togo,TG,Savanes,Tandjouaré,Tandjouaré,Sorghum,Main,2005,5,2005,11,All (PS),production,6404.943627450981
3942,TG2009A20404,Togo,TG,Savanes,Tandjouaré,Tandjouaré,Sorghum,Main,2006,5,2006,11,All (PS),production,8386.490196078432
3943,TG2009A20404,Togo,TG,Savanes,Tandjouaré,Tandjouaré,Sorghum,Main,2007,5,2007,11,All (PS),production,10231.551470588234
3944,TG2009A20404,Togo,TG,Savanes,Tandjouaré,Tandjouaré,Sorghum,Main,2008,5,2008,11,All (PS),production,8653.883578431372
3945,TG2009A20404,Togo,TG,Savanes,Tandjouaré,Tandjouaré,Sorghum,Main,2009,5,2009,11,All (PS),production,4394.0
3946,TG2009A20404,Togo,TG,Savanes,Tandjouaré,Tandjouaré,Sorghum,Main,2010,5,2010,11,All (PS),production,5136.0
3947,TG2009A20404,Togo,TG,Savanes,Tandjouaré,Tandjouaré,Sorghum,Main,2011,5,2011,11,All (PS),production,6224.0
3948,TG2009A20404,Togo,TG,Savanes,Tandjouaré,Tandjouaré,Sorghum,Main,2012,5,2012,11,All (PS),production,5098.0
3949,TG2009A20404,Togo,TG,Savanes,Tandjouaré,Tandjouaré,Maize,Main,1995,5,1995,11,All (PS),production,1784.2769607843138
3950,TG2009A20404,Togo,TG,Savanes,Tandjouaré,Tandjouaré,Maize,Main,1996,5,1996,11,All (PS),production,1528.1495098039215
3951,TG2009A20404,Togo,TG,Savanes,Tandjouaré,Tandjouaré,Maize,Main,1997,5,1997,11,All (PS),production,8362.691176470587
3952,TG2009A20404,Togo,TG,Savanes,Tandjouaré,Tandjouaré,Maize,Main,1998,5,1998,11,All (PS),production,6771.980392156863
3953,TG2009A20404,Togo,TG,Savanes,Tandjouaré,Tandjouaré,Maize,Main,1999,5,1999,11,All (PS),production,3822.7071078431372
3954,TG2009A20404,Togo,TG,Savanes,Tandjouaré,Tandjouaré,Maize,Main,2000,5,2000,11,All (PS),production,4036.682598039216
3955,TG2009A20404,Togo,TG,Savanes,Tandjouaré,Tandjouaré,Maize,Main,2001,5,2001,11,All (PS),production,3785.073529411765
3956,TG2009A20404,Togo,TG,Savanes,Tandjouaré,Tandjouaré,Maize,Main,2002,5,2002,11,All (PS),production,4740.886029411765
3957,TG2009A20404,Togo,TG,Savanes,Tandjouaré,Tandjouaré,Maize,Main,2003,5,2003,11,All (PS),production,4768.324754901961
3958,TG2009A20404,Togo,TG,Savanes,Tandjouaré,Tandjouaré,Maize,Main,2004,5,2004,11,All (PS),production,3506.763480392157
3959,TG2009A20404,Togo,TG,Savanes,Tandjouaré,Tandjouaré,Maize,Main,2005,5,2005,11,All (PS),production,4975.984068627451
3960,TG2009A20404,Togo,TG,Savanes,Tandjouaré,Tandjouaré,Maize,Main,2006,5,2006,11,All (PS),production,8833.158088235294
3961,TG2009A20404,Togo,TG,Savanes,Tandjouaré,Tandjouaré,Maize,Main,2007,5,2007,11,All (PS),production,5421.97794117647
3962,TG2009A20404,Togo,TG,Savanes,Tandjouaré,Tandjouaré,Maize,Main,2008,5,2008,11,All (PS),production,3217.002450980392
3963,TG2009A20404,Togo,TG,Savanes,Tandjouaré,Tandjouaré,Maize,Main,2009,5,2009,11,All (PS),production,2808.0
3964,TG2009A20404,Togo,TG,Savanes,Tandjouaré,Tandjouaré,Maize,Main,2010,5,2010,11,All (PS),production,3940.0
3965,TG2009A20404,Togo,TG,Savanes,Tandjouaré,Tandjouaré,Maize,Main,2011,5,2011,11,All (PS),production,4151.0
3966,TG2009A20404,Togo,TG,Savanes,Tandjouaré,Tandjouaré,Maize,Main,2012,5,2012,11,All (PS),production,3962.0
3967,TG2009A20404,Togo,TG,Savanes,Tandjouaré,Tandjouaré,Millet,Main,1995,5,1995,11,All (PS),production,3514.185049019608
3968,TG2009A20404,Togo,TG,Savanes,Tandjouaré,Tandjouaré,Millet,Main,1996,5,1996,11,All (PS),production,5591.9607843137255
3969,TG2009A20404,Togo,TG,Savanes,Tandjouaré,Tandjouaré,Millet,Main,1997,5,1997,11,All (PS),production,10404.775735294117
3970,TG2009A20404,Togo,TG,Savanes,Tandjouaré,Tandjouaré,Millet,Main,1998,5,1998,11,All (PS),production,12592.865196078432
3971,TG2009A20404,Togo,TG,Savanes,Tandjouaré,Tandjouaré,Millet,Main,1999,5,1999,11,All (PS),production,6987.333333333333
3972,TG2009A20404,Togo,TG,Savanes,Tandjouaré,Tandjouaré,Millet,Main,2000,5,2000,11,All (PS),production,6962.890931372549
3973,TG2009A20404,Togo,TG,Savanes,Tandjouaré,Tandjouaré,Millet,Main,2001,5,2001,11,All (PS),production,4828.848039215686
3974,TG2009A20404,Togo,TG,Savanes,Tandjouaré,Tandjouaré,Millet,Main,2002,5,2002,11,All (PS),production,6529.610294117647
3975,TG2009A20404,Togo,TG,Savanes,Tandjouaré,Tandjouaré,Millet,Main,2003,5,2003,11,All (PS),production,5903.531862745098
3976,TG2009A20404,Togo,TG,Savanes,Tandjouaré,Tandjouaré,Millet,Main,2004,5,2004,11,All (PS),production,6413.422794117647
3977,TG2009A20404,Togo,TG,Savanes,Tandjouaré,Tandjouaré,Millet,Main,2005,5,2005,11,All (PS),production,4980.702205882353
3978,TG2009A20404,Togo,TG,Savanes,Tandjouaré,Tandjouaré,Millet,Main,2006,5,2006,11,All (PS),production,10284.501225490196
3979,TG2009A20404,Togo,TG,Savanes,Tandjouaré,Tandjouaré,Millet,Main,2007,5,2007,11,All (PS),production,12314.41911764706
3980,TG2009A20404,Togo,TG,Savanes,Tandjouaré,Tandjouaré,Millet,Main,2008,5,2008,11,All (PS),production,9931.442401960785
3981,TG2009A20404,Togo,TG,Savanes,Tandjouaré,Tandjouaré,Millet,Main,2009,5,2009,11,All (PS),production,8383.0
3982,TG2009A20404,Togo,TG,Savanes,Tandjouaré,Tandjouaré,Millet,Main,2010,5,2010,11,All (PS),production,11195.0
3983,TG2009A20404,Togo,TG,Savanes,Tandjouaré,Tandjouaré,Millet,Main,2011,5,2011,11,All (PS),production,11128.0
3984,TG2009A20404,Togo,TG,Savanes,Tandjouaré,Tandjouaré,Millet,Main,2012,5,2012,11,All (PS),production,11879.0
3985,TG2009A20405,Togo,TG,Savanes,Cinkassé,Cinkassé,Sorghum,Main,1995,5,1995,11,All (PS),production,1668.4477124183006
3986,TG2009A20405,Togo,TG,Savanes,Cinkassé,Cinkassé,Sorghum,Main,1996,5,1996,11,All (PS),production,2789.5915032679736
3987,TG2009A20405,Togo,TG,Savanes,Cinkassé,Cinkassé,Sorghum,Main,1997,5,1997,11,All (PS),production,4070.2156862745096
3988,TG2009A20405,Togo,TG,Savanes,Cinkassé,Cinkassé,Sorghum,Main,1998,5,1998,11,All (PS),production,4057.124183006536
3989,TG2009A20405,Togo,TG,Savanes,Cinkassé,Cinkassé,Sorghum,Main,1999,5,1999,11,All (PS),production,3011.3627450980393
3990,TG2009A20405,Togo,TG,Savanes,Cinkassé,Cinkassé,Sorghum,Main,2000,5,2000,11,All (PS),production,5004.983660130719
3991,TG2009A20405,Togo,TG,Savanes,Cinkassé,Cinkassé,Sorghum,Main,2001,5,2001,11,All (PS),production,7438.692810457516
3992,TG2009A20405,Togo,TG,Savanes,Cinkassé,Cinkassé,Sorghum,Main,2002,5,2002,11,All (PS),production,6524.356209150326
3993,TG2009A20405,Togo,TG,Savanes,Cinkassé,Cinkassé,Sorghum,Main,2003,5,2003,11,All (PS),production,8040.666666666666
3994,TG2009A20405,Togo,TG,Savanes,Cinkassé,Cinkassé,Sorghum,Main,2004,5,2004,11,All (PS),production,12306.418300653595
3995,TG2009A20405,Togo,TG,Savanes,Cinkassé,Cinkassé,Sorghum,Main,2005,5,2005,11,All (PS),production,12082.084967320261
3996,TG2009A20405,Togo,TG,Savanes,Cinkassé,Cinkassé,Sorghum,Main,2006,5,2006,11,All (PS),production,12389.130718954248
3997,TG2009A20405,Togo,TG,Savanes,Cinkassé,Cinkassé,Sorghum,Main,2007,5,2007,11,All (PS),production,16097.64705882353
3998,TG2009A20405,Togo,TG,Savanes,Cinkassé,Cinkassé,Sorghum,Main,2008,5,2008,11,All (PS),production,9398.885620915033
3999,TG2009A20405,Togo,TG,Savanes,Cinkassé,Cinkassé,Sorghum,Main,2009,5,2009,11,All (PS),production,8636.0
4000,TG2009A20405,Togo,TG,Savanes,Cinkassé,Cinkassé,Sorghum,Main,2010,5,2010,11,All (PS),production,10902.0
4001,TG2009A20405,Togo,TG,Savanes,Cinkassé,Cinkassé,Sorghum,Main,2011,5,2011,11,All (PS),production,11612.0
4002,TG2009A20405,Togo,TG,Savanes,Cinkassé,Cinkassé,Sorghum,Main,2012,5,2012,11,All (PS),production,10019.0
4003,TG2009A20405,Togo,TG,Savanes,Cinkassé,Cinkassé,Maize,Main,1995,5,1995,11,All (PS),production,1752.9738562091502
4004,TG2009A20405,Togo,TG,Savanes,Cinkassé,Cinkassé,Maize,Main,1996,5,1996,11,All (PS),production,1501.3398692810456
4005,TG2009A20405,Togo,TG,Savanes,Cinkassé,Cinkassé,Maize,Main,1997,5,1997,11,All (PS),production,1948.450980392157
4006,TG2009A20405,Togo,TG,Savanes,Cinkassé,Cinkassé,Maize,Main,1998,5,1998,11,All (PS),production,2863.2614379084966
4007,TG2009A20405,Togo,TG,Savanes,Cinkassé,Cinkassé,Maize,Main,1999,5,1999,11,All (PS),production,2300.571895424837
4008,TG2009A20405,Togo,TG,Savanes,Cinkassé,Cinkassé,Maize,Main,2000,5,2000,11,All (PS),production,3406.8986928104578
4009,TG2009A20405,Togo,TG,Savanes,Cinkassé,Cinkassé,Maize,Main,2001,5,2001,11,All (PS),production,4886.686274509804
4010,TG2009A20405,Togo,TG,Savanes,Cinkassé,Cinkassé,Maize,Main,2002,5,2002,11,All (PS),production,4284.186274509804
4011,TG2009A20405,Togo,TG,Savanes,Cinkassé,Cinkassé,Maize,Main,2003,5,2003,11,All (PS),production,5535.003267973856
4012,TG2009A20405,Togo,TG,Savanes,Cinkassé,Cinkassé,Maize,Main,2004,5,2004,11,All (PS),production,4926.153594771242
4013,TG2009A20405,Togo,TG,Savanes,Cinkassé,Cinkassé,Maize,Main,2005,5,2005,11,All (PS),production,5267.545751633987
4014,TG2009A20405,Togo,TG,Savanes,Cinkassé,Cinkassé,Maize,Main,2006,5,2006,11,All (PS),production,7036.558823529412
4015,TG2009A20405,Togo,TG,Savanes,Cinkassé,Cinkassé,Maize,Main,2007,5,2007,11,All (PS),production,8115.9607843137255
4016,TG2009A20405,Togo,TG,Savanes,Cinkassé,Cinkassé,Maize,Main,2008,5,2008,11,All (PS),production,3975.6339869281046
4017,TG2009A20405,Togo,TG,Savanes,Cinkassé,Cinkassé,Maize,Main,2009,5,2009,11,All (PS),production,5533.0
4018,TG2009A20405,Togo,TG,Savanes,Cinkassé,Cinkassé,Maize,Main,2010,5,2010,11,All (PS),production,4699.0
4019,TG2009A20405,Togo,TG,Savanes,Cinkassé,Cinkassé,Maize,Main,2011,5,2011,11,All (PS),production,4675.0
4020,TG2009A20405,Togo,TG,Savanes,Cinkassé,Cinkassé,Maize,Main,2012,5,2012,11,All (PS),production,4131.0
4021,TG2009A20405,Togo,TG,Savanes,Cinkassé,Cinkassé,Millet,Main,1995,5,1995,11,All (PS),production,3452.532679738562
4022,TG2009A20405,Togo,TG,Savanes,Cinkassé,Cinkassé,Millet,Main,1996,5,1996,11,All (PS),production,5493.856209150326
4023,TG2009A20405,Togo,TG,Savanes,Cinkassé,Cinkassé,Millet,Main,1997,5,1997,11,All (PS),production,3249.323529411765
4024,TG2009A20405,Togo,TG,Savanes,Cinkassé,Cinkassé,Millet,Main,1998,5,1998,11,All (PS),production,4375.464052287582
4025,TG2009A20405,Togo,TG,Savanes,Cinkassé,Cinkassé,Millet,Main,1999,5,1999,11,All (PS),production,3554.222222222222
4026,TG2009A20405,Togo,TG,Savanes,Cinkassé,Cinkassé,Millet,Main,2000,5,2000,11,All (PS),production,6684.1209150326795
4027,TG2009A20405,Togo,TG,Savanes,Cinkassé,Cinkassé,Millet,Main,2001,5,2001,11,All (PS),production,8219.02614379085
4028,TG2009A20405,Togo,TG,Savanes,Cinkassé,Cinkassé,Millet,Main,2002,5,2002,11,All (PS),production,8389.862745098038
4029,TG2009A20405,Togo,TG,Savanes,Cinkassé,Cinkassé,Millet,Main,2003,5,2003,11,All (PS),production,6345.575163398693
4030,TG2009A20405,Togo,TG,Savanes,Cinkassé,Cinkassé,Millet,Main,2004,5,2004,11,All (PS),production,6640.362745098039
4031,TG2009A20405,Togo,TG,Savanes,Cinkassé,Cinkassé,Millet,Main,2005,5,2005,11,All (PS),production,5717.303921568628
4032,TG2009A20405,Togo,TG,Savanes,Cinkassé,Cinkassé,Millet,Main,2006,5,2006,11,All (PS),production,3765.650326797386
4033,TG2009A20405,Togo,TG,Savanes,Cinkassé,Cinkassé,Millet,Main,2007,5,2007,11,All (PS),production,3928.411764705882
4034,TG2009A20405,Togo,TG,Savanes,Cinkassé,Cinkassé,Millet,Main,2008,5,2008,11,All (PS),production,4083.767973856209
4035,TG2009A20405,Togo,TG,Savanes,Cinkassé,Cinkassé,Millet,Main,2009,5,2009,11,All (PS),production,3450.0
4036,TG2009A20405,Togo,TG,Savanes,Cinkassé,Cinkassé,Millet,Main,2010,5,2010,11,All (PS),production,4588.0
4037,TG2009A20405,Togo,TG,Savanes,Cinkassé,Cinkassé,Millet,Main,2011,5,2011,11,All (PS),production,4811.0
4038,TG2009A20405,Togo,TG,Savanes,Cinkassé,Cinkassé,Millet,Main,2012,5,2012,11,All (PS),production,4676.0
4039,TG2009A20501,Togo,TG,Maritime,Zio,Zio,Sorghum,Main,1997,5,1997,11,All (PS),production,176.18751940391184
4040,TG2009A20501,Togo,TG,Maritime,Zio,Zio,Sorghum,Main,1998,5,1998,11,All (PS),production,93.7317603228811
4041,TG2009A20501,Togo,TG,Maritime,Zio,Zio,Sorghum,Main,2002,5,2002,11,All (PS),production,1102.9338714684882
4042,TG2009A20501,Togo,TG,Maritime,Zio,Zio,Sorghum,Main,2003,5,2003,11,All (PS),production,1230.4936355169202
4043,TG2009A20501,Togo,TG,Maritime,Zio,Zio,Sorghum,Main,2004,5,2004,11,All (PS),production,139.54051536789817
4044,TG2009A20501,Togo,TG,Maritime,Zio,Zio,Sorghum,Main,2007,5,2007,11,All (PS),production,492.6203042533375
4045,TG2009A20501,Togo,TG,Maritime,Zio,Zio,Sorghum,Main,2008,5,2008,11,All (PS),production,478.52530270102454
4046,TG2009A20501,Togo,TG,Maritime,Zio,Zio,Sorghum,Main,2009,5,2009,11,All (PS),production,901.0
4047,TG2009A20501,Togo,TG,Maritime,Zio,Zio,Sorghum,Main,2010,5,2010,11,All (PS),production,1121.0
4048,TG2009A20501,Togo,TG,Maritime,Zio,Zio,Sorghum,Main,2011,5,2011,11,All (PS),production,1162.0
4049,TG2009A20501,Togo,TG,Maritime,Zio,Zio,Sorghum,Main,2012,5,2012,11,All (PS),production,1274.0
4050,TG2009A20501,Togo,TG,Maritime,Zio,Zio,Sorghum,Main,2014,5,2014,11,All (PS),production,10.0
4051,TG2009A20501,Togo,TG,Maritime,Zio,Zio,Sorghum,Main,2015,5,2015,11,All (PS),production,696.0
4052,TG2009A20501,Togo,TG,Maritime,Zio,Zio,Maize,Main,1995,5,1995,11,All (PS),production,27612.108040981064
4053,TG2009A20501,Togo,TG,Maritime,Zio,Zio,Maize,Main,1996,5,1996,11,All (PS),production,15773.011487115804
4054,TG2009A20501,Togo,TG,Maritime,Zio,Zio,Maize,Main,1997,5,1997,11,All (PS),production,22719.028252095624
4055,TG2009A20501,Togo,TG,Maritime,Zio,Zio,Maize,Main,1998,5,1998,11,All (PS),production,20030.40670599193
4056,TG2009A20501,Togo,TG,Maritime,Zio,Zio,Maize,Main,1999,5,1999,11,All (PS),production,18763.266066438995
4057,TG2009A20501,Togo,TG,Maritime,Zio,Zio,Maize,Main,2000,5,2000,11,All (PS),production,20102.99596398634
4058,TG2009A20501,Togo,TG,Maritime,Zio,Zio,Maize,Main,2001,5,2001,11,All (PS),production,18620.20180068302
4059,TG2009A20501,Togo,TG,Maritime,Zio,Zio,Maize,Main,2002,5,2002,11,All (PS),production,19080.403601366037
4060,TG2009A20501,Togo,TG,Maritime,Zio,Zio,Maize,Main,2003,5,2003,11,All (PS),production,27249.86650108662
4061,TG2009A20501,Togo,TG,Maritime,Zio,Zio,Maize,Main,2004,5,2004,11,All (PS),production,17872.461968332816
4062,TG2009A20501,Togo,TG,Maritime,Zio,Zio,Maize,Main,2005,5,2005,11,All (PS),production,18505.327538031666
4063,TG2009A20501,Togo,TG,Maritime,Zio,Zio,Maize,Main,2006,5,2006,11,All (PS),production,11206.935734244023
4064,TG2009A20501,Togo,TG,Maritime,Zio,Zio,Maize,Main,2007,5,2007,11,All (PS),production,15259.248680533996
4065,TG2009A20501,Togo,TG,Maritime,Zio,Zio,Maize,Main,2008,5,2008,11,All (PS),production,15168.335920521578
4066,TG2009A20501,Togo,TG,Maritime,Zio,Zio,Maize,Main,2009,5,2009,11,All (PS),production,25292.0
4067,TG2009A20501,Togo,TG,Maritime,Zio,Zio,Maize,Main,2010,5,2010,11,All (PS),production,25063.0
4068,TG2009A20501,Togo,TG,Maritime,Zio,Zio,Maize,Main,2011,5,2011,11,All (PS),production,20560.0
4069,TG2009A20501,Togo,TG,Maritime,Zio,Zio,Maize,Main,2012,5,2012,11,All (PS),production,24501.0
4070,TG2009A20501,Togo,TG,Maritime,Zio,Zio,Maize,Main,2013,5,2013,11,All (PS),production,26492.0
4071,TG2009A20501,Togo,TG,Maritime,Zio,Zio,Maize,Main,2014,5,2014,11,All (PS),production,56898.0
4072,TG2009A20501,Togo,TG,Maritime,Zio,Zio,Maize,Main,2015,5,2015,11,All (PS),production,34758.0
4073,TG2009A20501,Togo,TG,Maritime,Zio,Zio,Millet,Main,2014,5,2014,11,All (PS),production,5.0
4074,TG2009A20501,Togo,TG,Maritime,Zio,Zio,Cotton,Main,2005,5,2005,11,All (PS),production,7890.81881403291
4075,TG2009A20501,Togo,TG,Maritime,Zio,Zio,Cotton,Main,2006,5,2006,11,All (PS),production,2086.1518472524062
4076,TG2009A20501,Togo,TG,Maritime,Zio,Zio,Cotton,Main,2007,5,2007,11,All (PS),production,2631.8821173548586
4077,TG2009A20501,Togo,TG,Maritime,Zio,Zio,Cotton,Main,2008,5,2008,11,All (PS),production,4369.845141260478
4078,TG2009A20501,Togo,TG,Maritime,Zio,Zio,Cotton,Main,2009,5,2009,11,All (PS),production,4393.06
4079,TG2009A20501,Togo,TG,Maritime,Zio,Zio,Cotton,Main,2010,5,2010,11,All (PS),production,3363.23
4080,TG2009A20501,Togo,TG,Maritime,Zio,Zio,Cotton,Main,2012,5,2012,11,All (PS),production,6329.0
4081,TG2009A20501,Togo,TG,Maritime,Zio,Zio,Cotton,Main,2013,5,2013,11,All (PS),production,5386.0
4082,TG2009A20501,Togo,TG,Maritime,Zio,Zio,Cotton,Main,2014,5,2014,11,All (PS),production,7296.0
4083,TG2009A20501,Togo,TG,Maritime,Zio,Zio,Cotton,Main,2015,5,2015,11,All (PS),production,4908.0
4084,TG2009A20501,Togo,TG,Maritime,Zio,Zio,Rice,Annual,2005,5,2005,11,All (PS),production,2071.2604781123873
4085,TG2009A20501,Togo,TG,Maritime,Zio,Zio,Rice,Annual,2006,5,2006,11,All (PS),production,564.5048121701335
4086,TG2009A20501,Togo,TG,Maritime,Zio,Zio,Rice,Annual,2007,5,2007,11,All (PS),production,910.5371002794163
4087,TG2009A20501,Togo,TG,Maritime,Zio,Zio,Rice,Annual,2008,5,2008,11,All (PS),production,1114.9146227879542
4088,TG2009A20501,Togo,TG,Maritime,Zio,Zio,Rice,Annual,2009,5,2009,11,All (PS),production,1839.0
4089,TG2009A20501,Togo,TG,Maritime,Zio,Zio,Rice,Annual,2010,5,2010,11,All (PS),production,1985.0
4090,TG2009A20501,Togo,TG,Maritime,Zio,Zio,Rice,Annual,2011,5,2011,11,All (PS),production,1149.0
4091,TG2009A20501,Togo,TG,Maritime,Zio,Zio,Rice,Annual,2012,5,2012,11,All (PS),production,1036.0
4092,TG2009A20501,Togo,TG,Maritime,Zio,Zio,Rice,Annual,2013,5,2013,11,All (PS),production,6368.0
4093,TG2009A20501,Togo,TG,Maritime,Zio,Zio,Rice,Annual,2014,5,2014,11,All (PS),production,7504.0
4094,TG2009A20501,Togo,TG,Maritime,Zio,Zio,Rice,Annual,2015,5,2015,11,All (PS),production,7504.0
4095,TG2009A20501,Togo,TG,Maritime,Zio,Zio,Cassava,Main,2005,5,2005,11,All (PS),production,36321.409500155234
4096,TG2009A20501,Togo,TG,Maritime,Zio,Zio,Cassava,Main,2006,5,2006,11,All (PS),production,31586.898478733314
4097,TG2009A20501,Togo,TG,Maritime,Zio,Zio,Cassava,Main,2007,5,2007,11,All (PS),production,45824.96429680224
4098,TG2009A20501,Togo,TG,Maritime,Zio,Zio,Cassava,Main,2008,5,2008,11,All (PS),production,53742.12666873642
4099,TG2009A20501,Togo,TG,Maritime,Zio,Zio,Cassava,Main,2009,5,2009,11,All (PS),production,72503.0
4100,TG2009A20501,Togo,TG,Maritime,Zio,Zio,Cassava,Main,2010,5,2010,11,All (PS),production,71700.0
4101,TG2009A20501,Togo,TG,Maritime,Zio,Zio,Cassava,Main,2011,5,2011,11,All (PS),production,69278.0
4102,TG2009A20501,Togo,TG,Maritime,Zio,Zio,Cassava,Main,2012,5,2012,11,All (PS),production,72144.0
4103,TG2009A20501,Togo,TG,Maritime,Zio,Zio,Cassava,Main,2013,5,2013,11,All (PS),production,166480.0
4104,TG2009A20501,Togo,TG,Maritime,Zio,Zio,Cassava,Main,2014,5,2014,11,All (PS),production,151092.0
4105,TG2009A20501,Togo,TG,Maritime,Zio,Zio,Cassava,Main,2015,5,2015,11,All (PS),production,143134.0
4106,TG2009A20501,Togo,TG,Maritime,Zio,Zio,Soybean,Main,2015,5,2015,11,All (PS),production,86.0
4107,TG2009A20501,Togo,TG,Maritime,Zio,Zio,Yams,Main,2005,5,2005,11,All (PS),production,11701.670288730209
4108,TG2009A20501,Togo,TG,Maritime,Zio,Zio,Yams,Main,2006,5,2006,11,All (PS),production,4537.885749767153
4109,TG2009A20501,Togo,TG,Maritime,Zio,Zio,Yams,Main,2007,5,2007,11,All (PS),production,11834.868053399567
4110,TG2009A20501,Togo,TG,Maritime,Zio,Zio,Yams,Main,2008,5,2008,11,All (PS),production,2835.209562247749
4111,TG2009A20501,Togo,TG,Maritime,Zio,Zio,Yams,Main,2009,5,2009,11,All (PS),production,3673.0
4112,TG2009A20501,Togo,TG,Maritime,Zio,Zio,Yams,Main,2010,5,2010,11,All (PS),production,7842.0
4113,TG2009A20501,Togo,TG,Maritime,Zio,Zio,Yams,Main,2011,5,2011,11,All (PS),production,7796.0
4114,TG2009A20501,Togo,TG,Maritime,Zio,Zio,Yams,Main,2012,5,2012,11,All (PS),production,10415.0
4115,TG2009A20501,Togo,TG,Maritime,Zio,Zio,Yams,Main,2013,5,2013,11,All (PS),production,13975.0
4116,TG2009A20501,Togo,TG,Maritime,Zio,Zio,Yams,Main,2014,5,2014,11,All (PS),production,13618.0
4117,TG2009A20501,Togo,TG,Maritime,Zio,Zio,Yams,Main,2015,5,2015,11,All (PS),production,11035.0
4118,TG2009A20501,Togo,TG,Maritime,Zio,Zio,Beans (mixed),Main,2005,5,2005,11,All (PS),production,31.71375349270413
4119,TG2009A20501,Togo,TG,Maritime,Zio,Zio,Beans (mixed),Main,2006,5,2006,11,All (PS),production,103.59826140950015
4120,TG2009A20501,Togo,TG,Maritime,Zio,Zio,Beans (mixed),Main,2007,5,2007,11,All (PS),production,155.04501707544242
4121,TG2009A20501,Togo,TG,Maritime,Zio,Zio,Beans (mixed),Main,2008,5,2008,11,All (PS),production,59.90375659733002
4122,TG2009A20501,Togo,TG,Maritime,Zio,Zio,Beans (mixed),Main,2009,5,2009,11,All (PS),production,200.0
4123,TG2009A20501,Togo,TG,Maritime,Zio,Zio,Beans (mixed),Main,2010,5,2010,11,All (PS),production,142.0
4124,TG2009A20501,Togo,TG,Maritime,Zio,Zio,Beans (mixed),Main,2011,5,2011,11,All (PS),production,155.0
4125,TG2009A20501,Togo,TG,Maritime,Zio,Zio,Beans (mixed),Main,2012,5,2012,11,All (PS),production,344.0
4126,TG2009A20501,Togo,TG,Maritime,Zio,Zio,Beans (mixed),Main,2013,5,2013,11,All (PS),production,789.0
4127,TG2009A20501,Togo,TG,Maritime,Zio,Zio,Beans (mixed),Main,2014,5,2014,11,All (PS),production,4867.0
4128,TG2009A20501,Togo,TG,Maritime,Zio,Zio,Beans (mixed),Main,2015,5,2015,11,All (PS),production,797.0
4129,TG2009A20501,Togo,TG,Maritime,Zio,Zio,Groundnuts (In Shell),Main,2005,5,2005,11,All (PS),production,322.77553554796646
4130,TG2009A20501,Togo,TG,Maritime,Zio,Zio,Groundnuts (In Shell),Main,2006,5,2006,11,All (PS),production,248.07202732070786
4131,TG2009A20501,Togo,TG,Maritime,Zio,Zio,Groundnuts (In Shell),Main,2007,5,2007,11,All (PS),production,146.58801614405465
4132,TG2009A20501,Togo,TG,Maritime,Zio,Zio,Groundnuts (In Shell),Main,2008,5,2008,11,All (PS),production,191.69202111145609
4133,TG2009A20501,Togo,TG,Maritime,Zio,Zio,Groundnuts (In Shell),Main,2009,5,2009,11,All (PS),production,312.0
4134,TG2009A20501,Togo,TG,Maritime,Zio,Zio,Groundnuts (In Shell),Main,2010,5,2010,11,All (PS),production,415.0
4135,TG2009A20501,Togo,TG,Maritime,Zio,Zio,Groundnuts (In Shell),Main,2011,5,2011,11,All (PS),production,393.0
4136,TG2009A20501,Togo,TG,Maritime,Zio,Zio,Groundnuts (In Shell),Main,2012,5,2012,11,All (PS),production,418.0
4137,TG2009A20501,Togo,TG,Maritime,Zio,Zio,Groundnuts (In Shell),Main,2013,5,2013,11,All (PS),production,729.0
4138,TG2009A20501,Togo,TG,Maritime,Zio,Zio,Groundnuts (In Shell),Main,2014,5,2014,11,All (PS),production,705.0
4139,TG2009A20501,Togo,TG,Maritime,Zio,Zio,Groundnuts (In Shell),Main,2015,5,2015,11,All (PS),production,912.0
4140,TG2009A20502,Togo,TG,Maritime,Lacs,Lacs,Maize,Main,1995,5,1995,11,All (PS),production,8111.22641509434
4141,TG2009A20502,Togo,TG,Maritime,Lacs,Lacs,Maize,Main,1996,5,1996,11,All (PS),production,10607.615094339622
4142,TG2009A20502,Togo,TG,Maritime,Lacs,Lacs,Maize,Main,1997,5,1997,11,All (PS),production,3668.622641509434
4143,TG2009A20502,Togo,TG,Maritime,Lacs,Lacs,Maize,Main,1998,5,1998,11,All (PS),production,1165.524528301887
4144,TG2009A20502,Togo,TG,Maritime,Lacs,Lacs,Maize,Main,1999,5,1999,11,All (PS),production,4409.535849056604
4145,TG2009A20502,Togo,TG,Maritime,Lacs,Lacs,Maize,Main,2000,5,2000,11,All (PS),production,6897.298113207547
4146,TG2009A20502,Togo,TG,Maritime,Lacs,Lacs,Maize,Main,2001,5,2001,11,All (PS),production,6822.056603773585
4147,TG2009A20502,Togo,TG,Maritime,Lacs,Lacs,Maize,Main,2002,5,2002,11,All (PS),production,11137.66037735849
4148,TG2009A20502,Togo,TG,Maritime,Lacs,Lacs,Maize,Main,2003,5,2003,11,All (PS),production,11168.811320754718
4149,TG2009A20502,Togo,TG,Maritime,Lacs,Lacs,Maize,Main,2004,5,2004,11,All (PS),production,9937.630188679246
4150,TG2009A20502,Togo,TG,Maritime,Lacs,Lacs,Maize,Main,2005,5,2005,11,All (PS),production,9864.784905660377
4151,TG2009A20502,Togo,TG,Maritime,Lacs,Lacs,Maize,Main,2006,5,2006,11,All (PS),production,11847.901886792453
4152,TG2009A20502,Togo,TG,Maritime,Lacs,Lacs,Maize,Main,2007,5,2007,11,All (PS),production,3931.2490566037736
4153,TG2009A20502,Togo,TG,Maritime,Lacs,Lacs,Maize,Main,2008,5,2008,11,All (PS),production,3074.8377358490566
4154,TG2009A20502,Togo,TG,Maritime,Lacs,Lacs,Maize,Main,2009,5,2009,11,All (PS),production,8415.0
4155,TG2009A20502,Togo,TG,Maritime,Lacs,Lacs,Maize,Main,2010,5,2010,11,All (PS),production,8377.0
4156,TG2009A20502,Togo,TG,Maritime,Lacs,Lacs,Maize,Main,2011,5,2011,11,All (PS),production,7814.0
4157,TG2009A20502,Togo,TG,Maritime,Lacs,Lacs,Maize,Main,2012,5,2012,11,All (PS),production,10727.0
4158,TG2009A20502,Togo,TG,Maritime,Lacs,Lacs,Maize,Main,2013,5,2013,11,All (PS),production,15044.0
4159,TG2009A20502,Togo,TG,Maritime,Lacs,Lacs,Maize,Main,2014,5,2014,11,All (PS),production,6961.0
4160,TG2009A20502,Togo,TG,Maritime,Lacs,Lacs,Maize,Main,2015,5,2015,11,All (PS),production,19738.0
4161,TG2009A20502,Togo,TG,Maritime,Lacs,Lacs,Cotton,Main,2005,5,2005,11,All (PS),production,0.9297358490566038
4162,TG2009A20502,Togo,TG,Maritime,Lacs,Lacs,Cotton,Main,2006,5,2006,11,All (PS),production,0.05271698113207547
4163,TG2009A20502,Togo,TG,Maritime,Lacs,Lacs,Cassava,Main,2005,5,2005,11,All (PS),production,16800.901886792453
4164,TG2009A20502,Togo,TG,Maritime,Lacs,Lacs,Cassava,Main,2006,5,2006,11,All (PS),production,25514.06037735849
4165,TG2009A20502,Togo,TG,Maritime,Lacs,Lacs,Cassava,Main,2007,5,2007,11,All (PS),production,22961.12075471698
4166,TG2009A20502,Togo,TG,Maritime,Lacs,Lacs,Cassava,Main,2008,5,2008,11,All (PS),production,20525.116981132076
4167,TG2009A20502,Togo,TG,Maritime,Lacs,Lacs,Cassava,Main,2009,5,2009,11,All (PS),production,42013.0
4168,TG2009A20502,Togo,TG,Maritime,Lacs,Lacs,Cassava,Main,2010,5,2010,11,All (PS),production,34008.0
4169,TG2009A20502,Togo,TG,Maritime,Lacs,Lacs,Cassava,Main,2011,5,2011,11,All (PS),production,29274.0
4170,TG2009A20502,Togo,TG,Maritime,Lacs,Lacs,Cassava,Main,2012,5,2012,11,All (PS),production,37999.0
4171,TG2009A20502,Togo,TG,Maritime,Lacs,Lacs,Cassava,Main,2013,5,2013,11,All (PS),production,21510.0
4172,TG2009A20502,Togo,TG,Maritime,Lacs,Lacs,Cassava,Main,2014,5,2014,11,All (PS),production,17586.0
4173,TG2009A20502,Togo,TG,Maritime,Lacs,Lacs,Cassava,Main,2015,5,2015,11,All (PS),production,18494.0
4174,TG2009A20502,Togo,TG,Maritime,Lacs,Lacs,Soybean,Main,2015,5,2015,11,All (PS),production,6.0
4175,TG2009A20502,Togo,TG,Maritime,Lacs,Lacs,Yams,Main,2007,5,2007,11,All (PS),production,131.3132075471698
4176,TG2009A20502,Togo,TG,Maritime,Lacs,Lacs,Yams,Main,2008,5,2008,11,All (PS),production,96.80754716981131
4177,TG2009A20502,Togo,TG,Maritime,Lacs,Lacs,Yams,Main,2009,5,2009,11,All (PS),production,202.0
4178,TG2009A20502,Togo,TG,Maritime,Lacs,Lacs,Beans (mixed),Main,2005,5,2005,11,All (PS),production,90.57735849056604
4179,TG2009A20502,Togo,TG,Maritime,Lacs,Lacs,Beans (mixed),Main,2006,5,2006,11,All (PS),production,993.954716981132
4180,TG2009A20502,Togo,TG,Maritime,Lacs,Lacs,Beans (mixed),Main,2007,5,2007,11,All (PS),production,670.9433962264151
4181,TG2009A20502,Togo,TG,Maritime,Lacs,Lacs,Beans (mixed),Main,2008,5,2008,11,All (PS),production,481.16226415094343
4182,TG2009A20502,Togo,TG,Maritime,Lacs,Lacs,Beans (mixed),Main,2009,5,2009,11,All (PS),production,1127.0
4183,TG2009A20502,Togo,TG,Maritime,Lacs,Lacs,Beans (mixed),Main,2010,5,2010,11,All (PS),production,841.0
4184,TG2009A20502,Togo,TG,Maritime,Lacs,Lacs,Beans (mixed),Main,2011,5,2011,11,All (PS),production,704.0
4185,TG2009A20502,Togo,TG,Maritime,Lacs,Lacs,Beans (mixed),Main,2012,5,2012,11,All (PS),production,654.0
4186,TG2009A20502,Togo,TG,Maritime,Lacs,Lacs,Beans (mixed),Main,2013,5,2013,11,All (PS),production,19926.0
4187,TG2009A20502,Togo,TG,Maritime,Lacs,Lacs,Beans (mixed),Main,2014,5,2014,11,All (PS),production,9157.0
4188,TG2009A20502,Togo,TG,Maritime,Lacs,Lacs,Beans (mixed),Main,2015,5,2015,11,All (PS),production,20145.0
4189,TG2009A20502,Togo,TG,Maritime,Lacs,Lacs,Groundnuts (In Shell),Main,2005,5,2005,11,All (PS),production,97.28679245283018
4190,TG2009A20502,Togo,TG,Maritime,Lacs,Lacs,Groundnuts (In Shell),Main,2006,5,2006,11,All (PS),production,309.1132075471698
4191,TG2009A20502,Togo,TG,Maritime,Lacs,Lacs,Groundnuts (In Shell),Main,2007,5,2007,11,All (PS),production,112.14339622641509
4192,TG2009A20502,Togo,TG,Maritime,Lacs,Lacs,Groundnuts (In Shell),Main,2008,5,2008,11,All (PS),production,238.18490566037735
4193,TG2009A20502,Togo,TG,Maritime,Lacs,Lacs,Groundnuts (In Shell),Main,2009,5,2009,11,All (PS),production,467.0
4194,TG2009A20502,Togo,TG,Maritime,Lacs,Lacs,Groundnuts (In Shell),Main,2010,5,2010,11,All (PS),production,318.0
4195,TG2009A20502,Togo,TG,Maritime,Lacs,Lacs,Groundnuts (In Shell),Main,2011,5,2011,11,All (PS),production,306.0
4196,TG2009A20502,Togo,TG,Maritime,Lacs,Lacs,Groundnuts (In Shell),Main,2012,5,2012,11,All (PS),production,278.0
4197,TG2009A20502,Togo,TG,Maritime,Lacs,Lacs,Groundnuts (In Shell),Main,2013,5,2013,11,All (PS),production,76.0
4198,TG2009A20502,Togo,TG,Maritime,Lacs,Lacs,Groundnuts (In Shell),Main,2014,5,2014,11,All (PS),production,99.0
4199,TG2009A20502,Togo,TG,Maritime,Lacs,Lacs,Groundnuts (In Shell),Main,2015,5,2015,11,All (PS),production,95.0
4200,TG2009A20504,Togo,TG,Maritime,Vo,Vo,Sorghum,Main,2015,5,2015,11,All (PS),production,1365.0
4201,TG2009A20504,Togo,TG,Maritime,Vo,Vo,Maize,Main,1995,5,1995,11,All (PS),production,12023.0
4202,TG2009A20504,Togo,TG,Maritime,Vo,Vo,Maize,Main,1996,5,1996,11,All (PS),production,15012.0
4203,TG2009A20504,Togo,TG,Maritime,Vo,Vo,Maize,Main,1997,5,1997,11,All (PS),production,21353.0
4204,TG2009A20504,Togo,TG,Maritime,Vo,Vo,Maize,Main,1998,5,1998,11,All (PS),production,13811.0
4205,TG2009A20504,Togo,TG,Maritime,Vo,Vo,Maize,Main,1999,5,1999,11,All (PS),production,11769.0
4206,TG2009A20504,Togo,TG,Maritime,Vo,Vo,Maize,Main,2000,5,2000,11,All (PS),production,12455.0
4207,TG2009A20504,Togo,TG,Maritime,Vo,Vo,Maize,Main,2001,5,2001,11,All (PS),production,11917.0
4208,TG2009A20504,Togo,TG,Maritime,Vo,Vo,Maize,Main,2002,5,2002,11,All (PS),production,18244.0
4209,TG2009A20504,Togo,TG,Maritime,Vo,Vo,Maize,Main,2003,5,2003,11,All (PS),production,13707.0
4210,TG2009A20504,Togo,TG,Maritime,Vo,Vo,Maize,Main,2004,5,2004,11,All (PS),production,15456.0
4211,TG2009A20504,Togo,TG,Maritime,Vo,Vo,Maize,Main,2005,5,2005,11,All (PS),production,12350.0
4212,TG2009A20504,Togo,TG,Maritime,Vo,Vo,Maize,Main,2006,5,2006,11,All (PS),production,11416.0
4213,TG2009A20504,Togo,TG,Maritime,Vo,Vo,Maize,Main,2007,5,2007,11,All (PS),production,12459.0
4214,TG2009A20504,Togo,TG,Maritime,Vo,Vo,Maize,Main,2008,5,2008,11,All (PS),production,14128.0
4215,TG2009A20504,Togo,TG,Maritime,Vo,Vo,Maize,Main,2009,5,2009,11,All (PS),production,14691.0
4216,TG2009A20504,Togo,TG,Maritime,Vo,Vo,Maize,Main,2010,5,2010,11,All (PS),production,16678.0
4217,TG2009A20504,Togo,TG,Maritime,Vo,Vo,Maize,Main,2011,5,2011,11,All (PS),production,15420.0
4218,TG2009A20504,Togo,TG,Maritime,Vo,Vo,Maize,Main,2012,5,2012,11,All (PS),production,25873.0
4219,TG2009A20504,Togo,TG,Maritime,Vo,Vo,Maize,Main,2013,5,2013,11,All (PS),production,14270.0
4220,TG2009A20504,Togo,TG,Maritime,Vo,Vo,Maize,Main,2014,5,2014,11,All (PS),production,39883.0
4221,TG2009A20504,Togo,TG,Maritime,Vo,Vo,Maize,Main,2015,5,2015,11,All (PS),production,18723.0
4222,TG2009A20504,Togo,TG,Maritime,Vo,Vo,Cotton,Main,2005,5,2005,11,All (PS),production,10.5
4223,TG2009A20504,Togo,TG,Maritime,Vo,Vo,Cotton,Main,2006,5,2006,11,All (PS),production,12.0
4224,TG2009A20504,Togo,TG,Maritime,Vo,Vo,Cassava,Main,2005,5,2005,11,All (PS),production,7325.0
4225,TG2009A20504,Togo,TG,Maritime,Vo,Vo,Cassava,Main,2006,5,2006,11,All (PS),production,66023.0
4226,TG2009A20504,Togo,TG,Maritime,Vo,Vo,Cassava,Main,2007,5,2007,11,All (PS),production,79792.0
4227,TG2009A20504,Togo,TG,Maritime,Vo,Vo,Cassava,Main,2008,5,2008,11,All (PS),production,87077.0
4228,TG2009A20504,Togo,TG,Maritime,Vo,Vo,Cassava,Main,2009,5,2009,11,All (PS),production,89305.0
4229,TG2009A20504,Togo,TG,Maritime,Vo,Vo,Cassava,Main,2010,5,2010,11,All (PS),production,94336.0
4230,TG2009A20504,Togo,TG,Maritime,Vo,Vo,Cassava,Main,2011,5,2011,11,All (PS),production,81605.0
4231,TG2009A20504,Togo,TG,Maritime,Vo,Vo,Cassava,Main,2012,5,2012,11,All (PS),production,75402.0
4232,TG2009A20504,Togo,TG,Maritime,Vo,Vo,Cassava,Main,2013,5,2013,11,All (PS),production,74556.0
4233,TG2009A20504,Togo,TG,Maritime,Vo,Vo,Cassava,Main,2014,5,2014,11,All (PS),production,115867.0
4234,TG2009A20504,Togo,TG,Maritime,Vo,Vo,Cassava,Main,2015,5,2015,11,All (PS),production,64100.0
4235,TG2009A20504,Togo,TG,Maritime,Vo,Vo,Soybean,Main,2015,5,2015,11,All (PS),production,9.0
4236,TG2009A20504,Togo,TG,Maritime,Vo,Vo,Yams,Main,2005,5,2005,11,All (PS),production,261.0
4237,TG2009A20504,Togo,TG,Maritime,Vo,Vo,Beans (mixed),Main,2005,5,2005,11,All (PS),production,677.0
4238,TG2009A20504,Togo,TG,Maritime,Vo,Vo,Beans (mixed),Main,2006,5,2006,11,All (PS),production,736.0
4239,TG2009A20504,Togo,TG,Maritime,Vo,Vo,Beans (mixed),Main,2007,5,2007,11,All (PS),production,1378.0
4240,TG2009A20504,Togo,TG,Maritime,Vo,Vo,Beans (mixed),Main,2008,5,2008,11,All (PS),production,1465.0
4241,TG2009A20504,Togo,TG,Maritime,Vo,Vo,Beans (mixed),Main,2009,5,2009,11,All (PS),production,1523.0
4242,TG2009A20504,Togo,TG,Maritime,Vo,Vo,Beans (mixed),Main,2010,5,2010,11,All (PS),production,2345.0
4243,TG2009A20504,Togo,TG,Maritime,Vo,Vo,Beans (mixed),Main,2011,5,2011,11,All (PS),production,2337.0
4244,TG2009A20504,Togo,TG,Maritime,Vo,Vo,Beans (mixed),Main,2012,5,2012,11,All (PS),production,2052.0
4245,TG2009A20504,Togo,TG,Maritime,Vo,Vo,Beans (mixed),Main,2013,5,2013,11,All (PS),production,5613.0
4246,TG2009A20504,Togo,TG,Maritime,Vo,Vo,Beans (mixed),Main,2014,5,2014,11,All (PS),production,8140.0
4247,TG2009A20504,Togo,TG,Maritime,Vo,Vo,Beans (mixed),Main,2015,5,2015,11,All (PS),production,5674.0
4248,TG2009A20504,Togo,TG,Maritime,Vo,Vo,Groundnuts (In Shell),Main,2005,5,2005,11,All (PS),production,209.0
4249,TG2009A20504,Togo,TG,Maritime,Vo,Vo,Groundnuts (In Shell),Main,2006,5,2006,11,All (PS),production,275.0
4250,TG2009A20504,Togo,TG,Maritime,Vo,Vo,Groundnuts (In Shell),Main,2007,5,2007,11,All (PS),production,273.0
4251,TG2009A20504,Togo,TG,Maritime,Vo,Vo,Groundnuts (In Shell),Main,2008,5,2008,11,All (PS),production,214.0
4252,TG2009A20504,Togo,TG,Maritime,Vo,Vo,Groundnuts (In Shell),Main,2009,5,2009,11,All (PS),production,230.0
4253,TG2009A20504,Togo,TG,Maritime,Vo,Vo,Groundnuts (In Shell),Main,2010,5,2010,11,All (PS),production,358.0
4254,TG2009A20504,Togo,TG,Maritime,Vo,Vo,Groundnuts (In Shell),Main,2011,5,2011,11,All (PS),production,362.0
4255,TG2009A20504,Togo,TG,Maritime,Vo,Vo,Groundnuts (In Shell),Main,2012,5,2012,11,All (PS),production,431.0
4256,TG2009A20504,Togo,TG,Maritime,Vo,Vo,Groundnuts (In Shell),Main,2013,5,2013,11,All (PS),production,136.0
4257,TG2009A20504,Togo,TG,Maritime,Vo,Vo,Groundnuts (In Shell),Main,2014,5,2014,11,All (PS),production,143.0
4258,TG2009A20504,Togo,TG,Maritime,Vo,Vo,Groundnuts (In Shell),Main,2015,5,2015,11,All (PS),production,170.0
4259,TG2009A20505,Togo,TG,Maritime,Yoto,Yoto,Sorghum,Main,1997,5,1997,11,All (PS),production,21.0
4260,TG2009A20505,Togo,TG,Maritime,Yoto,Yoto,Sorghum,Main,1999,5,1999,11,All (PS),production,212.0
4261,TG2009A20505,Togo,TG,Maritime,Yoto,Yoto,Sorghum,Main,2002,5,2002,11,All (PS),production,22.0
4262,TG2009A20505,Togo,TG,Maritime,Yoto,Yoto,Sorghum,Main,2003,5,2003,11,All (PS),production,312.0
4263,TG2009A20505,Togo,TG,Maritime,Yoto,Yoto,Sorghum,Main,2004,5,2004,11,All (PS),production,29.0
4264,TG2009A20505,Togo,TG,Maritime,Yoto,Yoto,Sorghum,Main,2005,5,2005,11,All (PS),production,108.0
4265,TG2009A20505,Togo,TG,Maritime,Yoto,Yoto,Sorghum,Main,2007,5,2007,11,All (PS),production,400.0
4266,TG2009A20505,Togo,TG,Maritime,Yoto,Yoto,Sorghum,Main,2008,5,2008,11,All (PS),production,577.0
4267,TG2009A20505,Togo,TG,Maritime,Yoto,Yoto,Sorghum,Main,2009,5,2009,11,All (PS),production,762.0
4268,TG2009A20505,Togo,TG,Maritime,Yoto,Yoto,Sorghum,Main,2010,5,2010,11,All (PS),production,873.0
4269,TG2009A20505,Togo,TG,Maritime,Yoto,Yoto,Sorghum,Main,2011,5,2011,11,All (PS),production,852.0
4270,TG2009A20505,Togo,TG,Maritime,Yoto,Yoto,Sorghum,Main,2012,5,2012,11,All (PS),production,784.0
4271,TG2009A20505,Togo,TG,Maritime,Yoto,Yoto,Sorghum,Main,2015,5,2015,11,All (PS),production,987.0
4272,TG2009A20505,Togo,TG,Maritime,Yoto,Yoto,Maize,Main,1995,5,1995,11,All (PS),production,36539.0
4273,TG2009A20505,Togo,TG,Maritime,Yoto,Yoto,Maize,Main,1996,5,1996,11,All (PS),production,10449.0
4274,TG2009A20505,Togo,TG,Maritime,Yoto,Yoto,Maize,Main,1997,5,1997,11,All (PS),production,21804.0
4275,TG2009A20505,Togo,TG,Maritime,Yoto,Yoto,Maize,Main,1998,5,1998,11,All (PS),production,29779.0
4276,TG2009A20505,Togo,TG,Maritime,Yoto,Yoto,Maize,Main,1999,5,1999,11,All (PS),production,23173.0
4277,TG2009A20505,Togo,TG,Maritime,Yoto,Yoto,Maize,Main,2000,5,2000,11,All (PS),production,27782.0
4278,TG2009A20505,Togo,TG,Maritime,Yoto,Yoto,Maize,Main,2001,5,2001,11,All (PS),production,31326.0
4279,TG2009A20505,Togo,TG,Maritime,Yoto,Yoto,Maize,Main,2002,5,2002,11,All (PS),production,30971.0
4280,TG2009A20505,Togo,TG,Maritime,Yoto,Yoto,Maize,Main,2003,5,2003,11,All (PS),production,29142.0
4281,TG2009A20505,Togo,TG,Maritime,Yoto,Yoto,Maize,Main,2004,5,2004,11,All (PS),production,26408.0
4282,TG2009A20505,Togo,TG,Maritime,Yoto,Yoto,Maize,Main,2005,5,2005,11,All (PS),production,30962.0
4283,TG2009A20505,Togo,TG,Maritime,Yoto,Yoto,Maize,Main,2006,5,2006,11,All (PS),production,19423.0
4284,TG2009A20505,Togo,TG,Maritime,Yoto,Yoto,Maize,Main,2007,5,2007,11,All (PS),production,23771.0
4285,TG2009A20505,Togo,TG,Maritime,Yoto,Yoto,Maize,Main,2008,5,2008,11,All (PS),production,20133.0
4286,TG2009A20505,Togo,TG,Maritime,Yoto,Yoto,Maize,Main,2009,5,2009,11,All (PS),production,17001.0
4287,TG2009A20505,Togo,TG,Maritime,Yoto,Yoto,Maize,Main,2010,5,2010,11,All (PS),production,19194.0
4288,TG2009A20505,Togo,TG,Maritime,Yoto,Yoto,Maize,Main,2011,5,2011,11,All (PS),production,17606.0
4289,TG2009A20505,Togo,TG,Maritime,Yoto,Yoto,Maize,Main,2012,5,2012,11,All (PS),production,18446.0
4290,TG2009A20505,Togo,TG,Maritime,Yoto,Yoto,Maize,Main,2013,5,2013,11,All (PS),production,15780.0
4291,TG2009A20505,Togo,TG,Maritime,Yoto,Yoto,Maize,Main,2014,5,2014,11,All (PS),production,8703.0
4292,TG2009A20505,Togo,TG,Maritime,Yoto,Yoto,Maize,Main,2015,5,2015,11,All (PS),production,20703.0
4293,TG2009A20505,Togo,TG,Maritime,Yoto,Yoto,Millet,Main,2005,5,2005,11,All (PS),production,20.0
4294,TG2009A20505,Togo,TG,Maritime,Yoto,Yoto,Cotton,Main,2005,5,2005,11,All (PS),production,4436.92
4295,TG2009A20505,Togo,TG,Maritime,Yoto,Yoto,Cotton,Main,2006,5,2006,11,All (PS),production,1155.23
4296,TG2009A20505,Togo,TG,Maritime,Yoto,Yoto,Cotton,Main,2007,5,2007,11,All (PS),production,675.68
4297,TG2009A20505,Togo,TG,Maritime,Yoto,Yoto,Cotton,Main,2008,5,2008,11,All (PS),production,749.51
4298,TG2009A20505,Togo,TG,Maritime,Yoto,Yoto,Cotton,Main,2009,5,2009,11,All (PS),production,303.8
4299,TG2009A20505,Togo,TG,Maritime,Yoto,Yoto,Cotton,Main,2010,5,2010,11,All (PS),production,191.85
4300,TG2009A20505,Togo,TG,Maritime,Yoto,Yoto,Cotton,Main,2011,5,2011,11,All (PS),production,657.39
4301,TG2009A20505,Togo,TG,Maritime,Yoto,Yoto,Cotton,Main,2012,5,2012,11,All (PS),production,687.0
4302,TG2009A20505,Togo,TG,Maritime,Yoto,Yoto,Cotton,Main,2013,5,2013,11,All (PS),production,833.0
4303,TG2009A20505,Togo,TG,Maritime,Yoto,Yoto,Cotton,Main,2014,5,2014,11,All (PS),production,1129.0
4304,TG2009A20505,Togo,TG,Maritime,Yoto,Yoto,Cotton,Main,2015,5,2015,11,All (PS),production,870.0
4305,TG2009A20505,Togo,TG,Maritime,Yoto,Yoto,Rice,Annual,2013,5,2013,11,All (PS),production,1671.0
4306,TG2009A20505,Togo,TG,Maritime,Yoto,Yoto,Rice,Annual,2014,5,2014,11,All (PS),production,1969.0
4307,TG2009A20505,Togo,TG,Maritime,Yoto,Yoto,Rice,Annual,2015,5,2015,11,All (PS),production,1969.0
4308,TG2009A20505,Togo,TG,Maritime,Yoto,Yoto,Cassava,Main,2005,5,2005,11,All (PS),production,93899.0
4309,TG2009A20505,Togo,TG,Maritime,Yoto,Yoto,Cassava,Main,2006,5,2006,11,All (PS),production,67388.0
4310,TG2009A20505,Togo,TG,Maritime,Yoto,Yoto,Cassava,Main,2007,5,2007,11,All (PS),production,81032.0
4311,TG2009A20505,Togo,TG,Maritime,Yoto,Yoto,Cassava,Main,2008,5,2008,11,All (PS),production,71489.0
4312,TG2009A20505,Togo,TG,Maritime,Yoto,Yoto,Cassava,Main,2009,5,2009,11,All (PS),production,80713.0
4313,TG2009A20505,Togo,TG,Maritime,Yoto,Yoto,Cassava,Main,2010,5,2010,11,All (PS),production,96652.0
4314,TG2009A20505,Togo,TG,Maritime,Yoto,Yoto,Cassava,Main,2011,5,2011,11,All (PS),production,96953.0
4315,TG2009A20505,Togo,TG,Maritime,Yoto,Yoto,Cassava,Main,2012,5,2012,11,All (PS),production,102755.0
4316,TG2009A20505,Togo,TG,Maritime,Yoto,Yoto,Cassava,Main,2013,5,2013,11,All (PS),production,100240.0
4317,TG2009A20505,Togo,TG,Maritime,Yoto,Yoto,Cassava,Main,2014,5,2014,11,All (PS),production,92908.0
4318,TG2009A20505,Togo,TG,Maritime,Yoto,Yoto,Cassava,Main,2015,5,2015,11,All (PS),production,86183.0
4319,TG2009A20505,Togo,TG,Maritime,Yoto,Yoto,Soybean,Main,2015,5,2015,11,All (PS),production,34.0
4320,TG2009A20505,Togo,TG,Maritime,Yoto,Yoto,Yams,Main,2005,5,2005,11,All (PS),production,1669.0
4321,TG2009A20505,Togo,TG,Maritime,Yoto,Yoto,Yams,Main,2006,5,2006,11,All (PS),production,2818.0
4322,TG2009A20505,Togo,TG,Maritime,Yoto,Yoto,Yams,Main,2007,5,2007,11,All (PS),production,5965.0
4323,TG2009A20505,Togo,TG,Maritime,Yoto,Yoto,Yams,Main,2008,5,2008,11,All (PS),production,2727.0
4324,TG2009A20505,Togo,TG,Maritime,Yoto,Yoto,Yams,Main,2009,5,2009,11,All (PS),production,3546.0
4325,TG2009A20505,Togo,TG,Maritime,Yoto,Yoto,Yams,Main,2010,5,2010,11,All (PS),production,3833.0
4326,TG2009A20505,Togo,TG,Maritime,Yoto,Yoto,Yams,Main,2011,5,2011,11,All (PS),production,3984.0
4327,TG2009A20505,Togo,TG,Maritime,Yoto,Yoto,Yams,Main,2012,5,2012,11,All (PS),production,2860.0
4328,TG2009A20505,Togo,TG,Maritime,Yoto,Yoto,Yams,Main,2013,5,2013,11,All (PS),production,3561.0
4329,TG2009A20505,Togo,TG,Maritime,Yoto,Yoto,Yams,Main,2014,5,2014,11,All (PS),production,2812.0
4330,TG2009A20505,Togo,TG,Maritime,Yoto,Yoto,Yams,Main,2015,5,2015,11,All (PS),production,2812.0
4331,TG2009A20505,Togo,TG,Maritime,Yoto,Yoto,Beans (mixed),Main,2005,5,2005,11,All (PS),production,129.0
4332,TG2009A20505,Togo,TG,Maritime,Yoto,Yoto,Beans (mixed),Main,2006,5,2006,11,All (PS),production,302.0
4333,TG2009A20505,Togo,TG,Maritime,Yoto,Yoto,Beans (mixed),Main,2007,5,2007,11,All (PS),production,112.0
4334,TG2009A20505,Togo,TG,Maritime,Yoto,Yoto,Beans (mixed),Main,2008,5,2008,11,All (PS),production,124.0
4335,TG2009A20505,Togo,TG,Maritime,Yoto,Yoto,Beans (mixed),Main,2009,5,2009,11,All (PS),production,108.0
4336,TG2009A20505,Togo,TG,Maritime,Yoto,Yoto,Beans (mixed),Main,2010,5,2010,11,All (PS),production,126.0
4337,TG2009A20505,Togo,TG,Maritime,Yoto,Yoto,Beans (mixed),Main,2011,5,2011,11,All (PS),production,157.0
4338,TG2009A20505,Togo,TG,Maritime,Yoto,Yoto,Beans (mixed),Main,2012,5,2012,11,All (PS),production,72.0
4339,TG2009A20505,Togo,TG,Maritime,Yoto,Yoto,Beans (mixed),Main,2013,5,2013,11,All (PS),production,3299.0
4340,TG2009A20505,Togo,TG,Maritime,Yoto,Yoto,Beans (mixed),Main,2014,5,2014,11,All (PS),production,4581.0
4341,TG2009A20505,Togo,TG,Maritime,Yoto,Yoto,Beans (mixed),Main,2015,5,2015,11,All (PS),production,3336.0
4342,TG2009A20505,Togo,TG,Maritime,Yoto,Yoto,Groundnuts (In Shell),Main,2005,5,2005,11,All (PS),production,73.0
4343,TG2009A20505,Togo,TG,Maritime,Yoto,Yoto,Groundnuts (In Shell),Main,2006,5,2006,11,All (PS),production,192.0
4344,TG2009A20505,Togo,TG,Maritime,Yoto,Yoto,Groundnuts (In Shell),Main,2007,5,2007,11,All (PS),production,35.0
4345,TG2009A20505,Togo,TG,Maritime,Yoto,Yoto,Groundnuts (In Shell),Main,2008,5,2008,11,All (PS),production,40.0
4346,TG2009A20505,Togo,TG,Maritime,Yoto,Yoto,Groundnuts (In Shell),Main,2009,5,2009,11,All (PS),production,70.0
4347,TG2009A20505,Togo,TG,Maritime,Yoto,Yoto,Groundnuts (In Shell),Main,2010,5,2010,11,All (PS),production,54.0
4348,TG2009A20505,Togo,TG,Maritime,Yoto,Yoto,Groundnuts (In Shell),Main,2011,5,2011,11,All (PS),production,55.0
4349,TG2009A20505,Togo,TG,Maritime,Yoto,Yoto,Groundnuts (In Shell),Main,2012,5,2012,11,All (PS),production,59.0
4350,TG2009A20505,Togo,TG,Maritime,Yoto,Yoto,Groundnuts (In Shell),Main,2013,5,2013,11,All (PS),production,179.0
4351,TG2009A20505,Togo,TG,Maritime,Yoto,Yoto,Groundnuts (In Shell),Main,2014,5,2014,11,All (PS),production,174.0
4352,TG2009A20505,Togo,TG,Maritime,Yoto,Yoto,Groundnuts (In Shell),Main,2015,5,2015,11,All (PS),production,224.0
4353,TG2009A20506,Togo,TG,Maritime,Avé,Avé,Sorghum,Main,1997,5,1997,11,All (PS),production,66.1285315119528
4354,TG2009A20506,Togo,TG,Maritime,Avé,Avé,Sorghum,Main,1998,5,1998,11,All (PS),production,35.18037876435889
4355,TG2009A20506,Togo,TG,Maritime,Avé,Avé,Sorghum,Main,2002,5,2002,11,All (PS),production,413.96460726482456
4356,TG2009A20506,Togo,TG,Maritime,Avé,Avé,Sorghum,Main,2003,5,2003,11,All (PS),production,461.8416640794784
4357,TG2009A20506,Togo,TG,Maritime,Avé,Avé,Sorghum,Main,2004,5,2004,11,All (PS),production,52.373796957466624
4358,TG2009A20506,Togo,TG,Maritime,Avé,Avé,Sorghum,Main,2007,5,2007,11,All (PS),production,184.89537410742005
4359,TG2009A20506,Togo,TG,Maritime,Avé,Avé,Sorghum,Main,2008,5,2008,11,All (PS),production,179.60509158646383
4360,TG2009A20506,Togo,TG,Maritime,Avé,Avé,Sorghum,Main,2013,5,2013,11,All (PS),production,51.0
4361,TG2009A20506,Togo,TG,Maritime,Avé,Avé,Sorghum,Main,2014,5,2014,11,All (PS),production,95.0
4362,TG2009A20506,Togo,TG,Maritime,Avé,Avé,Maize,Main,1995,5,1995,11,All (PS),production,10363.663458553243
4363,TG2009A20506,Togo,TG,Maritime,Avé,Avé,Maize,Main,1996,5,1996,11,All (PS),production,5920.090655076063
4364,TG2009A20506,Togo,TG,Maritime,Avé,Avé,Maize,Main,1997,5,1997,11,All (PS),production,15732.14188140329
4365,TG2009A20506,Togo,TG,Maritime,Avé,Avé,Maize,Main,1998,5,1998,11,All (PS),production,20032.02049053089
4366,TG2009A20506,Togo,TG,Maritime,Avé,Avé,Maize,Main,1999,5,1999,11,All (PS),production,14049.424091896926
4367,TG2009A20506,Togo,TG,Maritime,Avé,Avé,Maize,Main,2000,5,2000,11,All (PS),production,14528.265445513814
4368,TG2009A20506,Togo,TG,Maritime,Avé,Avé,Maize,Main,2001,5,2001,11,All (PS),production,17015.72772430922
4369,TG2009A20506,Togo,TG,Maritime,Avé,Avé,Maize,Main,2002,5,2002,11,All (PS),production,14167.45544861844
4370,TG2009A20506,Togo,TG,Maritime,Avé,Avé,Maize,Main,2003,5,2003,11,All (PS),production,14058.70319776467
4371,TG2009A20506,Togo,TG,Maritime,Avé,Avé,Maize,Main,2004,5,2004,11,All (PS),production,9428.078236572492
4372,TG2009A20506,Togo,TG,Maritime,Avé,Avé,Maize,Main,2005,5,2005,11,All (PS),production,15074.611921763426
4373,TG2009A20506,Togo,TG,Maritime,Avé,Avé,Maize,Main,2006,5,2006,11,All (PS),production,11962.303632412295
4374,TG2009A20506,Togo,TG,Maritime,Avé,Avé,Maize,Main,2007,5,2007,11,All (PS),production,16775.259857187208
4375,TG2009A20506,Togo,TG,Maritime,Avé,Avé,Maize,Main,2008,5,2008,11,All (PS),production,20974.137534927042
4376,TG2009A20506,Togo,TG,Maritime,Avé,Avé,Maize,Main,2009,5,2009,11,All (PS),production,12735.0
4377,TG2009A20506,Togo,TG,Maritime,Avé,Avé,Maize,Main,2010,5,2010,11,All (PS),production,17164.0
4378,TG2009A20506,Togo,TG,Maritime,Avé,Avé,Maize,Main,2011,5,2011,11,All (PS),production,14312.0
4379,TG2009A20506,Togo,TG,Maritime,Avé,Avé,Maize,Main,2012,5,2012,11,All (PS),production,15745.0
4380,TG2009A20506,Togo,TG,Maritime,Avé,Avé,Maize,Main,2013,5,2013,11,All (PS),production,8638.0
4381,TG2009A20506,Togo,TG,Maritime,Avé,Avé,Maize,Main,2014,5,2014,11,All (PS),production,16763.0
4382,TG2009A20506,Togo,TG,Maritime,Avé,Avé,Maize,Main,2015,5,2015,11,All (PS),production,11333.0
4383,TG2009A20506,Togo,TG,Maritime,Avé,Avé,Cotton,Main,2005,5,2005,11,All (PS),production,3260.584153989444
4384,TG2009A20506,Togo,TG,Maritime,Avé,Avé,Cotton,Main,2006,5,2006,11,All (PS),production,817.7461999379075
4385,TG2009A20506,Togo,TG,Maritime,Avé,Avé,Cotton,Main,2007,5,2007,11,All (PS),production,1035.0353585842904
4386,TG2009A20506,Togo,TG,Maritime,Avé,Avé,Cotton,Main,2008,5,2008,11,All (PS),production,1730.1557094070165
4387,TG2009A20506,Togo,TG,Maritime,Avé,Avé,Cotton,Main,2009,5,2009,11,All (PS),production,53.56
4388,TG2009A20506,Togo,TG,Maritime,Avé,Avé,Cotton,Main,2010,5,2010,11,All (PS),production,34.14
4389,TG2009A20506,Togo,TG,Maritime,Avé,Avé,Cotton,Main,2012,5,2012,11,All (PS),production,196.0
4390,TG2009A20506,Togo,TG,Maritime,Avé,Avé,Cotton,Main,2013,5,2013,11,All (PS),production,107.0
4391,TG2009A20506,Togo,TG,Maritime,Avé,Avé,Cotton,Main,2014,5,2014,11,All (PS),production,106.0
4392,TG2009A20506,Togo,TG,Maritime,Avé,Avé,Cotton,Main,2015,5,2015,11,All (PS),production,56.0
4393,TG2009A20506,Togo,TG,Maritime,Avé,Avé,Rice,Annual,2005,5,2005,11,All (PS),production,777.4070164545171
4394,TG2009A20506,Togo,TG,Maritime,Avé,Avé,Rice,Annual,2006,5,2006,11,All (PS),production,211.87581496429678
4395,TG2009A20506,Togo,TG,Maritime,Avé,Avé,Rice,Annual,2007,5,2007,11,All (PS),production,341.75225085377207
4396,TG2009A20506,Togo,TG,Maritime,Avé,Avé,Rice,Annual,2008,5,2008,11,All (PS),production,418.46134740763733
4397,TG2009A20506,Togo,TG,Maritime,Avé,Avé,Rice,Annual,2013,5,2013,11,All (PS),production,4001.0
4398,TG2009A20506,Togo,TG,Maritime,Avé,Avé,Rice,Annual,2014,5,2014,11,All (PS),production,4715.0
4399,TG2009A20506,Togo,TG,Maritime,Avé,Avé,Rice,Annual,2015,5,2015,11,All (PS),production,4715.0
4400,TG2009A20506,Togo,TG,Maritime,Avé,Avé,Cassava,Main,2005,5,2005,11,All (PS),production,26833.529028252095
4401,TG2009A20506,Togo,TG,Maritime,Avé,Avé,Cassava,Main,2006,5,2006,11,All (PS),production,19559.523129462897
4402,TG2009A20506,Togo,TG,Maritime,Avé,Avé,Cassava,Main,2007,5,2007,11,All (PS),production,38591.502018006824
4403,TG2009A20506,Togo,TG,Maritime,Avé,Avé,Cassava,Main,2008,5,2008,11,All (PS),production,34181.05371002794
4404,TG2009A20506,Togo,TG,Maritime,Avé,Avé,Cassava,Main,2009,5,2009,11,All (PS),production,12999.0
4405,TG2009A20506,Togo,TG,Maritime,Avé,Avé,Cassava,Main,2010,5,2010,11,All (PS),production,24035.0
4406,TG2009A20506,Togo,TG,Maritime,Avé,Avé,Cassava,Main,2011,5,2011,11,All (PS),production,25018.0
4407,TG2009A20506,Togo,TG,Maritime,Avé,Avé,Cassava,Main,2012,5,2012,11,All (PS),production,24455.0
4408,TG2009A20506,Togo,TG,Maritime,Avé,Avé,Cassava,Main,2013,5,2013,11,All (PS),production,33829.0
4409,TG2009A20506,Togo,TG,Maritime,Avé,Avé,Cassava,Main,2014,5,2014,11,All (PS),production,29031.0
4410,TG2009A20506,Togo,TG,Maritime,Avé,Avé,Cassava,Main,2015,5,2015,11,All (PS),production,29085.0
4411,TG2009A20506,Togo,TG,Maritime,Avé,Avé,Soybean,Main,2015,5,2015,11,All (PS),production,17.0
4412,TG2009A20506,Togo,TG,Maritime,Avé,Avé,Yams,Main,2005,5,2005,11,All (PS),production,5815.992548897857
4413,TG2009A20506,Togo,TG,Maritime,Avé,Avé,Yams,Main,2006,5,2006,11,All (PS),production,5340.206457621856
4414,TG2009A20506,Togo,TG,Maritime,Avé,Avé,Yams,Main,2007,5,2007,11,All (PS),production,5874.985718720894
4415,TG2009A20506,Togo,TG,Maritime,Avé,Avé,Yams,Main,2008,5,2008,11,All (PS),production,12803.140329090344
4416,TG2009A20506,Togo,TG,Maritime,Avé,Avé,Yams,Main,2009,5,2009,11,All (PS),production,11821.0
4417,TG2009A20506,Togo,TG,Maritime,Avé,Avé,Yams,Main,2010,5,2010,11,All (PS),production,5849.0
4418,TG2009A20506,Togo,TG,Maritime,Avé,Avé,Yams,Main,2011,5,2011,11,All (PS),production,5849.0
4419,TG2009A20506,Togo,TG,Maritime,Avé,Avé,Yams,Main,2012,5,2012,11,All (PS),production,4485.0
4420,TG2009A20506,Togo,TG,Maritime,Avé,Avé,Yams,Main,2013,5,2013,11,All (PS),production,3044.0
4421,TG2009A20506,Togo,TG,Maritime,Avé,Avé,Yams,Main,2014,5,2014,11,All (PS),production,9309.0
4422,TG2009A20506,Togo,TG,Maritime,Avé,Avé,Yams,Main,2015,5,2015,11,All (PS),production,2403.0
4423,TG2009A20506,Togo,TG,Maritime,Avé,Avé,Beans (mixed),Main,2005,5,2005,11,All (PS),production,15.903135672151505
4424,TG2009A20506,Togo,TG,Maritime,Avé,Avé,Beans (mixed),Main,2006,5,2006,11,All (PS),production,60.88357652902825
4425,TG2009A20506,Togo,TG,Maritime,Avé,Avé,Beans (mixed),Main,2007,5,2007,11,All (PS),production,63.19310773051847
4426,TG2009A20506,Togo,TG,Maritime,Avé,Avé,Beans (mixed),Main,2008,5,2008,11,All (PS),production,33.48370071406396
4427,TG2009A20506,Togo,TG,Maritime,Avé,Avé,Beans (mixed),Main,2009,5,2009,11,All (PS),production,12.0
4428,TG2009A20506,Togo,TG,Maritime,Avé,Avé,Beans (mixed),Main,2010,5,2010,11,All (PS),production,40.0
4429,TG2009A20506,Togo,TG,Maritime,Avé,Avé,Beans (mixed),Main,2011,5,2011,11,All (PS),production,62.0
4430,TG2009A20506,Togo,TG,Maritime,Avé,Avé,Beans (mixed),Main,2012,5,2012,11,All (PS),production,202.0
4431,TG2009A20506,Togo,TG,Maritime,Avé,Avé,Beans (mixed),Main,2013,5,2013,11,All (PS),production,429.0
4432,TG2009A20506,Togo,TG,Maritime,Avé,Avé,Beans (mixed),Main,2014,5,2014,11,All (PS),production,197.0
4433,TG2009A20506,Togo,TG,Maritime,Avé,Avé,Beans (mixed),Main,2015,5,2015,11,All (PS),production,434.0
4434,TG2009A20506,Togo,TG,Maritime,Avé,Avé,Groundnuts (In Shell),Main,2005,5,2005,11,All (PS),production,342.1474697298975
4435,TG2009A20506,Togo,TG,Maritime,Avé,Avé,Groundnuts (In Shell),Main,2006,5,2006,11,All (PS),production,827.1089723688295
4436,TG2009A20506,Togo,TG,Maritime,Avé,Avé,Groundnuts (In Shell),Main,2007,5,2007,11,All (PS),production,325.01893821794476
4437,TG2009A20506,Togo,TG,Maritime,Avé,Avé,Groundnuts (In Shell),Main,2008,5,2008,11,All (PS),production,1007.9478422850046
4438,TG2009A20506,Togo,TG,Maritime,Avé,Avé,Groundnuts (In Shell),Main,2009,5,2009,11,All (PS),production,938.0
4439,TG2009A20506,Togo,TG,Maritime,Avé,Avé,Groundnuts (In Shell),Main,2010,5,2010,11,All (PS),production,1017.0
4440,TG2009A20506,Togo,TG,Maritime,Avé,Avé,Groundnuts (In Shell),Main,2011,5,2011,11,All (PS),production,985.0
4441,TG2009A20506,Togo,TG,Maritime,Avé,Avé,Groundnuts (In Shell),Main,2012,5,2012,11,All (PS),production,1009.0
4442,TG2009A20506,Togo,TG,Maritime,Avé,Avé,Groundnuts (In Shell),Main,2013,5,2013,11,All (PS),production,2848.0
4443,TG2009A20506,Togo,TG,Maritime,Avé,Avé,Groundnuts (In Shell),Main,2014,5,2014,11,All (PS),production,3729.0
4444,TG2009A20506,Togo,TG,Maritime,Avé,Avé,Groundnuts (In Shell),Main,2015,5,2015,11,All (PS),production,3562.0
4445,TG2009A20507,Togo,TG,Maritime,Bas-Mono,Bas-Mono,Maize,Main,1995,5,1995,11,All (PS),production,8813.77358490566
4446,TG2009A20507,Togo,TG,Maritime,Bas-Mono,Bas-Mono,Maize,Main,1996,5,1996,11,All (PS),production,11526.384905660378
4447,TG2009A20507,Togo,TG,Maritime,Bas-Mono,Bas-Mono,Maize,Main,1997,5,1997,11,All (PS),production,12603.377358490567
4448,TG2009A20507,Togo,TG,Maritime,Bas-Mono,Bas-Mono,Maize,Main,1998,5,1998,11,All (PS),production,9619.475471698113
4449,TG2009A20507,Togo,TG,Maritime,Bas-Mono,Bas-Mono,Maize,Main,1999,5,1999,11,All (PS),production,9186.464150943397
4450,TG2009A20507,Togo,TG,Maritime,Bas-Mono,Bas-Mono,Maize,Main,2000,5,2000,11,All (PS),production,15960.701886792453
4451,TG2009A20507,Togo,TG,Maritime,Bas-Mono,Bas-Mono,Maize,Main,2001,5,2001,11,All (PS),production,13248.943396226416
4452,TG2009A20507,Togo,TG,Maritime,Bas-Mono,Bas-Mono,Maize,Main,2002,5,2002,11,All (PS),production,17504.33962264151
4453,TG2009A20507,Togo,TG,Maritime,Bas-Mono,Bas-Mono,Maize,Main,2003,5,2003,11,All (PS),production,19279.188679245282
4454,TG2009A20507,Togo,TG,Maritime,Bas-Mono,Bas-Mono,Maize,Main,2004,5,2004,11,All (PS),production,21843.369811320754
4455,TG2009A20507,Togo,TG,Maritime,Bas-Mono,Bas-Mono,Maize,Main,2005,5,2005,11,All (PS),production,15037.215094339623
4456,TG2009A20507,Togo,TG,Maritime,Bas-Mono,Bas-Mono,Maize,Main,2006,5,2006,11,All (PS),production,17906.098113207547
4457,TG2009A20507,Togo,TG,Maritime,Bas-Mono,Bas-Mono,Maize,Main,2007,5,2007,11,All (PS),production,10130.750943396226
4458,TG2009A20507,Togo,TG,Maritime,Bas-Mono,Bas-Mono,Maize,Main,2008,5,2008,11,All (PS),production,11367.162264150944
4459,TG2009A20507,Togo,TG,Maritime,Bas-Mono,Bas-Mono,Maize,Main,2009,5,2009,11,All (PS),production,8301.0
4460,TG2009A20507,Togo,TG,Maritime,Bas-Mono,Bas-Mono,Maize,Main,2010,5,2010,11,All (PS),production,4660.0
4461,TG2009A20507,Togo,TG,Maritime,Bas-Mono,Bas-Mono,Maize,Main,2011,5,2011,11,All (PS),production,3942.0
4462,TG2009A20507,Togo,TG,Maritime,Bas-Mono,Bas-Mono,Maize,Main,2012,5,2012,11,All (PS),production,4009.0
4463,TG2009A20507,Togo,TG,Maritime,Bas-Mono,Bas-Mono,Maize,Main,2013,5,2013,11,All (PS),production,10931.0
4464,TG2009A20507,Togo,TG,Maritime,Bas-Mono,Bas-Mono,Maize,Main,2014,5,2014,11,All (PS),production,15658.0
4465,TG2009A20507,Togo,TG,Maritime,Bas-Mono,Bas-Mono,Maize,Main,2015,5,2015,11,All (PS),production,14341.0
4466,TG2009A20507,Togo,TG,Maritime,Bas-Mono,Bas-Mono,Cotton,Main,2005,5,2005,11,All (PS),production,1.0102641509433963
4467,TG2009A20507,Togo,TG,Maritime,Bas-Mono,Bas-Mono,Cotton,Main,2006,5,2006,11,All (PS),production,0.05728301886792453
4468,TG2009A20507,Togo,TG,Maritime,Bas-Mono,Bas-Mono,Rice,Annual,2005,5,2005,11,All (PS),production,144.0
4469,TG2009A20507,Togo,TG,Maritime,Bas-Mono,Bas-Mono,Rice,Annual,2009,5,2009,11,All (PS),production,95.0
4470,TG2009A20507,Togo,TG,Maritime,Bas-Mono,Bas-Mono,Rice,Annual,2010,5,2010,11,All (PS),production,305.0
4471,TG2009A20507,Togo,TG,Maritime,Bas-Mono,Bas-Mono,Rice,Annual,2011,5,2011,11,All (PS),production,414.0
4472,TG2009A20507,Togo,TG,Maritime,Bas-Mono,Bas-Mono,Rice,Annual,2012,5,2012,11,All (PS),production,573.0
4473,TG2009A20507,Togo,TG,Maritime,Bas-Mono,Bas-Mono,Rice,Annual,2013,5,2013,11,All (PS),production,3177.0
4474,TG2009A20507,Togo,TG,Maritime,Bas-Mono,Bas-Mono,Rice,Annual,2014,5,2014,11,All (PS),production,4234.0
4475,TG2009A20507,Togo,TG,Maritime,Bas-Mono,Bas-Mono,Rice,Annual,2015,5,2015,11,All (PS),production,3744.0
4476,TG2009A20507,Togo,TG,Maritime,Bas-Mono,Bas-Mono,Cassava,Main,2005,5,2005,11,All (PS),production,23283.098113207547
4477,TG2009A20507,Togo,TG,Maritime,Bas-Mono,Bas-Mono,Cassava,Main,2006,5,2006,11,All (PS),production,32620.93962264151
4478,TG2009A20507,Togo,TG,Maritime,Bas-Mono,Bas-Mono,Cassava,Main,2007,5,2007,11,All (PS),production,31949.87924528302
4479,TG2009A20507,Togo,TG,Maritime,Bas-Mono,Bas-Mono,Cassava,Main,2008,5,2008,11,All (PS),production,30228.883018867924
4480,TG2009A20507,Togo,TG,Maritime,Bas-Mono,Bas-Mono,Cassava,Main,2009,5,2009,11,All (PS),production,8948.0
4481,TG2009A20507,Togo,TG,Maritime,Bas-Mono,Bas-Mono,Cassava,Main,2010,5,2010,11,All (PS),production,6002.0
4482,TG2009A20507,Togo,TG,Maritime,Bas-Mono,Bas-Mono,Cassava,Main,2011,5,2011,11,All (PS),production,6000.0
4483,TG2009A20507,Togo,TG,Maritime,Bas-Mono,Bas-Mono,Cassava,Main,2012,5,2012,11,All (PS),production,6045.0
4484,TG2009A20507,Togo,TG,Maritime,Bas-Mono,Bas-Mono,Cassava,Main,2013,5,2013,11,All (PS),production,2630.0
4485,TG2009A20507,Togo,TG,Maritime,Bas-Mono,Bas-Mono,Cassava,Main,2014,5,2014,11,All (PS),production,11349.0
4486,TG2009A20507,Togo,TG,Maritime,Bas-Mono,Bas-Mono,Cassava,Main,2015,5,2015,11,All (PS),production,2261.0
4487,TG2009A20507,Togo,TG,Maritime,Bas-Mono,Bas-Mono,Soybean,Main,2015,5,2015,11,All (PS),production,1.0
4488,TG2009A20507,Togo,TG,Maritime,Bas-Mono,Bas-Mono,Yams,Main,2007,5,2007,11,All (PS),production,142.6867924528302
4489,TG2009A20507,Togo,TG,Maritime,Bas-Mono,Bas-Mono,Yams,Main,2008,5,2008,11,All (PS),production,105.19245283018869
4490,TG2009A20507,Togo,TG,Maritime,Bas-Mono,Bas-Mono,Beans (mixed),Main,2005,5,2005,11,All (PS),production,168.42264150943396
4491,TG2009A20507,Togo,TG,Maritime,Bas-Mono,Bas-Mono,Beans (mixed),Main,2006,5,2006,11,All (PS),production,1156.0452830188678
4492,TG2009A20507,Togo,TG,Maritime,Bas-Mono,Bas-Mono,Beans (mixed),Main,2007,5,2007,11,All (PS),production,865.0566037735849
4493,TG2009A20507,Togo,TG,Maritime,Bas-Mono,Bas-Mono,Beans (mixed),Main,2008,5,2008,11,All (PS),production,669.8377358490566
4494,TG2009A20507,Togo,TG,Maritime,Bas-Mono,Bas-Mono,Beans (mixed),Main,2009,5,2009,11,All (PS),production,130.0
4495,TG2009A20507,Togo,TG,Maritime,Bas-Mono,Bas-Mono,Beans (mixed),Main,2010,5,2010,11,All (PS),production,425.0
4496,TG2009A20507,Togo,TG,Maritime,Bas-Mono,Bas-Mono,Beans (mixed),Main,2011,5,2011,11,All (PS),production,638.0
4497,TG2009A20507,Togo,TG,Maritime,Bas-Mono,Bas-Mono,Beans (mixed),Main,2012,5,2012,11,All (PS),production,654.0
4498,TG2009A20507,Togo,TG,Maritime,Bas-Mono,Bas-Mono,Beans (mixed),Main,2013,5,2013,11,All (PS),production,397.0
4499,TG2009A20507,Togo,TG,Maritime,Bas-Mono,Bas-Mono,Beans (mixed),Main,2014,5,2014,11,All (PS),production,4683.0
4500,TG2009A20507,Togo,TG,Maritime,Bas-Mono,Bas-Mono,Beans (mixed),Main,2015,5,2015,11,All (PS),production,401.0
4501,TG2009A20507,Togo,TG,Maritime,Bas-Mono,Bas-Mono,Groundnuts (In Shell),Main,2005,5,2005,11,All (PS),production,109.71320754716982
4502,TG2009A20507,Togo,TG,Maritime,Bas-Mono,Bas-Mono,Groundnuts (In Shell),Main,2006,5,2006,11,All (PS),production,340.8867924528302
4503,TG2009A20507,Togo,TG,Maritime,Bas-Mono,Bas-Mono,Groundnuts (In Shell),Main,2007,5,2007,11,All (PS),production,128.8566037735849
4504,TG2009A20507,Togo,TG,Maritime,Bas-Mono,Bas-Mono,Groundnuts (In Shell),Main,2008,5,2008,11,All (PS),production,281.81509433962265
4505,TG2009A20507,Togo,TG,Maritime,Bas-Mono,Bas-Mono,Groundnuts (In Shell),Main,2009,5,2009,11,All (PS),production,31.0
4506,TG2009A20507,Togo,TG,Maritime,Bas-Mono,Bas-Mono,Groundnuts (In Shell),Main,2010,5,2010,11,All (PS),production,25.0
4507,TG2009A20507,Togo,TG,Maritime,Bas-Mono,Bas-Mono,Groundnuts (In Shell),Main,2011,5,2011,11,All (PS),production,26.0
4508,TG2009A20507,Togo,TG,Maritime,Bas-Mono,Bas-Mono,Groundnuts (In Shell),Main,2012,5,2012,11,All (PS),production,27.0
4509,TG2009A20507,Togo,TG,Maritime,Bas-Mono,Bas-Mono,Groundnuts (In Shell),Main,2013,5,2013,11,All (PS),production,20.0
4510,TG2009A20507,Togo,TG,Maritime,Bas-Mono,Bas-Mono,Groundnuts (In Shell),Main,2014,5,2014,11,All (PS),production,200.0
4511,TG2009A20507,Togo,TG,Maritime,Bas-Mono,Bas-Mono,Groundnuts (In Shell),Main,2015,5,2015,11,All (PS),production,25.0
4512,TG2009A20101,Togo,TG,Kara,Bassar,Bassar,Sorghum,Main,1995,5,1995,11,All (PS),yield,0.8431629353742889
4513,TG2009A20101,Togo,TG,Kara,Bassar,Bassar,Sorghum,Main,1996,5,1996,11,All (PS),yield,0.06593914198279346
4514,TG2009A20101,Togo,TG,Kara,Bassar,Bassar,Sorghum,Main,1997,5,1997,11,All (PS),yield,0.6654801575280218
4515,TG2009A20101,Togo,TG,Kara,Bassar,Bassar,Sorghum,Main,1998,5,1998,11,All (PS),yield,0.890455396132252
4516,TG2009A20101,Togo,TG,Kara,Bassar,Bassar,Sorghum,Main,1999,5,1999,11,All (PS),yield,0.3565380997177799
4517,TG2009A20101,Togo,TG,Kara,Bassar,Bassar,Sorghum,Main,2000,5,2000,11,All (PS),yield,0.47148949613015323
4518,TG2009A20101,Togo,TG,Kara,Bassar,Bassar,Sorghum,Main,2001,5,2001,11,All (PS),yield,0.3950551405193881
4519,TG2009A20101,Togo,TG,Kara,Bassar,Bassar,Sorghum,Main,2002,5,2002,11,All (PS),yield,0.44657653728739644
4520,TG2009A20101,Togo,TG,Kara,Bassar,Bassar,Sorghum,Main,2003,5,2003,11,All (PS),yield,0.40874294923448834
4521,TG2009A20101,Togo,TG,Kara,Bassar,Bassar,Sorghum,Main,2004,5,2004,11,All (PS),yield,0.5536951501154734
4522,TG2009A20101,Togo,TG,Kara,Bassar,Bassar,Sorghum,Main,2005,5,2005,11,All (PS),yield,0.5678552421500799
4523,TG2009A20101,Togo,TG,Kara,Bassar,Bassar,Sorghum,Main,2006,5,2006,11,All (PS),yield,0.5301134141572155
4524,TG2009A20101,Togo,TG,Kara,Bassar,Bassar,Sorghum,Main,2007,5,2007,11,All (PS),yield,0.5907343329488658
4525,TG2009A20101,Togo,TG,Kara,Bassar,Bassar,Sorghum,Main,2008,5,2008,11,All (PS),yield,0.5625
4526,TG2009A20101,Togo,TG,Kara,Bassar,Bassar,Sorghum,Main,2009,5,2009,11,All (PS),yield,0.6224317952172449
4527,TG2009A20101,Togo,TG,Kara,Bassar,Bassar,Sorghum,Main,2010,5,2010,11,All (PS),yield,0.8111865502748141
4528,TG2009A20101,Togo,TG,Kara,Bassar,Bassar,Sorghum,Main,2011,5,2011,11,All (PS),yield,0.7072409488139825
4529,TG2009A20101,Togo,TG,Kara,Bassar,Bassar,Sorghum,Main,2012,5,2012,11,All (PS),yield,0.6758880340481257
4530,TG2009A20101,Togo,TG,Kara,Bassar,Bassar,Sorghum,Main,2015,5,2015,11,All (PS),yield,0.7816395919909331
4531,TG2009A20101,Togo,TG,Kara,Bassar,Bassar,Maize,Main,1995,5,1995,11,All (PS),yield,1.0913555992141455
4532,TG2009A20101,Togo,TG,Kara,Bassar,Bassar,Maize,Main,1996,5,1996,11,All (PS),yield,0.16479942175641488
4533,TG2009A20101,Togo,TG,Kara,Bassar,Bassar,Maize,Main,1997,5,1997,11,All (PS),yield,0.9417417417417417
4534,TG2009A20101,Togo,TG,Kara,Bassar,Bassar,Maize,Main,1998,5,1998,11,All (PS),yield,1.0851386780736856
4535,TG2009A20101,Togo,TG,Kara,Bassar,Bassar,Maize,Main,1999,5,1999,11,All (PS),yield,0.8890196737851017
4536,TG2009A20101,Togo,TG,Kara,Bassar,Bassar,Maize,Main,2000,5,2000,11,All (PS),yield,0.8691145467322557
4537,TG2009A20101,Togo,TG,Kara,Bassar,Bassar,Maize,Main,2001,5,2001,11,All (PS),yield,0.6792738275340393
4538,TG2009A20101,Togo,TG,Kara,Bassar,Bassar,Maize,Main,2002,5,2002,11,All (PS),yield,1.408208296557811
4539,TG2009A20101,Togo,TG,Kara,Bassar,Bassar,Maize,Main,2003,5,2003,11,All (PS),yield,1.0426481527398959
4540,TG2009A20101,Togo,TG,Kara,Bassar,Bassar,Maize,Main,2004,5,2004,11,All (PS),yield,0.8368652538984406
4541,TG2009A20101,Togo,TG,Kara,Bassar,Bassar,Maize,Main,2005,5,2005,11,All (PS),yield,1.0905923344947734
4542,TG2009A20101,Togo,TG,Kara,Bassar,Bassar,Maize,Main,2006,5,2006,11,All (PS),yield,1.528459273797841
4543,TG2009A20101,Togo,TG,Kara,Bassar,Bassar,Maize,Main,2007,5,2007,11,All (PS),yield,1.1538938876822835
4544,TG2009A20101,Togo,TG,Kara,Bassar,Bassar,Maize,Main,2008,5,2008,11,All (PS),yield,1.1092757306226175
4545,TG2009A20101,Togo,TG,Kara,Bassar,Bassar,Maize,Main,2009,5,2009,11,All (PS),yield,1.0439276485788114
4546,TG2009A20101,Togo,TG,Kara,Bassar,Bassar,Maize,Main,2010,5,2010,11,All (PS),yield,1.2747603833865815
4547,TG2009A20101,Togo,TG,Kara,Bassar,Bassar,Maize,Main,2011,5,2011,11,All (PS),yield,1.15527950310559
4548,TG2009A20101,Togo,TG,Kara,Bassar,Bassar,Maize,Main,2012,5,2012,11,All (PS),yield,1.1458333333333333
4549,TG2009A20101,Togo,TG,Kara,Bassar,Bassar,Maize,Main,2015,5,2015,11,All (PS),yield,0.8918570138082333
4550,TG2009A20101,Togo,TG,Kara,Bassar,Bassar,Millet,Main,1995,5,1995,11,All (PS),yield,0.6772890484739676
4551,TG2009A20101,Togo,TG,Kara,Bassar,Bassar,Millet,Main,1996,5,1996,11,All (PS),yield,3.947530864197531
4552,TG2009A20101,Togo,TG,Kara,Bassar,Bassar,Millet,Main,1997,5,1997,11,All (PS),yield,0.34277065527065526
4553,TG2009A20101,Togo,TG,Kara,Bassar,Bassar,Millet,Main,1998,5,1998,11,All (PS),yield,0.15118715083798884
4554,TG2009A20101,Togo,TG,Kara,Bassar,Bassar,Millet,Main,1999,5,1999,11,All (PS),yield,0.18103910016068558
4555,TG2009A20101,Togo,TG,Kara,Bassar,Bassar,Millet,Main,2000,5,2000,11,All (PS),yield,0.2873051224944321
4556,TG2009A20101,Togo,TG,Kara,Bassar,Bassar,Millet,Main,2001,5,2001,11,All (PS),yield,0.2682154171066526
4557,TG2009A20101,Togo,TG,Kara,Bassar,Bassar,Millet,Main,2002,5,2002,11,All (PS),yield,0.2476787954830615
4558,TG2009A20101,Togo,TG,Kara,Bassar,Bassar,Millet,Main,2003,5,2003,11,All (PS),yield,0.313602599814299
4559,TG2009A20101,Togo,TG,Kara,Bassar,Bassar,Millet,Main,2004,5,2004,11,All (PS),yield,0.36869308392813194
4560,TG2009A20101,Togo,TG,Kara,Bassar,Bassar,Millet,Main,2005,5,2005,11,All (PS),yield,0.3452631578947368
4561,TG2009A20101,Togo,TG,Kara,Bassar,Bassar,Millet,Main,2006,5,2006,11,All (PS),yield,0.3676343776947399
4562,TG2009A20101,Togo,TG,Kara,Bassar,Bassar,Millet,Main,2007,5,2007,11,All (PS),yield,0.37797498991528844
4563,TG2009A20101,Togo,TG,Kara,Bassar,Bassar,Millet,Main,2008,5,2008,11,All (PS),yield,0.359039190897598
4564,TG2009A20101,Togo,TG,Kara,Bassar,Bassar,Millet,Main,2009,5,2009,11,All (PS),yield,0.38405036726128017
4565,TG2009A20101,Togo,TG,Kara,Bassar,Bassar,Millet,Main,2010,5,2010,11,All (PS),yield,0.4289940828402367
4566,TG2009A20101,Togo,TG,Kara,Bassar,Bassar,Millet,Main,2011,5,2011,11,All (PS),yield,0.3760139049826188
4567,TG2009A20101,Togo,TG,Kara,Bassar,Bassar,Millet,Main,2012,5,2012,11,All (PS),yield,0.38704453441295544
4568,TG2009A20101,Togo,TG,Kara,Bassar,Bassar,Millet,Main,2015,5,2015,11,All (PS),yield,0.4733864746721522
4569,TG2009A20101,Togo,TG,Kara,Bassar,Bassar,Cassava,Main,2015,5,2015,11,All (PS),yield,4.019281703570294
4570,TG2009A20101,Togo,TG,Kara,Bassar,Bassar,Yams,Main,2015,5,2015,11,All (PS),yield,10.710461487929052
4571,TG2009A20101,Togo,TG,Kara,Bassar,Bassar,Beans (mixed),Main,2015,5,2015,11,All (PS),yield,0.3711303732531399
4572,TG2009A20101,Togo,TG,Kara,Bassar,Bassar,Groundnuts (In Shell),Main,2015,5,2015,11,All (PS),yield,0.5611923187159644
4573,TG2009A20102,Togo,TG,Kara,Assoli,Assoli,Sorghum,Main,1995,5,1995,11,All (PS),yield,0.9069868995633188
4574,TG2009A20102,Togo,TG,Kara,Assoli,Assoli,Sorghum,Main,1996,5,1996,11,All (PS),yield,0.521223185759927
4575,TG2009A20102,Togo,TG,Kara,Assoli,Assoli,Sorghum,Main,1997,5,1997,11,All (PS),yield,0.5205331412103746
4576,TG2009A20102,Togo,TG,Kara,Assoli,Assoli,Sorghum,Main,1998,5,1998,11,All (PS),yield,0.9796460176991151
4577,TG2009A20102,Togo,TG,Kara,Assoli,Assoli,Sorghum,Main,1999,5,1999,11,All (PS),yield,0.74488657493492
4578,TG2009A20102,Togo,TG,Kara,Assoli,Assoli,Sorghum,Main,2000,5,2000,11,All (PS),yield,0.7130252100840336
4579,TG2009A20102,Togo,TG,Kara,Assoli,Assoli,Sorghum,Main,2001,5,2001,11,All (PS),yield,0.7242751563388289
4580,TG2009A20102,Togo,TG,Kara,Assoli,Assoli,Sorghum,Main,2002,5,2002,11,All (PS),yield,0.5991561181434599
4581,TG2009A20102,Togo,TG,Kara,Assoli,Assoli,Sorghum,Main,2003,5,2003,11,All (PS),yield,0.7047353760445683
4582,TG2009A20102,Togo,TG,Kara,Assoli,Assoli,Sorghum,Main,2004,5,2004,11,All (PS),yield,1.1685082872928176
4583,TG2009A20102,Togo,TG,Kara,Assoli,Assoli,Sorghum,Main,2005,5,2005,11,All (PS),yield,1.1507381507381507
4584,TG2009A20102,Togo,TG,Kara,Assoli,Assoli,Sorghum,Main,2006,5,2006,11,All (PS),yield,1.0363431997002623
4585,TG2009A20102,Togo,TG,Kara,Assoli,Assoli,Sorghum,Main,2007,5,2007,11,All (PS),yield,0.8788443616029823
4586,TG2009A20102,Togo,TG,Kara,Assoli,Assoli,Sorghum,Main,2008,5,2008,11,All (PS),yield,0.8635514018691589
4587,TG2009A20102,Togo,TG,Kara,Assoli,Assoli,Sorghum,Main,2009,5,2009,11,All (PS),yield,0.8073308270676691
4588,TG2009A20102,Togo,TG,Kara,Assoli,Assoli,Sorghum,Main,2010,5,2010,11,All (PS),yield,0.9173033707865168
4589,TG2009A20102,Togo,TG,Kara,Assoli,Assoli,Sorghum,Main,2011,5,2011,11,All (PS),yield,0.9124183006535947
4590,TG2009A20102,Togo,TG,Kara,Assoli,Assoli,Sorghum,Main,2012,5,2012,11,All (PS),yield,0.8862084660901229
4591,TG2009A20102,Togo,TG,Kara,Assoli,Assoli,Sorghum,Main,2015,5,2015,11,All (PS),yield,0.764512595837897
4592,TG2009A20102,Togo,TG,Kara,Assoli,Assoli,Maize,Main,1995,5,1995,11,All (PS),yield,0.37362637362637363
4593,TG2009A20102,Togo,TG,Kara,Assoli,Assoli,Maize,Main,1996,5,1996,11,All (PS),yield,0.694
4594,TG2009A20102,Togo,TG,Kara,Assoli,Assoli,Maize,Main,1997,5,1997,11,All (PS),yield,0.7883295194508009
4595,TG2009A20102,Togo,TG,Kara,Assoli,Assoli,Maize,Main,1998,5,1998,11,All (PS),yield,1.0585729499467518
4596,TG2009A20102,Togo,TG,Kara,Assoli,Assoli,Maize,Main,1999,5,1999,11,All (PS),yield,0.8145604395604396
4597,TG2009A20102,Togo,TG,Kara,Assoli,Assoli,Maize,Main,2000,5,2000,11,All (PS),yield,0.7411764705882353
4598,TG2009A20102,Togo,TG,Kara,Assoli,Assoli,Maize,Main,2001,5,2001,11,All (PS),yield,0.7456049638055843
4599,TG2009A20102,Togo,TG,Kara,Assoli,Assoli,Maize,Main,2002,5,2002,11,All (PS),yield,0.6620724859622257
4600,TG2009A20102,Togo,TG,Kara,Assoli,Assoli,Maize,Main,2003,5,2003,11,All (PS),yield,0.671356783919598
4601,TG2009A20102,Togo,TG,Kara,Assoli,Assoli,Maize,Main,2004,5,2004,11,All (PS),yield,0.8711879836140192
4602,TG2009A20102,Togo,TG,Kara,Assoli,Assoli,Maize,Main,2005,5,2005,11,All (PS),yield,0.8938574938574939
4603,TG2009A20102,Togo,TG,Kara,Assoli,Assoli,Maize,Main,2006,5,2006,11,All (PS),yield,1.1115591397849462
4604,TG2009A20102,Togo,TG,Kara,Assoli,Assoli,Maize,Main,2007,5,2007,11,All (PS),yield,0.9624972902666378
4605,TG2009A20102,Togo,TG,Kara,Assoli,Assoli,Maize,Main,2008,5,2008,11,All (PS),yield,0.8557433259857947
4606,TG2009A20102,Togo,TG,Kara,Assoli,Assoli,Maize,Main,2009,5,2009,11,All (PS),yield,0.8829098156452416
4607,TG2009A20102,Togo,TG,Kara,Assoli,Assoli,Maize,Main,2010,5,2010,11,All (PS),yield,1.045748502994012
4608,TG2009A20102,Togo,TG,Kara,Assoli,Assoli,Maize,Main,2011,5,2011,11,All (PS),yield,1.2581957406078008
4609,TG2009A20102,Togo,TG,Kara,Assoli,Assoli,Maize,Main,2012,5,2012,11,All (PS),yield,1.0707512764405542
4610,TG2009A20102,Togo,TG,Kara,Assoli,Assoli,Maize,Main,2015,5,2015,11,All (PS),yield,0.7885579475081097
4611,TG2009A20102,Togo,TG,Kara,Assoli,Assoli,Millet,Main,1995,5,1995,11,All (PS),yield,0.3886838868388684
4612,TG2009A20102,Togo,TG,Kara,Assoli,Assoli,Millet,Main,1996,5,1996,11,All (PS),yield,0.6589506172839507
4613,TG2009A20102,Togo,TG,Kara,Assoli,Assoli,Millet,Main,1997,5,1997,11,All (PS),yield,0.41443538998835855
4614,TG2009A20102,Togo,TG,Kara,Assoli,Assoli,Millet,Main,1998,5,1998,11,All (PS),yield,0.406807131280389
4615,TG2009A20102,Togo,TG,Kara,Assoli,Assoli,Millet,Main,1999,5,1999,11,All (PS),yield,0.42857142857142855
4616,TG2009A20102,Togo,TG,Kara,Assoli,Assoli,Millet,Main,2000,5,2000,11,All (PS),yield,0.503945885005637
4617,TG2009A20102,Togo,TG,Kara,Assoli,Assoli,Millet,Main,2001,5,2001,11,All (PS),yield,0.8465703971119134
4618,TG2009A20102,Togo,TG,Kara,Assoli,Assoli,Millet,Main,2002,5,2002,11,All (PS),yield,0.3111111111111111
4619,TG2009A20102,Togo,TG,Kara,Assoli,Assoli,Millet,Main,2003,5,2003,11,All (PS),yield,0.7554179566563467
4620,TG2009A20102,Togo,TG,Kara,Assoli,Assoli,Millet,Main,2004,5,2004,11,All (PS),yield,1.2090395480225988
4621,TG2009A20102,Togo,TG,Kara,Assoli,Assoli,Millet,Main,2007,5,2007,11,All (PS),yield,0.5
4622,TG2009A20102,Togo,TG,Kara,Assoli,Assoli,Millet,Main,2009,5,2009,11,All (PS),yield,0.34475374732334046
4623,TG2009A20102,Togo,TG,Kara,Assoli,Assoli,Millet,Main,2010,5,2010,11,All (PS),yield,0.37448559670781895
4624,TG2009A20102,Togo,TG,Kara,Assoli,Assoli,Millet,Main,2011,5,2011,11,All (PS),yield,0.38016528925619836
4625,TG2009A20102,Togo,TG,Kara,Assoli,Assoli,Millet,Main,2012,5,2012,11,All (PS),yield,0.3707627118644068
4626,TG2009A20102,Togo,TG,Kara,Assoli,Assoli,Millet,Main,2015,5,2015,11,All (PS),yield,0.48695652173913045
4627,TG2009A20102,Togo,TG,Kara,Assoli,Assoli,Cassava,Main,2015,5,2015,11,All (PS),yield,9.346946318026426
4628,TG2009A20102,Togo,TG,Kara,Assoli,Assoli,Yams,Main,2015,5,2015,11,All (PS),yield,9.781647058823529
4629,TG2009A20102,Togo,TG,Kara,Assoli,Assoli,Beans (mixed),Main,2015,5,2015,11,All (PS),yield,0.20315533980582523
4630,TG2009A20102,Togo,TG,Kara,Assoli,Assoli,Groundnuts (In Shell),Main,2015,5,2015,11,All (PS),yield,0.6090225563909775
4631,TG2009A20103,Togo,TG,Kara,Binah,Binah,Sorghum,Main,1995,5,1995,11,All (PS),yield,0.4296081120220246
4632,TG2009A20103,Togo,TG,Kara,Binah,Binah,Sorghum,Main,1996,5,1996,11,All (PS),yield,0.6915836996219242
4633,TG2009A20103,Togo,TG,Kara,Binah,Binah,Sorghum,Main,1997,5,1997,11,All (PS),yield,0.7072439891642633
4634,TG2009A20103,Togo,TG,Kara,Binah,Binah,Sorghum,Main,1998,5,1998,11,All (PS),yield,0.9751222947306624
4635,TG2009A20103,Togo,TG,Kara,Binah,Binah,Sorghum,Main,1999,5,1999,11,All (PS),yield,0.7692785745893744
4636,TG2009A20103,Togo,TG,Kara,Binah,Binah,Sorghum,Main,2000,5,2000,11,All (PS),yield,0.6523239370172127
4637,TG2009A20103,Togo,TG,Kara,Binah,Binah,Sorghum,Main,2001,5,2001,11,All (PS),yield,0.8062121957701223
4638,TG2009A20103,Togo,TG,Kara,Binah,Binah,Sorghum,Main,2002,5,2002,11,All (PS),yield,0.5506117430431239
4639,TG2009A20103,Togo,TG,Kara,Binah,Binah,Sorghum,Main,2003,5,2003,11,All (PS),yield,0.8059426467919398
4640,TG2009A20103,Togo,TG,Kara,Binah,Binah,Sorghum,Main,2004,5,2004,11,All (PS),yield,1.2742764023465465
4641,TG2009A20103,Togo,TG,Kara,Binah,Binah,Sorghum,Main,2005,5,2005,11,All (PS),yield,1.25035699794556
4642,TG2009A20103,Togo,TG,Kara,Binah,Binah,Sorghum,Main,2006,5,2006,11,All (PS),yield,0.7540237311879583
4643,TG2009A20103,Togo,TG,Kara,Binah,Binah,Sorghum,Main,2007,5,2007,11,All (PS),yield,0.7257596368442749
4644,TG2009A20103,Togo,TG,Kara,Binah,Binah,Sorghum,Main,2008,5,2008,11,All (PS),yield,1.6989548185334542
4645,TG2009A20103,Togo,TG,Kara,Binah,Binah,Sorghum,Main,2009,5,2009,11,All (PS),yield,0.7328940699442473
4646,TG2009A20103,Togo,TG,Kara,Binah,Binah,Sorghum,Main,2010,5,2010,11,All (PS),yield,1.138929322335436
4647,TG2009A20103,Togo,TG,Kara,Binah,Binah,Sorghum,Main,2011,5,2011,11,All (PS),yield,0.795016077170418
4648,TG2009A20103,Togo,TG,Kara,Binah,Binah,Sorghum,Main,2012,5,2012,11,All (PS),yield,0.8970414201183432
4649,TG2009A20103,Togo,TG,Kara,Binah,Binah,Sorghum,Main,2015,5,2015,11,All (PS),yield,0.7572099262240107
4650,TG2009A20103,Togo,TG,Kara,Binah,Binah,Maize,Main,1995,5,1995,11,All (PS),yield,0.6497589873067695
4651,TG2009A20103,Togo,TG,Kara,Binah,Binah,Maize,Main,1996,5,1996,11,All (PS),yield,1.3348334032046836
4652,TG2009A20103,Togo,TG,Kara,Binah,Binah,Maize,Main,1997,5,1997,11,All (PS),yield,1.265643052268411
4653,TG2009A20103,Togo,TG,Kara,Binah,Binah,Maize,Main,1998,5,1998,11,All (PS),yield,0.9287571394882854
4654,TG2009A20103,Togo,TG,Kara,Binah,Binah,Maize,Main,1999,5,1999,11,All (PS),yield,0.7234827399735174
4655,TG2009A20103,Togo,TG,Kara,Binah,Binah,Maize,Main,2000,5,2000,11,All (PS),yield,0.8425703149911324
4656,TG2009A20103,Togo,TG,Kara,Binah,Binah,Maize,Main,2001,5,2001,11,All (PS),yield,1.1121551249051171
4657,TG2009A20103,Togo,TG,Kara,Binah,Binah,Maize,Main,2002,5,2002,11,All (PS),yield,1.2506886098520515
4658,TG2009A20103,Togo,TG,Kara,Binah,Binah,Maize,Main,2003,5,2003,11,All (PS),yield,1.3973644348621288
4659,TG2009A20103,Togo,TG,Kara,Binah,Binah,Maize,Main,2004,5,2004,11,All (PS),yield,1.3240848996640717
4660,TG2009A20103,Togo,TG,Kara,Binah,Binah,Maize,Main,2005,5,2005,11,All (PS),yield,0.9428094074892853
4661,TG2009A20103,Togo,TG,Kara,Binah,Binah,Maize,Main,2006,5,2006,11,All (PS),yield,1.2715889296768157
4662,TG2009A20103,Togo,TG,Kara,Binah,Binah,Maize,Main,2007,5,2007,11,All (PS),yield,0.9711281759390707
4663,TG2009A20103,Togo,TG,Kara,Binah,Binah,Maize,Main,2008,5,2008,11,All (PS),yield,0.7631510570782818
4664,TG2009A20103,Togo,TG,Kara,Binah,Binah,Maize,Main,2009,5,2009,11,All (PS),yield,0.9301380991064175
4665,TG2009A20103,Togo,TG,Kara,Binah,Binah,Maize,Main,2010,5,2010,11,All (PS),yield,1.2048117481643492
4666,TG2009A20103,Togo,TG,Kara,Binah,Binah,Maize,Main,2011,5,2011,11,All (PS),yield,1.2380952380952381
4667,TG2009A20103,Togo,TG,Kara,Binah,Binah,Maize,Main,2012,5,2012,11,All (PS),yield,1.1343886286544984
4668,TG2009A20103,Togo,TG,Kara,Binah,Binah,Maize,Main,2015,5,2015,11,All (PS),yield,1.2830623111239028
4669,TG2009A20103,Togo,TG,Kara,Binah,Binah,Millet,Main,1995,5,1995,11,All (PS),yield,0.9253696528958248
4670,TG2009A20103,Togo,TG,Kara,Binah,Binah,Millet,Main,1996,5,1996,11,All (PS),yield,0.725376708838379
4671,TG2009A20103,Togo,TG,Kara,Binah,Binah,Millet,Main,1997,5,1997,11,All (PS),yield,0.25464233860263424
4672,TG2009A20103,Togo,TG,Kara,Binah,Binah,Millet,Main,1998,5,1998,11,All (PS),yield,0.4129988297222485
4673,TG2009A20103,Togo,TG,Kara,Binah,Binah,Millet,Main,1999,5,1999,11,All (PS),yield,0.1747018342797574
4674,TG2009A20103,Togo,TG,Kara,Binah,Binah,Millet,Main,2000,5,2000,11,All (PS),yield,0.2345361742412342
4675,TG2009A20103,Togo,TG,Kara,Binah,Binah,Millet,Main,2001,5,2001,11,All (PS),yield,0.29959111603927935
4676,TG2009A20103,Togo,TG,Kara,Binah,Binah,Millet,Main,2002,5,2002,11,All (PS),yield,0.28063870674408403
4677,TG2009A20103,Togo,TG,Kara,Binah,Binah,Millet,Main,2003,5,2003,11,All (PS),yield,0.3655970298475369
4678,TG2009A20103,Togo,TG,Kara,Binah,Binah,Millet,Main,2004,5,2004,11,All (PS),yield,0.5839662590243978
4679,TG2009A20103,Togo,TG,Kara,Binah,Binah,Millet,Main,2005,5,2005,11,All (PS),yield,0.5824542069622797
4680,TG2009A20103,Togo,TG,Kara,Binah,Binah,Millet,Main,2006,5,2006,11,All (PS),yield,0.4393230861186338
4681,TG2009A20103,Togo,TG,Kara,Binah,Binah,Millet,Main,2007,5,2007,11,All (PS),yield,0.25286622512846146
4682,TG2009A20103,Togo,TG,Kara,Binah,Binah,Millet,Main,2008,5,2008,11,All (PS),yield,0.25353234344686243
4683,TG2009A20103,Togo,TG,Kara,Binah,Binah,Millet,Main,2009,5,2009,11,All (PS),yield,0.2815619495008808
4684,TG2009A20103,Togo,TG,Kara,Binah,Binah,Millet,Main,2010,5,2010,11,All (PS),yield,0.5584022038567493
4685,TG2009A20103,Togo,TG,Kara,Binah,Binah,Millet,Main,2011,5,2011,11,All (PS),yield,0.342076200993926
4686,TG2009A20103,Togo,TG,Kara,Binah,Binah,Millet,Main,2012,5,2012,11,All (PS),yield,0.39738487777146103
4687,TG2009A20103,Togo,TG,Kara,Binah,Binah,Millet,Main,2015,5,2015,11,All (PS),yield,0.6161278335191379
4688,TG2009A20103,Togo,TG,Kara,Binah,Binah,Cassava,Main,2015,5,2015,11,All (PS),yield,4.697368421052632
4689,TG2009A20103,Togo,TG,Kara,Binah,Binah,Yams,Main,2015,5,2015,11,All (PS),yield,8.587318087318087
4690,TG2009A20103,Togo,TG,Kara,Binah,Binah,Beans (mixed),Main,2015,5,2015,11,All (PS),yield,0.332477708727371
4691,TG2009A20103,Togo,TG,Kara,Binah,Binah,Groundnuts (In Shell),Main,2015,5,2015,11,All (PS),yield,0.5532759761747187
4692,TG2009A20104,Togo,TG,Kara,Doufelgou,Doufelgou,Sorghum,Main,1995,5,1995,11,All (PS),yield,0.9218557853549467
4693,TG2009A20104,Togo,TG,Kara,Doufelgou,Doufelgou,Sorghum,Main,1996,5,1996,11,All (PS),yield,5.004382761139518
4694,TG2009A20104,Togo,TG,Kara,Doufelgou,Doufelgou,Sorghum,Main,1997,5,1997,11,All (PS),yield,0.7822645405529425
4695,TG2009A20104,Togo,TG,Kara,Doufelgou,Doufelgou,Sorghum,Main,1998,5,1998,11,All (PS),yield,1.3779306829765545
4696,TG2009A20104,Togo,TG,Kara,Doufelgou,Doufelgou,Sorghum,Main,1999,5,1999,11,All (PS),yield,0.8561958874458875
4697,TG2009A20104,Togo,TG,Kara,Doufelgou,Doufelgou,Sorghum,Main,2000,5,2000,11,All (PS),yield,0.8401225114854518
4698,TG2009A20104,Togo,TG,Kara,Doufelgou,Doufelgou,Sorghum,Main,2001,5,2001,11,All (PS),yield,0.9526653725548754
4699,TG2009A20104,Togo,TG,Kara,Doufelgou,Doufelgou,Sorghum,Main,2002,5,2002,11,All (PS),yield,0.9173239848086473
4700,TG2009A20104,Togo,TG,Kara,Doufelgou,Doufelgou,Sorghum,Main,2003,5,2003,11,All (PS),yield,0.760521538207625
4701,TG2009A20104,Togo,TG,Kara,Doufelgou,Doufelgou,Sorghum,Main,2004,5,2004,11,All (PS),yield,0.9013452914798206
4702,TG2009A20104,Togo,TG,Kara,Doufelgou,Doufelgou,Sorghum,Main,2005,5,2005,11,All (PS),yield,0.9173074133178587
4703,TG2009A20104,Togo,TG,Kara,Doufelgou,Doufelgou,Sorghum,Main,2006,5,2006,11,All (PS),yield,0.8869920993227991
4704,TG2009A20104,Togo,TG,Kara,Doufelgou,Doufelgou,Sorghum,Main,2007,5,2007,11,All (PS),yield,0.7714364870480677
4705,TG2009A20104,Togo,TG,Kara,Doufelgou,Doufelgou,Sorghum,Main,2008,5,2008,11,All (PS),yield,0.8041237113402062
4706,TG2009A20104,Togo,TG,Kara,Doufelgou,Doufelgou,Sorghum,Main,2009,5,2009,11,All (PS),yield,0.8552130664374309
4707,TG2009A20104,Togo,TG,Kara,Doufelgou,Doufelgou,Sorghum,Main,2010,5,2010,11,All (PS),yield,1.2265726043503822
4708,TG2009A20104,Togo,TG,Kara,Doufelgou,Doufelgou,Sorghum,Main,2011,5,2011,11,All (PS),yield,0.9762548489479252
4709,TG2009A20104,Togo,TG,Kara,Doufelgou,Doufelgou,Sorghum,Main,2012,5,2012,11,All (PS),yield,0.9656078337711965
4710,TG2009A20104,Togo,TG,Kara,Doufelgou,Doufelgou,Sorghum,Main,2015,5,2015,11,All (PS),yield,0.6220539748443034
4711,TG2009A20104,Togo,TG,Kara,Doufelgou,Doufelgou,Maize,Main,1995,5,1995,11,All (PS),yield,0.8645
4712,TG2009A20104,Togo,TG,Kara,Doufelgou,Doufelgou,Maize,Main,1996,5,1996,11,All (PS),yield,2.123343527013252
4713,TG2009A20104,Togo,TG,Kara,Doufelgou,Doufelgou,Maize,Main,1997,5,1997,11,All (PS),yield,1.1656072264971562
4714,TG2009A20104,Togo,TG,Kara,Doufelgou,Doufelgou,Maize,Main,1998,5,1998,11,All (PS),yield,1.3521881512354867
4715,TG2009A20104,Togo,TG,Kara,Doufelgou,Doufelgou,Maize,Main,1999,5,1999,11,All (PS),yield,1.2610344827586206
4716,TG2009A20104,Togo,TG,Kara,Doufelgou,Doufelgou,Maize,Main,2000,5,2000,11,All (PS),yield,1.2997827661115133
4717,TG2009A20104,Togo,TG,Kara,Doufelgou,Doufelgou,Maize,Main,2001,5,2001,11,All (PS),yield,1.57989417989418
4718,TG2009A20104,Togo,TG,Kara,Doufelgou,Doufelgou,Maize,Main,2002,5,2002,11,All (PS),yield,1.5388828039430449
4719,TG2009A20104,Togo,TG,Kara,Doufelgou,Doufelgou,Maize,Main,2003,5,2003,11,All (PS),yield,1.3737650933040615
4720,TG2009A20104,Togo,TG,Kara,Doufelgou,Doufelgou,Maize,Main,2004,5,2004,11,All (PS),yield,1.5985603543743077
4721,TG2009A20104,Togo,TG,Kara,Doufelgou,Doufelgou,Maize,Main,2005,5,2005,11,All (PS),yield,1.5042245021122511
4722,TG2009A20104,Togo,TG,Kara,Doufelgou,Doufelgou,Maize,Main,2006,5,2006,11,All (PS),yield,1.6596877217885022
4723,TG2009A20104,Togo,TG,Kara,Doufelgou,Doufelgou,Maize,Main,2007,5,2007,11,All (PS),yield,1.1925087108013939
4724,TG2009A20104,Togo,TG,Kara,Doufelgou,Doufelgou,Maize,Main,2008,5,2008,11,All (PS),yield,1.0932203389830508
4725,TG2009A20104,Togo,TG,Kara,Doufelgou,Doufelgou,Maize,Main,2009,5,2009,11,All (PS),yield,1.030876109610189
4726,TG2009A20104,Togo,TG,Kara,Doufelgou,Doufelgou,Maize,Main,2010,5,2010,11,All (PS),yield,1.2196660482374768
4727,TG2009A20104,Togo,TG,Kara,Doufelgou,Doufelgou,Maize,Main,2011,5,2011,11,All (PS),yield,1.1371951219512195
4728,TG2009A20104,Togo,TG,Kara,Doufelgou,Doufelgou,Maize,Main,2012,5,2012,11,All (PS),yield,0.8263967004124484
4729,TG2009A20104,Togo,TG,Kara,Doufelgou,Doufelgou,Maize,Main,2015,5,2015,11,All (PS),yield,0.8329849895496865
4730,TG2009A20104,Togo,TG,Kara,Doufelgou,Doufelgou,Millet,Main,1995,5,1995,11,All (PS),yield,0.9633544749823819
4731,TG2009A20104,Togo,TG,Kara,Doufelgou,Doufelgou,Millet,Main,1996,5,1996,11,All (PS),yield,0.590129401143545
4732,TG2009A20104,Togo,TG,Kara,Doufelgou,Doufelgou,Millet,Main,1997,5,1997,11,All (PS),yield,0.43023255813953487
4733,TG2009A20104,Togo,TG,Kara,Doufelgou,Doufelgou,Millet,Main,1998,5,1998,11,All (PS),yield,0.284665991902834
4734,TG2009A20104,Togo,TG,Kara,Doufelgou,Doufelgou,Millet,Main,1999,5,1999,11,All (PS),yield,0.13711087792934593
4735,TG2009A20104,Togo,TG,Kara,Doufelgou,Doufelgou,Millet,Main,2000,5,2000,11,All (PS),yield,0.3671649619722004
4736,TG2009A20104,Togo,TG,Kara,Doufelgou,Doufelgou,Millet,Main,2001,5,2001,11,All (PS),yield,0.45387335261973644
4737,TG2009A20104,Togo,TG,Kara,Doufelgou,Doufelgou,Millet,Main,2002,5,2002,11,All (PS),yield,0.41887466507889254
4738,TG2009A20104,Togo,TG,Kara,Doufelgou,Doufelgou,Millet,Main,2003,5,2003,11,All (PS),yield,0.18529819694868238
4739,TG2009A20104,Togo,TG,Kara,Doufelgou,Doufelgou,Millet,Main,2004,5,2004,11,All (PS),yield,0.7516989022477784
4740,TG2009A20104,Togo,TG,Kara,Doufelgou,Doufelgou,Millet,Main,2005,5,2005,11,All (PS),yield,0.745697896749522
4741,TG2009A20104,Togo,TG,Kara,Doufelgou,Doufelgou,Millet,Main,2006,5,2006,11,All (PS),yield,0.511864406779661
4742,TG2009A20104,Togo,TG,Kara,Doufelgou,Doufelgou,Millet,Main,2007,5,2007,11,All (PS),yield,0.37347767253044656
4743,TG2009A20104,Togo,TG,Kara,Doufelgou,Doufelgou,Millet,Main,2008,5,2008,11,All (PS),yield,0.41733333333333333
4744,TG2009A20104,Togo,TG,Kara,Doufelgou,Doufelgou,Millet,Main,2009,5,2009,11,All (PS),yield,0.4194831013916501
4745,TG2009A20104,Togo,TG,Kara,Doufelgou,Doufelgou,Millet,Main,2010,5,2010,11,All (PS),yield,0.6320153061224489
4746,TG2009A20104,Togo,TG,Kara,Doufelgou,Doufelgou,Millet,Main,2011,5,2011,11,All (PS),yield,0.48513598987982287
4747,TG2009A20104,Togo,TG,Kara,Doufelgou,Doufelgou,Millet,Main,2012,5,2012,11,All (PS),yield,0.4883116883116883
4748,TG2009A20104,Togo,TG,Kara,Doufelgou,Doufelgou,Millet,Main,2015,5,2015,11,All (PS),yield,0.5978028684772658
4749,TG2009A20104,Togo,TG,Kara,Doufelgou,Doufelgou,Cassava,Main,2015,5,2015,11,All (PS),yield,4.511904761904762
4750,TG2009A20104,Togo,TG,Kara,Doufelgou,Doufelgou,Yams,Main,2015,5,2015,11,All (PS),yield,8.422774869109947
4751,TG2009A20104,Togo,TG,Kara,Doufelgou,Doufelgou,Beans (mixed),Main,2015,5,2015,11,All (PS),yield,0.34122287968441817
4752,TG2009A20104,Togo,TG,Kara,Doufelgou,Doufelgou,Groundnuts (In Shell),Main,2015,5,2015,11,All (PS),yield,0.49682539682539684
4753,TG2009A20105,Togo,TG,Kara,Kéran,Kéran,Sorghum,Main,1995,5,1995,11,All (PS),yield,0.31952554744525546
4754,TG2009A20105,Togo,TG,Kara,Kéran,Kéran,Sorghum,Main,1996,5,1996,11,All (PS),yield,0.5059508736388959
4755,TG2009A20105,Togo,TG,Kara,Kéran,Kéran,Sorghum,Main,1997,5,1997,11,All (PS),yield,0.9293474807802274
4756,TG2009A20105,Togo,TG,Kara,Kéran,Kéran,Sorghum,Main,1998,5,1998,11,All (PS),yield,1.4259259259259258
4757,TG2009A20105,Togo,TG,Kara,Kéran,Kéran,Sorghum,Main,1999,5,1999,11,All (PS),yield,0.5358754968672101
4758,TG2009A20105,Togo,TG,Kara,Kéran,Kéran,Sorghum,Main,2000,5,2000,11,All (PS),yield,0.7282065266793928
4759,TG2009A20105,Togo,TG,Kara,Kéran,Kéran,Sorghum,Main,2001,5,2001,11,All (PS),yield,0.8364047484454494
4760,TG2009A20105,Togo,TG,Kara,Kéran,Kéran,Sorghum,Main,2002,5,2002,11,All (PS),yield,0.5515504903260006
4761,TG2009A20105,Togo,TG,Kara,Kéran,Kéran,Sorghum,Main,2003,5,2003,11,All (PS),yield,0.585569884977344
4762,TG2009A20105,Togo,TG,Kara,Kéran,Kéran,Sorghum,Main,2004,5,2004,11,All (PS),yield,0.5360557063613832
4763,TG2009A20105,Togo,TG,Kara,Kéran,Kéran,Sorghum,Main,2005,5,2005,11,All (PS),yield,0.5629376323074418
4764,TG2009A20105,Togo,TG,Kara,Kéran,Kéran,Sorghum,Main,2006,5,2006,11,All (PS),yield,0.6219572776949827
4765,TG2009A20105,Togo,TG,Kara,Kéran,Kéran,Sorghum,Main,2007,5,2007,11,All (PS),yield,0.773447820343461
4766,TG2009A20105,Togo,TG,Kara,Kéran,Kéran,Sorghum,Main,2008,5,2008,11,All (PS),yield,0.825668449197861
4767,TG2009A20105,Togo,TG,Kara,Kéran,Kéran,Sorghum,Main,2009,5,2009,11,All (PS),yield,0.8219415123723828
4768,TG2009A20105,Togo,TG,Kara,Kéran,Kéran,Sorghum,Main,2010,5,2010,11,All (PS),yield,1.0338619094813346
4769,TG2009A20105,Togo,TG,Kara,Kéran,Kéran,Sorghum,Main,2011,5,2011,11,All (PS),yield,0.9333770922218576
4770,TG2009A20105,Togo,TG,Kara,Kéran,Kéran,Sorghum,Main,2012,5,2012,11,All (PS),yield,0.9092580213903744
4771,TG2009A20105,Togo,TG,Kara,Kéran,Kéran,Sorghum,Main,2015,5,2015,11,All (PS),yield,0.8925129725722758
4772,TG2009A20105,Togo,TG,Kara,Kéran,Kéran,Maize,Main,1995,5,1995,11,All (PS),yield,1.0945054945054946
4773,TG2009A20105,Togo,TG,Kara,Kéran,Kéran,Maize,Main,1996,5,1996,11,All (PS),yield,2.559322033898305
4774,TG2009A20105,Togo,TG,Kara,Kéran,Kéran,Maize,Main,1997,5,1997,11,All (PS),yield,1.2194876946258162
4775,TG2009A20105,Togo,TG,Kara,Kéran,Kéran,Maize,Main,1998,5,1998,11,All (PS),yield,1.1485780615206036
4776,TG2009A20105,Togo,TG,Kara,Kéran,Kéran,Maize,Main,1999,5,1999,11,All (PS),yield,0.9495760821062026
4777,TG2009A20105,Togo,TG,Kara,Kéran,Kéran,Maize,Main,2000,5,2000,11,All (PS),yield,1.5018674136321195
4778,TG2009A20105,Togo,TG,Kara,Kéran,Kéran,Maize,Main,2001,5,2001,11,All (PS),yield,1.4115796098174953
4779,TG2009A20105,Togo,TG,Kara,Kéran,Kéran,Maize,Main,2002,5,2002,11,All (PS),yield,1.1190655614167295
4780,TG2009A20105,Togo,TG,Kara,Kéran,Kéran,Maize,Main,2003,5,2003,11,All (PS),yield,1.0594010800196367
4781,TG2009A20105,Togo,TG,Kara,Kéran,Kéran,Maize,Main,2004,5,2004,11,All (PS),yield,1.5128025254296738
4782,TG2009A20105,Togo,TG,Kara,Kéran,Kéran,Maize,Main,2005,5,2005,11,All (PS),yield,1.5536515707874337
4783,TG2009A20105,Togo,TG,Kara,Kéran,Kéran,Maize,Main,2006,5,2006,11,All (PS),yield,1.5721352019785655
4784,TG2009A20105,Togo,TG,Kara,Kéran,Kéran,Maize,Main,2007,5,2007,11,All (PS),yield,1.1374223602484472
4785,TG2009A20105,Togo,TG,Kara,Kéran,Kéran,Maize,Main,2008,5,2008,11,All (PS),yield,0.9754488823744961
4786,TG2009A20105,Togo,TG,Kara,Kéran,Kéran,Maize,Main,2009,5,2009,11,All (PS),yield,0.9265953522685356
4787,TG2009A20105,Togo,TG,Kara,Kéran,Kéran,Maize,Main,2010,5,2010,11,All (PS),yield,1.0418588151826889
4788,TG2009A20105,Togo,TG,Kara,Kéran,Kéran,Maize,Main,2011,5,2011,11,All (PS),yield,1.1443442054129076
4789,TG2009A20105,Togo,TG,Kara,Kéran,Kéran,Maize,Main,2012,5,2012,11,All (PS),yield,1.0282398452611219
4790,TG2009A20105,Togo,TG,Kara,Kéran,Kéran,Maize,Main,2015,5,2015,11,All (PS),yield,0.8019527834450597
4791,TG2009A20105,Togo,TG,Kara,Kéran,Kéran,Millet,Main,1995,5,1995,11,All (PS),yield,0.9127906976744186
4792,TG2009A20105,Togo,TG,Kara,Kéran,Kéran,Millet,Main,1996,5,1996,11,All (PS),yield,0.2905788876276958
4793,TG2009A20105,Togo,TG,Kara,Kéran,Kéran,Millet,Main,1997,5,1997,11,All (PS),yield,0.2454931071049841
4794,TG2009A20105,Togo,TG,Kara,Kéran,Kéran,Millet,Main,1998,5,1998,11,All (PS),yield,0.22681067344345615
4795,TG2009A20105,Togo,TG,Kara,Kéran,Kéran,Millet,Main,1999,5,1999,11,All (PS),yield,0.2008817046289493
4796,TG2009A20105,Togo,TG,Kara,Kéran,Kéran,Millet,Main,2000,5,2000,11,All (PS),yield,0.1656
4797,TG2009A20105,Togo,TG,Kara,Kéran,Kéran,Millet,Main,2001,5,2001,11,All (PS),yield,0.07455838495067676
4798,TG2009A20105,Togo,TG,Kara,Kéran,Kéran,Millet,Main,2002,5,2002,11,All (PS),yield,0.2662318410910169
4799,TG2009A20105,Togo,TG,Kara,Kéran,Kéran,Millet,Main,2003,5,2003,11,All (PS),yield,0.10151036178433438
4800,TG2009A20105,Togo,TG,Kara,Kéran,Kéran,Millet,Main,2004,5,2004,11,All (PS),yield,0.13307240704500978
4801,TG2009A20105,Togo,TG,Kara,Kéran,Kéran,Millet,Main,2005,5,2005,11,All (PS),yield,0.1331133113311331
4802,TG2009A20105,Togo,TG,Kara,Kéran,Kéran,Millet,Main,2006,5,2006,11,All (PS),yield,0.19925650557620816
4803,TG2009A20105,Togo,TG,Kara,Kéran,Kéran,Millet,Main,2007,5,2007,11,All (PS),yield,0.2862796833773087
4804,TG2009A20105,Togo,TG,Kara,Kéran,Kéran,Millet,Main,2008,5,2008,11,All (PS),yield,0.27212020033388984
4805,TG2009A20105,Togo,TG,Kara,Kéran,Kéran,Millet,Main,2009,5,2009,11,All (PS),yield,0.2877906976744186
4806,TG2009A20105,Togo,TG,Kara,Kéran,Kéran,Millet,Main,2010,5,2010,11,All (PS),yield,0.3214936247723133
4807,TG2009A20105,Togo,TG,Kara,Kéran,Kéran,Millet,Main,2011,5,2011,11,All (PS),yield,0.3807615230460922
4808,TG2009A20105,Togo,TG,Kara,Kéran,Kéran,Millet,Main,2012,5,2012,11,All (PS),yield,0.3170055452865065
4809,TG2009A20105,Togo,TG,Kara,Kéran,Kéran,Millet,Main,2015,5,2015,11,All (PS),yield,0.5993031358885017
4810,TG2009A20105,Togo,TG,Kara,Kéran,Kéran,Cassava,Main,2015,5,2015,11,All (PS),yield,4.12
4811,TG2009A20105,Togo,TG,Kara,Kéran,Kéran,Yams,Main,2015,5,2015,11,All (PS),yield,9.245283018867925
4812,TG2009A20105,Togo,TG,Kara,Kéran,Kéran,Beans (mixed),Main,2015,5,2015,11,All (PS),yield,0.2839289201327866
4813,TG2009A20105,Togo,TG,Kara,Kéran,Kéran,Groundnuts (In Shell),Main,2015,5,2015,11,All (PS),yield,0.597037037037037
4814,TG2009A20106,Togo,TG,Kara,Kozah,Kozah,Sorghum,Main,1995,5,1995,11,All (PS),yield,0.21143680922633348
4815,TG2009A20106,Togo,TG,Kara,Kozah,Kozah,Sorghum,Main,1996,5,1996,11,All (PS),yield,0.45024444093991484
4816,TG2009A20106,Togo,TG,Kara,Kozah,Kozah,Sorghum,Main,1997,5,1997,11,All (PS),yield,0.5602649006622517
4817,TG2009A20106,Togo,TG,Kara,Kozah,Kozah,Sorghum,Main,1998,5,1998,11,All (PS),yield,1.1134848278677372
4818,TG2009A20106,Togo,TG,Kara,Kozah,Kozah,Sorghum,Main,1999,5,1999,11,All (PS),yield,0.8950882212684788
4819,TG2009A20106,Togo,TG,Kara,Kozah,Kozah,Sorghum,Main,2000,5,2000,11,All (PS),yield,0.8256032365265135
4820,TG2009A20106,Togo,TG,Kara,Kozah,Kozah,Sorghum,Main,2001,5,2001,11,All (PS),yield,0.9751098096632503
4821,TG2009A20106,Togo,TG,Kara,Kozah,Kozah,Sorghum,Main,2002,5,2002,11,All (PS),yield,1.4380299686374725
4822,TG2009A20106,Togo,TG,Kara,Kozah,Kozah,Sorghum,Main,2003,5,2003,11,All (PS),yield,0.9829545454545454
4823,TG2009A20106,Togo,TG,Kara,Kozah,Kozah,Sorghum,Main,2004,5,2004,11,All (PS),yield,1.0109017287026942
4824,TG2009A20106,Togo,TG,Kara,Kozah,Kozah,Sorghum,Main,2005,5,2005,11,All (PS),yield,0.9896637265711136
4825,TG2009A20106,Togo,TG,Kara,Kozah,Kozah,Sorghum,Main,2006,5,2006,11,All (PS),yield,1.2349573845566721
4826,TG2009A20106,Togo,TG,Kara,Kozah,Kozah,Sorghum,Main,2007,5,2007,11,All (PS),yield,0.938339756275388
4827,TG2009A20106,Togo,TG,Kara,Kozah,Kozah,Sorghum,Main,2008,5,2008,11,All (PS),yield,0.8561262009251571
4828,TG2009A20106,Togo,TG,Kara,Kozah,Kozah,Sorghum,Main,2009,5,2009,11,All (PS),yield,0.9132441709077997
4829,TG2009A20106,Togo,TG,Kara,Kozah,Kozah,Sorghum,Main,2010,5,2010,11,All (PS),yield,1.3431294678316124
4830,TG2009A20106,Togo,TG,Kara,Kozah,Kozah,Sorghum,Main,2011,5,2011,11,All (PS),yield,1.0216406072966235
4831,TG2009A20106,Togo,TG,Kara,Kozah,Kozah,Sorghum,Main,2012,5,2012,11,All (PS),yield,1.0334878331402086
4832,TG2009A20106,Togo,TG,Kara,Kozah,Kozah,Sorghum,Main,2015,5,2015,11,All (PS),yield,0.7254908948362496
4833,TG2009A20106,Togo,TG,Kara,Kozah,Kozah,Maize,Main,1995,5,1995,11,All (PS),yield,0.9874932028276238
4834,TG2009A20106,Togo,TG,Kara,Kozah,Kozah,Maize,Main,1996,5,1996,11,All (PS),yield,2.6252518468770987
4835,TG2009A20106,Togo,TG,Kara,Kozah,Kozah,Maize,Main,1997,5,1997,11,All (PS),yield,0.7400700045655152
4836,TG2009A20106,Togo,TG,Kara,Kozah,Kozah,Maize,Main,1998,5,1998,11,All (PS),yield,1.009039256198347
4837,TG2009A20106,Togo,TG,Kara,Kozah,Kozah,Maize,Main,1999,5,1999,11,All (PS),yield,1.0519867549668873
4838,TG2009A20106,Togo,TG,Kara,Kozah,Kozah,Maize,Main,2000,5,2000,11,All (PS),yield,1.18455843469064
4839,TG2009A20106,Togo,TG,Kara,Kozah,Kozah,Maize,Main,2001,5,2001,11,All (PS),yield,1.06511175898931
4840,TG2009A20106,Togo,TG,Kara,Kozah,Kozah,Maize,Main,2002,5,2002,11,All (PS),yield,1.24746387949585
4841,TG2009A20106,Togo,TG,Kara,Kozah,Kozah,Maize,Main,2003,5,2003,11,All (PS),yield,1.2540738277352843
4842,TG2009A20106,Togo,TG,Kara,Kozah,Kozah,Maize,Main,2004,5,2004,11,All (PS),yield,1.3187096774193547
4843,TG2009A20106,Togo,TG,Kara,Kozah,Kozah,Maize,Main,2005,5,2005,11,All (PS),yield,1.3229761149862609
4844,TG2009A20106,Togo,TG,Kara,Kozah,Kozah,Maize,Main,2006,5,2006,11,All (PS),yield,1.3526793662097205
4845,TG2009A20106,Togo,TG,Kara,Kozah,Kozah,Maize,Main,2007,5,2007,11,All (PS),yield,1.1425488702716426
4846,TG2009A20106,Togo,TG,Kara,Kozah,Kozah,Maize,Main,2008,5,2008,11,All (PS),yield,1.0704990940536978
4847,TG2009A20106,Togo,TG,Kara,Kozah,Kozah,Maize,Main,2009,5,2009,11,All (PS),yield,0.9721030042918455
4848,TG2009A20106,Togo,TG,Kara,Kozah,Kozah,Maize,Main,2010,5,2010,11,All (PS),yield,1.0942857142857143
4849,TG2009A20106,Togo,TG,Kara,Kozah,Kozah,Maize,Main,2011,5,2011,11,All (PS),yield,1.2208236208236207
4850,TG2009A20106,Togo,TG,Kara,Kozah,Kozah,Maize,Main,2012,5,2012,11,All (PS),yield,1.0436408977556109
4851,TG2009A20106,Togo,TG,Kara,Kozah,Kozah,Maize,Main,2015,5,2015,11,All (PS),yield,0.7444291609353507
4852,TG2009A20106,Togo,TG,Kara,Kozah,Kozah,Millet,Main,1995,5,1995,11,All (PS),yield,0.8069676501955207
4853,TG2009A20106,Togo,TG,Kara,Kozah,Kozah,Millet,Main,1996,5,1996,11,All (PS),yield,0.7186746987951808
4854,TG2009A20106,Togo,TG,Kara,Kozah,Kozah,Millet,Main,1997,5,1997,11,All (PS),yield,0.42788461538461536
4855,TG2009A20106,Togo,TG,Kara,Kozah,Kozah,Millet,Main,1998,5,1998,11,All (PS),yield,0.5306603773584906
4856,TG2009A20106,Togo,TG,Kara,Kozah,Kozah,Millet,Main,1999,5,1999,11,All (PS),yield,0.39301075268817204
4857,TG2009A20106,Togo,TG,Kara,Kozah,Kozah,Millet,Main,2000,5,2000,11,All (PS),yield,0.484251968503937
4858,TG2009A20106,Togo,TG,Kara,Kozah,Kozah,Millet,Main,2001,5,2001,11,All (PS),yield,0.5472747497219133
4859,TG2009A20106,Togo,TG,Kara,Kozah,Kozah,Millet,Main,2002,5,2002,11,All (PS),yield,0.4278145695364238
4860,TG2009A20106,Togo,TG,Kara,Kozah,Kozah,Millet,Main,2003,5,2003,11,All (PS),yield,0.5268817204301075
4861,TG2009A20106,Togo,TG,Kara,Kozah,Kozah,Millet,Main,2004,5,2004,11,All (PS),yield,0.28969957081545067
4862,TG2009A20106,Togo,TG,Kara,Kozah,Kozah,Millet,Main,2005,5,2005,11,All (PS),yield,0.2473057288712422
4863,TG2009A20106,Togo,TG,Kara,Kozah,Kozah,Millet,Main,2006,5,2006,11,All (PS),yield,0.27509778357235987
4864,TG2009A20106,Togo,TG,Kara,Kozah,Kozah,Millet,Main,2007,5,2007,11,All (PS),yield,0.2789578023222883
4865,TG2009A20106,Togo,TG,Kara,Kozah,Kozah,Millet,Main,2008,5,2008,11,All (PS),yield,0.27360548457463385
4866,TG2009A20106,Togo,TG,Kara,Kozah,Kozah,Millet,Main,2009,5,2009,11,All (PS),yield,0.25579993974088583
4867,TG2009A20106,Togo,TG,Kara,Kozah,Kozah,Millet,Main,2010,5,2010,11,All (PS),yield,0.4882220975883343
4868,TG2009A20106,Togo,TG,Kara,Kozah,Kozah,Millet,Main,2011,5,2011,11,All (PS),yield,0.2962962962962963
4869,TG2009A20106,Togo,TG,Kara,Kozah,Kozah,Millet,Main,2012,5,2012,11,All (PS),yield,0.32850940665701883
4870,TG2009A20106,Togo,TG,Kara,Kozah,Kozah,Millet,Main,2015,5,2015,11,All (PS),yield,0.6455834242093784
4871,TG2009A20106,Togo,TG,Kara,Kozah,Kozah,Cassava,Main,2015,5,2015,11,All (PS),yield,3.6609523809523807
4872,TG2009A20106,Togo,TG,Kara,Kozah,Kozah,Yams,Main,2015,5,2015,11,All (PS),yield,9.742723679482573
4873,TG2009A20106,Togo,TG,Kara,Kozah,Kozah,Beans (mixed),Main,2015,5,2015,11,All (PS),yield,0.2868390518813194
4874,TG2009A20106,Togo,TG,Kara,Kozah,Kozah,Groundnuts (In Shell),Main,2015,5,2015,11,All (PS),yield,0.5505401234567902
4875,TG2009A20107,Togo,TG,Kara,Dankpen,Dankpen,Sorghum,Main,1998,5,1998,11,All (PS),yield,1.3711192027596781
4876,TG2009A20107,Togo,TG,Kara,Dankpen,Dankpen,Sorghum,Main,1999,5,1999,11,All (PS),yield,0.8744843842074249
4877,TG2009A20107,Togo,TG,Kara,Dankpen,Dankpen,Sorghum,Main,2000,5,2000,11,All (PS),yield,1.1202898550724638
4878,TG2009A20107,Togo,TG,Kara,Dankpen,Dankpen,Sorghum,Main,2001,5,2001,11,All (PS),yield,1.0978961655921275
4879,TG2009A20107,Togo,TG,Kara,Dankpen,Dankpen,Sorghum,Main,2002,5,2002,11,All (PS),yield,1.0688697951090549
4880,TG2009A20107,Togo,TG,Kara,Dankpen,Dankpen,Sorghum,Main,2003,5,2003,11,All (PS),yield,1.0485534230879405
4881,TG2009A20107,Togo,TG,Kara,Dankpen,Dankpen,Sorghum,Main,2004,5,2004,11,All (PS),yield,0.6249121574139143
4882,TG2009A20107,Togo,TG,Kara,Dankpen,Dankpen,Sorghum,Main,2005,5,2005,11,All (PS),yield,0.647592966272701
4883,TG2009A20107,Togo,TG,Kara,Dankpen,Dankpen,Sorghum,Main,2006,5,2006,11,All (PS),yield,0.7260932944606414
4884,TG2009A20107,Togo,TG,Kara,Dankpen,Dankpen,Sorghum,Main,2007,5,2007,11,All (PS),yield,0.7164556962025317
4885,TG2009A20107,Togo,TG,Kara,Dankpen,Dankpen,Sorghum,Main,2008,5,2008,11,All (PS),yield,0.7615164205422085
4886,TG2009A20107,Togo,TG,Kara,Dankpen,Dankpen,Sorghum,Main,2009,5,2009,11,All (PS),yield,0.7968415115623237
4887,TG2009A20107,Togo,TG,Kara,Dankpen,Dankpen,Sorghum,Main,2010,5,2010,11,All (PS),yield,1.0245795601552394
4888,TG2009A20107,Togo,TG,Kara,Dankpen,Dankpen,Sorghum,Main,2011,5,2011,11,All (PS),yield,0.9401964972234088
4889,TG2009A20107,Togo,TG,Kara,Dankpen,Dankpen,Sorghum,Main,2012,5,2012,11,All (PS),yield,0.8806998359759431
4890,TG2009A20107,Togo,TG,Kara,Dankpen,Dankpen,Sorghum,Main,2015,5,2015,11,All (PS),yield,1.0164383561643835
4891,TG2009A20107,Togo,TG,Kara,Dankpen,Dankpen,Maize,Main,1998,5,1998,11,All (PS),yield,1.4431608133086875
4892,TG2009A20107,Togo,TG,Kara,Dankpen,Dankpen,Maize,Main,1999,5,1999,11,All (PS),yield,0.9238150067165611
4893,TG2009A20107,Togo,TG,Kara,Dankpen,Dankpen,Maize,Main,2000,5,2000,11,All (PS),yield,1.432967032967033
4894,TG2009A20107,Togo,TG,Kara,Dankpen,Dankpen,Maize,Main,2001,5,2001,11,All (PS),yield,1.4935497295047857
4895,TG2009A20107,Togo,TG,Kara,Dankpen,Dankpen,Maize,Main,2002,5,2002,11,All (PS),yield,1.3968253968253967
4896,TG2009A20107,Togo,TG,Kara,Dankpen,Dankpen,Maize,Main,2003,5,2003,11,All (PS),yield,1.4551683633516053
4897,TG2009A20107,Togo,TG,Kara,Dankpen,Dankpen,Maize,Main,2004,5,2004,11,All (PS),yield,1.3138260666822104
4898,TG2009A20107,Togo,TG,Kara,Dankpen,Dankpen,Maize,Main,2005,5,2005,11,All (PS),yield,1.4010621557828482
4899,TG2009A20107,Togo,TG,Kara,Dankpen,Dankpen,Maize,Main,2006,5,2006,11,All (PS),yield,1.3746169100414638
4900,TG2009A20107,Togo,TG,Kara,Dankpen,Dankpen,Maize,Main,2007,5,2007,11,All (PS),yield,1.1081932773109244
4901,TG2009A20107,Togo,TG,Kara,Dankpen,Dankpen,Maize,Main,2008,5,2008,11,All (PS),yield,1.0455559687616214
4902,TG2009A20107,Togo,TG,Kara,Dankpen,Dankpen,Maize,Main,2009,5,2009,11,All (PS),yield,1.1017543859649124
4903,TG2009A20107,Togo,TG,Kara,Dankpen,Dankpen,Maize,Main,2010,5,2010,11,All (PS),yield,1.2943892045454546
4904,TG2009A20107,Togo,TG,Kara,Dankpen,Dankpen,Maize,Main,2011,5,2011,11,All (PS),yield,1.236184442097853
4905,TG2009A20107,Togo,TG,Kara,Dankpen,Dankpen,Maize,Main,2012,5,2012,11,All (PS),yield,1.1694149536932459
4906,TG2009A20107,Togo,TG,Kara,Dankpen,Dankpen,Maize,Main,2015,5,2015,11,All (PS),yield,1.078496548197392
4907,TG2009A20107,Togo,TG,Kara,Dankpen,Dankpen,Millet,Main,1998,5,1998,11,All (PS),yield,0.5668111943240047
4908,TG2009A20107,Togo,TG,Kara,Dankpen,Dankpen,Millet,Main,1999,5,1999,11,All (PS),yield,0.4569385765355866
4909,TG2009A20107,Togo,TG,Kara,Dankpen,Dankpen,Millet,Main,2000,5,2000,11,All (PS),yield,0.6298716452742124
4910,TG2009A20107,Togo,TG,Kara,Dankpen,Dankpen,Millet,Main,2001,5,2001,11,All (PS),yield,0.6157337367624811
4911,TG2009A20107,Togo,TG,Kara,Dankpen,Dankpen,Millet,Main,2002,5,2002,11,All (PS),yield,0.6137911464245176
4912,TG2009A20107,Togo,TG,Kara,Dankpen,Dankpen,Millet,Main,2003,5,2003,11,All (PS),yield,0.8389138423846468
4913,TG2009A20107,Togo,TG,Kara,Dankpen,Dankpen,Millet,Main,2004,5,2004,11,All (PS),yield,0.2013029315960912
4914,TG2009A20107,Togo,TG,Kara,Dankpen,Dankpen,Millet,Main,2005,5,2005,11,All (PS),yield,0.21535821535821537
4915,TG2009A20107,Togo,TG,Kara,Dankpen,Dankpen,Millet,Main,2006,5,2006,11,All (PS),yield,0.21595900439238652
4916,TG2009A20107,Togo,TG,Kara,Dankpen,Dankpen,Millet,Main,2008,5,2008,11,All (PS),yield,0.34009181331293037
4917,TG2009A20107,Togo,TG,Kara,Dankpen,Dankpen,Millet,Main,2009,5,2009,11,All (PS),yield,0.3304640718562874
4918,TG2009A20107,Togo,TG,Kara,Dankpen,Dankpen,Millet,Main,2010,5,2010,11,All (PS),yield,0.6300102774922919
4919,TG2009A20107,Togo,TG,Kara,Dankpen,Dankpen,Millet,Main,2011,5,2011,11,All (PS),yield,0.39508700102354144
4920,TG2009A20107,Togo,TG,Kara,Dankpen,Dankpen,Millet,Main,2012,5,2012,11,All (PS),yield,0.4238505747126437
4921,TG2009A20107,Togo,TG,Kara,Dankpen,Dankpen,Millet,Main,2015,5,2015,11,All (PS),yield,0.47297297297297297
4922,TG2009A20107,Togo,TG,Kara,Dankpen,Dankpen,Cassava,Main,2015,5,2015,11,All (PS),yield,5.0010552233556105
4923,TG2009A20107,Togo,TG,Kara,Dankpen,Dankpen,Yams,Main,2015,5,2015,11,All (PS),yield,10.632158238953581
4924,TG2009A20107,Togo,TG,Kara,Dankpen,Dankpen,Beans (mixed),Main,2015,5,2015,11,All (PS),yield,0.36670362743545065
4925,TG2009A20107,Togo,TG,Kara,Dankpen,Dankpen,Groundnuts (In Shell),Main,2015,5,2015,11,All (PS),yield,0.7055738504695694
4926,TG2009A20201,Togo,TG,Plateaux,Haho,Haho,Sorghum,Main,1995,5,1995,11,All (PS),yield,0.5040633465305272
4927,TG2009A20201,Togo,TG,Plateaux,Haho,Haho,Sorghum,Main,1996,5,1996,11,All (PS),yield,0.8106995884773663
4928,TG2009A20201,Togo,TG,Plateaux,Haho,Haho,Sorghum,Main,1997,5,1997,11,All (PS),yield,0.8477958236658932
4929,TG2009A20201,Togo,TG,Plateaux,Haho,Haho,Sorghum,Main,1998,5,1998,11,All (PS),yield,0.7886688393080973
4930,TG2009A20201,Togo,TG,Plateaux,Haho,Haho,Sorghum,Main,1999,5,1999,11,All (PS),yield,0.675103305785124
4931,TG2009A20201,Togo,TG,Plateaux,Haho,Haho,Sorghum,Main,2000,5,2000,11,All (PS),yield,1.1217125382262998
4932,TG2009A20201,Togo,TG,Plateaux,Haho,Haho,Sorghum,Main,2001,5,2001,11,All (PS),yield,0.9254188802615447
4933,TG2009A20201,Togo,TG,Plateaux,Haho,Haho,Sorghum,Main,2002,5,2002,11,All (PS),yield,0.5940969782150387
4934,TG2009A20201,Togo,TG,Plateaux,Haho,Haho,Sorghum,Main,2003,5,2003,11,All (PS),yield,1.0003623188405797
4935,TG2009A20201,Togo,TG,Plateaux,Haho,Haho,Sorghum,Main,2004,5,2004,11,All (PS),yield,1.184757834757835
4936,TG2009A20201,Togo,TG,Plateaux,Haho,Haho,Sorghum,Main,2005,5,2005,11,All (PS),yield,0.9813039309683605
4937,TG2009A20201,Togo,TG,Plateaux,Haho,Haho,Sorghum,Main,2006,5,2006,11,All (PS),yield,1.0496879875195007
4938,TG2009A20201,Togo,TG,Plateaux,Haho,Haho,Sorghum,Main,2007,5,2007,11,All (PS),yield,1.3436158798283264
4939,TG2009A20201,Togo,TG,Plateaux,Haho,Haho,Sorghum,Main,2008,5,2008,11,All (PS),yield,1.1265617394126237
4940,TG2009A20201,Togo,TG,Plateaux,Haho,Haho,Sorghum,Main,2009,5,2009,11,All (PS),yield,1.135470285446888
4941,TG2009A20201,Togo,TG,Plateaux,Haho,Haho,Sorghum,Main,2010,5,2010,11,All (PS),yield,1.156258965286411
4942,TG2009A20201,Togo,TG,Plateaux,Haho,Haho,Sorghum,Main,2011,5,2011,11,All (PS),yield,1.2310338238104337
4943,TG2009A20201,Togo,TG,Plateaux,Haho,Haho,Sorghum,Main,2012,5,2012,11,All (PS),yield,1.2075202284626367
4944,TG2009A20201,Togo,TG,Plateaux,Haho,Haho,Sorghum,Main,2013,5,2013,11,All (PS),yield,1.0391259815636735
4945,TG2009A20201,Togo,TG,Plateaux,Haho,Haho,Sorghum,Main,2014,5,2014,11,All (PS),yield,1.5731854838709678
4946,TG2009A20201,Togo,TG,Plateaux,Haho,Haho,Sorghum,Main,2015,5,2015,11,All (PS),yield,0.9446529080675422
4947,TG2009A20201,Togo,TG,Plateaux,Haho,Haho,Maize,Main,1995,5,1995,11,All (PS),yield,1.3734140115344615
4948,TG2009A20201,Togo,TG,Plateaux,Haho,Haho,Maize,Main,1996,5,1996,11,All (PS),yield,1.125289162411069
4949,TG2009A20201,Togo,TG,Plateaux,Haho,Haho,Maize,Main,1997,5,1997,11,All (PS),yield,1.0575513564529408
4950,TG2009A20201,Togo,TG,Plateaux,Haho,Haho,Maize,Main,1998,5,1998,11,All (PS),yield,1.3807440772662305
4951,TG2009A20201,Togo,TG,Plateaux,Haho,Haho,Maize,Main,1999,5,1999,11,All (PS),yield,0.8940391399105758
4952,TG2009A20201,Togo,TG,Plateaux,Haho,Haho,Maize,Main,2000,5,2000,11,All (PS),yield,1.812633491272433
4953,TG2009A20201,Togo,TG,Plateaux,Haho,Haho,Maize,Main,2001,5,2001,11,All (PS),yield,1.762923846581434
4954,TG2009A20201,Togo,TG,Plateaux,Haho,Haho,Maize,Main,2002,5,2002,11,All (PS),yield,1.5457988892585672
4955,TG2009A20201,Togo,TG,Plateaux,Haho,Haho,Maize,Main,2003,5,2003,11,All (PS),yield,1.810322397521111
4956,TG2009A20201,Togo,TG,Plateaux,Haho,Haho,Maize,Main,2004,5,2004,11,All (PS),yield,2.043246825873532
4957,TG2009A20201,Togo,TG,Plateaux,Haho,Haho,Maize,Main,2005,5,2005,11,All (PS),yield,2.0222227116553606
4958,TG2009A20201,Togo,TG,Plateaux,Haho,Haho,Maize,Main,2006,5,2006,11,All (PS),yield,1.7944902769593398
4959,TG2009A20201,Togo,TG,Plateaux,Haho,Haho,Maize,Main,2007,5,2007,11,All (PS),yield,1.567279135152259
4960,TG2009A20201,Togo,TG,Plateaux,Haho,Haho,Maize,Main,2008,5,2008,11,All (PS),yield,1.5393338507103376
4961,TG2009A20201,Togo,TG,Plateaux,Haho,Haho,Maize,Main,2009,5,2009,11,All (PS),yield,1.463234059442214
4962,TG2009A20201,Togo,TG,Plateaux,Haho,Haho,Maize,Main,2010,5,2010,11,All (PS),yield,1.4098321777827378
4963,TG2009A20201,Togo,TG,Plateaux,Haho,Haho,Maize,Main,2011,5,2011,11,All (PS),yield,1.5052551909290834
4964,TG2009A20201,Togo,TG,Plateaux,Haho,Haho,Maize,Main,2012,5,2012,11,All (PS),yield,1.3063775940610765
4965,TG2009A20201,Togo,TG,Plateaux,Haho,Haho,Maize,Main,2013,5,2013,11,All (PS),yield,1.1565324384787472
4966,TG2009A20201,Togo,TG,Plateaux,Haho,Haho,Maize,Main,2014,5,2014,11,All (PS),yield,1.3313669711034586
4967,TG2009A20201,Togo,TG,Plateaux,Haho,Haho,Maize,Main,2015,5,2015,11,All (PS),yield,1.9361550520165314
4968,TG2009A20201,Togo,TG,Plateaux,Haho,Haho,Millet,Main,2012,5,2012,11,All (PS),yield,0.7226194956718103
4969,TG2009A20201,Togo,TG,Plateaux,Haho,Haho,Millet,Main,2013,5,2013,11,All (PS),yield,3.716642754662841
4970,TG2009A20201,Togo,TG,Plateaux,Haho,Haho,Millet,Main,2014,5,2014,11,All (PS),yield,1.5240495980378799
4971,TG2009A20201,Togo,TG,Plateaux,Haho,Haho,Millet,Main,2015,5,2015,11,All (PS),yield,0.8255372945638433
4972,TG2009A20201,Togo,TG,Plateaux,Haho,Haho,Rice,Annual,2010,5,2010,11,All (PS),yield,1.2993542435424354
4973,TG2009A20201,Togo,TG,Plateaux,Haho,Haho,Rice,Annual,2011,5,2011,11,All (PS),yield,1.5518653321201092
4974,TG2009A20201,Togo,TG,Plateaux,Haho,Haho,Rice,Annual,2012,5,2012,11,All (PS),yield,1.0548483713964807
4975,TG2009A20201,Togo,TG,Plateaux,Haho,Haho,Rice,Annual,2013,5,2013,11,All (PS),yield,0.8910675381263616
4976,TG2009A20201,Togo,TG,Plateaux,Haho,Haho,Rice,Annual,2014,5,2014,11,All (PS),yield,1.2882703777335984
4977,TG2009A20201,Togo,TG,Plateaux,Haho,Haho,Rice,Annual,2015,5,2015,11,All (PS),yield,0.9803328290468987
4978,TG2009A20201,Togo,TG,Plateaux,Haho,Haho,Cassava,Main,2010,5,2010,11,All (PS),yield,6.3677412793654025
4979,TG2009A20201,Togo,TG,Plateaux,Haho,Haho,Cassava,Main,2011,5,2011,11,All (PS),yield,7.375869627370628
4980,TG2009A20201,Togo,TG,Plateaux,Haho,Haho,Cassava,Main,2012,5,2012,11,All (PS),yield,5.493781486146096
4981,TG2009A20201,Togo,TG,Plateaux,Haho,Haho,Cassava,Main,2013,5,2013,11,All (PS),yield,4.518738174938146
4982,TG2009A20201,Togo,TG,Plateaux,Haho,Haho,Cassava,Main,2014,5,2014,11,All (PS),yield,6.808419425117718
4983,TG2009A20201,Togo,TG,Plateaux,Haho,Haho,Cassava,Main,2015,5,2015,11,All (PS),yield,4.566255634616101
4984,TG2009A20201,Togo,TG,Plateaux,Haho,Haho,Soybean,Main,2015,5,2015,11,All (PS),yield,0.42053445850914206
4985,TG2009A20201,Togo,TG,Plateaux,Haho,Haho,Yams,Main,2010,5,2010,11,All (PS),yield,6.859544658493871
4986,TG2009A20201,Togo,TG,Plateaux,Haho,Haho,Yams,Main,2011,5,2011,11,All (PS),yield,7.096531998569897
4987,TG2009A20201,Togo,TG,Plateaux,Haho,Haho,Yams,Main,2012,5,2012,11,All (PS),yield,7.586273477268738
4988,TG2009A20201,Togo,TG,Plateaux,Haho,Haho,Yams,Main,2013,5,2013,11,All (PS),yield,12.610042735042734
4989,TG2009A20201,Togo,TG,Plateaux,Haho,Haho,Yams,Main,2014,5,2014,11,All (PS),yield,8.456225252969643
4990,TG2009A20201,Togo,TG,Plateaux,Haho,Haho,Yams,Main,2015,5,2015,11,All (PS),yield,8.526270082501085
4991,TG2009A20201,Togo,TG,Plateaux,Haho,Haho,Groundnuts (In Shell),Main,2010,5,2010,11,All (PS),yield,0.6998590887740723
4992,TG2009A20201,Togo,TG,Plateaux,Haho,Haho,Groundnuts (In Shell),Main,2011,5,2011,11,All (PS),yield,0.7825497287522604
4993,TG2009A20201,Togo,TG,Plateaux,Haho,Haho,Groundnuts (In Shell),Main,2012,5,2012,11,All (PS),yield,0.5791245791245792
4994,TG2009A20201,Togo,TG,Plateaux,Haho,Haho,Groundnuts (In Shell),Main,2013,5,2013,11,All (PS),yield,0.6811594202898551
4995,TG2009A20201,Togo,TG,Plateaux,Haho,Haho,Groundnuts (In Shell),Main,2014,5,2014,11,All (PS),yield,0.3229166666666667
4996,TG2009A20201,Togo,TG,Plateaux,Haho,Haho,Groundnuts (In Shell),Main,2015,5,2015,11,All (PS),yield,0.4357142857142857
4997,TG2009A20201,Togo,TG,Plateaux,Haho,Haho,Cowpea,Main,2010,5,2010,11,All (PS),yield,0.3121476470239155
4998,TG2009A20201,Togo,TG,Plateaux,Haho,Haho,Cowpea,Main,2011,5,2011,11,All (PS),yield,0.4004655882528502
4999,TG2009A20201,Togo,TG,Plateaux,Haho,Haho,Cowpea,Main,2012,5,2012,11,All (PS),yield,0.30426317556226923
5000,TG2009A20201,Togo,TG,Plateaux,Haho,Haho,Cowpea,Main,2013,5,2013,11,All (PS),yield,0.21762632197414805
5001,TG2009A20201,Togo,TG,Plateaux,Haho,Haho,Cowpea,Main,2014,5,2014,11,All (PS),yield,0.31533830650438427
5002,TG2009A20201,Togo,TG,Plateaux,Haho,Haho,Cowpea,Main,2015,5,2015,11,All (PS),yield,0.3683687509555114
5003,TG2009A20202,Togo,TG,Plateaux,Kloto,Kloto,Sorghum,Main,1995,5,1995,11,All (PS),yield,0.962685131756107
5004,TG2009A20202,Togo,TG,Plateaux,Kloto,Kloto,Sorghum,Main,1997,5,1997,11,All (PS),yield,0.4522474468909641
5005,TG2009A20202,Togo,TG,Plateaux,Kloto,Kloto,Sorghum,Main,1998,5,1998,11,All (PS),yield,0.661551830261566
5006,TG2009A20202,Togo,TG,Plateaux,Kloto,Kloto,Sorghum,Main,1999,5,1999,11,All (PS),yield,0.4916467780429595
5007,TG2009A20202,Togo,TG,Plateaux,Kloto,Kloto,Sorghum,Main,2000,5,2000,11,All (PS),yield,0.7373068432671082
5008,TG2009A20202,Togo,TG,Plateaux,Kloto,Kloto,Sorghum,Main,2001,5,2001,11,All (PS),yield,0.4295859574637515
5009,TG2009A20202,Togo,TG,Plateaux,Kloto,Kloto,Sorghum,Main,2002,5,2002,11,All (PS),yield,0.5745147314601573
5010,TG2009A20202,Togo,TG,Plateaux,Kloto,Kloto,Sorghum,Main,2003,5,2003,11,All (PS),yield,0.6298442365788799
5011,TG2009A20202,Togo,TG,Plateaux,Kloto,Kloto,Sorghum,Main,2004,5,2004,11,All (PS),yield,0.9698256084203872
5012,TG2009A20202,Togo,TG,Plateaux,Kloto,Kloto,Sorghum,Main,2005,5,2005,11,All (PS),yield,1.180722891566265
5013,TG2009A20202,Togo,TG,Plateaux,Kloto,Kloto,Sorghum,Main,2006,5,2006,11,All (PS),yield,0.6124463935817999
5014,TG2009A20202,Togo,TG,Plateaux,Kloto,Kloto,Sorghum,Main,2007,5,2007,11,All (PS),yield,0.6215814622703554
5015,TG2009A20202,Togo,TG,Plateaux,Kloto,Kloto,Sorghum,Main,2008,5,2008,11,All (PS),yield,0.6919890763057553
5016,TG2009A20202,Togo,TG,Plateaux,Kloto,Kloto,Sorghum,Main,2009,5,2009,11,All (PS),yield,0.7722513089005235
5017,TG2009A20202,Togo,TG,Plateaux,Kloto,Kloto,Sorghum,Main,2010,5,2010,11,All (PS),yield,1.0505050505050506
5018,TG2009A20202,Togo,TG,Plateaux,Kloto,Kloto,Sorghum,Main,2011,5,2011,11,All (PS),yield,1.2851123595505618
5019,TG2009A20202,Togo,TG,Plateaux,Kloto,Kloto,Maize,Main,1995,5,1995,11,All (PS),yield,1.062690263660286
5020,TG2009A20202,Togo,TG,Plateaux,Kloto,Kloto,Maize,Main,1996,5,1996,11,All (PS),yield,0.7435258964143427
5021,TG2009A20202,Togo,TG,Plateaux,Kloto,Kloto,Maize,Main,1997,5,1997,11,All (PS),yield,0.9982412879299122
5022,TG2009A20202,Togo,TG,Plateaux,Kloto,Kloto,Maize,Main,1998,5,1998,11,All (PS),yield,1.2288145588094088
5023,TG2009A20202,Togo,TG,Plateaux,Kloto,Kloto,Maize,Main,1999,5,1999,11,All (PS),yield,1.0301874094135464
5024,TG2009A20202,Togo,TG,Plateaux,Kloto,Kloto,Maize,Main,2000,5,2000,11,All (PS),yield,1.472229923862797
5025,TG2009A20202,Togo,TG,Plateaux,Kloto,Kloto,Maize,Main,2001,5,2001,11,All (PS),yield,1.492280472983273
5026,TG2009A20202,Togo,TG,Plateaux,Kloto,Kloto,Maize,Main,2002,5,2002,11,All (PS),yield,1.4965345328240034
5027,TG2009A20202,Togo,TG,Plateaux,Kloto,Kloto,Maize,Main,2003,5,2003,11,All (PS),yield,1.5357305165357387
5028,TG2009A20202,Togo,TG,Plateaux,Kloto,Kloto,Maize,Main,2004,5,2004,11,All (PS),yield,1.5201023019810267
5029,TG2009A20202,Togo,TG,Plateaux,Kloto,Kloto,Maize,Main,2005,5,2005,11,All (PS),yield,1.5703316108187355
5030,TG2009A20202,Togo,TG,Plateaux,Kloto,Kloto,Maize,Main,2006,5,2006,11,All (PS),yield,1.1422761533288757
5031,TG2009A20202,Togo,TG,Plateaux,Kloto,Kloto,Maize,Main,2007,5,2007,11,All (PS),yield,1.1508294298626867
5032,TG2009A20202,Togo,TG,Plateaux,Kloto,Kloto,Maize,Main,2008,5,2008,11,All (PS),yield,1.4452340940084987
5033,TG2009A20202,Togo,TG,Plateaux,Kloto,Kloto,Maize,Main,2009,5,2009,11,All (PS),yield,1.5198876238355759
5034,TG2009A20202,Togo,TG,Plateaux,Kloto,Kloto,Maize,Main,2010,5,2010,11,All (PS),yield,1.425156648874449
5035,TG2009A20202,Togo,TG,Plateaux,Kloto,Kloto,Maize,Main,2011,5,2011,11,All (PS),yield,1.5156484727090636
5036,TG2009A20202,Togo,TG,Plateaux,Kloto,Kloto,Maize,Main,2012,5,2012,11,All (PS),yield,1.3303235515425131
5037,TG2009A20202,Togo,TG,Plateaux,Kloto,Kloto,Maize,Main,2013,5,2013,11,All (PS),yield,1.0645904023267088
5038,TG2009A20202,Togo,TG,Plateaux,Kloto,Kloto,Maize,Main,2014,5,2014,11,All (PS),yield,1.3391237212893263
5039,TG2009A20202,Togo,TG,Plateaux,Kloto,Kloto,Maize,Main,2015,5,2015,11,All (PS),yield,1.7821522309711286
5040,TG2009A20202,Togo,TG,Plateaux,Kloto,Kloto,Rice,Annual,2010,5,2010,11,All (PS),yield,1.2102040816326531
5041,TG2009A20202,Togo,TG,Plateaux,Kloto,Kloto,Rice,Annual,2011,5,2011,11,All (PS),yield,1.5508982035928143
5042,TG2009A20202,Togo,TG,Plateaux,Kloto,Kloto,Rice,Annual,2012,5,2012,11,All (PS),yield,0.047244094488188976
5043,TG2009A20202,Togo,TG,Plateaux,Kloto,Kloto,Cassava,Main,2010,5,2010,11,All (PS),yield,7.105643994211288
5044,TG2009A20202,Togo,TG,Plateaux,Kloto,Kloto,Cassava,Main,2011,5,2011,11,All (PS),yield,7.595462328767123
5045,TG2009A20202,Togo,TG,Plateaux,Kloto,Kloto,Cassava,Main,2012,5,2012,11,All (PS),yield,3.2547660311958406
5046,TG2009A20202,Togo,TG,Plateaux,Kloto,Kloto,Cassava,Main,2013,5,2013,11,All (PS),yield,6.220110847189232
5047,TG2009A20202,Togo,TG,Plateaux,Kloto,Kloto,Cassava,Main,2014,5,2014,11,All (PS),yield,3.105252484283107
5048,TG2009A20202,Togo,TG,Plateaux,Kloto,Kloto,Cassava,Main,2015,5,2015,11,All (PS),yield,6.285772192946899
5049,TG2009A20202,Togo,TG,Plateaux,Kloto,Kloto,Yams,Main,2010,5,2010,11,All (PS),yield,9.21951219512195
5050,TG2009A20202,Togo,TG,Plateaux,Kloto,Kloto,Yams,Main,2011,5,2011,11,All (PS),yield,9.570658036677454
5051,TG2009A20202,Togo,TG,Plateaux,Kloto,Kloto,Yams,Main,2012,5,2012,11,All (PS),yield,8.26352813852814
5052,TG2009A20202,Togo,TG,Plateaux,Kloto,Kloto,Yams,Main,2013,5,2013,11,All (PS),yield,11.232510288065845
5053,TG2009A20202,Togo,TG,Plateaux,Kloto,Kloto,Yams,Main,2014,5,2014,11,All (PS),yield,8.131019387116948
5054,TG2009A20202,Togo,TG,Plateaux,Kloto,Kloto,Yams,Main,2015,5,2015,11,All (PS),yield,7.593645484949833
5055,TG2009A20202,Togo,TG,Plateaux,Kloto,Kloto,Groundnuts (In Shell),Main,2010,5,2010,11,All (PS),yield,0.625
5056,TG2009A20202,Togo,TG,Plateaux,Kloto,Kloto,Groundnuts (In Shell),Main,2011,5,2011,11,All (PS),yield,0.6764705882352942
5057,TG2009A20202,Togo,TG,Plateaux,Kloto,Kloto,Groundnuts (In Shell),Main,2012,5,2012,11,All (PS),yield,0.4835680751173709
5058,TG2009A20202,Togo,TG,Plateaux,Kloto,Kloto,Groundnuts (In Shell),Main,2013,5,2013,11,All (PS),yield,0.6327462491846053
5059,TG2009A20202,Togo,TG,Plateaux,Kloto,Kloto,Groundnuts (In Shell),Main,2014,5,2014,11,All (PS),yield,0.5677811550151975
5060,TG2009A20202,Togo,TG,Plateaux,Kloto,Kloto,Groundnuts (In Shell),Main,2015,5,2015,11,All (PS),yield,0.4056482670089859
5061,TG2009A20202,Togo,TG,Plateaux,Kloto,Kloto,Cowpea,Main,2010,5,2010,11,All (PS),yield,0.5614316239316239
5062,TG2009A20202,Togo,TG,Plateaux,Kloto,Kloto,Cowpea,Main,2011,5,2011,11,All (PS),yield,0.5413458319383997
5063,TG2009A20202,Togo,TG,Plateaux,Kloto,Kloto,Cowpea,Main,2012,5,2012,11,All (PS),yield,0.5590742101396032
5064,TG2009A20202,Togo,TG,Plateaux,Kloto,Kloto,Cowpea,Main,2013,5,2013,11,All (PS),yield,0.3320954907161804
5065,TG2009A20202,Togo,TG,Plateaux,Kloto,Kloto,Cowpea,Main,2014,5,2014,11,All (PS),yield,0.5317338882428545
5066,TG2009A20202,Togo,TG,Plateaux,Kloto,Kloto,Cowpea,Main,2015,5,2015,11,All (PS),yield,0.5621845476899184
5067,TG2009A20203,Togo,TG,Plateaux,Wawa,Wawa,Maize,Main,1995,5,1995,11,All (PS),yield,1.5354679445291513
5068,TG2009A20203,Togo,TG,Plateaux,Wawa,Wawa,Maize,Main,1996,5,1996,11,All (PS),yield,1.0254425689584192
5069,TG2009A20203,Togo,TG,Plateaux,Wawa,Wawa,Maize,Main,1997,5,1997,11,All (PS),yield,0.9006522829904666
5070,TG2009A20203,Togo,TG,Plateaux,Wawa,Wawa,Maize,Main,1998,5,1998,11,All (PS),yield,1.0582010582010581
5071,TG2009A20203,Togo,TG,Plateaux,Wawa,Wawa,Maize,Main,1999,5,1999,11,All (PS),yield,0.8195940347970173
5072,TG2009A20203,Togo,TG,Plateaux,Wawa,Wawa,Maize,Main,2000,5,2000,11,All (PS),yield,1.0155948834764323
5073,TG2009A20203,Togo,TG,Plateaux,Wawa,Wawa,Maize,Main,2001,5,2001,11,All (PS),yield,1.8661914460285134
5074,TG2009A20203,Togo,TG,Plateaux,Wawa,Wawa,Maize,Main,2002,5,2002,11,All (PS),yield,1.251304996271439
5075,TG2009A20203,Togo,TG,Plateaux,Wawa,Wawa,Maize,Main,2003,5,2003,11,All (PS),yield,1.2753519446432833
5076,TG2009A20203,Togo,TG,Plateaux,Wawa,Wawa,Maize,Main,2004,5,2004,11,All (PS),yield,1.1314171789333776
5077,TG2009A20203,Togo,TG,Plateaux,Wawa,Wawa,Maize,Main,2005,5,2005,11,All (PS),yield,1.175928008998875
5078,TG2009A20203,Togo,TG,Plateaux,Wawa,Wawa,Maize,Main,2006,5,2006,11,All (PS),yield,1.1765704584040748
5079,TG2009A20203,Togo,TG,Plateaux,Wawa,Wawa,Maize,Main,2007,5,2007,11,All (PS),yield,1.6865242399342648
5080,TG2009A20203,Togo,TG,Plateaux,Wawa,Wawa,Maize,Main,2008,5,2008,11,All (PS),yield,1.3950046253469008
5081,TG2009A20203,Togo,TG,Plateaux,Wawa,Wawa,Maize,Main,2009,5,2009,11,All (PS),yield,1.3551174124944616
5082,TG2009A20203,Togo,TG,Plateaux,Wawa,Wawa,Maize,Main,2010,5,2010,11,All (PS),yield,1.4429034446370694
5083,TG2009A20203,Togo,TG,Plateaux,Wawa,Wawa,Maize,Main,2011,5,2011,11,All (PS),yield,1.4711280214861235
5084,TG2009A20203,Togo,TG,Plateaux,Wawa,Wawa,Maize,Main,2012,5,2012,11,All (PS),yield,1.3516079181691074
5085,TG2009A20203,Togo,TG,Plateaux,Wawa,Wawa,Maize,Main,2013,5,2013,11,All (PS),yield,1.080945478871669
5086,TG2009A20203,Togo,TG,Plateaux,Wawa,Wawa,Maize,Main,2014,5,2014,11,All (PS),yield,1.3604127785706444
5087,TG2009A20203,Togo,TG,Plateaux,Wawa,Wawa,Maize,Main,2015,5,2015,11,All (PS),yield,1.8096590909090908
5088,TG2009A20203,Togo,TG,Plateaux,Wawa,Wawa,Rice,Annual,2010,5,2010,11,All (PS),yield,1.2416107382550337
5089,TG2009A20203,Togo,TG,Plateaux,Wawa,Wawa,Rice,Annual,2011,5,2011,11,All (PS),yield,1.3210659898477157
5090,TG2009A20203,Togo,TG,Plateaux,Wawa,Wawa,Rice,Annual,2012,5,2012,11,All (PS),yield,1.0644431882419445
5091,TG2009A20203,Togo,TG,Plateaux,Wawa,Wawa,Rice,Annual,2013,5,2013,11,All (PS),yield,0.8238951809904508
5092,TG2009A20203,Togo,TG,Plateaux,Wawa,Wawa,Rice,Annual,2014,5,2014,11,All (PS),yield,1.0652883569096845
5093,TG2009A20203,Togo,TG,Plateaux,Wawa,Wawa,Rice,Annual,2015,5,2015,11,All (PS),yield,0.9053637484586929
5094,TG2009A20203,Togo,TG,Plateaux,Wawa,Wawa,Cassava,Main,2010,5,2010,11,All (PS),yield,6.268276868212028
5095,TG2009A20203,Togo,TG,Plateaux,Wawa,Wawa,Cassava,Main,2011,5,2011,11,All (PS),yield,7.560169225947979
5096,TG2009A20203,Togo,TG,Plateaux,Wawa,Wawa,Cassava,Main,2012,5,2012,11,All (PS),yield,4.66626213592233
5097,TG2009A20203,Togo,TG,Plateaux,Wawa,Wawa,Cassava,Main,2013,5,2013,11,All (PS),yield,5.456135061802834
5098,TG2009A20203,Togo,TG,Plateaux,Wawa,Wawa,Cassava,Main,2014,5,2014,11,All (PS),yield,5.236865942028985
5099,TG2009A20203,Togo,TG,Plateaux,Wawa,Wawa,Cassava,Main,2015,5,2015,11,All (PS),yield,5.512962962962963
5100,TG2009A20203,Togo,TG,Plateaux,Wawa,Wawa,Soybean,Main,2015,5,2015,11,All (PS),yield,0.1308411214953271
5101,TG2009A20203,Togo,TG,Plateaux,Wawa,Wawa,Yams,Main,2010,5,2010,11,All (PS),yield,9.078476630121177
5102,TG2009A20203,Togo,TG,Plateaux,Wawa,Wawa,Yams,Main,2011,5,2011,11,All (PS),yield,9.80649295173003
5103,TG2009A20203,Togo,TG,Plateaux,Wawa,Wawa,Yams,Main,2012,5,2012,11,All (PS),yield,7.951426368542791
5104,TG2009A20203,Togo,TG,Plateaux,Wawa,Wawa,Yams,Main,2013,5,2013,11,All (PS),yield,12.837947882736156
5105,TG2009A20203,Togo,TG,Plateaux,Wawa,Wawa,Yams,Main,2014,5,2014,11,All (PS),yield,7.530695770804911
5106,TG2009A20203,Togo,TG,Plateaux,Wawa,Wawa,Yams,Main,2015,5,2015,11,All (PS),yield,8.679020516214427
5107,TG2009A20203,Togo,TG,Plateaux,Wawa,Wawa,Groundnuts (In Shell),Main,2010,5,2010,11,All (PS),yield,0.6409574468085106
5108,TG2009A20203,Togo,TG,Plateaux,Wawa,Wawa,Groundnuts (In Shell),Main,2011,5,2011,11,All (PS),yield,0.7516778523489933
5109,TG2009A20203,Togo,TG,Plateaux,Wawa,Wawa,Groundnuts (In Shell),Main,2012,5,2012,11,All (PS),yield,0.6837606837606838
5110,TG2009A20203,Togo,TG,Plateaux,Wawa,Wawa,Groundnuts (In Shell),Main,2013,5,2013,11,All (PS),yield,0.6922336328626444
5111,TG2009A20203,Togo,TG,Plateaux,Wawa,Wawa,Groundnuts (In Shell),Main,2014,5,2014,11,All (PS),yield,0.8527315914489311
5112,TG2009A20203,Togo,TG,Plateaux,Wawa,Wawa,Groundnuts (In Shell),Main,2015,5,2015,11,All (PS),yield,0.4439532680770445
5113,TG2009A20203,Togo,TG,Plateaux,Wawa,Wawa,Cowpea,Main,2010,5,2010,11,All (PS),yield,0.42
5114,TG2009A20203,Togo,TG,Plateaux,Wawa,Wawa,Cowpea,Main,2011,5,2011,11,All (PS),yield,0.486
5115,TG2009A20203,Togo,TG,Plateaux,Wawa,Wawa,Cowpea,Main,2012,5,2012,11,All (PS),yield,0.525
5116,TG2009A20203,Togo,TG,Plateaux,Wawa,Wawa,Cowpea,Main,2013,5,2013,11,All (PS),yield,0.404
5117,TG2009A20203,Togo,TG,Plateaux,Wawa,Wawa,Cowpea,Main,2014,5,2014,11,All (PS),yield,0.536
5118,TG2009A20203,Togo,TG,Plateaux,Wawa,Wawa,Cowpea,Main,2015,5,2015,11,All (PS),yield,0.467
5119,TG2009A20204,Togo,TG,Plateaux,Ogou,Ogou,Sorghum,Main,1995,5,1995,11,All (PS),yield,1.1531282663879348
5120,TG2009A20204,Togo,TG,Plateaux,Ogou,Ogou,Sorghum,Main,1996,5,1996,11,All (PS),yield,1.3528665469778576
5121,TG2009A20204,Togo,TG,Plateaux,Ogou,Ogou,Sorghum,Main,1997,5,1997,11,All (PS),yield,0.49600114253070554
5122,TG2009A20204,Togo,TG,Plateaux,Ogou,Ogou,Sorghum,Main,1998,5,1998,11,All (PS),yield,0.6903326635409689
5123,TG2009A20204,Togo,TG,Plateaux,Ogou,Ogou,Sorghum,Main,1999,5,1999,11,All (PS),yield,0.5935407930552491
5124,TG2009A20204,Togo,TG,Plateaux,Ogou,Ogou,Sorghum,Main,2000,5,2000,11,All (PS),yield,1.0167833932740236
5125,TG2009A20204,Togo,TG,Plateaux,Ogou,Ogou,Sorghum,Main,2001,5,2001,11,All (PS),yield,1.1639561735370707
5126,TG2009A20204,Togo,TG,Plateaux,Ogou,Ogou,Sorghum,Main,2002,5,2002,11,All (PS),yield,0.8444931455749325
5127,TG2009A20204,Togo,TG,Plateaux,Ogou,Ogou,Sorghum,Main,2003,5,2003,11,All (PS),yield,0.9783977335326984
5128,TG2009A20204,Togo,TG,Plateaux,Ogou,Ogou,Sorghum,Main,2004,5,2004,11,All (PS),yield,0.6787576020851434
5129,TG2009A20204,Togo,TG,Plateaux,Ogou,Ogou,Sorghum,Main,2005,5,2005,11,All (PS),yield,1.5927311901116972
5130,TG2009A20204,Togo,TG,Plateaux,Ogou,Ogou,Sorghum,Main,2006,5,2006,11,All (PS),yield,1.0668844382563993
5131,TG2009A20204,Togo,TG,Plateaux,Ogou,Ogou,Sorghum,Main,2007,5,2007,11,All (PS),yield,1.0266091712242322
5132,TG2009A20204,Togo,TG,Plateaux,Ogou,Ogou,Sorghum,Main,2008,5,2008,11,All (PS),yield,1.2092347279138473
5133,TG2009A20204,Togo,TG,Plateaux,Ogou,Ogou,Sorghum,Main,2009,5,2009,11,All (PS),yield,1.208233436641132
5134,TG2009A20204,Togo,TG,Plateaux,Ogou,Ogou,Sorghum,Main,2010,5,2010,11,All (PS),yield,1.176671834072807
5135,TG2009A20204,Togo,TG,Plateaux,Ogou,Ogou,Sorghum,Main,2011,5,2011,11,All (PS),yield,1.2805066419524251
5136,TG2009A20204,Togo,TG,Plateaux,Ogou,Ogou,Sorghum,Main,2012,5,2012,11,All (PS),yield,0.6822987408685437
5137,TG2009A20204,Togo,TG,Plateaux,Ogou,Ogou,Sorghum,Main,2013,5,2013,11,All (PS),yield,0.64167753150804
5138,TG2009A20204,Togo,TG,Plateaux,Ogou,Ogou,Sorghum,Main,2014,5,2014,11,All (PS),yield,0.8803786574870912
5139,TG2009A20204,Togo,TG,Plateaux,Ogou,Ogou,Sorghum,Main,2015,5,2015,11,All (PS),yield,0.5833436994651076
5140,TG2009A20204,Togo,TG,Plateaux,Ogou,Ogou,Maize,Main,1995,5,1995,11,All (PS),yield,1.353441894892672
5141,TG2009A20204,Togo,TG,Plateaux,Ogou,Ogou,Maize,Main,1996,5,1996,11,All (PS),yield,1.0184616041319845
5142,TG2009A20204,Togo,TG,Plateaux,Ogou,Ogou,Maize,Main,1997,5,1997,11,All (PS),yield,1.05614406779661
5143,TG2009A20204,Togo,TG,Plateaux,Ogou,Ogou,Maize,Main,1998,5,1998,11,All (PS),yield,1.3726163559575106
5144,TG2009A20204,Togo,TG,Plateaux,Ogou,Ogou,Maize,Main,1999,5,1999,11,All (PS),yield,0.941720034569105
5145,TG2009A20204,Togo,TG,Plateaux,Ogou,Ogou,Maize,Main,2000,5,2000,11,All (PS),yield,1.6358563905374905
5146,TG2009A20204,Togo,TG,Plateaux,Ogou,Ogou,Maize,Main,2001,5,2001,11,All (PS),yield,1.5867662310723916
5147,TG2009A20204,Togo,TG,Plateaux,Ogou,Ogou,Maize,Main,2002,5,2002,11,All (PS),yield,1.4797653205430175
5148,TG2009A20204,Togo,TG,Plateaux,Ogou,Ogou,Maize,Main,2003,5,2003,11,All (PS),yield,1.4854370953302938
5149,TG2009A20204,Togo,TG,Plateaux,Ogou,Ogou,Maize,Main,2004,5,2004,11,All (PS),yield,1.3166912306558585
5150,TG2009A20204,Togo,TG,Plateaux,Ogou,Ogou,Maize,Main,2005,5,2005,11,All (PS),yield,1.5812986363960877
5151,TG2009A20204,Togo,TG,Plateaux,Ogou,Ogou,Maize,Main,2006,5,2006,11,All (PS),yield,1.0668198927417474
5152,TG2009A20204,Togo,TG,Plateaux,Ogou,Ogou,Maize,Main,2007,5,2007,11,All (PS),yield,1.3508306794471552
5153,TG2009A20204,Togo,TG,Plateaux,Ogou,Ogou,Maize,Main,2008,5,2008,11,All (PS),yield,1.388530488183115
5154,TG2009A20204,Togo,TG,Plateaux,Ogou,Ogou,Maize,Main,2009,5,2009,11,All (PS),yield,1.4490891817092817
5155,TG2009A20204,Togo,TG,Plateaux,Ogou,Ogou,Maize,Main,2010,5,2010,11,All (PS),yield,1.0587109125717933
5156,TG2009A20204,Togo,TG,Plateaux,Ogou,Ogou,Maize,Main,2011,5,2011,11,All (PS),yield,1.4648270806607848
5157,TG2009A20204,Togo,TG,Plateaux,Ogou,Ogou,Maize,Main,2012,5,2012,11,All (PS),yield,1.4772636678625088
5158,TG2009A20204,Togo,TG,Plateaux,Ogou,Ogou,Maize,Main,2013,5,2013,11,All (PS),yield,1.1728971962616823
5159,TG2009A20204,Togo,TG,Plateaux,Ogou,Ogou,Maize,Main,2014,5,2014,11,All (PS),yield,1.4776068258917863
5160,TG2009A20204,Togo,TG,Plateaux,Ogou,Ogou,Maize,Main,2015,5,2015,11,All (PS),yield,1.963564681290186
5161,TG2009A20204,Togo,TG,Plateaux,Ogou,Ogou,Millet,Main,2012,5,2012,11,All (PS),yield,0.7888888888888889
5162,TG2009A20204,Togo,TG,Plateaux,Ogou,Ogou,Millet,Main,2013,5,2013,11,All (PS),yield,3.210526315789474
5163,TG2009A20204,Togo,TG,Plateaux,Ogou,Ogou,Millet,Main,2015,5,2015,11,All (PS),yield,0.7058823529411765
5164,TG2009A20204,Togo,TG,Plateaux,Ogou,Ogou,Rice,Annual,2010,5,2010,11,All (PS),yield,1.2089517078916372
5165,TG2009A20204,Togo,TG,Plateaux,Ogou,Ogou,Rice,Annual,2011,5,2011,11,All (PS),yield,1.4639879573876795
5166,TG2009A20204,Togo,TG,Plateaux,Ogou,Ogou,Rice,Annual,2012,5,2012,11,All (PS),yield,1.1850649350649352
5167,TG2009A20204,Togo,TG,Plateaux,Ogou,Ogou,Rice,Annual,2013,5,2013,11,All (PS),yield,1.1656662665066027
5168,TG2009A20204,Togo,TG,Plateaux,Ogou,Ogou,Rice,Annual,2014,5,2014,11,All (PS),yield,0.9846153846153847
5169,TG2009A20204,Togo,TG,Plateaux,Ogou,Ogou,Rice,Annual,2015,5,2015,11,All (PS),yield,1.28
5170,TG2009A20204,Togo,TG,Plateaux,Ogou,Ogou,Cassava,Main,2010,5,2010,11,All (PS),yield,5.651429579950582
5171,TG2009A20204,Togo,TG,Plateaux,Ogou,Ogou,Cassava,Main,2011,5,2011,11,All (PS),yield,7.609392407232839
5172,TG2009A20204,Togo,TG,Plateaux,Ogou,Ogou,Cassava,Main,2012,5,2012,11,All (PS),yield,5.186327503974563
5173,TG2009A20204,Togo,TG,Plateaux,Ogou,Ogou,Cassava,Main,2013,5,2013,11,All (PS),yield,4.3046884416054
5174,TG2009A20204,Togo,TG,Plateaux,Ogou,Ogou,Cassava,Main,2014,5,2014,11,All (PS),yield,4.351260686072936
5175,TG2009A20204,Togo,TG,Plateaux,Ogou,Ogou,Cassava,Main,2015,5,2015,11,All (PS),yield,4.349703849950641
5176,TG2009A20204,Togo,TG,Plateaux,Ogou,Ogou,Soybean,Main,2015,5,2015,11,All (PS),yield,0.44397163120567373
5177,TG2009A20204,Togo,TG,Plateaux,Ogou,Ogou,Yams,Main,2010,5,2010,11,All (PS),yield,7.849549774887444
5178,TG2009A20204,Togo,TG,Plateaux,Ogou,Ogou,Yams,Main,2011,5,2011,11,All (PS),yield,8.327058823529411
5179,TG2009A20204,Togo,TG,Plateaux,Ogou,Ogou,Yams,Main,2012,5,2012,11,All (PS),yield,10.70779392338177
5180,TG2009A20204,Togo,TG,Plateaux,Ogou,Ogou,Yams,Main,2013,5,2013,11,All (PS),yield,14.275919732441471
5181,TG2009A20204,Togo,TG,Plateaux,Ogou,Ogou,Yams,Main,2014,5,2014,11,All (PS),yield,8.5080068982508
5182,TG2009A20204,Togo,TG,Plateaux,Ogou,Ogou,Yams,Main,2015,5,2015,11,All (PS),yield,9.654996600951733
5183,TG2009A20204,Togo,TG,Plateaux,Ogou,Ogou,Groundnuts (In Shell),Main,2010,5,2010,11,All (PS),yield,0.6074931345625736
5184,TG2009A20204,Togo,TG,Plateaux,Ogou,Ogou,Groundnuts (In Shell),Main,2011,5,2011,11,All (PS),yield,0.6466458658346333
5185,TG2009A20204,Togo,TG,Plateaux,Ogou,Ogou,Groundnuts (In Shell),Main,2012,5,2012,11,All (PS),yield,0.48271186440677966
5186,TG2009A20204,Togo,TG,Plateaux,Ogou,Ogou,Groundnuts (In Shell),Main,2013,5,2013,11,All (PS),yield,0.7952631578947369
5187,TG2009A20204,Togo,TG,Plateaux,Ogou,Ogou,Groundnuts (In Shell),Main,2014,5,2014,11,All (PS),yield,0.4476744186046512
5188,TG2009A20204,Togo,TG,Plateaux,Ogou,Ogou,Groundnuts (In Shell),Main,2015,5,2015,11,All (PS),yield,0.5100983946141895
5189,TG2009A20204,Togo,TG,Plateaux,Ogou,Ogou,Cowpea,Main,2010,5,2010,11,All (PS),yield,0.5930640913081651
5190,TG2009A20204,Togo,TG,Plateaux,Ogou,Ogou,Cowpea,Main,2011,5,2011,11,All (PS),yield,0.62578125
5191,TG2009A20204,Togo,TG,Plateaux,Ogou,Ogou,Cowpea,Main,2012,5,2012,11,All (PS),yield,0.4125710642367568
5192,TG2009A20204,Togo,TG,Plateaux,Ogou,Ogou,Cowpea,Main,2013,5,2013,11,All (PS),yield,0.36142857142857143
5193,TG2009A20204,Togo,TG,Plateaux,Ogou,Ogou,Cowpea,Main,2014,5,2014,11,All (PS),yield,0.34337408312958434
5194,TG2009A20204,Togo,TG,Plateaux,Ogou,Ogou,Cowpea,Main,2015,5,2015,11,All (PS),yield,0.6117790555845967
5195,TG2009A20205,Togo,TG,Plateaux,Amou,Amou,Sorghum,Main,1995,5,1995,11,All (PS),yield,0.46983449012279765
5196,TG2009A20205,Togo,TG,Plateaux,Amou,Amou,Sorghum,Main,1996,5,1996,11,All (PS),yield,0.6461824953445064
5197,TG2009A20205,Togo,TG,Plateaux,Amou,Amou,Sorghum,Main,1997,5,1997,11,All (PS),yield,0.36557894736842106
5198,TG2009A20205,Togo,TG,Plateaux,Amou,Amou,Sorghum,Main,1998,5,1998,11,All (PS),yield,0.6906924795234549
5199,TG2009A20205,Togo,TG,Plateaux,Amou,Amou,Sorghum,Main,1999,5,1999,11,All (PS),yield,0.7278978388998035
5200,TG2009A20205,Togo,TG,Plateaux,Amou,Amou,Sorghum,Main,2000,5,2000,11,All (PS),yield,1.1686131386861314
5201,TG2009A20205,Togo,TG,Plateaux,Amou,Amou,Sorghum,Main,2001,5,2001,11,All (PS),yield,1.1855670103092784
5202,TG2009A20205,Togo,TG,Plateaux,Amou,Amou,Sorghum,Main,2002,5,2002,11,All (PS),yield,1.001477104874446
5203,TG2009A20205,Togo,TG,Plateaux,Amou,Amou,Sorghum,Main,2003,5,2003,11,All (PS),yield,1.0069889341875364
5204,TG2009A20205,Togo,TG,Plateaux,Amou,Amou,Sorghum,Main,2004,5,2004,11,All (PS),yield,1.0183823529411762
5205,TG2009A20205,Togo,TG,Plateaux,Amou,Amou,Sorghum,Main,2005,5,2005,11,All (PS),yield,1.0049407114624505
5206,TG2009A20205,Togo,TG,Plateaux,Amou,Amou,Sorghum,Main,2006,5,2006,11,All (PS),yield,1.2993874425727412
5207,TG2009A20205,Togo,TG,Plateaux,Amou,Amou,Sorghum,Main,2007,5,2007,11,All (PS),yield,1.4411434977578474
5208,TG2009A20205,Togo,TG,Plateaux,Amou,Amou,Sorghum,Main,2008,5,2008,11,All (PS),yield,1.119672131147541
5209,TG2009A20205,Togo,TG,Plateaux,Amou,Amou,Sorghum,Main,2009,5,2009,11,All (PS),yield,1.1179613645704891
5210,TG2009A20205,Togo,TG,Plateaux,Amou,Amou,Sorghum,Main,2010,5,2010,11,All (PS),yield,1.180252892117299
5211,TG2009A20205,Togo,TG,Plateaux,Amou,Amou,Sorghum,Main,2011,5,2011,11,All (PS),yield,1.2136669874879693
5212,TG2009A20205,Togo,TG,Plateaux,Amou,Amou,Sorghum,Main,2012,5,2012,11,All (PS),yield,1.3142050799623706
5213,TG2009A20205,Togo,TG,Plateaux,Amou,Amou,Sorghum,Main,2013,5,2013,11,All (PS),yield,1.0036869448634154
5214,TG2009A20205,Togo,TG,Plateaux,Amou,Amou,Sorghum,Main,2014,5,2014,11,All (PS),yield,1.360720686727667
5215,TG2009A20205,Togo,TG,Plateaux,Amou,Amou,Sorghum,Main,2015,5,2015,11,All (PS),yield,0.9125095932463546
5216,TG2009A20205,Togo,TG,Plateaux,Amou,Amou,Maize,Main,1995,5,1995,11,All (PS),yield,1.7309637538634448
5217,TG2009A20205,Togo,TG,Plateaux,Amou,Amou,Maize,Main,1996,5,1996,11,All (PS),yield,1.629131776112825
5218,TG2009A20205,Togo,TG,Plateaux,Amou,Amou,Maize,Main,1997,5,1997,11,All (PS),yield,0.8184828853219881
5219,TG2009A20205,Togo,TG,Plateaux,Amou,Amou,Maize,Main,1998,5,1998,11,All (PS),yield,1.3726163559575104
5220,TG2009A20205,Togo,TG,Plateaux,Amou,Amou,Maize,Main,1999,5,1999,11,All (PS),yield,1.0749527608650011
5221,TG2009A20205,Togo,TG,Plateaux,Amou,Amou,Maize,Main,2000,5,2000,11,All (PS),yield,1.0251816972054457
5222,TG2009A20205,Togo,TG,Plateaux,Amou,Amou,Maize,Main,2001,5,2001,11,All (PS),yield,1.4032025042138214
5223,TG2009A20205,Togo,TG,Plateaux,Amou,Amou,Maize,Main,2002,5,2002,11,All (PS),yield,1.4377165960723912
5224,TG2009A20205,Togo,TG,Plateaux,Amou,Amou,Maize,Main,2003,5,2003,11,All (PS),yield,1.77284667496198
5225,TG2009A20205,Togo,TG,Plateaux,Amou,Amou,Maize,Main,2004,5,2004,11,All (PS),yield,1.7592501837784857
5226,TG2009A20205,Togo,TG,Plateaux,Amou,Amou,Maize,Main,2005,5,2005,11,All (PS),yield,0.1910222173278639
5227,TG2009A20205,Togo,TG,Plateaux,Amou,Amou,Maize,Main,2006,5,2006,11,All (PS),yield,1.4604099003247843
5228,TG2009A20205,Togo,TG,Plateaux,Amou,Amou,Maize,Main,2007,5,2007,11,All (PS),yield,1.1646750524109015
5229,TG2009A20205,Togo,TG,Plateaux,Amou,Amou,Maize,Main,2008,5,2008,11,All (PS),yield,1.6009650180940893
5230,TG2009A20205,Togo,TG,Plateaux,Amou,Amou,Maize,Main,2009,5,2009,11,All (PS),yield,1.5788508557457213
5231,TG2009A20205,Togo,TG,Plateaux,Amou,Amou,Maize,Main,2010,5,2010,11,All (PS),yield,1.4631088521812792
5232,TG2009A20205,Togo,TG,Plateaux,Amou,Amou,Maize,Main,2011,5,2011,11,All (PS),yield,1.5050077355264229
5233,TG2009A20205,Togo,TG,Plateaux,Amou,Amou,Maize,Main,2012,5,2012,11,All (PS),yield,1.3174261451979428
5234,TG2009A20205,Togo,TG,Plateaux,Amou,Amou,Maize,Main,2013,5,2013,11,All (PS),yield,1.0429238673517047
5235,TG2009A20205,Togo,TG,Plateaux,Amou,Amou,Maize,Main,2014,5,2014,11,All (PS),yield,1.3194036119277615
5236,TG2009A20205,Togo,TG,Plateaux,Amou,Amou,Maize,Main,2015,5,2015,11,All (PS),yield,1.7460723637229232
5237,TG2009A20205,Togo,TG,Plateaux,Amou,Amou,Millet,Main,2012,5,2012,11,All (PS),yield,0.6325301204819277
5238,TG2009A20205,Togo,TG,Plateaux,Amou,Amou,Millet,Main,2013,5,2013,11,All (PS),yield,4.285815102328864
5239,TG2009A20205,Togo,TG,Plateaux,Amou,Amou,Millet,Main,2014,5,2014,11,All (PS),yield,1.544186046511628
5240,TG2009A20205,Togo,TG,Plateaux,Amou,Amou,Millet,Main,2015,5,2015,11,All (PS),yield,0.9520255863539445
5241,TG2009A20205,Togo,TG,Plateaux,Amou,Amou,Rice,Annual,2010,5,2010,11,All (PS),yield,1.232744783306581
5242,TG2009A20205,Togo,TG,Plateaux,Amou,Amou,Rice,Annual,2011,5,2011,11,All (PS),yield,1.4705882352941178
5243,TG2009A20205,Togo,TG,Plateaux,Amou,Amou,Rice,Annual,2012,5,2012,11,All (PS),yield,1.3005293551491819
5244,TG2009A20205,Togo,TG,Plateaux,Amou,Amou,Rice,Annual,2013,5,2013,11,All (PS),yield,1.0973550928531233
5245,TG2009A20205,Togo,TG,Plateaux,Amou,Amou,Rice,Annual,2014,5,2014,11,All (PS),yield,1.3196581196581196
5246,TG2009A20205,Togo,TG,Plateaux,Amou,Amou,Rice,Annual,2015,5,2015,11,All (PS),yield,1.20625
5247,TG2009A20205,Togo,TG,Plateaux,Amou,Amou,Cassava,Main,2010,5,2010,11,All (PS),yield,6.901433691756273
5248,TG2009A20205,Togo,TG,Plateaux,Amou,Amou,Cassava,Main,2011,5,2011,11,All (PS),yield,7.179878048780488
5249,TG2009A20205,Togo,TG,Plateaux,Amou,Amou,Cassava,Main,2012,5,2012,11,All (PS),yield,5.376394849785408
5250,TG2009A20205,Togo,TG,Plateaux,Amou,Amou,Cassava,Main,2013,5,2013,11,All (PS),yield,5.12396694214876
5251,TG2009A20205,Togo,TG,Plateaux,Amou,Amou,Cassava,Main,2014,5,2014,11,All (PS),yield,5.737640724424866
5252,TG2009A20205,Togo,TG,Plateaux,Amou,Amou,Cassava,Main,2015,5,2015,11,All (PS),yield,5.177373863992479
5253,TG2009A20205,Togo,TG,Plateaux,Amou,Amou,Soybean,Main,2015,5,2015,11,All (PS),yield,0.5223880597014925
5254,TG2009A20205,Togo,TG,Plateaux,Amou,Amou,Yams,Main,2010,5,2010,11,All (PS),yield,6.6570247933884295
5255,TG2009A20205,Togo,TG,Plateaux,Amou,Amou,Yams,Main,2011,5,2011,11,All (PS),yield,6.461821527138914
5256,TG2009A20205,Togo,TG,Plateaux,Amou,Amou,Yams,Main,2012,5,2012,11,All (PS),yield,9.169097359085534
5257,TG2009A20205,Togo,TG,Plateaux,Amou,Amou,Yams,Main,2013,5,2013,11,All (PS),yield,12.994715208455666
5258,TG2009A20205,Togo,TG,Plateaux,Amou,Amou,Yams,Main,2014,5,2014,11,All (PS),yield,9.541836273179557
5259,TG2009A20205,Togo,TG,Plateaux,Amou,Amou,Yams,Main,2015,5,2015,11,All (PS),yield,8.786634844868734
5260,TG2009A20205,Togo,TG,Plateaux,Amou,Amou,Groundnuts (In Shell),Main,2010,5,2010,11,All (PS),yield,0.6697080291970803
5261,TG2009A20205,Togo,TG,Plateaux,Amou,Amou,Groundnuts (In Shell),Main,2011,5,2011,11,All (PS),yield,0.6649916247906198
5262,TG2009A20205,Togo,TG,Plateaux,Amou,Amou,Groundnuts (In Shell),Main,2012,5,2012,11,All (PS),yield,0.6738056013179572
5263,TG2009A20205,Togo,TG,Plateaux,Amou,Amou,Groundnuts (In Shell),Main,2013,5,2013,11,All (PS),yield,1.3903312444046554
5264,TG2009A20205,Togo,TG,Plateaux,Amou,Amou,Groundnuts (In Shell),Main,2014,5,2014,11,All (PS),yield,0.7159090909090909
5265,TG2009A20205,Togo,TG,Plateaux,Amou,Amou,Groundnuts (In Shell),Main,2015,5,2015,11,All (PS),yield,0.8916299559471366
5266,TG2009A20205,Togo,TG,Plateaux,Amou,Amou,Cowpea,Main,2010,5,2010,11,All (PS),yield,1.204225352112676
5267,TG2009A20205,Togo,TG,Plateaux,Amou,Amou,Cowpea,Main,2011,5,2011,11,All (PS),yield,0.7196652719665272
5268,TG2009A20205,Togo,TG,Plateaux,Amou,Amou,Cowpea,Main,2012,5,2012,11,All (PS),yield,0.5116301059001512
5269,TG2009A20205,Togo,TG,Plateaux,Amou,Amou,Cowpea,Main,2013,5,2013,11,All (PS),yield,0.3202359129672432
5270,TG2009A20205,Togo,TG,Plateaux,Amou,Amou,Cowpea,Main,2014,5,2014,11,All (PS),yield,0.5438445935403339
5271,TG2009A20205,Togo,TG,Plateaux,Amou,Amou,Cowpea,Main,2015,5,2015,11,All (PS),yield,0.5421527453725308
5272,TG2009A20206,Togo,TG,Plateaux,Est-Mono,Est-Mono,Sorghum,Main,1997,5,1997,11,All (PS),yield,0.8867766116941529
5273,TG2009A20206,Togo,TG,Plateaux,Est-Mono,Est-Mono,Sorghum,Main,1998,5,1998,11,All (PS),yield,0.5800795821934842
5274,TG2009A20206,Togo,TG,Plateaux,Est-Mono,Est-Mono,Sorghum,Main,1999,5,1999,11,All (PS),yield,0.5899974931060415
5275,TG2009A20206,Togo,TG,Plateaux,Est-Mono,Est-Mono,Sorghum,Main,2000,5,2000,11,All (PS),yield,1.2822955113704013
5276,TG2009A20206,Togo,TG,Plateaux,Est-Mono,Est-Mono,Sorghum,Main,2001,5,2001,11,All (PS),yield,1.4866190900981269
5277,TG2009A20206,Togo,TG,Plateaux,Est-Mono,Est-Mono,Sorghum,Main,2002,5,2002,11,All (PS),yield,0.8571711177052423
5278,TG2009A20206,Togo,TG,Plateaux,Est-Mono,Est-Mono,Sorghum,Main,2003,5,2003,11,All (PS),yield,1.0379195784167716
5279,TG2009A20206,Togo,TG,Plateaux,Est-Mono,Est-Mono,Sorghum,Main,2004,5,2004,11,All (PS),yield,1.1478390461997021
5280,TG2009A20206,Togo,TG,Plateaux,Est-Mono,Est-Mono,Sorghum,Main,2005,5,2005,11,All (PS),yield,1.202589641434263
5281,TG2009A20206,Togo,TG,Plateaux,Est-Mono,Est-Mono,Sorghum,Main,2006,5,2006,11,All (PS),yield,1.1245717844908127
5282,TG2009A20206,Togo,TG,Plateaux,Est-Mono,Est-Mono,Sorghum,Main,2007,5,2007,11,All (PS),yield,1.0941281365431155
5283,TG2009A20206,Togo,TG,Plateaux,Est-Mono,Est-Mono,Sorghum,Main,2008,5,2008,11,All (PS),yield,1.243066561014263
5284,TG2009A20206,Togo,TG,Plateaux,Est-Mono,Est-Mono,Sorghum,Main,2009,5,2009,11,All (PS),yield,1.2390086572738075
5285,TG2009A20206,Togo,TG,Plateaux,Est-Mono,Est-Mono,Sorghum,Main,2010,5,2010,11,All (PS),yield,1.1193771626297577
5286,TG2009A20206,Togo,TG,Plateaux,Est-Mono,Est-Mono,Sorghum,Main,2011,5,2011,11,All (PS),yield,1.2354683450573862
5287,TG2009A20206,Togo,TG,Plateaux,Est-Mono,Est-Mono,Sorghum,Main,2012,5,2012,11,All (PS),yield,1.082144555397052
5288,TG2009A20206,Togo,TG,Plateaux,Est-Mono,Est-Mono,Sorghum,Main,2013,5,2013,11,All (PS),yield,0.6241994285151247
5289,TG2009A20206,Togo,TG,Plateaux,Est-Mono,Est-Mono,Sorghum,Main,2014,5,2014,11,All (PS),yield,0.8249741225181142
5290,TG2009A20206,Togo,TG,Plateaux,Est-Mono,Est-Mono,Sorghum,Main,2015,5,2015,11,All (PS),yield,0.5674318912516216
5291,TG2009A20206,Togo,TG,Plateaux,Est-Mono,Est-Mono,Maize,Main,1997,5,1997,11,All (PS),yield,0.8963056459051411
5292,TG2009A20206,Togo,TG,Plateaux,Est-Mono,Est-Mono,Maize,Main,1998,5,1998,11,All (PS),yield,1.003305785123967
5293,TG2009A20206,Togo,TG,Plateaux,Est-Mono,Est-Mono,Maize,Main,1999,5,1999,11,All (PS),yield,0.868140516562925
5294,TG2009A20206,Togo,TG,Plateaux,Est-Mono,Est-Mono,Maize,Main,2000,5,2000,11,All (PS),yield,1.2234559837433776
5295,TG2009A20206,Togo,TG,Plateaux,Est-Mono,Est-Mono,Maize,Main,2001,5,2001,11,All (PS),yield,1.4330620473381617
5296,TG2009A20206,Togo,TG,Plateaux,Est-Mono,Est-Mono,Maize,Main,2002,5,2002,11,All (PS),yield,1.2860308783334564
5297,TG2009A20206,Togo,TG,Plateaux,Est-Mono,Est-Mono,Maize,Main,2003,5,2003,11,All (PS),yield,1.0733173947692531
5298,TG2009A20206,Togo,TG,Plateaux,Est-Mono,Est-Mono,Maize,Main,2004,5,2004,11,All (PS),yield,0.7727953027860925
5299,TG2009A20206,Togo,TG,Plateaux,Est-Mono,Est-Mono,Maize,Main,2005,5,2005,11,All (PS),yield,0.8380441640378549
5300,TG2009A20206,Togo,TG,Plateaux,Est-Mono,Est-Mono,Maize,Main,2006,5,2006,11,All (PS),yield,1.2250188482282665
5301,TG2009A20206,Togo,TG,Plateaux,Est-Mono,Est-Mono,Maize,Main,2007,5,2007,11,All (PS),yield,1.199040541811683
5302,TG2009A20206,Togo,TG,Plateaux,Est-Mono,Est-Mono,Maize,Main,2008,5,2008,11,All (PS),yield,1.088736384311535
5303,TG2009A20206,Togo,TG,Plateaux,Est-Mono,Est-Mono,Maize,Main,2009,5,2009,11,All (PS),yield,1.2751021997274674
5304,TG2009A20206,Togo,TG,Plateaux,Est-Mono,Est-Mono,Maize,Main,2010,5,2010,11,All (PS),yield,1.2601858470335954
5305,TG2009A20206,Togo,TG,Plateaux,Est-Mono,Est-Mono,Maize,Main,2011,5,2011,11,All (PS),yield,1.3211617345443891
5306,TG2009A20206,Togo,TG,Plateaux,Est-Mono,Est-Mono,Maize,Main,2012,5,2012,11,All (PS),yield,1.3176166394159474
5307,TG2009A20206,Togo,TG,Plateaux,Est-Mono,Est-Mono,Maize,Main,2013,5,2013,11,All (PS),yield,1.131852893498174
5308,TG2009A20206,Togo,TG,Plateaux,Est-Mono,Est-Mono,Maize,Main,2014,5,2014,11,All (PS),yield,1.315000213010693
5309,TG2009A20206,Togo,TG,Plateaux,Est-Mono,Est-Mono,Maize,Main,2015,5,2015,11,All (PS),yield,1.8948442321090873
5310,TG2009A20206,Togo,TG,Plateaux,Est-Mono,Est-Mono,Millet,Main,2012,5,2012,11,All (PS),yield,0.8713450292397661
5311,TG2009A20206,Togo,TG,Plateaux,Est-Mono,Est-Mono,Millet,Main,2013,5,2013,11,All (PS),yield,3.811224489795918
5312,TG2009A20206,Togo,TG,Plateaux,Est-Mono,Est-Mono,Millet,Main,2015,5,2015,11,All (PS),yield,0.8470437017994858
5313,TG2009A20206,Togo,TG,Plateaux,Est-Mono,Est-Mono,Rice,Annual,2010,5,2010,11,All (PS),yield,1.2906137184115523
5314,TG2009A20206,Togo,TG,Plateaux,Est-Mono,Est-Mono,Rice,Annual,2011,5,2011,11,All (PS),yield,0.9735915492957746
5315,TG2009A20206,Togo,TG,Plateaux,Est-Mono,Est-Mono,Rice,Annual,2012,5,2012,11,All (PS),yield,0.6492890995260664
5316,TG2009A20206,Togo,TG,Plateaux,Est-Mono,Est-Mono,Rice,Annual,2013,5,2013,11,All (PS),yield,1.0870346598202825
5317,TG2009A20206,Togo,TG,Plateaux,Est-Mono,Est-Mono,Rice,Annual,2014,5,2014,11,All (PS),yield,1.1110374544249255
5318,TG2009A20206,Togo,TG,Plateaux,Est-Mono,Est-Mono,Rice,Annual,2015,5,2015,11,All (PS),yield,1.194583036350677
5319,TG2009A20206,Togo,TG,Plateaux,Est-Mono,Est-Mono,Cassava,Main,2010,5,2010,11,All (PS),yield,8.089285714285714
5320,TG2009A20206,Togo,TG,Plateaux,Est-Mono,Est-Mono,Cassava,Main,2011,5,2011,11,All (PS),yield,7.919811320754717
5321,TG2009A20206,Togo,TG,Plateaux,Est-Mono,Est-Mono,Cassava,Main,2012,5,2012,11,All (PS),yield,5.828
5322,TG2009A20206,Togo,TG,Plateaux,Est-Mono,Est-Mono,Cassava,Main,2013,5,2013,11,All (PS),yield,4.539805825242718
5323,TG2009A20206,Togo,TG,Plateaux,Est-Mono,Est-Mono,Cassava,Main,2014,5,2014,11,All (PS),yield,3.7051359516616316
5324,TG2009A20206,Togo,TG,Plateaux,Est-Mono,Est-Mono,Cassava,Main,2015,5,2015,11,All (PS),yield,4.587475149105368
5325,TG2009A20206,Togo,TG,Plateaux,Est-Mono,Est-Mono,Soybean,Main,2015,5,2015,11,All (PS),yield,0.5614226489199214
5326,TG2009A20206,Togo,TG,Plateaux,Est-Mono,Est-Mono,Yams,Main,2010,5,2010,11,All (PS),yield,5.968864468864469
5327,TG2009A20206,Togo,TG,Plateaux,Est-Mono,Est-Mono,Yams,Main,2011,5,2011,11,All (PS),yield,6.082791749081662
5328,TG2009A20206,Togo,TG,Plateaux,Est-Mono,Est-Mono,Yams,Main,2012,5,2012,11,All (PS),yield,4.506680369989723
5329,TG2009A20206,Togo,TG,Plateaux,Est-Mono,Est-Mono,Yams,Main,2013,5,2013,11,All (PS),yield,12.65381589299764
5330,TG2009A20206,Togo,TG,Plateaux,Est-Mono,Est-Mono,Yams,Main,2014,5,2014,11,All (PS),yield,4.8290010193679915
5331,TG2009A20206,Togo,TG,Plateaux,Est-Mono,Est-Mono,Yams,Main,2015,5,2015,11,All (PS),yield,8.557569296375267
5332,TG2009A20206,Togo,TG,Plateaux,Est-Mono,Est-Mono,Groundnuts (In Shell),Main,2010,5,2010,11,All (PS),yield,0.4900990099009901
5333,TG2009A20206,Togo,TG,Plateaux,Est-Mono,Est-Mono,Groundnuts (In Shell),Main,2011,5,2011,11,All (PS),yield,0.44549763033175355
5334,TG2009A20206,Togo,TG,Plateaux,Est-Mono,Est-Mono,Groundnuts (In Shell),Main,2012,5,2012,11,All (PS),yield,0.8758782201405152
5335,TG2009A20206,Togo,TG,Plateaux,Est-Mono,Est-Mono,Groundnuts (In Shell),Main,2013,5,2013,11,All (PS),yield,0.7801111797405806
5336,TG2009A20206,Togo,TG,Plateaux,Est-Mono,Est-Mono,Groundnuts (In Shell),Main,2014,5,2014,11,All (PS),yield,0.46919856459330145
5337,TG2009A20206,Togo,TG,Plateaux,Est-Mono,Est-Mono,Groundnuts (In Shell),Main,2015,5,2015,11,All (PS),yield,0.5003039513677812
5338,TG2009A20206,Togo,TG,Plateaux,Est-Mono,Est-Mono,Cowpea,Main,2010,5,2010,11,All (PS),yield,0.4927412467976089
5339,TG2009A20206,Togo,TG,Plateaux,Est-Mono,Est-Mono,Cowpea,Main,2011,5,2011,11,All (PS),yield,0.44087205461352125
5340,TG2009A20206,Togo,TG,Plateaux,Est-Mono,Est-Mono,Cowpea,Main,2012,5,2012,11,All (PS),yield,0.3649158942670786
5341,TG2009A20206,Togo,TG,Plateaux,Est-Mono,Est-Mono,Cowpea,Main,2013,5,2013,11,All (PS),yield,0.32840669157057006
5342,TG2009A20206,Togo,TG,Plateaux,Est-Mono,Est-Mono,Cowpea,Main,2014,5,2014,11,All (PS),yield,0.3498603351955307
5343,TG2009A20206,Togo,TG,Plateaux,Est-Mono,Est-Mono,Cowpea,Main,2015,5,2015,11,All (PS),yield,0.5557844690966719
5344,TG2009A20207,Togo,TG,Plateaux,Agou,Agou,Sorghum,Main,1995,5,1995,11,All (PS),yield,0.962685131756107
5345,TG2009A20207,Togo,TG,Plateaux,Agou,Agou,Sorghum,Main,1997,5,1997,11,All (PS),yield,0.40075015794716073
5346,TG2009A20207,Togo,TG,Plateaux,Agou,Agou,Sorghum,Main,1998,5,1998,11,All (PS),yield,0.6960652764840554
5347,TG2009A20207,Togo,TG,Plateaux,Agou,Agou,Sorghum,Main,1999,5,1999,11,All (PS),yield,0.4916467780429595
5348,TG2009A20207,Togo,TG,Plateaux,Agou,Agou,Sorghum,Main,2000,5,2000,11,All (PS),yield,0.7373068432671082
5349,TG2009A20207,Togo,TG,Plateaux,Agou,Agou,Sorghum,Main,2001,5,2001,11,All (PS),yield,0.20594036321173553
5350,TG2009A20207,Togo,TG,Plateaux,Agou,Agou,Sorghum,Main,2002,5,2002,11,All (PS),yield,0.45653608679297947
5351,TG2009A20207,Togo,TG,Plateaux,Agou,Agou,Sorghum,Main,2003,5,2003,11,All (PS),yield,0.4174207187749128
5352,TG2009A20207,Togo,TG,Plateaux,Agou,Agou,Sorghum,Main,2004,5,2004,11,All (PS),yield,1.4018056832144763
5353,TG2009A20207,Togo,TG,Plateaux,Agou,Agou,Sorghum,Main,2005,5,2005,11,All (PS),yield,1.180722891566265
5354,TG2009A20207,Togo,TG,Plateaux,Agou,Agou,Sorghum,Main,2006,5,2006,11,All (PS),yield,0.8246107781079605
5355,TG2009A20207,Togo,TG,Plateaux,Agou,Agou,Sorghum,Main,2007,5,2007,11,All (PS),yield,0.6948791188013255
5356,TG2009A20207,Togo,TG,Plateaux,Agou,Agou,Sorghum,Main,2008,5,2008,11,All (PS),yield,0.7683333947256065
5357,TG2009A20207,Togo,TG,Plateaux,Agou,Agou,Sorghum,Main,2009,5,2009,11,All (PS),yield,1.2270247587075116
5358,TG2009A20207,Togo,TG,Plateaux,Agou,Agou,Sorghum,Main,2010,5,2010,11,All (PS),yield,1.246424192889252
5359,TG2009A20207,Togo,TG,Plateaux,Agou,Agou,Sorghum,Main,2011,5,2011,11,All (PS),yield,1.2927807486631016
5360,TG2009A20207,Togo,TG,Plateaux,Agou,Agou,Sorghum,Main,2012,5,2012,11,All (PS),yield,0.8437086092715231
5361,TG2009A20207,Togo,TG,Plateaux,Agou,Agou,Maize,Main,1995,5,1995,11,All (PS),yield,1.062690263660286
5362,TG2009A20207,Togo,TG,Plateaux,Agou,Agou,Maize,Main,1996,5,1996,11,All (PS),yield,0.7435258964143426
5363,TG2009A20207,Togo,TG,Plateaux,Agou,Agou,Maize,Main,1997,5,1997,11,All (PS),yield,0.7577437646140122
5364,TG2009A20207,Togo,TG,Plateaux,Agou,Agou,Maize,Main,1998,5,1998,11,All (PS),yield,1.1422959363295895
5365,TG2009A20207,Togo,TG,Plateaux,Agou,Agou,Maize,Main,1999,5,1999,11,All (PS),yield,0.912801023357368
5366,TG2009A20207,Togo,TG,Plateaux,Agou,Agou,Maize,Main,2000,5,2000,11,All (PS),yield,1.0689531226942384
5367,TG2009A20207,Togo,TG,Plateaux,Agou,Agou,Maize,Main,2001,5,2001,11,All (PS),yield,1.1075087648768576
5368,TG2009A20207,Togo,TG,Plateaux,Agou,Agou,Maize,Main,2002,5,2002,11,All (PS),yield,1.1329909401374794
5369,TG2009A20207,Togo,TG,Plateaux,Agou,Agou,Maize,Main,2003,5,2003,11,All (PS),yield,1.118622853972187
5370,TG2009A20207,Togo,TG,Plateaux,Agou,Agou,Maize,Main,2004,5,2004,11,All (PS),yield,1.455293016626469
5371,TG2009A20207,Togo,TG,Plateaux,Agou,Agou,Maize,Main,2005,5,2005,11,All (PS),yield,1.3838332276610794
5372,TG2009A20207,Togo,TG,Plateaux,Agou,Agou,Maize,Main,2006,5,2006,11,All (PS),yield,1.1375486887823227
5373,TG2009A20207,Togo,TG,Plateaux,Agou,Agou,Maize,Main,2007,5,2007,11,All (PS),yield,0.459250386565581
5374,TG2009A20207,Togo,TG,Plateaux,Agou,Agou,Maize,Main,2008,5,2008,11,All (PS),yield,1.1927205809756192
5375,TG2009A20207,Togo,TG,Plateaux,Agou,Agou,Maize,Main,2009,5,2009,11,All (PS),yield,1.0491664311952529
5376,TG2009A20207,Togo,TG,Plateaux,Agou,Agou,Maize,Main,2010,5,2010,11,All (PS),yield,1.0587109125717933
5377,TG2009A20207,Togo,TG,Plateaux,Agou,Agou,Maize,Main,2011,5,2011,11,All (PS),yield,0.9752804320731201
5378,TG2009A20207,Togo,TG,Plateaux,Agou,Agou,Maize,Main,2012,5,2012,11,All (PS),yield,1.3123028391167193
5379,TG2009A20207,Togo,TG,Plateaux,Agou,Agou,Maize,Main,2013,5,2013,11,All (PS),yield,1.0551532033426183
5380,TG2009A20207,Togo,TG,Plateaux,Agou,Agou,Maize,Main,2014,5,2014,11,All (PS),yield,1.3189242374549033
5381,TG2009A20207,Togo,TG,Plateaux,Agou,Agou,Maize,Main,2015,5,2015,11,All (PS),yield,1.7664527851910738
5382,TG2009A20207,Togo,TG,Plateaux,Agou,Agou,Rice,Annual,2011,5,2011,11,All (PS),yield,1.220472440944882
5383,TG2009A20207,Togo,TG,Plateaux,Agou,Agou,Rice,Annual,2012,5,2012,11,All (PS),yield,1.2308228730822872
5384,TG2009A20207,Togo,TG,Plateaux,Agou,Agou,Rice,Annual,2013,5,2013,11,All (PS),yield,0.9123904881101377
5385,TG2009A20207,Togo,TG,Plateaux,Agou,Agou,Rice,Annual,2014,5,2014,11,All (PS),yield,1.2121848739495797
5386,TG2009A20207,Togo,TG,Plateaux,Agou,Agou,Rice,Annual,2015,5,2015,11,All (PS),yield,1.0034782608695652
5387,TG2009A20207,Togo,TG,Plateaux,Agou,Agou,Cassava,Main,2010,5,2010,11,All (PS),yield,7.04235294117647
5388,TG2009A20207,Togo,TG,Plateaux,Agou,Agou,Cassava,Main,2011,5,2011,11,All (PS),yield,7.166970802919708
5389,TG2009A20207,Togo,TG,Plateaux,Agou,Agou,Cassava,Main,2012,5,2012,11,All (PS),yield,2.440629470672389
5390,TG2009A20207,Togo,TG,Plateaux,Agou,Agou,Cassava,Main,2013,5,2013,11,All (PS),yield,1.930447238580296
5391,TG2009A20207,Togo,TG,Plateaux,Agou,Agou,Cassava,Main,2014,5,2014,11,All (PS),yield,3.0670520231213874
5392,TG2009A20207,Togo,TG,Plateaux,Agou,Agou,Cassava,Main,2015,5,2015,11,All (PS),yield,1.9506273423496823
5393,TG2009A20207,Togo,TG,Plateaux,Agou,Agou,Soybean,Main,2015,5,2015,11,All (PS),yield,0.1643192488262911
5394,TG2009A20207,Togo,TG,Plateaux,Agou,Agou,Yams,Main,2010,5,2010,11,All (PS),yield,8.79117298578199
5395,TG2009A20207,Togo,TG,Plateaux,Agou,Agou,Yams,Main,2011,5,2011,11,All (PS),yield,8.989156058462989
5396,TG2009A20207,Togo,TG,Plateaux,Agou,Agou,Yams,Main,2012,5,2012,11,All (PS),yield,8.38935574229692
5397,TG2009A20207,Togo,TG,Plateaux,Agou,Agou,Yams,Main,2013,5,2013,11,All (PS),yield,14.29790712884238
5398,TG2009A20207,Togo,TG,Plateaux,Agou,Agou,Yams,Main,2014,5,2014,11,All (PS),yield,8.715312724658519
5399,TG2009A20207,Togo,TG,Plateaux,Agou,Agou,Yams,Main,2015,5,2015,11,All (PS),yield,9.667464114832535
5400,TG2009A20207,Togo,TG,Plateaux,Agou,Agou,Groundnuts (In Shell),Main,2010,5,2010,11,All (PS),yield,0.6552901023890785
5401,TG2009A20207,Togo,TG,Plateaux,Agou,Agou,Groundnuts (In Shell),Main,2011,5,2011,11,All (PS),yield,0.6867469879518072
5402,TG2009A20207,Togo,TG,Plateaux,Agou,Agou,Groundnuts (In Shell),Main,2012,5,2012,11,All (PS),yield,0.6222222222222222
5403,TG2009A20207,Togo,TG,Plateaux,Agou,Agou,Groundnuts (In Shell),Main,2013,5,2013,11,All (PS),yield,0.761118170266836
5404,TG2009A20207,Togo,TG,Plateaux,Agou,Agou,Groundnuts (In Shell),Main,2014,5,2014,11,All (PS),yield,0.635048231511254
5405,TG2009A20207,Togo,TG,Plateaux,Agou,Agou,Groundnuts (In Shell),Main,2015,5,2015,11,All (PS),yield,0.48875
5406,TG2009A20207,Togo,TG,Plateaux,Agou,Agou,Cowpea,Main,2012,5,2012,11,All (PS),yield,0.4113737075332349
5407,TG2009A20207,Togo,TG,Plateaux,Agou,Agou,Cowpea,Main,2013,5,2013,11,All (PS),yield,0.2760117302052786
5408,TG2009A20207,Togo,TG,Plateaux,Agou,Agou,Cowpea,Main,2014,5,2014,11,All (PS),yield,0.4453295504146661
5409,TG2009A20207,Togo,TG,Plateaux,Agou,Agou,Cowpea,Main,2015,5,2015,11,All (PS),yield,0.4671474358974359
5410,TG2009A20208,Togo,TG,Plateaux,Danyi,Danyi,Sorghum,Main,1995,5,1995,11,All (PS),yield,0.8423150929565536
5411,TG2009A20208,Togo,TG,Plateaux,Danyi,Danyi,Sorghum,Main,1996,5,1996,11,All (PS),yield,0.6461824953445066
5412,TG2009A20208,Togo,TG,Plateaux,Danyi,Danyi,Sorghum,Main,1997,5,1997,11,All (PS),yield,0.372975046489
5413,TG2009A20208,Togo,TG,Plateaux,Danyi,Danyi,Sorghum,Main,1998,5,1998,11,All (PS),yield,0.5654828032780019
5414,TG2009A20208,Togo,TG,Plateaux,Danyi,Danyi,Sorghum,Main,1999,5,1999,11,All (PS),yield,0.6535902802380714
5415,TG2009A20208,Togo,TG,Plateaux,Danyi,Danyi,Sorghum,Main,2000,5,2000,11,All (PS),yield,1.1686131386861316
5416,TG2009A20208,Togo,TG,Plateaux,Danyi,Danyi,Sorghum,Main,2001,5,2001,11,All (PS),yield,1.0567008726959042
5417,TG2009A20208,Togo,TG,Plateaux,Danyi,Danyi,Sorghum,Main,2002,5,2002,11,All (PS),yield,0.9408106876272706
5418,TG2009A20208,Togo,TG,Plateaux,Danyi,Danyi,Sorghum,Main,2003,5,2003,11,All (PS),yield,0.8632446919561844
5419,TG2009A20208,Togo,TG,Plateaux,Danyi,Danyi,Sorghum,Main,2004,5,2004,11,All (PS),yield,0.969455253232392
5420,TG2009A20208,Togo,TG,Plateaux,Danyi,Danyi,Sorghum,Main,2005,5,2005,11,All (PS),yield,1.0049407114624507
5421,TG2009A20208,Togo,TG,Plateaux,Danyi,Danyi,Sorghum,Main,2006,5,2006,11,All (PS),yield,0.7382677500123068
5422,TG2009A20208,Togo,TG,Plateaux,Danyi,Danyi,Sorghum,Main,2007,5,2007,11,All (PS),yield,1.2711745972681223
5423,TG2009A20208,Togo,TG,Plateaux,Danyi,Danyi,Sorghum,Main,2008,5,2008,11,All (PS),yield,1.0280644517237094
5424,TG2009A20208,Togo,TG,Plateaux,Danyi,Danyi,Maize,Main,1995,5,1995,11,All (PS),yield,1.2282914771686062
5425,TG2009A20208,Togo,TG,Plateaux,Danyi,Danyi,Maize,Main,1996,5,1996,11,All (PS),yield,1.140085014918562
5426,TG2009A20208,Togo,TG,Plateaux,Danyi,Danyi,Maize,Main,1997,5,1997,11,All (PS),yield,0.8491922176180843
5427,TG2009A20208,Togo,TG,Plateaux,Danyi,Danyi,Maize,Main,1998,5,1998,11,All (PS),yield,1.0901866202203088
5428,TG2009A20208,Togo,TG,Plateaux,Danyi,Danyi,Maize,Main,1999,5,1999,11,All (PS),yield,1.2481489258354967
5429,TG2009A20208,Togo,TG,Plateaux,Danyi,Danyi,Maize,Main,2000,5,2000,11,All (PS),yield,1.1669956561933108
5430,TG2009A20208,Togo,TG,Plateaux,Danyi,Danyi,Maize,Main,2001,5,2001,11,All (PS),yield,1.1683653386130832
5431,TG2009A20208,Togo,TG,Plateaux,Danyi,Danyi,Maize,Main,2002,5,2002,11,All (PS),yield,1.0547077758214647
5432,TG2009A20208,Togo,TG,Plateaux,Danyi,Danyi,Maize,Main,2003,5,2003,11,All (PS),yield,1.4667600716571303
5433,TG2009A20208,Togo,TG,Plateaux,Danyi,Danyi,Maize,Main,2004,5,2004,11,All (PS),yield,1.171999268345099
5434,TG2009A20208,Togo,TG,Plateaux,Danyi,Danyi,Maize,Main,2005,5,2005,11,All (PS),yield,0.747456808088466
5435,TG2009A20208,Togo,TG,Plateaux,Danyi,Danyi,Maize,Main,2006,5,2006,11,All (PS),yield,0.9858265999700911
5436,TG2009A20208,Togo,TG,Plateaux,Danyi,Danyi,Maize,Main,2007,5,2007,11,All (PS),yield,1.1384119228710403
5437,TG2009A20208,Togo,TG,Plateaux,Danyi,Danyi,Maize,Main,2008,5,2008,11,All (PS),yield,1.3491849309325374
5438,TG2009A20208,Togo,TG,Plateaux,Danyi,Danyi,Maize,Main,2009,5,2009,11,All (PS),yield,1.3513309623881884
5439,TG2009A20208,Togo,TG,Plateaux,Danyi,Danyi,Maize,Main,2010,5,2010,11,All (PS),yield,1.423964789364951
5440,TG2009A20208,Togo,TG,Plateaux,Danyi,Danyi,Maize,Main,2011,5,2011,11,All (PS),yield,1.4588224831020988
5441,TG2009A20208,Togo,TG,Plateaux,Danyi,Danyi,Maize,Main,2012,5,2012,11,All (PS),yield,1.3501341239587745
5442,TG2009A20208,Togo,TG,Plateaux,Danyi,Danyi,Maize,Main,2013,5,2013,11,All (PS),yield,1.0398713087441112
5443,TG2009A20208,Togo,TG,Plateaux,Danyi,Danyi,Maize,Main,2014,5,2014,11,All (PS),yield,1.336745944243188
5444,TG2009A20208,Togo,TG,Plateaux,Danyi,Danyi,Maize,Main,2015,5,2015,11,All (PS),yield,1.7407407407407407
5445,TG2009A20208,Togo,TG,Plateaux,Danyi,Danyi,Rice,Annual,2010,5,2010,11,All (PS),yield,1.4103403141361257
5446,TG2009A20208,Togo,TG,Plateaux,Danyi,Danyi,Rice,Annual,2011,5,2011,11,All (PS),yield,0.8998771498771498
5447,TG2009A20208,Togo,TG,Plateaux,Danyi,Danyi,Rice,Annual,2012,5,2012,11,All (PS),yield,1.300865800865801
5448,TG2009A20208,Togo,TG,Plateaux,Danyi,Danyi,Rice,Annual,2013,5,2013,11,All (PS),yield,1.225561187545257
5449,TG2009A20208,Togo,TG,Plateaux,Danyi,Danyi,Rice,Annual,2014,5,2014,11,All (PS),yield,1.383681900335657
5450,TG2009A20208,Togo,TG,Plateaux,Danyi,Danyi,Rice,Annual,2015,5,2015,11,All (PS),yield,1.3464824120603016
5451,TG2009A20208,Togo,TG,Plateaux,Danyi,Danyi,Cassava,Main,2010,5,2010,11,All (PS),yield,8.033405954974583
5452,TG2009A20208,Togo,TG,Plateaux,Danyi,Danyi,Cassava,Main,2011,5,2011,11,All (PS),yield,7.254766323603847
5453,TG2009A20208,Togo,TG,Plateaux,Danyi,Danyi,Cassava,Main,2012,5,2012,11,All (PS),yield,4.052351899232435
5454,TG2009A20208,Togo,TG,Plateaux,Danyi,Danyi,Cassava,Main,2013,5,2013,11,All (PS),yield,4.8919753086419755
5455,TG2009A20208,Togo,TG,Plateaux,Danyi,Danyi,Cassava,Main,2014,5,2014,11,All (PS),yield,4.5779046939139745
5456,TG2009A20208,Togo,TG,Plateaux,Danyi,Danyi,Cassava,Main,2015,5,2015,11,All (PS),yield,4.943119793162884
5457,TG2009A20208,Togo,TG,Plateaux,Danyi,Danyi,Soybean,Main,2015,5,2015,11,All (PS),yield,0.5
5458,TG2009A20208,Togo,TG,Plateaux,Danyi,Danyi,Yams,Main,2010,5,2010,11,All (PS),yield,8.667655786350148
5459,TG2009A20208,Togo,TG,Plateaux,Danyi,Danyi,Yams,Main,2011,5,2011,11,All (PS),yield,8.783227848101266
5460,TG2009A20208,Togo,TG,Plateaux,Danyi,Danyi,Yams,Main,2012,5,2012,11,All (PS),yield,4.656072644721907
5461,TG2009A20208,Togo,TG,Plateaux,Danyi,Danyi,Yams,Main,2013,5,2013,11,All (PS),yield,11.094405594405595
5462,TG2009A20208,Togo,TG,Plateaux,Danyi,Danyi,Yams,Main,2014,5,2014,11,All (PS),yield,4.824497257769653
5463,TG2009A20208,Togo,TG,Plateaux,Danyi,Danyi,Yams,Main,2015,5,2015,11,All (PS),yield,7.497159090909091
5464,TG2009A20208,Togo,TG,Plateaux,Danyi,Danyi,Groundnuts (In Shell),Main,2010,5,2010,11,All (PS),yield,0.5334207077326344
5465,TG2009A20208,Togo,TG,Plateaux,Danyi,Danyi,Groundnuts (In Shell),Main,2011,5,2011,11,All (PS),yield,0.5672969966629589
5466,TG2009A20208,Togo,TG,Plateaux,Danyi,Danyi,Cowpea,Main,2010,5,2010,11,All (PS),yield,0.5629804849201656
5467,TG2009A20208,Togo,TG,Plateaux,Danyi,Danyi,Cowpea,Main,2011,5,2011,11,All (PS),yield,0.5305420131918555
5468,TG2009A20208,Togo,TG,Plateaux,Danyi,Danyi,Cowpea,Main,2012,5,2012,11,All (PS),yield,0.4543795620437956
5469,TG2009A20208,Togo,TG,Plateaux,Danyi,Danyi,Cowpea,Main,2013,5,2013,11,All (PS),yield,0.3146853146853147
5470,TG2009A20208,Togo,TG,Plateaux,Danyi,Danyi,Cowpea,Main,2014,5,2014,11,All (PS),yield,0.45526315789473687
5471,TG2009A20208,Togo,TG,Plateaux,Danyi,Danyi,Cowpea,Main,2015,5,2015,11,All (PS),yield,0.5326620620787218
5472,TG2009A20209,Togo,TG,Plateaux,Moyen-Mono,Moyen-Mono,Sorghum,Main,1998,5,1998,11,All (PS),yield,0.5217391304347826
5473,TG2009A20209,Togo,TG,Plateaux,Moyen-Mono,Moyen-Mono,Sorghum,Main,2003,5,2003,11,All (PS),yield,0.8823529411764706
5474,TG2009A20209,Togo,TG,Plateaux,Moyen-Mono,Moyen-Mono,Sorghum,Main,2006,5,2006,11,All (PS),yield,1.153448275862069
5475,TG2009A20209,Togo,TG,Plateaux,Moyen-Mono,Moyen-Mono,Sorghum,Main,2009,5,2009,11,All (PS),yield,1.0
5476,TG2009A20209,Togo,TG,Plateaux,Moyen-Mono,Moyen-Mono,Sorghum,Main,2010,5,2010,11,All (PS),yield,1.0454545454545454
5477,TG2009A20209,Togo,TG,Plateaux,Moyen-Mono,Moyen-Mono,Sorghum,Main,2012,5,2012,11,All (PS),yield,0.7814569536423841
5478,TG2009A20209,Togo,TG,Plateaux,Moyen-Mono,Moyen-Mono,Sorghum,Main,2013,5,2013,11,All (PS),yield,0.5333333333333333
5479,TG2009A20209,Togo,TG,Plateaux,Moyen-Mono,Moyen-Mono,Sorghum,Main,2014,5,2014,11,All (PS),yield,0.78
5480,TG2009A20209,Togo,TG,Plateaux,Moyen-Mono,Moyen-Mono,Sorghum,Main,2015,5,2015,11,All (PS),yield,0.475
5481,TG2009A20209,Togo,TG,Plateaux,Moyen-Mono,Moyen-Mono,Maize,Main,1997,5,1997,11,All (PS),yield,1.0334190231362468
5482,TG2009A20209,Togo,TG,Plateaux,Moyen-Mono,Moyen-Mono,Maize,Main,1998,5,1998,11,All (PS),yield,1.344715194785038
5483,TG2009A20209,Togo,TG,Plateaux,Moyen-Mono,Moyen-Mono,Maize,Main,1999,5,1999,11,All (PS),yield,1.118134526977982
5484,TG2009A20209,Togo,TG,Plateaux,Moyen-Mono,Moyen-Mono,Maize,Main,2000,5,2000,11,All (PS),yield,1.3181966855647622
5485,TG2009A20209,Togo,TG,Plateaux,Moyen-Mono,Moyen-Mono,Maize,Main,2001,5,2001,11,All (PS),yield,1.1901913875598087
5486,TG2009A20209,Togo,TG,Plateaux,Moyen-Mono,Moyen-Mono,Maize,Main,2002,5,2002,11,All (PS),yield,1.0617096261488495
5487,TG2009A20209,Togo,TG,Plateaux,Moyen-Mono,Moyen-Mono,Maize,Main,2003,5,2003,11,All (PS),yield,1.4277509572165807
5488,TG2009A20209,Togo,TG,Plateaux,Moyen-Mono,Moyen-Mono,Maize,Main,2004,5,2004,11,All (PS),yield,1.7495777675418394
5489,TG2009A20209,Togo,TG,Plateaux,Moyen-Mono,Moyen-Mono,Maize,Main,2005,5,2005,11,All (PS),yield,0.8930711214492141
5490,TG2009A20209,Togo,TG,Plateaux,Moyen-Mono,Moyen-Mono,Maize,Main,2006,5,2006,11,All (PS),yield,0.7890738270602563
5491,TG2009A20209,Togo,TG,Plateaux,Moyen-Mono,Moyen-Mono,Maize,Main,2007,5,2007,11,All (PS),yield,0.557329817364977
5492,TG2009A20209,Togo,TG,Plateaux,Moyen-Mono,Moyen-Mono,Maize,Main,2008,5,2008,11,All (PS),yield,1.2958345140266365
5493,TG2009A20209,Togo,TG,Plateaux,Moyen-Mono,Moyen-Mono,Maize,Main,2009,5,2009,11,All (PS),yield,1.3102585487906588
5494,TG2009A20209,Togo,TG,Plateaux,Moyen-Mono,Moyen-Mono,Maize,Main,2010,5,2010,11,All (PS),yield,1.5119544064498194
5495,TG2009A20209,Togo,TG,Plateaux,Moyen-Mono,Moyen-Mono,Maize,Main,2011,5,2011,11,All (PS),yield,1.1565193216569363
5496,TG2009A20209,Togo,TG,Plateaux,Moyen-Mono,Moyen-Mono,Maize,Main,2012,5,2012,11,All (PS),yield,1.1597078110732963
5497,TG2009A20209,Togo,TG,Plateaux,Moyen-Mono,Moyen-Mono,Maize,Main,2013,5,2013,11,All (PS),yield,1.0980414880055627
5498,TG2009A20209,Togo,TG,Plateaux,Moyen-Mono,Moyen-Mono,Maize,Main,2014,5,2014,11,All (PS),yield,1.1674739276519615
5499,TG2009A20209,Togo,TG,Plateaux,Moyen-Mono,Moyen-Mono,Maize,Main,2015,5,2015,11,All (PS),yield,1.8381810128451204
5500,TG2009A20209,Togo,TG,Plateaux,Moyen-Mono,Moyen-Mono,Millet,Main,2012,5,2012,11,All (PS),yield,1.0
5501,TG2009A20209,Togo,TG,Plateaux,Moyen-Mono,Moyen-Mono,Millet,Main,2013,5,2013,11,All (PS),yield,1.0
5502,TG2009A20209,Togo,TG,Plateaux,Moyen-Mono,Moyen-Mono,Millet,Main,2015,5,2015,11,All (PS),yield,1.0
5503,TG2009A20209,Togo,TG,Plateaux,Moyen-Mono,Moyen-Mono,Rice,Annual,2012,5,2012,11,All (PS),yield,1.2716468590831917
5504,TG2009A20209,Togo,TG,Plateaux,Moyen-Mono,Moyen-Mono,Rice,Annual,2013,5,2013,11,All (PS),yield,1.0235294117647058
5505,TG2009A20209,Togo,TG,Plateaux,Moyen-Mono,Moyen-Mono,Rice,Annual,2014,5,2014,11,All (PS),yield,1.2777777777777777
5506,TG2009A20209,Togo,TG,Plateaux,Moyen-Mono,Moyen-Mono,Rice,Annual,2015,5,2015,11,All (PS),yield,1.126530612244898
5507,TG2009A20209,Togo,TG,Plateaux,Moyen-Mono,Moyen-Mono,Cassava,Main,2010,5,2010,11,All (PS),yield,5.3132664437012265
5508,TG2009A20209,Togo,TG,Plateaux,Moyen-Mono,Moyen-Mono,Cassava,Main,2011,5,2011,11,All (PS),yield,7.257175014068655
5509,TG2009A20209,Togo,TG,Plateaux,Moyen-Mono,Moyen-Mono,Cassava,Main,2012,5,2012,11,All (PS),yield,6.2026103169670606
5510,TG2009A20209,Togo,TG,Plateaux,Moyen-Mono,Moyen-Mono,Cassava,Main,2013,5,2013,11,All (PS),yield,4.473427000610873
5511,TG2009A20209,Togo,TG,Plateaux,Moyen-Mono,Moyen-Mono,Cassava,Main,2014,5,2014,11,All (PS),yield,4.022050604613352
5512,TG2009A20209,Togo,TG,Plateaux,Moyen-Mono,Moyen-Mono,Cassava,Main,2015,5,2015,11,All (PS),yield,4.520954962468724
5513,TG2009A20209,Togo,TG,Plateaux,Moyen-Mono,Moyen-Mono,Soybean,Main,2015,5,2015,11,All (PS),yield,0.14285714285714285
5514,TG2009A20209,Togo,TG,Plateaux,Moyen-Mono,Moyen-Mono,Yams,Main,2010,5,2010,11,All (PS),yield,6.1796246648793565
5515,TG2009A20209,Togo,TG,Plateaux,Moyen-Mono,Moyen-Mono,Yams,Main,2011,5,2011,11,All (PS),yield,6.275757575757575
5516,TG2009A20209,Togo,TG,Plateaux,Moyen-Mono,Moyen-Mono,Yams,Main,2012,5,2012,11,All (PS),yield,5.128099173553719
5517,TG2009A20209,Togo,TG,Plateaux,Moyen-Mono,Moyen-Mono,Groundnuts (In Shell),Main,2010,5,2010,11,All (PS),yield,0.652073732718894
5518,TG2009A20209,Togo,TG,Plateaux,Moyen-Mono,Moyen-Mono,Groundnuts (In Shell),Main,2011,5,2011,11,All (PS),yield,0.6384439359267735
5519,TG2009A20209,Togo,TG,Plateaux,Moyen-Mono,Moyen-Mono,Groundnuts (In Shell),Main,2012,5,2012,11,All (PS),yield,0.6501958421211208
5520,TG2009A20209,Togo,TG,Plateaux,Moyen-Mono,Moyen-Mono,Groundnuts (In Shell),Main,2013,5,2013,11,All (PS),yield,0.7675312199807877
5521,TG2009A20209,Togo,TG,Plateaux,Moyen-Mono,Moyen-Mono,Groundnuts (In Shell),Main,2014,5,2014,11,All (PS),yield,0.5305263157894737
5522,TG2009A20209,Togo,TG,Plateaux,Moyen-Mono,Moyen-Mono,Groundnuts (In Shell),Main,2015,5,2015,11,All (PS),yield,0.4914933837429111
5523,TG2009A20209,Togo,TG,Plateaux,Moyen-Mono,Moyen-Mono,Cowpea,Main,2010,5,2010,11,All (PS),yield,0.44505758157389635
5524,TG2009A20209,Togo,TG,Plateaux,Moyen-Mono,Moyen-Mono,Cowpea,Main,2011,5,2011,11,All (PS),yield,0.4444444444444444
5525,TG2009A20209,Togo,TG,Plateaux,Moyen-Mono,Moyen-Mono,Cowpea,Main,2012,5,2012,11,All (PS),yield,0.3950329840900272
5526,TG2009A20209,Togo,TG,Plateaux,Moyen-Mono,Moyen-Mono,Cowpea,Main,2013,5,2013,11,All (PS),yield,0.3340666779488915
5527,TG2009A20209,Togo,TG,Plateaux,Moyen-Mono,Moyen-Mono,Cowpea,Main,2014,5,2014,11,All (PS),yield,0.4075815282075696
5528,TG2009A20209,Togo,TG,Plateaux,Moyen-Mono,Moyen-Mono,Cowpea,Main,2015,5,2015,11,All (PS),yield,0.565518949715135
5529,TG2009A20210,Togo,TG,Plateaux,Akébou,Akébou,Maize,Main,1995,5,1995,11,All (PS),yield,1.535467944529151
5530,TG2009A20210,Togo,TG,Plateaux,Akébou,Akébou,Maize,Main,1996,5,1996,11,All (PS),yield,1.025442568958419
5531,TG2009A20210,Togo,TG,Plateaux,Akébou,Akébou,Maize,Main,1997,5,1997,11,All (PS),yield,0.9259932866429841
5532,TG2009A20210,Togo,TG,Plateaux,Akébou,Akébou,Maize,Main,1998,5,1998,11,All (PS),yield,1.1828877071511539
5533,TG2009A20210,Togo,TG,Plateaux,Akébou,Akébou,Maize,Main,1999,5,1999,11,All (PS),yield,0.9005438840808884
5534,TG2009A20210,Togo,TG,Plateaux,Akébou,Akébou,Maize,Main,2000,5,2000,11,All (PS),yield,1.4032783848027994
5535,TG2009A20210,Togo,TG,Plateaux,Akébou,Akébou,Maize,Main,2001,5,2001,11,All (PS),yield,1.357906223406626
5536,TG2009A20210,Togo,TG,Plateaux,Akébou,Akébou,Maize,Main,2002,5,2002,11,All (PS),yield,1.2360849777319995
5537,TG2009A20210,Togo,TG,Plateaux,Akébou,Akébou,Maize,Main,2003,5,2003,11,All (PS),yield,1.375957103449275
5538,TG2009A20210,Togo,TG,Plateaux,Akébou,Akébou,Maize,Main,2004,5,2004,11,All (PS),yield,1.4794503923401636
5539,TG2009A20210,Togo,TG,Plateaux,Akébou,Akébou,Maize,Main,2005,5,2005,11,All (PS),yield,1.3635898854384951
5540,TG2009A20210,Togo,TG,Plateaux,Akébou,Akébou,Maize,Main,2006,5,2006,11,All (PS),yield,1.4067384377056096
5541,TG2009A20210,Togo,TG,Plateaux,Akébou,Akébou,Maize,Main,2007,5,2007,11,All (PS),yield,1.8839020829941047
5542,TG2009A20210,Togo,TG,Plateaux,Akébou,Akébou,Maize,Main,2008,5,2008,11,All (PS),yield,1.3226235956444445
5543,TG2009A20210,Togo,TG,Plateaux,Akébou,Akébou,Maize,Main,2009,5,2009,11,All (PS),yield,1.3880139982502187
5544,TG2009A20210,Togo,TG,Plateaux,Akébou,Akébou,Maize,Main,2010,5,2010,11,All (PS),yield,1.4044975272930857
5545,TG2009A20210,Togo,TG,Plateaux,Akébou,Akébou,Maize,Main,2011,5,2011,11,All (PS),yield,1.4531807780320367
5546,TG2009A20210,Togo,TG,Plateaux,Akébou,Akébou,Maize,Main,2012,5,2012,11,All (PS),yield,1.124252852744068
5547,TG2009A20210,Togo,TG,Plateaux,Akébou,Akébou,Maize,Main,2013,5,2013,11,All (PS),yield,1.0671326397919376
5548,TG2009A20210,Togo,TG,Plateaux,Akébou,Akébou,Maize,Main,2014,5,2014,11,All (PS),yield,1.3432277375904216
5549,TG2009A20210,Togo,TG,Plateaux,Akébou,Akébou,Maize,Main,2015,5,2015,11,All (PS),yield,1.7866611433305717
5550,TG2009A20210,Togo,TG,Plateaux,Akébou,Akébou,Rice,Annual,2010,5,2010,11,All (PS),yield,1.1768488745980707
5551,TG2009A20210,Togo,TG,Plateaux,Akébou,Akébou,Rice,Annual,2011,5,2011,11,All (PS),yield,1.3905693950177935
5552,TG2009A20210,Togo,TG,Plateaux,Akébou,Akébou,Rice,Annual,2012,5,2012,11,All (PS),yield,1.0863752441039507
5553,TG2009A20210,Togo,TG,Plateaux,Akébou,Akébou,Rice,Annual,2013,5,2013,11,All (PS),yield,0.871441879722596
5554,TG2009A20210,Togo,TG,Plateaux,Akébou,Akébou,Rice,Annual,2014,5,2014,11,All (PS),yield,0.9079144530717885
5555,TG2009A20210,Togo,TG,Plateaux,Akébou,Akébou,Rice,Annual,2015,5,2015,11,All (PS),yield,0.9576149425287356
5556,TG2009A20210,Togo,TG,Plateaux,Akébou,Akébou,Cassava,Main,2010,5,2010,11,All (PS),yield,0.8852682926829268
5557,TG2009A20210,Togo,TG,Plateaux,Akébou,Akébou,Cassava,Main,2011,5,2011,11,All (PS),yield,6.350348879911862
5558,TG2009A20210,Togo,TG,Plateaux,Akébou,Akébou,Cassava,Main,2012,5,2012,11,All (PS),yield,4.32483781278962
5559,TG2009A20210,Togo,TG,Plateaux,Akébou,Akébou,Cassava,Main,2013,5,2013,11,All (PS),yield,3.6050704225352113
5560,TG2009A20210,Togo,TG,Plateaux,Akébou,Akébou,Cassava,Main,2014,5,2014,11,All (PS),yield,3.6119531026594225
5561,TG2009A20210,Togo,TG,Plateaux,Akébou,Akébou,Cassava,Main,2015,5,2015,11,All (PS),yield,3.6432073839053936
5562,TG2009A20210,Togo,TG,Plateaux,Akébou,Akébou,Soybean,Main,2015,5,2015,11,All (PS),yield,0.45
5563,TG2009A20210,Togo,TG,Plateaux,Akébou,Akébou,Yams,Main,2010,5,2010,11,All (PS),yield,9.234141791044776
5564,TG2009A20210,Togo,TG,Plateaux,Akébou,Akébou,Yams,Main,2011,5,2011,11,All (PS),yield,11.955958549222798
5565,TG2009A20210,Togo,TG,Plateaux,Akébou,Akébou,Yams,Main,2012,5,2012,11,All (PS),yield,8.367483296213809
5566,TG2009A20210,Togo,TG,Plateaux,Akébou,Akébou,Yams,Main,2013,5,2013,11,All (PS),yield,14.01355421686747
5567,TG2009A20210,Togo,TG,Plateaux,Akébou,Akébou,Yams,Main,2014,5,2014,11,All (PS),yield,8.716216216216216
5568,TG2009A20210,Togo,TG,Plateaux,Akébou,Akébou,Yams,Main,2015,5,2015,11,All (PS),yield,9.473684210526315
5569,TG2009A20210,Togo,TG,Plateaux,Akébou,Akébou,Groundnuts (In Shell),Main,2010,5,2010,11,All (PS),yield,0.5016968325791855
5570,TG2009A20210,Togo,TG,Plateaux,Akébou,Akébou,Groundnuts (In Shell),Main,2011,5,2011,11,All (PS),yield,0.559805707346691
5571,TG2009A20210,Togo,TG,Plateaux,Akébou,Akébou,Groundnuts (In Shell),Main,2012,5,2012,11,All (PS),yield,0.7090395480225988
5572,TG2009A20210,Togo,TG,Plateaux,Akébou,Akébou,Groundnuts (In Shell),Main,2013,5,2013,11,All (PS),yield,0.7697729052466719
5573,TG2009A20210,Togo,TG,Plateaux,Akébou,Akébou,Groundnuts (In Shell),Main,2014,5,2014,11,All (PS),yield,0.6565040650406504
5574,TG2009A20210,Togo,TG,Plateaux,Akébou,Akébou,Groundnuts (In Shell),Main,2015,5,2015,11,All (PS),yield,0.4930662557781202
5575,TG2009A20210,Togo,TG,Plateaux,Akébou,Akébou,Cowpea,Main,2010,5,2010,11,All (PS),yield,0.5124900345469041
5576,TG2009A20210,Togo,TG,Plateaux,Akébou,Akébou,Cowpea,Main,2011,5,2011,11,All (PS),yield,0.6059006631479226
5577,TG2009A20210,Togo,TG,Plateaux,Akébou,Akébou,Cowpea,Main,2012,5,2012,11,All (PS),yield,0.506007393715342
5578,TG2009A20210,Togo,TG,Plateaux,Akébou,Akébou,Cowpea,Main,2013,5,2013,11,All (PS),yield,0.3287012292891502
5579,TG2009A20210,Togo,TG,Plateaux,Akébou,Akébou,Cowpea,Main,2014,5,2014,11,All (PS),yield,0.5184645286686103
5580,TG2009A20210,Togo,TG,Plateaux,Akébou,Akébou,Cowpea,Main,2015,5,2015,11,All (PS),yield,0.5565988523735003
5581,TG2009A20211,Togo,TG,Plateaux,Kpélé,Kpélé,Sorghum,Main,1995,5,1995,11,All (PS),yield,0.8942943074549766
5582,TG2009A20211,Togo,TG,Plateaux,Kpélé,Kpélé,Sorghum,Main,1996,5,1996,11,All (PS),yield,0.8106995884773662
5583,TG2009A20211,Togo,TG,Plateaux,Kpélé,Kpélé,Sorghum,Main,1997,5,1997,11,All (PS),yield,0.8789789481799337
5584,TG2009A20211,Togo,TG,Plateaux,Kpélé,Kpélé,Sorghum,Main,1998,5,1998,11,All (PS),yield,0.650289942662163
5585,TG2009A20211,Togo,TG,Plateaux,Kpélé,Kpélé,Sorghum,Main,1999,5,1999,11,All (PS),yield,0.472757178508767
5586,TG2009A20211,Togo,TG,Plateaux,Kpélé,Kpélé,Sorghum,Main,2000,5,2000,11,All (PS),yield,0.8252027194088272
5587,TG2009A20211,Togo,TG,Plateaux,Kpélé,Kpélé,Sorghum,Main,2001,5,2001,11,All (PS),yield,0.47648822531243834
5588,TG2009A20211,Togo,TG,Plateaux,Kpélé,Kpélé,Sorghum,Main,2002,5,2002,11,All (PS),yield,0.7163367704946244
5589,TG2009A20211,Togo,TG,Plateaux,Kpélé,Kpélé,Sorghum,Main,2003,5,2003,11,All (PS),yield,0.9207657606208235
5590,TG2009A20211,Togo,TG,Plateaux,Kpélé,Kpélé,Sorghum,Main,2004,5,2004,11,All (PS),yield,1.096065948867777
5591,TG2009A20211,Togo,TG,Plateaux,Kpélé,Kpélé,Sorghum,Main,2005,5,2005,11,All (PS),yield,1.414700655662591
5592,TG2009A20211,Togo,TG,Plateaux,Kpélé,Kpélé,Sorghum,Main,2006,5,2006,11,All (PS),yield,0.7973738677367264
5593,TG2009A20211,Togo,TG,Plateaux,Kpélé,Kpélé,Sorghum,Main,2007,5,2007,11,All (PS),yield,0.7919567295626573
5594,TG2009A20211,Togo,TG,Plateaux,Kpélé,Kpélé,Sorghum,Main,2008,5,2008,11,All (PS),yield,1.0775125582181597
5595,TG2009A20211,Togo,TG,Plateaux,Kpélé,Kpélé,Sorghum,Main,2009,5,2009,11,All (PS),yield,1.2103909465020577
5596,TG2009A20211,Togo,TG,Plateaux,Kpélé,Kpélé,Sorghum,Main,2010,5,2010,11,All (PS),yield,1.2895850973751057
5597,TG2009A20211,Togo,TG,Plateaux,Kpélé,Kpélé,Sorghum,Main,2011,5,2011,11,All (PS),yield,1.2876151484135108
5598,TG2009A20211,Togo,TG,Plateaux,Kpélé,Kpélé,Sorghum,Main,2012,5,2012,11,All (PS),yield,1.3765281173594133
5599,TG2009A20211,Togo,TG,Plateaux,Kpélé,Kpélé,Sorghum,Main,2013,5,2013,11,All (PS),yield,1.0390133400453059
5600,TG2009A20211,Togo,TG,Plateaux,Kpélé,Kpélé,Sorghum,Main,2014,5,2014,11,All (PS),yield,1.3760650658404339
5601,TG2009A20211,Togo,TG,Plateaux,Kpélé,Kpélé,Sorghum,Main,2015,5,2015,11,All (PS),yield,0.9446685878962536
5602,TG2009A20211,Togo,TG,Plateaux,Kpélé,Kpélé,Maize,Main,1995,5,1995,11,All (PS),yield,1.1687327005630042
5603,TG2009A20211,Togo,TG,Plateaux,Kpélé,Kpélé,Maize,Main,1996,5,1996,11,All (PS),yield,0.9207585695373252
5604,TG2009A20211,Togo,TG,Plateaux,Kpélé,Kpélé,Maize,Main,1997,5,1997,11,All (PS),yield,0.48752330974584834
5605,TG2009A20211,Togo,TG,Plateaux,Kpélé,Kpélé,Maize,Main,1998,5,1998,11,All (PS),yield,0.5181579648982029
5606,TG2009A20211,Togo,TG,Plateaux,Kpélé,Kpélé,Maize,Main,1999,5,1999,11,All (PS),yield,0.4405725886969479
5607,TG2009A20211,Togo,TG,Plateaux,Kpélé,Kpélé,Maize,Main,2000,5,2000,11,All (PS),yield,1.2561127661906752
5608,TG2009A20211,Togo,TG,Plateaux,Kpélé,Kpélé,Maize,Main,2001,5,2001,11,All (PS),yield,1.4484877921014891
5609,TG2009A20211,Togo,TG,Plateaux,Kpélé,Kpélé,Maize,Main,2002,5,2002,11,All (PS),yield,1.4006991069727923
5610,TG2009A20211,Togo,TG,Plateaux,Kpélé,Kpélé,Maize,Main,2003,5,2003,11,All (PS),yield,1.5687848782839713
5611,TG2009A20211,Togo,TG,Plateaux,Kpélé,Kpélé,Maize,Main,2004,5,2004,11,All (PS),yield,1.523729683943407
5612,TG2009A20211,Togo,TG,Plateaux,Kpélé,Kpélé,Maize,Main,2005,5,2005,11,All (PS),yield,1.3847415649016575
5613,TG2009A20211,Togo,TG,Plateaux,Kpélé,Kpélé,Maize,Main,2006,5,2006,11,All (PS),yield,1.1728864888354367
5614,TG2009A20211,Togo,TG,Plateaux,Kpélé,Kpélé,Maize,Main,2007,5,2007,11,All (PS),yield,1.4464836492624054
5615,TG2009A20211,Togo,TG,Plateaux,Kpélé,Kpélé,Maize,Main,2008,5,2008,11,All (PS),yield,1.3836327848536192
5616,TG2009A20211,Togo,TG,Plateaux,Kpélé,Kpélé,Maize,Main,2009,5,2009,11,All (PS),yield,1.442619184376795
5617,TG2009A20211,Togo,TG,Plateaux,Kpélé,Kpélé,Maize,Main,2010,5,2010,11,All (PS),yield,1.4356091916019176
5618,TG2009A20211,Togo,TG,Plateaux,Kpélé,Kpélé,Maize,Main,2011,5,2011,11,All (PS),yield,1.5088042931410364
5619,TG2009A20211,Togo,TG,Plateaux,Kpélé,Kpélé,Maize,Main,2012,5,2012,11,All (PS),yield,1.346543330087634
5620,TG2009A20211,Togo,TG,Plateaux,Kpélé,Kpélé,Maize,Main,2013,5,2013,11,All (PS),yield,1.0993300993300994
5621,TG2009A20211,Togo,TG,Plateaux,Kpélé,Kpélé,Maize,Main,2014,5,2014,11,All (PS),yield,1.3703498056635202
5622,TG2009A20211,Togo,TG,Plateaux,Kpélé,Kpélé,Maize,Main,2015,5,2015,11,All (PS),yield,1.8402982146360605
5623,TG2009A20211,Togo,TG,Plateaux,Kpélé,Kpélé,Millet,Main,2012,5,2012,11,All (PS),yield,0.7557034220532319
5624,TG2009A20211,Togo,TG,Plateaux,Kpélé,Kpélé,Millet,Main,2013,5,2013,11,All (PS),yield,4.156546990496304
5625,TG2009A20211,Togo,TG,Plateaux,Kpélé,Kpélé,Millet,Main,2014,5,2014,11,All (PS),yield,1.3552859618717505
5626,TG2009A20211,Togo,TG,Plateaux,Kpélé,Kpélé,Millet,Main,2015,5,2015,11,All (PS),yield,0.9234297108673978
5627,TG2009A20211,Togo,TG,Plateaux,Kpélé,Kpélé,Rice,Annual,2010,5,2010,11,All (PS),yield,1.2193436960276338
5628,TG2009A20211,Togo,TG,Plateaux,Kpélé,Kpélé,Rice,Annual,2011,5,2011,11,All (PS),yield,1.377814569536424
5629,TG2009A20211,Togo,TG,Plateaux,Kpélé,Kpélé,Rice,Annual,2012,5,2012,11,All (PS),yield,1.3372620126926564
5630,TG2009A20211,Togo,TG,Plateaux,Kpélé,Kpélé,Rice,Annual,2013,5,2013,11,All (PS),yield,1.1336032388663968
5631,TG2009A20211,Togo,TG,Plateaux,Kpélé,Kpélé,Rice,Annual,2014,5,2014,11,All (PS),yield,1.3367786391042205
5632,TG2009A20211,Togo,TG,Plateaux,Kpélé,Kpélé,Rice,Annual,2015,5,2015,11,All (PS),yield,1.245585874799358
5633,TG2009A20211,Togo,TG,Plateaux,Kpélé,Kpélé,Cassava,Main,2010,5,2010,11,All (PS),yield,5.685505925250684
5634,TG2009A20211,Togo,TG,Plateaux,Kpélé,Kpélé,Cassava,Main,2011,5,2011,11,All (PS),yield,5.810701256586948
5635,TG2009A20211,Togo,TG,Plateaux,Kpélé,Kpélé,Cassava,Main,2012,5,2012,11,All (PS),yield,5.526535863621743
5636,TG2009A20211,Togo,TG,Plateaux,Kpélé,Kpélé,Cassava,Main,2013,5,2013,11,All (PS),yield,5.120469361147327
5637,TG2009A20211,Togo,TG,Plateaux,Kpélé,Kpélé,Cassava,Main,2014,5,2014,11,All (PS),yield,6.235521235521236
5638,TG2009A20211,Togo,TG,Plateaux,Kpélé,Kpélé,Cassava,Main,2015,5,2015,11,All (PS),yield,5.174899866488651
5639,TG2009A20211,Togo,TG,Plateaux,Kpélé,Kpélé,Soybean,Main,2015,5,2015,11,All (PS),yield,0.5757575757575758
5640,TG2009A20211,Togo,TG,Plateaux,Kpélé,Kpélé,Yams,Main,2010,5,2010,11,All (PS),yield,8.343610547667343
5641,TG2009A20211,Togo,TG,Plateaux,Kpélé,Kpélé,Yams,Main,2011,5,2011,11,All (PS),yield,8.486713286713286
5642,TG2009A20211,Togo,TG,Plateaux,Kpélé,Kpélé,Yams,Main,2012,5,2012,11,All (PS),yield,9.446527012127895
5643,TG2009A20211,Togo,TG,Plateaux,Kpélé,Kpélé,Yams,Main,2013,5,2013,11,All (PS),yield,14.538617886178862
5644,TG2009A20211,Togo,TG,Plateaux,Kpélé,Kpélé,Yams,Main,2014,5,2014,11,All (PS),yield,9.532814238042269
5645,TG2009A20211,Togo,TG,Plateaux,Kpélé,Kpélé,Yams,Main,2015,5,2015,11,All (PS),yield,9.830648492358529
5646,TG2009A20211,Togo,TG,Plateaux,Kpélé,Kpélé,Groundnuts (In Shell),Main,2010,5,2010,11,All (PS),yield,0.686046511627907
5647,TG2009A20211,Togo,TG,Plateaux,Kpélé,Kpélé,Groundnuts (In Shell),Main,2011,5,2011,11,All (PS),yield,0.6545454545454545
5648,TG2009A20211,Togo,TG,Plateaux,Kpélé,Kpélé,Groundnuts (In Shell),Main,2012,5,2012,11,All (PS),yield,0.8026315789473685
5649,TG2009A20211,Togo,TG,Plateaux,Kpélé,Kpélé,Groundnuts (In Shell),Main,2013,5,2013,11,All (PS),yield,1.3513513513513513
5650,TG2009A20211,Togo,TG,Plateaux,Kpélé,Kpélé,Groundnuts (In Shell),Main,2014,5,2014,11,All (PS),yield,0.868421052631579
5651,TG2009A20211,Togo,TG,Plateaux,Kpélé,Kpélé,Groundnuts (In Shell),Main,2015,5,2015,11,All (PS),yield,0.8666666666666667
5652,TG2009A20211,Togo,TG,Plateaux,Kpélé,Kpélé,Cowpea,Main,2010,5,2010,11,All (PS),yield,0.45030067209055535
5653,TG2009A20211,Togo,TG,Plateaux,Kpélé,Kpélé,Cowpea,Main,2011,5,2011,11,All (PS),yield,0.46617794068643786
5654,TG2009A20211,Togo,TG,Plateaux,Kpélé,Kpélé,Cowpea,Main,2012,5,2012,11,All (PS),yield,0.3771440823327616
5655,TG2009A20211,Togo,TG,Plateaux,Kpélé,Kpélé,Cowpea,Main,2013,5,2013,11,All (PS),yield,0.2571351497167521
5656,TG2009A20211,Togo,TG,Plateaux,Kpélé,Kpélé,Cowpea,Main,2014,5,2014,11,All (PS),yield,0.3883878241262683
5657,TG2009A20211,Togo,TG,Plateaux,Kpélé,Kpélé,Cowpea,Main,2015,5,2015,11,All (PS),yield,0.43527244011581995
5658,TG2009A20212,Togo,TG,Plateaux,Anié,Anié,Sorghum,Main,1995,5,1995,11,All (PS),yield,1.153128266387935
5659,TG2009A20212,Togo,TG,Plateaux,Anié,Anié,Sorghum,Main,1996,5,1996,11,All (PS),yield,1.3528665469778576
5660,TG2009A20212,Togo,TG,Plateaux,Anié,Anié,Sorghum,Main,1997,5,1997,11,All (PS),yield,0.7037180499610141
5661,TG2009A20212,Togo,TG,Plateaux,Anié,Anié,Sorghum,Main,1998,5,1998,11,All (PS),yield,0.6502895060444688
5662,TG2009A20212,Togo,TG,Plateaux,Anié,Anié,Sorghum,Main,1999,5,1999,11,All (PS),yield,0.592269855205
5663,TG2009A20212,Togo,TG,Plateaux,Anié,Anié,Sorghum,Main,2000,5,2000,11,All (PS),yield,1.1058758264045783
5664,TG2009A20212,Togo,TG,Plateaux,Anié,Anié,Sorghum,Main,2001,5,2001,11,All (PS),yield,1.241232614915066
5665,TG2009A20212,Togo,TG,Plateaux,Anié,Anié,Sorghum,Main,2002,5,2002,11,All (PS),yield,0.8468185172289326
5666,TG2009A20212,Togo,TG,Plateaux,Anié,Anié,Sorghum,Main,2003,5,2003,11,All (PS),yield,0.9930756186413918
5667,TG2009A20212,Togo,TG,Plateaux,Anié,Anié,Sorghum,Main,2004,5,2004,11,All (PS),yield,0.8271982381211199
5668,TG2009A20212,Togo,TG,Plateaux,Anié,Anié,Sorghum,Main,2005,5,2005,11,All (PS),yield,1.509489068357304
5669,TG2009A20212,Togo,TG,Plateaux,Anié,Anié,Sorghum,Main,2006,5,2006,11,All (PS),yield,1.0811233090850307
5670,TG2009A20212,Togo,TG,Plateaux,Anié,Anié,Sorghum,Main,2007,5,2007,11,All (PS),yield,1.0456731122536205
5671,TG2009A20212,Togo,TG,Plateaux,Anié,Anié,Sorghum,Main,2008,5,2008,11,All (PS),yield,1.2198693742915905
5672,TG2009A20212,Togo,TG,Plateaux,Anié,Anié,Sorghum,Main,2012,5,2012,11,All (PS),yield,0.6388668953989619
5673,TG2009A20212,Togo,TG,Plateaux,Anié,Anié,Sorghum,Main,2013,5,2013,11,All (PS),yield,0.5953360768175583
5674,TG2009A20212,Togo,TG,Plateaux,Anié,Anié,Sorghum,Main,2014,5,2014,11,All (PS),yield,0.8516298919458821
5675,TG2009A20212,Togo,TG,Plateaux,Anié,Anié,Sorghum,Main,2015,5,2015,11,All (PS),yield,0.5412249705535924
5676,TG2009A20212,Togo,TG,Plateaux,Anié,Anié,Maize,Main,1995,5,1995,11,All (PS),yield,1.353441894892672
5677,TG2009A20212,Togo,TG,Plateaux,Anié,Anié,Maize,Main,1996,5,1996,11,All (PS),yield,1.0184616041319845
5678,TG2009A20212,Togo,TG,Plateaux,Anié,Anié,Maize,Main,1997,5,1997,11,All (PS),yield,1.0071175721641785
5679,TG2009A20212,Togo,TG,Plateaux,Anié,Anié,Maize,Main,1998,5,1998,11,All (PS),yield,1.2939767057926133
5680,TG2009A20212,Togo,TG,Plateaux,Anié,Anié,Maize,Main,1999,5,1999,11,All (PS),yield,0.9249520139293511
5681,TG2009A20212,Togo,TG,Plateaux,Anié,Anié,Maize,Main,2000,5,2000,11,All (PS),yield,1.54705931682896
5682,TG2009A20212,Togo,TG,Plateaux,Anié,Anié,Maize,Main,2001,5,2001,11,All (PS),yield,1.5545929400670855
5683,TG2009A20212,Togo,TG,Plateaux,Anié,Anié,Maize,Main,2002,5,2002,11,All (PS),yield,1.43783421381957
5684,TG2009A20212,Togo,TG,Plateaux,Anié,Anié,Maize,Main,2003,5,2003,11,All (PS),yield,1.3968420843018345
5685,TG2009A20212,Togo,TG,Plateaux,Anié,Anié,Maize,Main,2004,5,2004,11,All (PS),yield,1.1986259353155542
5686,TG2009A20212,Togo,TG,Plateaux,Anié,Anié,Maize,Main,2005,5,2005,11,All (PS),yield,1.4234762146316093
5687,TG2009A20212,Togo,TG,Plateaux,Anié,Anié,Maize,Main,2006,5,2006,11,All (PS),yield,1.1008115816914112
5688,TG2009A20212,Togo,TG,Plateaux,Anié,Anié,Maize,Main,2007,5,2007,11,All (PS),yield,1.3142195574374391
5689,TG2009A20212,Togo,TG,Plateaux,Anié,Anié,Maize,Main,2008,5,2008,11,All (PS),yield,1.3075032969830225
5690,TG2009A20212,Togo,TG,Plateaux,Anié,Anié,Maize,Main,2012,5,2012,11,All (PS),yield,1.3479850853291266
5691,TG2009A20212,Togo,TG,Plateaux,Anié,Anié,Maize,Main,2013,5,2013,11,All (PS),yield,1.077488764810023
5692,TG2009A20212,Togo,TG,Plateaux,Anié,Anié,Maize,Main,2014,5,2014,11,All (PS),yield,1.3668117397611874
5693,TG2009A20212,Togo,TG,Plateaux,Anié,Anié,Maize,Main,2015,5,2015,11,All (PS),yield,1.8040950893631789
5694,TG2009A20212,Togo,TG,Plateaux,Anié,Anié,Millet,Main,2012,5,2012,11,All (PS),yield,0.5294117647058824
5695,TG2009A20212,Togo,TG,Plateaux,Anié,Anié,Millet,Main,2013,5,2013,11,All (PS),yield,3.8333333333333335
5696,TG2009A20212,Togo,TG,Plateaux,Anié,Anié,Millet,Main,2015,5,2015,11,All (PS),yield,0.875
5697,TG2009A20212,Togo,TG,Plateaux,Anié,Anié,Rice,Annual,2012,5,2012,11,All (PS),yield,1.010508182601206
5698,TG2009A20212,Togo,TG,Plateaux,Anié,Anié,Rice,Annual,2013,5,2013,11,All (PS),yield,0.8163265306122449
5699,TG2009A20212,Togo,TG,Plateaux,Anié,Anié,Rice,Annual,2014,5,2014,11,All (PS),yield,1.1532846715328466
5700,TG2009A20212,Togo,TG,Plateaux,Anié,Anié,Rice,Annual,2015,5,2015,11,All (PS),yield,0.8926553672316384
5701,TG2009A20212,Togo,TG,Plateaux,Anié,Anié,Cassava,Main,2012,5,2012,11,All (PS),yield,6.155472955652397
5702,TG2009A20212,Togo,TG,Plateaux,Anié,Anié,Cassava,Main,2013,5,2013,11,All (PS),yield,6.832089552238806
5703,TG2009A20212,Togo,TG,Plateaux,Anié,Anié,Cassava,Main,2014,5,2014,11,All (PS),yield,6.316602316602316
5704,TG2009A20212,Togo,TG,Plateaux,Anié,Anié,Cassava,Main,2015,5,2015,11,All (PS),yield,6.896946564885496
5705,TG2009A20212,Togo,TG,Plateaux,Anié,Anié,Soybean,Main,2015,5,2015,11,All (PS),yield,0.6658624849215923
5706,TG2009A20212,Togo,TG,Plateaux,Anié,Anié,Yams,Main,2012,5,2012,11,All (PS),yield,10.445099818511796
5707,TG2009A20212,Togo,TG,Plateaux,Anié,Anié,Yams,Main,2013,5,2013,11,All (PS),yield,14.720851063829787
5708,TG2009A20212,Togo,TG,Plateaux,Anié,Anié,Yams,Main,2014,5,2014,11,All (PS),yield,10.991727941176471
5709,TG2009A20212,Togo,TG,Plateaux,Anié,Anié,Yams,Main,2015,5,2015,11,All (PS),yield,9.957093425605537
5710,TG2009A20212,Togo,TG,Plateaux,Anié,Anié,Groundnuts (In Shell),Main,2012,5,2012,11,All (PS),yield,0.5350106496272631
5711,TG2009A20212,Togo,TG,Plateaux,Anié,Anié,Groundnuts (In Shell),Main,2013,5,2013,11,All (PS),yield,0.8672768878718535
5712,TG2009A20212,Togo,TG,Plateaux,Anié,Anié,Groundnuts (In Shell),Main,2014,5,2014,11,All (PS),yield,0.6138613861386139
5713,TG2009A20212,Togo,TG,Plateaux,Anié,Anié,Groundnuts (In Shell),Main,2015,5,2015,11,All (PS),yield,0.5563063063063063
5714,TG2009A20212,Togo,TG,Plateaux,Anié,Anié,Cowpea,Main,2012,5,2012,11,All (PS),yield,0.3859036019514896
5715,TG2009A20212,Togo,TG,Plateaux,Anié,Anié,Cowpea,Main,2013,5,2013,11,All (PS),yield,0.308832061409381
5716,TG2009A20212,Togo,TG,Plateaux,Anié,Anié,Cowpea,Main,2014,5,2014,11,All (PS),yield,0.42040977147360126
5717,TG2009A20212,Togo,TG,Plateaux,Anié,Anié,Cowpea,Main,2015,5,2015,11,All (PS),yield,0.5227975438749293
5718,TG2009A20301,Togo,TG,Centrale,Sotouboua,Sotouboua,Sorghum,Main,1995,5,1995,11,All (PS),yield,0.6118966488690939
5719,TG2009A20301,Togo,TG,Centrale,Sotouboua,Sotouboua,Sorghum,Main,1996,5,1996,11,All (PS),yield,0.6201235125771954
5720,TG2009A20301,Togo,TG,Centrale,Sotouboua,Sotouboua,Sorghum,Main,1997,5,1997,11,All (PS),yield,0.4918857513794222
5721,TG2009A20301,Togo,TG,Centrale,Sotouboua,Sotouboua,Sorghum,Main,1998,5,1998,11,All (PS),yield,0.692258883248731
5722,TG2009A20301,Togo,TG,Centrale,Sotouboua,Sotouboua,Sorghum,Main,1999,5,1999,11,All (PS),yield,0.8480693234299863
5723,TG2009A20301,Togo,TG,Centrale,Sotouboua,Sotouboua,Sorghum,Main,2000,5,2000,11,All (PS),yield,0.9273314667241008
5724,TG2009A20301,Togo,TG,Centrale,Sotouboua,Sotouboua,Sorghum,Main,2001,5,2001,11,All (PS),yield,0.8161519377192232
5725,TG2009A20301,Togo,TG,Centrale,Sotouboua,Sotouboua,Sorghum,Main,2002,5,2002,11,All (PS),yield,0.9910870538439625
5726,TG2009A20301,Togo,TG,Centrale,Sotouboua,Sotouboua,Sorghum,Main,2003,5,2003,11,All (PS),yield,0.7698816328367613
5727,TG2009A20301,Togo,TG,Centrale,Sotouboua,Sotouboua,Sorghum,Main,2004,5,2004,11,All (PS),yield,0.7651683861291642
5728,TG2009A20301,Togo,TG,Centrale,Sotouboua,Sotouboua,Sorghum,Main,2005,5,2005,11,All (PS),yield,0.8740179025133877
5729,TG2009A20301,Togo,TG,Centrale,Sotouboua,Sotouboua,Sorghum,Main,2006,5,2006,11,All (PS),yield,1.0143840990323425
5730,TG2009A20301,Togo,TG,Centrale,Sotouboua,Sotouboua,Sorghum,Main,2007,5,2007,11,All (PS),yield,0.9855916615573268
5731,TG2009A20301,Togo,TG,Centrale,Sotouboua,Sotouboua,Sorghum,Main,2008,5,2008,11,All (PS),yield,1.1029439481322327
5732,TG2009A20301,Togo,TG,Centrale,Sotouboua,Sotouboua,Sorghum,Main,2009,5,2009,11,All (PS),yield,1.3032689450222883
5733,TG2009A20301,Togo,TG,Centrale,Sotouboua,Sotouboua,Sorghum,Main,2010,5,2010,11,All (PS),yield,1.1878416794226985
5734,TG2009A20301,Togo,TG,Centrale,Sotouboua,Sotouboua,Sorghum,Main,2011,5,2011,11,All (PS),yield,1.1118494709090252
5735,TG2009A20301,Togo,TG,Centrale,Sotouboua,Sotouboua,Sorghum,Main,2012,5,2012,11,All (PS),yield,0.8539893787190479
5736,TG2009A20301,Togo,TG,Centrale,Sotouboua,Sotouboua,Sorghum,Main,2013,5,2013,11,All (PS),yield,1.0995213975690827
5737,TG2009A20301,Togo,TG,Centrale,Sotouboua,Sotouboua,Sorghum,Main,2014,5,2014,11,All (PS),yield,0.6500391908247363
5738,TG2009A20301,Togo,TG,Centrale,Sotouboua,Sotouboua,Sorghum,Main,2015,5,2015,11,All (PS),yield,0.7110322796920803
5739,TG2009A20301,Togo,TG,Centrale,Sotouboua,Sotouboua,Maize,Main,1995,5,1995,11,All (PS),yield,0.9624667553191489
5740,TG2009A20301,Togo,TG,Centrale,Sotouboua,Sotouboua,Maize,Main,1996,5,1996,11,All (PS),yield,1.0018744979023475
5741,TG2009A20301,Togo,TG,Centrale,Sotouboua,Sotouboua,Maize,Main,1997,5,1997,11,All (PS),yield,0.9765029635901777
5742,TG2009A20301,Togo,TG,Centrale,Sotouboua,Sotouboua,Maize,Main,1998,5,1998,11,All (PS),yield,0.9046751353602666
5743,TG2009A20301,Togo,TG,Centrale,Sotouboua,Sotouboua,Maize,Main,1999,5,1999,11,All (PS),yield,1.5599326990020885
5744,TG2009A20301,Togo,TG,Centrale,Sotouboua,Sotouboua,Maize,Main,2000,5,2000,11,All (PS),yield,1.5943068559347628
5745,TG2009A20301,Togo,TG,Centrale,Sotouboua,Sotouboua,Maize,Main,2001,5,2001,11,All (PS),yield,1.2406725109050099
5746,TG2009A20301,Togo,TG,Centrale,Sotouboua,Sotouboua,Maize,Main,2002,5,2002,11,All (PS),yield,1.5621790256779458
5747,TG2009A20301,Togo,TG,Centrale,Sotouboua,Sotouboua,Maize,Main,2003,5,2003,11,All (PS),yield,1.5751002551950417
5748,TG2009A20301,Togo,TG,Centrale,Sotouboua,Sotouboua,Maize,Main,2004,5,2004,11,All (PS),yield,1.565356652600539
5749,TG2009A20301,Togo,TG,Centrale,Sotouboua,Sotouboua,Maize,Main,2005,5,2005,11,All (PS),yield,1.5047978676143936
5750,TG2009A20301,Togo,TG,Centrale,Sotouboua,Sotouboua,Maize,Main,2006,5,2006,11,All (PS),yield,1.606309663586707
5751,TG2009A20301,Togo,TG,Centrale,Sotouboua,Sotouboua,Maize,Main,2007,5,2007,11,All (PS),yield,1.6964132404845942
5752,TG2009A20301,Togo,TG,Centrale,Sotouboua,Sotouboua,Maize,Main,2008,5,2008,11,All (PS),yield,1.6738212013791094
5753,TG2009A20301,Togo,TG,Centrale,Sotouboua,Sotouboua,Maize,Main,2009,5,2009,11,All (PS),yield,1.6790860999635169
5754,TG2009A20301,Togo,TG,Centrale,Sotouboua,Sotouboua,Maize,Main,2010,5,2010,11,All (PS),yield,1.8259664743560624
5755,TG2009A20301,Togo,TG,Centrale,Sotouboua,Sotouboua,Maize,Main,2011,5,2011,11,All (PS),yield,1.7188140011171105
5756,TG2009A20301,Togo,TG,Centrale,Sotouboua,Sotouboua,Maize,Main,2012,5,2012,11,All (PS),yield,1.6824123448633854
5757,TG2009A20301,Togo,TG,Centrale,Sotouboua,Sotouboua,Maize,Main,2013,5,2013,11,All (PS),yield,1.5310883878795791
5758,TG2009A20301,Togo,TG,Centrale,Sotouboua,Sotouboua,Maize,Main,2014,5,2014,11,All (PS),yield,1.5482461329583475
5759,TG2009A20301,Togo,TG,Centrale,Sotouboua,Sotouboua,Maize,Main,2015,5,2015,11,All (PS),yield,1.5597234522906884
5760,TG2009A20301,Togo,TG,Centrale,Sotouboua,Sotouboua,Millet,Main,2015,5,2015,11,All (PS),yield,0.7427083333333333
5761,TG2009A20301,Togo,TG,Centrale,Sotouboua,Sotouboua,Cotton,Main,2004,5,2004,11,All (PS),yield,1.049721189591078
5762,TG2009A20301,Togo,TG,Centrale,Sotouboua,Sotouboua,Cotton,Main,2005,5,2005,11,All (PS),yield,1.0224502886465685
5763,TG2009A20301,Togo,TG,Centrale,Sotouboua,Sotouboua,Cotton,Main,2006,5,2006,11,All (PS),yield,0.9270231213872833
5764,TG2009A20301,Togo,TG,Centrale,Sotouboua,Sotouboua,Cotton,Main,2007,5,2007,11,All (PS),yield,0.9143426294820717
5765,TG2009A20301,Togo,TG,Centrale,Sotouboua,Sotouboua,Cotton,Main,2008,5,2008,11,All (PS),yield,1.0
5766,TG2009A20301,Togo,TG,Centrale,Sotouboua,Sotouboua,Cotton,Main,2009,5,2009,11,All (PS),yield,1.0
5767,TG2009A20301,Togo,TG,Centrale,Sotouboua,Sotouboua,Cotton,Main,2010,5,2010,11,All (PS),yield,1.0
5768,TG2009A20301,Togo,TG,Centrale,Sotouboua,Sotouboua,Cotton,Main,2011,5,2011,11,All (PS),yield,1.0
5769,TG2009A20301,Togo,TG,Centrale,Sotouboua,Sotouboua,Rice,Annual,2012,5,2012,11,All (PS),yield,1.9391713747645951
5770,TG2009A20301,Togo,TG,Centrale,Sotouboua,Sotouboua,Rice,Annual,2013,5,2013,11,All (PS),yield,2.228944387053699
5771,TG2009A20301,Togo,TG,Centrale,Sotouboua,Sotouboua,Rice,Annual,2014,5,2014,11,All (PS),yield,1.7431862137366725
5772,TG2009A20301,Togo,TG,Centrale,Sotouboua,Sotouboua,Rice,Annual,2015,5,2015,11,All (PS),yield,1.752585326563781
5773,TG2009A20301,Togo,TG,Centrale,Sotouboua,Sotouboua,Cassava,Main,2012,5,2012,11,All (PS),yield,4.953858886819781
5774,TG2009A20301,Togo,TG,Centrale,Sotouboua,Sotouboua,Cassava,Main,2013,5,2013,11,All (PS),yield,3.3465670462774018
5775,TG2009A20301,Togo,TG,Centrale,Sotouboua,Sotouboua,Cassava,Main,2014,5,2014,11,All (PS),yield,4.446664215686274
5776,TG2009A20301,Togo,TG,Centrale,Sotouboua,Sotouboua,Cassava,Main,2015,5,2015,11,All (PS),yield,4.0711120888791115
5777,TG2009A20301,Togo,TG,Centrale,Sotouboua,Sotouboua,Soybean,Main,2012,5,2012,11,All (PS),yield,0.6380877511914705
5778,TG2009A20301,Togo,TG,Centrale,Sotouboua,Sotouboua,Soybean,Main,2015,5,2015,11,All (PS),yield,0.7118985051815694
5779,TG2009A20301,Togo,TG,Centrale,Sotouboua,Sotouboua,Yams,Main,2012,5,2012,11,All (PS),yield,11.478530781169168
5780,TG2009A20301,Togo,TG,Centrale,Sotouboua,Sotouboua,Yams,Main,2013,5,2013,11,All (PS),yield,9.809686665654661
5781,TG2009A20301,Togo,TG,Centrale,Sotouboua,Sotouboua,Yams,Main,2014,5,2014,11,All (PS),yield,9.243700912336374
5782,TG2009A20301,Togo,TG,Centrale,Sotouboua,Sotouboua,Yams,Main,2015,5,2015,11,All (PS),yield,8.047562533315899
5783,TG2009A20301,Togo,TG,Centrale,Sotouboua,Sotouboua,Beans (mixed),Main,2012,5,2012,11,All (PS),yield,0.3673469387755102
5784,TG2009A20301,Togo,TG,Centrale,Sotouboua,Sotouboua,Beans (mixed),Main,2013,5,2013,11,All (PS),yield,0.2318538609379771
5785,TG2009A20301,Togo,TG,Centrale,Sotouboua,Sotouboua,Beans (mixed),Main,2014,5,2014,11,All (PS),yield,0.4426792949756888
5786,TG2009A20301,Togo,TG,Centrale,Sotouboua,Sotouboua,Beans (mixed),Main,2015,5,2015,11,All (PS),yield,0.3555096067347843
5787,TG2009A20301,Togo,TG,Centrale,Sotouboua,Sotouboua,Groundnuts (In Shell),Main,2012,5,2012,11,All (PS),yield,0.5942325874566656
5788,TG2009A20301,Togo,TG,Centrale,Sotouboua,Sotouboua,Groundnuts (In Shell),Main,2013,5,2013,11,All (PS),yield,0.4034065699308169
5789,TG2009A20301,Togo,TG,Centrale,Sotouboua,Sotouboua,Groundnuts (In Shell),Main,2014,5,2014,11,All (PS),yield,0.4033770319874148
5790,TG2009A20301,Togo,TG,Centrale,Sotouboua,Sotouboua,Groundnuts (In Shell),Main,2015,5,2015,11,All (PS),yield,0.31597105112378043
5791,TG2009A20302,Togo,TG,Centrale,Tchamba,Tchamba,Sorghum,Main,1995,5,1995,11,All (PS),yield,0.7754978877489439
5792,TG2009A20302,Togo,TG,Centrale,Tchamba,Tchamba,Sorghum,Main,1996,5,1996,11,All (PS),yield,0.7952245258917167
5793,TG2009A20302,Togo,TG,Centrale,Tchamba,Tchamba,Sorghum,Main,1997,5,1997,11,All (PS),yield,0.6579317397417871
5794,TG2009A20302,Togo,TG,Centrale,Tchamba,Tchamba,Sorghum,Main,1998,5,1998,11,All (PS),yield,0.9186773905272565
5795,TG2009A20302,Togo,TG,Centrale,Tchamba,Tchamba,Sorghum,Main,1999,5,1999,11,All (PS),yield,0.6404259991216513
5796,TG2009A20302,Togo,TG,Centrale,Tchamba,Tchamba,Sorghum,Main,2000,5,2000,11,All (PS),yield,0.7579737335834896
5797,TG2009A20302,Togo,TG,Centrale,Tchamba,Tchamba,Sorghum,Main,2001,5,2001,11,All (PS),yield,0.751848808545604
5798,TG2009A20302,Togo,TG,Centrale,Tchamba,Tchamba,Sorghum,Main,2002,5,2002,11,All (PS),yield,0.49382538770821366
5799,TG2009A20302,Togo,TG,Centrale,Tchamba,Tchamba,Sorghum,Main,2003,5,2003,11,All (PS),yield,0.6501448833307916
5800,TG2009A20302,Togo,TG,Centrale,Tchamba,Tchamba,Sorghum,Main,2004,5,2004,11,All (PS),yield,0.7360957932881677
5801,TG2009A20302,Togo,TG,Centrale,Tchamba,Tchamba,Sorghum,Main,2005,5,2005,11,All (PS),yield,0.685486117559662
5802,TG2009A20302,Togo,TG,Centrale,Tchamba,Tchamba,Sorghum,Main,2006,5,2006,11,All (PS),yield,0.7193705914270212
5803,TG2009A20302,Togo,TG,Centrale,Tchamba,Tchamba,Sorghum,Main,2007,5,2007,11,All (PS),yield,0.6844569288389513
5804,TG2009A20302,Togo,TG,Centrale,Tchamba,Tchamba,Sorghum,Main,2008,5,2008,11,All (PS),yield,0.6855199570431358
5805,TG2009A20302,Togo,TG,Centrale,Tchamba,Tchamba,Sorghum,Main,2009,5,2009,11,All (PS),yield,0.7344182825484764
5806,TG2009A20302,Togo,TG,Centrale,Tchamba,Tchamba,Sorghum,Main,2010,5,2010,11,All (PS),yield,0.7466912380633272
5807,TG2009A20302,Togo,TG,Centrale,Tchamba,Tchamba,Sorghum,Main,2011,5,2011,11,All (PS),yield,0.7127477785372522
5808,TG2009A20302,Togo,TG,Centrale,Tchamba,Tchamba,Sorghum,Main,2012,5,2012,11,All (PS),yield,0.6420063145809415
5809,TG2009A20302,Togo,TG,Centrale,Tchamba,Tchamba,Sorghum,Main,2013,5,2013,11,All (PS),yield,1.1986181552278545
5810,TG2009A20302,Togo,TG,Centrale,Tchamba,Tchamba,Sorghum,Main,2014,5,2014,11,All (PS),yield,0.5978536456265713
5811,TG2009A20302,Togo,TG,Centrale,Tchamba,Tchamba,Sorghum,Main,2015,5,2015,11,All (PS),yield,0.7751141627951545
5812,TG2009A20302,Togo,TG,Centrale,Tchamba,Tchamba,Maize,Main,1995,5,1995,11,All (PS),yield,2.1375559820857326
5813,TG2009A20302,Togo,TG,Centrale,Tchamba,Tchamba,Maize,Main,1996,5,1996,11,All (PS),yield,1.4624564893088017
5814,TG2009A20302,Togo,TG,Centrale,Tchamba,Tchamba,Maize,Main,1997,5,1997,11,All (PS),yield,1.2584910552242676
5815,TG2009A20302,Togo,TG,Centrale,Tchamba,Tchamba,Maize,Main,1998,5,1998,11,All (PS),yield,1.2953861584754263
5816,TG2009A20302,Togo,TG,Centrale,Tchamba,Tchamba,Maize,Main,1999,5,1999,11,All (PS),yield,1.612733644859813
5817,TG2009A20302,Togo,TG,Centrale,Tchamba,Tchamba,Maize,Main,2000,5,2000,11,All (PS),yield,1.5315035799522674
5818,TG2009A20302,Togo,TG,Centrale,Tchamba,Tchamba,Maize,Main,2001,5,2001,11,All (PS),yield,1.3769192172604114
5819,TG2009A20302,Togo,TG,Centrale,Tchamba,Tchamba,Maize,Main,2002,5,2002,11,All (PS),yield,1.856797290759555
5820,TG2009A20302,Togo,TG,Centrale,Tchamba,Tchamba,Maize,Main,2003,5,2003,11,All (PS),yield,1.2222992489890236
5821,TG2009A20302,Togo,TG,Centrale,Tchamba,Tchamba,Maize,Main,2004,5,2004,11,All (PS),yield,1.2339483394833948
5822,TG2009A20302,Togo,TG,Centrale,Tchamba,Tchamba,Maize,Main,2005,5,2005,11,All (PS),yield,1.4723074147573516
5823,TG2009A20302,Togo,TG,Centrale,Tchamba,Tchamba,Maize,Main,2006,5,2006,11,All (PS),yield,1.644735574607456
5824,TG2009A20302,Togo,TG,Centrale,Tchamba,Tchamba,Maize,Main,2007,5,2007,11,All (PS),yield,1.707462193207173
5825,TG2009A20302,Togo,TG,Centrale,Tchamba,Tchamba,Maize,Main,2008,5,2008,11,All (PS),yield,1.5716477233107873
5826,TG2009A20302,Togo,TG,Centrale,Tchamba,Tchamba,Maize,Main,2009,5,2009,11,All (PS),yield,1.7243808049535603
5827,TG2009A20302,Togo,TG,Centrale,Tchamba,Tchamba,Maize,Main,2010,5,2010,11,All (PS),yield,1.7001869935591107
5828,TG2009A20302,Togo,TG,Centrale,Tchamba,Tchamba,Maize,Main,2011,5,2011,11,All (PS),yield,1.675889897679781
5829,TG2009A20302,Togo,TG,Centrale,Tchamba,Tchamba,Maize,Main,2012,5,2012,11,All (PS),yield,1.7163408741489128
5830,TG2009A20302,Togo,TG,Centrale,Tchamba,Tchamba,Maize,Main,2013,5,2013,11,All (PS),yield,1.5332489519438264
5831,TG2009A20302,Togo,TG,Centrale,Tchamba,Tchamba,Maize,Main,2014,5,2014,11,All (PS),yield,1.624489468737907
5832,TG2009A20302,Togo,TG,Centrale,Tchamba,Tchamba,Maize,Main,2015,5,2015,11,All (PS),yield,1.56192477950242
5833,TG2009A20302,Togo,TG,Centrale,Tchamba,Tchamba,Millet,Main,2014,5,2014,11,All (PS),yield,0.691
5834,TG2009A20302,Togo,TG,Centrale,Tchamba,Tchamba,Millet,Main,2015,5,2015,11,All (PS),yield,0.54375
5835,TG2009A20302,Togo,TG,Centrale,Tchamba,Tchamba,Cotton,Main,2004,5,2004,11,All (PS),yield,1.2026482440990214
5836,TG2009A20302,Togo,TG,Centrale,Tchamba,Tchamba,Cotton,Main,2005,5,2005,11,All (PS),yield,1.0728438228438228
5837,TG2009A20302,Togo,TG,Centrale,Tchamba,Tchamba,Cotton,Main,2006,5,2006,11,All (PS),yield,0.6593886462882096
5838,TG2009A20302,Togo,TG,Centrale,Tchamba,Tchamba,Cotton,Main,2007,5,2007,11,All (PS),yield,0.8757281553398059
5839,TG2009A20302,Togo,TG,Centrale,Tchamba,Tchamba,Cotton,Main,2008,5,2008,11,All (PS),yield,1.1116625310173698
5840,TG2009A20302,Togo,TG,Centrale,Tchamba,Tchamba,Cotton,Main,2009,5,2009,11,All (PS),yield,1.0646067415730338
5841,TG2009A20302,Togo,TG,Centrale,Tchamba,Tchamba,Cotton,Main,2010,5,2010,11,All (PS),yield,1.2428115015974441
5842,TG2009A20302,Togo,TG,Centrale,Tchamba,Tchamba,Cotton,Main,2011,5,2011,11,All (PS),yield,1.0626760563380282
5843,TG2009A20302,Togo,TG,Centrale,Tchamba,Tchamba,Rice,Annual,2012,5,2012,11,All (PS),yield,2.1492890995260665
5844,TG2009A20302,Togo,TG,Centrale,Tchamba,Tchamba,Rice,Annual,2013,5,2013,11,All (PS),yield,2.4035034408794353
5845,TG2009A20302,Togo,TG,Centrale,Tchamba,Tchamba,Rice,Annual,2014,5,2014,11,All (PS),yield,1.9387999999999999
5846,TG2009A20302,Togo,TG,Centrale,Tchamba,Tchamba,Rice,Annual,2015,5,2015,11,All (PS),yield,1.889837968245688
5847,TG2009A20302,Togo,TG,Centrale,Tchamba,Tchamba,Cassava,Main,2012,5,2012,11,All (PS),yield,6.829881656804734
5848,TG2009A20302,Togo,TG,Centrale,Tchamba,Tchamba,Cassava,Main,2013,5,2013,11,All (PS),yield,4.644382376790702
5849,TG2009A20302,Togo,TG,Centrale,Tchamba,Tchamba,Cassava,Main,2014,5,2014,11,All (PS),yield,6.0472945430637735
5850,TG2009A20302,Togo,TG,Centrale,Tchamba,Tchamba,Cassava,Main,2015,5,2015,11,All (PS),yield,5.649923066963358
5851,TG2009A20302,Togo,TG,Centrale,Tchamba,Tchamba,Soybean,Main,2012,5,2012,11,All (PS),yield,0.5487578463442666
5852,TG2009A20302,Togo,TG,Centrale,Tchamba,Tchamba,Soybean,Main,2015,5,2015,11,All (PS),yield,0.7976133286535857
5853,TG2009A20302,Togo,TG,Centrale,Tchamba,Tchamba,Yams,Main,2012,5,2012,11,All (PS),yield,12.651586489252814
5854,TG2009A20302,Togo,TG,Centrale,Tchamba,Tchamba,Yams,Main,2013,5,2013,11,All (PS),yield,12.11225446823571
5855,TG2009A20302,Togo,TG,Centrale,Tchamba,Tchamba,Yams,Main,2014,5,2014,11,All (PS),yield,10.03564022809746
5856,TG2009A20302,Togo,TG,Centrale,Tchamba,Tchamba,Yams,Main,2015,5,2015,11,All (PS),yield,9.936520644327585
5857,TG2009A20302,Togo,TG,Centrale,Tchamba,Tchamba,Beans (mixed),Main,2012,5,2012,11,All (PS),yield,0.4799854439592431
5858,TG2009A20302,Togo,TG,Centrale,Tchamba,Tchamba,Beans (mixed),Main,2013,5,2013,11,All (PS),yield,0.33456509080951446
5859,TG2009A20302,Togo,TG,Centrale,Tchamba,Tchamba,Beans (mixed),Main,2014,5,2014,11,All (PS),yield,0.5079838056680163
5860,TG2009A20302,Togo,TG,Centrale,Tchamba,Tchamba,Beans (mixed),Main,2015,5,2015,11,All (PS),yield,0.5129999730076896
5861,TG2009A20302,Togo,TG,Centrale,Tchamba,Tchamba,Groundnuts (In Shell),Main,2012,5,2012,11,All (PS),yield,0.453781512605042
5862,TG2009A20302,Togo,TG,Centrale,Tchamba,Tchamba,Groundnuts (In Shell),Main,2013,5,2013,11,All (PS),yield,0.5318357038415527
5863,TG2009A20302,Togo,TG,Centrale,Tchamba,Tchamba,Groundnuts (In Shell),Main,2014,5,2014,11,All (PS),yield,0.32179671457905545
5864,TG2009A20302,Togo,TG,Centrale,Tchamba,Tchamba,Groundnuts (In Shell),Main,2015,5,2015,11,All (PS),yield,0.41655600404959436
5865,TG2009A20303,Togo,TG,Centrale,Tchaoudjo,Tchaoudjo,Sorghum,Main,1995,5,1995,11,All (PS),yield,0.9529528115286804
5866,TG2009A20303,Togo,TG,Centrale,Tchaoudjo,Tchaoudjo,Sorghum,Main,1996,5,1996,11,All (PS),yield,0.5438705662725576
5867,TG2009A20303,Togo,TG,Centrale,Tchaoudjo,Tchaoudjo,Sorghum,Main,1997,5,1997,11,All (PS),yield,0.4862030343142246
5868,TG2009A20303,Togo,TG,Centrale,Tchaoudjo,Tchaoudjo,Sorghum,Main,1998,5,1998,11,All (PS),yield,0.5022070183182521
5869,TG2009A20303,Togo,TG,Centrale,Tchaoudjo,Tchaoudjo,Sorghum,Main,1999,5,1999,11,All (PS),yield,0.7742792109256449
5870,TG2009A20303,Togo,TG,Centrale,Tchaoudjo,Tchaoudjo,Sorghum,Main,2000,5,2000,11,All (PS),yield,0.6797576301615799
5871,TG2009A20303,Togo,TG,Centrale,Tchaoudjo,Tchaoudjo,Sorghum,Main,2001,5,2001,11,All (PS),yield,0.5059396531242576
5872,TG2009A20303,Togo,TG,Centrale,Tchaoudjo,Tchaoudjo,Sorghum,Main,2002,5,2002,11,All (PS),yield,0.5792705391133489
5873,TG2009A20303,Togo,TG,Centrale,Tchaoudjo,Tchaoudjo,Sorghum,Main,2003,5,2003,11,All (PS),yield,0.773194643711143
5874,TG2009A20303,Togo,TG,Centrale,Tchaoudjo,Tchaoudjo,Sorghum,Main,2004,5,2004,11,All (PS),yield,0.7616886688668867
5875,TG2009A20303,Togo,TG,Centrale,Tchaoudjo,Tchaoudjo,Sorghum,Main,2005,5,2005,11,All (PS),yield,0.6589452481230544
5876,TG2009A20303,Togo,TG,Centrale,Tchaoudjo,Tchaoudjo,Sorghum,Main,2006,5,2006,11,All (PS),yield,0.6505809693290066
5877,TG2009A20303,Togo,TG,Centrale,Tchaoudjo,Tchaoudjo,Sorghum,Main,2007,5,2007,11,All (PS),yield,0.673992673992674
5878,TG2009A20303,Togo,TG,Centrale,Tchaoudjo,Tchaoudjo,Sorghum,Main,2008,5,2008,11,All (PS),yield,0.7154623002255123
5879,TG2009A20303,Togo,TG,Centrale,Tchaoudjo,Tchaoudjo,Sorghum,Main,2009,5,2009,11,All (PS),yield,0.8258796004679204
5880,TG2009A20303,Togo,TG,Centrale,Tchaoudjo,Tchaoudjo,Sorghum,Main,2010,5,2010,11,All (PS),yield,0.7822042822042822
5881,TG2009A20303,Togo,TG,Centrale,Tchaoudjo,Tchaoudjo,Sorghum,Main,2011,5,2011,11,All (PS),yield,0.9652203856749312
5882,TG2009A20303,Togo,TG,Centrale,Tchaoudjo,Tchaoudjo,Sorghum,Main,2012,5,2012,11,All (PS),yield,0.5499867056633874
5883,TG2009A20303,Togo,TG,Centrale,Tchaoudjo,Tchaoudjo,Sorghum,Main,2013,5,2013,11,All (PS),yield,1.2398195528940281
5884,TG2009A20303,Togo,TG,Centrale,Tchaoudjo,Tchaoudjo,Sorghum,Main,2014,5,2014,11,All (PS),yield,0.6386111530905243
5885,TG2009A20303,Togo,TG,Centrale,Tchaoudjo,Tchaoudjo,Sorghum,Main,2015,5,2015,11,All (PS),yield,0.8017583105489426
5886,TG2009A20303,Togo,TG,Centrale,Tchaoudjo,Tchaoudjo,Maize,Main,1995,5,1995,11,All (PS),yield,1.3072338119750746
5887,TG2009A20303,Togo,TG,Centrale,Tchaoudjo,Tchaoudjo,Maize,Main,1996,5,1996,11,All (PS),yield,1.1465366341585397
5888,TG2009A20303,Togo,TG,Centrale,Tchaoudjo,Tchaoudjo,Maize,Main,1997,5,1997,11,All (PS),yield,0.930029948271168
5889,TG2009A20303,Togo,TG,Centrale,Tchaoudjo,Tchaoudjo,Maize,Main,1998,5,1998,11,All (PS),yield,0.9519792342634653
5890,TG2009A20303,Togo,TG,Centrale,Tchaoudjo,Tchaoudjo,Maize,Main,1999,5,1999,11,All (PS),yield,1.2624401566806907
5891,TG2009A20303,Togo,TG,Centrale,Tchaoudjo,Tchaoudjo,Maize,Main,2000,5,2000,11,All (PS),yield,0.8979170253055604
5892,TG2009A20303,Togo,TG,Centrale,Tchaoudjo,Tchaoudjo,Maize,Main,2001,5,2001,11,All (PS),yield,0.8126060606060606
5893,TG2009A20303,Togo,TG,Centrale,Tchaoudjo,Tchaoudjo,Maize,Main,2002,5,2002,11,All (PS),yield,0.8834574295888638
5894,TG2009A20303,Togo,TG,Centrale,Tchaoudjo,Tchaoudjo,Maize,Main,2003,5,2003,11,All (PS),yield,0.8828717313940895
5895,TG2009A20303,Togo,TG,Centrale,Tchaoudjo,Tchaoudjo,Maize,Main,2004,5,2004,11,All (PS),yield,0.8602209944751381
5896,TG2009A20303,Togo,TG,Centrale,Tchaoudjo,Tchaoudjo,Maize,Main,2005,5,2005,11,All (PS),yield,0.8972101841820151
5897,TG2009A20303,Togo,TG,Centrale,Tchaoudjo,Tchaoudjo,Maize,Main,2006,5,2006,11,All (PS),yield,1.188676844783715
5898,TG2009A20303,Togo,TG,Centrale,Tchaoudjo,Tchaoudjo,Maize,Main,2007,5,2007,11,All (PS),yield,1.3064007212080235
5899,TG2009A20303,Togo,TG,Centrale,Tchaoudjo,Tchaoudjo,Maize,Main,2008,5,2008,11,All (PS),yield,1.3247591943957968
5900,TG2009A20303,Togo,TG,Centrale,Tchaoudjo,Tchaoudjo,Maize,Main,2009,5,2009,11,All (PS),yield,1.4449299719887956
5901,TG2009A20303,Togo,TG,Centrale,Tchaoudjo,Tchaoudjo,Maize,Main,2010,5,2010,11,All (PS),yield,1.527694610778443
5902,TG2009A20303,Togo,TG,Centrale,Tchaoudjo,Tchaoudjo,Maize,Main,2011,5,2011,11,All (PS),yield,1.5544510220037977
5903,TG2009A20303,Togo,TG,Centrale,Tchaoudjo,Tchaoudjo,Maize,Main,2012,5,2012,11,All (PS),yield,1.6966364059590318
5904,TG2009A20303,Togo,TG,Centrale,Tchaoudjo,Tchaoudjo,Maize,Main,2013,5,2013,11,All (PS),yield,2.328832794626302
5905,TG2009A20303,Togo,TG,Centrale,Tchaoudjo,Tchaoudjo,Maize,Main,2014,5,2014,11,All (PS),yield,1.484736546184739
5906,TG2009A20303,Togo,TG,Centrale,Tchaoudjo,Tchaoudjo,Maize,Main,2015,5,2015,11,All (PS),yield,2.372389414109963
5907,TG2009A20303,Togo,TG,Centrale,Tchaoudjo,Tchaoudjo,Millet,Main,2015,5,2015,11,All (PS),yield,0.6875
5908,TG2009A20303,Togo,TG,Centrale,Tchaoudjo,Tchaoudjo,Cotton,Main,2004,5,2004,11,All (PS),yield,1.2057356608478802
5909,TG2009A20303,Togo,TG,Centrale,Tchaoudjo,Tchaoudjo,Cotton,Main,2005,5,2005,11,All (PS),yield,1.0394904458598726
5910,TG2009A20303,Togo,TG,Centrale,Tchaoudjo,Tchaoudjo,Cotton,Main,2006,5,2006,11,All (PS),yield,0.6203473945409429
5911,TG2009A20303,Togo,TG,Centrale,Tchaoudjo,Tchaoudjo,Cotton,Main,2007,5,2007,11,All (PS),yield,0.6787564766839378
5912,TG2009A20303,Togo,TG,Centrale,Tchaoudjo,Tchaoudjo,Cotton,Main,2008,5,2008,11,All (PS),yield,1.0506329113924051
5913,TG2009A20303,Togo,TG,Centrale,Tchaoudjo,Tchaoudjo,Cotton,Main,2009,5,2009,11,All (PS),yield,0.9153846153846154
5914,TG2009A20303,Togo,TG,Centrale,Tchaoudjo,Tchaoudjo,Cotton,Main,2010,5,2010,11,All (PS),yield,1.209205020920502
5915,TG2009A20303,Togo,TG,Centrale,Tchaoudjo,Tchaoudjo,Cotton,Main,2011,5,2011,11,All (PS),yield,1.0758064516129033
5916,TG2009A20303,Togo,TG,Centrale,Tchaoudjo,Tchaoudjo,Rice,Annual,2012,5,2012,11,All (PS),yield,2.264203750349846
5917,TG2009A20303,Togo,TG,Centrale,Tchaoudjo,Tchaoudjo,Rice,Annual,2013,5,2013,11,All (PS),yield,2.2780109826284387
5918,TG2009A20303,Togo,TG,Centrale,Tchaoudjo,Tchaoudjo,Rice,Annual,2014,5,2014,11,All (PS),yield,2.1165236686390534
5919,TG2009A20303,Togo,TG,Centrale,Tchaoudjo,Tchaoudjo,Rice,Annual,2015,5,2015,11,All (PS),yield,1.791164078488022
5920,TG2009A20303,Togo,TG,Centrale,Tchaoudjo,Tchaoudjo,Cassava,Main,2012,5,2012,11,All (PS),yield,7.637068534267134
5921,TG2009A20303,Togo,TG,Centrale,Tchaoudjo,Tchaoudjo,Cassava,Main,2013,5,2013,11,All (PS),yield,3.700139406693658
5922,TG2009A20303,Togo,TG,Centrale,Tchaoudjo,Tchaoudjo,Cassava,Main,2014,5,2014,11,All (PS),yield,7.12449279538905
5923,TG2009A20303,Togo,TG,Centrale,Tchaoudjo,Tchaoudjo,Cassava,Main,2015,5,2015,11,All (PS),yield,4.501245961335927
5924,TG2009A20303,Togo,TG,Centrale,Tchaoudjo,Tchaoudjo,Soybean,Main,2012,5,2012,11,All (PS),yield,0.6046179789856012
5925,TG2009A20303,Togo,TG,Centrale,Tchaoudjo,Tchaoudjo,Soybean,Main,2015,5,2015,11,All (PS),yield,0.6824229949275895
5926,TG2009A20303,Togo,TG,Centrale,Tchaoudjo,Tchaoudjo,Yams,Main,2012,5,2012,11,All (PS),yield,10.104285286185196
5927,TG2009A20303,Togo,TG,Centrale,Tchaoudjo,Tchaoudjo,Yams,Main,2013,5,2013,11,All (PS),yield,12.204410847308356
5928,TG2009A20303,Togo,TG,Centrale,Tchaoudjo,Tchaoudjo,Yams,Main,2014,5,2014,11,All (PS),yield,10.107951859015689
5929,TG2009A20303,Togo,TG,Centrale,Tchaoudjo,Tchaoudjo,Yams,Main,2015,5,2015,11,All (PS),yield,10.012143431366672
5930,TG2009A20303,Togo,TG,Centrale,Tchaoudjo,Tchaoudjo,Beans (mixed),Main,2012,5,2012,11,All (PS),yield,0.6113003406131036
5931,TG2009A20303,Togo,TG,Centrale,Tchaoudjo,Tchaoudjo,Beans (mixed),Main,2013,5,2013,11,All (PS),yield,0.49460662157351376
5932,TG2009A20303,Togo,TG,Centrale,Tchaoudjo,Tchaoudjo,Beans (mixed),Main,2014,5,2014,11,All (PS),yield,0.620960396039604
5933,TG2009A20303,Togo,TG,Centrale,Tchaoudjo,Tchaoudjo,Beans (mixed),Main,2015,5,2015,11,All (PS),yield,0.7583959275964978
5934,TG2009A20303,Togo,TG,Centrale,Tchaoudjo,Tchaoudjo,Groundnuts (In Shell),Main,2012,5,2012,11,All (PS),yield,0.5393996247654784
5935,TG2009A20303,Togo,TG,Centrale,Tchaoudjo,Tchaoudjo,Groundnuts (In Shell),Main,2013,5,2013,11,All (PS),yield,0.6616121527302586
5936,TG2009A20303,Togo,TG,Centrale,Tchaoudjo,Tchaoudjo,Groundnuts (In Shell),Main,2014,5,2014,11,All (PS),yield,0.5230939226519338
5937,TG2009A20303,Togo,TG,Centrale,Tchaoudjo,Tchaoudjo,Groundnuts (In Shell),Main,2015,5,2015,11,All (PS),yield,0.5182136910643943
5938,TG2009A20304,Togo,TG,Centrale,Blitta,Blitta,Sorghum,Main,1995,5,1995,11,All (PS),yield,0.611896648869094
5939,TG2009A20304,Togo,TG,Centrale,Blitta,Blitta,Sorghum,Main,1996,5,1996,11,All (PS),yield,0.6201235125771953
5940,TG2009A20304,Togo,TG,Centrale,Blitta,Blitta,Sorghum,Main,1997,5,1997,11,All (PS),yield,0.49188575137942225
5941,TG2009A20304,Togo,TG,Centrale,Blitta,Blitta,Sorghum,Main,1998,5,1998,11,All (PS),yield,0.692258883248731
5942,TG2009A20304,Togo,TG,Centrale,Blitta,Blitta,Sorghum,Main,1999,5,1999,11,All (PS),yield,0.8480693234299862
5943,TG2009A20304,Togo,TG,Centrale,Blitta,Blitta,Sorghum,Main,2000,5,2000,11,All (PS),yield,0.9273314667241007
5944,TG2009A20304,Togo,TG,Centrale,Blitta,Blitta,Sorghum,Main,2001,5,2001,11,All (PS),yield,0.8161519377192232
5945,TG2009A20304,Togo,TG,Centrale,Blitta,Blitta,Sorghum,Main,2002,5,2002,11,All (PS),yield,0.9910870538439623
5946,TG2009A20304,Togo,TG,Centrale,Blitta,Blitta,Sorghum,Main,2003,5,2003,11,All (PS),yield,0.7698816328367613
5947,TG2009A20304,Togo,TG,Centrale,Blitta,Blitta,Sorghum,Main,2004,5,2004,11,All (PS),yield,0.765168386129164
5948,TG2009A20304,Togo,TG,Centrale,Blitta,Blitta,Sorghum,Main,2005,5,2005,11,All (PS),yield,0.8740179025133878
5949,TG2009A20304,Togo,TG,Centrale,Blitta,Blitta,Sorghum,Main,2006,5,2006,11,All (PS),yield,1.0143840990323423
5950,TG2009A20304,Togo,TG,Centrale,Blitta,Blitta,Sorghum,Main,2007,5,2007,11,All (PS),yield,0.9855916615573268
5951,TG2009A20304,Togo,TG,Centrale,Blitta,Blitta,Sorghum,Main,2008,5,2008,11,All (PS),yield,1.1029439481322327
5952,TG2009A20304,Togo,TG,Centrale,Blitta,Blitta,Sorghum,Main,2009,5,2009,11,All (PS),yield,1.1040955631399318
5953,TG2009A20304,Togo,TG,Centrale,Blitta,Blitta,Sorghum,Main,2010,5,2010,11,All (PS),yield,1.0265728389875013
5954,TG2009A20304,Togo,TG,Centrale,Blitta,Blitta,Sorghum,Main,2011,5,2011,11,All (PS),yield,0.9605743733426727
5955,TG2009A20304,Togo,TG,Centrale,Blitta,Blitta,Sorghum,Main,2012,5,2012,11,All (PS),yield,0.8152957256461233
5956,TG2009A20304,Togo,TG,Centrale,Blitta,Blitta,Sorghum,Main,2013,5,2013,11,All (PS),yield,1.3521939620478098
5957,TG2009A20304,Togo,TG,Centrale,Blitta,Blitta,Sorghum,Main,2014,5,2014,11,All (PS),yield,0.9585799251537023
5958,TG2009A20304,Togo,TG,Centrale,Blitta,Blitta,Sorghum,Main,2015,5,2015,11,All (PS),yield,0.8744295357197152
5959,TG2009A20304,Togo,TG,Centrale,Blitta,Blitta,Maize,Main,1995,5,1995,11,All (PS),yield,0.9624667553191489
5960,TG2009A20304,Togo,TG,Centrale,Blitta,Blitta,Maize,Main,1996,5,1996,11,All (PS),yield,1.0018744979023475
5961,TG2009A20304,Togo,TG,Centrale,Blitta,Blitta,Maize,Main,1997,5,1997,11,All (PS),yield,0.9765029635901779
5962,TG2009A20304,Togo,TG,Centrale,Blitta,Blitta,Maize,Main,1998,5,1998,11,All (PS),yield,0.9046751353602666
5963,TG2009A20304,Togo,TG,Centrale,Blitta,Blitta,Maize,Main,1999,5,1999,11,All (PS),yield,1.5599326990020885
5964,TG2009A20304,Togo,TG,Centrale,Blitta,Blitta,Maize,Main,2000,5,2000,11,All (PS),yield,1.5943068559347628
5965,TG2009A20304,Togo,TG,Centrale,Blitta,Blitta,Maize,Main,2001,5,2001,11,All (PS),yield,1.24067251090501
5966,TG2009A20304,Togo,TG,Centrale,Blitta,Blitta,Maize,Main,2002,5,2002,11,All (PS),yield,1.5621790256779458
5967,TG2009A20304,Togo,TG,Centrale,Blitta,Blitta,Maize,Main,2003,5,2003,11,All (PS),yield,1.5751002551950417
5968,TG2009A20304,Togo,TG,Centrale,Blitta,Blitta,Maize,Main,2004,5,2004,11,All (PS),yield,1.565356652600539
5969,TG2009A20304,Togo,TG,Centrale,Blitta,Blitta,Maize,Main,2005,5,2005,11,All (PS),yield,1.5047978676143934
5970,TG2009A20304,Togo,TG,Centrale,Blitta,Blitta,Maize,Main,2006,5,2006,11,All (PS),yield,1.606309663586707
5971,TG2009A20304,Togo,TG,Centrale,Blitta,Blitta,Maize,Main,2007,5,2007,11,All (PS),yield,1.6964132404845942
5972,TG2009A20304,Togo,TG,Centrale,Blitta,Blitta,Maize,Main,2008,5,2008,11,All (PS),yield,1.6738212013791092
5973,TG2009A20304,Togo,TG,Centrale,Blitta,Blitta,Maize,Main,2009,5,2009,11,All (PS),yield,1.738397953158827
5974,TG2009A20304,Togo,TG,Centrale,Blitta,Blitta,Maize,Main,2010,5,2010,11,All (PS),yield,1.689797635897632
5975,TG2009A20304,Togo,TG,Centrale,Blitta,Blitta,Maize,Main,2011,5,2011,11,All (PS),yield,1.661902122267976
5976,TG2009A20304,Togo,TG,Centrale,Blitta,Blitta,Maize,Main,2012,5,2012,11,All (PS),yield,1.646439203114266
5977,TG2009A20304,Togo,TG,Centrale,Blitta,Blitta,Maize,Main,2013,5,2013,11,All (PS),yield,1.4102958416134994
5978,TG2009A20304,Togo,TG,Centrale,Blitta,Blitta,Maize,Main,2014,5,2014,11,All (PS),yield,1.5795070281124497
5979,TG2009A20304,Togo,TG,Centrale,Blitta,Blitta,Maize,Main,2015,5,2015,11,All (PS),yield,1.436672054983664
5980,TG2009A20304,Togo,TG,Centrale,Blitta,Blitta,Millet,Main,2015,5,2015,11,All (PS),yield,0.5447916666666668
5981,TG2009A20304,Togo,TG,Centrale,Blitta,Blitta,Cotton,Main,2004,5,2004,11,All (PS),yield,1.049721189591078
5982,TG2009A20304,Togo,TG,Centrale,Blitta,Blitta,Cotton,Main,2005,5,2005,11,All (PS),yield,1.0224502886465683
5983,TG2009A20304,Togo,TG,Centrale,Blitta,Blitta,Cotton,Main,2006,5,2006,11,All (PS),yield,0.9270231213872833
5984,TG2009A20304,Togo,TG,Centrale,Blitta,Blitta,Cotton,Main,2007,5,2007,11,All (PS),yield,0.9143426294820717
5985,TG2009A20304,Togo,TG,Centrale,Blitta,Blitta,Cotton,Main,2008,5,2008,11,All (PS),yield,1.0
5986,TG2009A20304,Togo,TG,Centrale,Blitta,Blitta,Cotton,Main,2009,5,2009,11,All (PS),yield,0.9745889387144993
5987,TG2009A20304,Togo,TG,Centrale,Blitta,Blitta,Cotton,Main,2010,5,2010,11,All (PS),yield,1.1267962806424345
5988,TG2009A20304,Togo,TG,Centrale,Blitta,Blitta,Cotton,Main,2011,5,2011,11,All (PS),yield,1.0020644095788604
5989,TG2009A20304,Togo,TG,Centrale,Blitta,Blitta,Rice,Annual,2012,5,2012,11,All (PS),yield,1.8282861896838603
5990,TG2009A20304,Togo,TG,Centrale,Blitta,Blitta,Rice,Annual,2013,5,2013,11,All (PS),yield,2.138002897744735
5991,TG2009A20304,Togo,TG,Centrale,Blitta,Blitta,Rice,Annual,2014,5,2014,11,All (PS),yield,1.741196089706728
5992,TG2009A20304,Togo,TG,Centrale,Blitta,Blitta,Rice,Annual,2015,5,2015,11,All (PS),yield,1.6810791476367288
5993,TG2009A20304,Togo,TG,Centrale,Blitta,Blitta,Cassava,Main,2012,5,2012,11,All (PS),yield,3.853056646102075
5994,TG2009A20304,Togo,TG,Centrale,Blitta,Blitta,Cassava,Main,2013,5,2013,11,All (PS),yield,3.378947615975918
5995,TG2009A20304,Togo,TG,Centrale,Blitta,Blitta,Cassava,Main,2014,5,2014,11,All (PS),yield,3.473158505902845
5996,TG2009A20304,Togo,TG,Centrale,Blitta,Blitta,Cassava,Main,2015,5,2015,11,All (PS),yield,4.110503552533482
5997,TG2009A20304,Togo,TG,Centrale,Blitta,Blitta,Soybean,Main,2012,5,2012,11,All (PS),yield,0.7178523489932885
5998,TG2009A20304,Togo,TG,Centrale,Blitta,Blitta,Soybean,Main,2015,5,2015,11,All (PS),yield,0.8436099445475361
5999,TG2009A20304,Togo,TG,Centrale,Blitta,Blitta,Yams,Main,2012,5,2012,11,All (PS),yield,7.717236538654367
6000,TG2009A20304,Togo,TG,Centrale,Blitta,Blitta,Yams,Main,2013,5,2013,11,All (PS),yield,9.117791104837515
6001,TG2009A20304,Togo,TG,Centrale,Blitta,Blitta,Yams,Main,2014,5,2014,11,All (PS),yield,7.293138509042787
6002,TG2009A20304,Togo,TG,Centrale,Blitta,Blitta,Yams,Main,2015,5,2015,11,All (PS),yield,7.479954938138761
6003,TG2009A20304,Togo,TG,Centrale,Blitta,Blitta,Beans (mixed),Main,2012,5,2012,11,All (PS),yield,0.3237421793534932
6004,TG2009A20304,Togo,TG,Centrale,Blitta,Blitta,Beans (mixed),Main,2013,5,2013,11,All (PS),yield,0.3290698533766498
6005,TG2009A20304,Togo,TG,Centrale,Blitta,Blitta,Beans (mixed),Main,2014,5,2014,11,All (PS),yield,0.37434076251122544
6006,TG2009A20304,Togo,TG,Centrale,Blitta,Blitta,Beans (mixed),Main,2015,5,2015,11,All (PS),yield,0.5045731104736569
6007,TG2009A20304,Togo,TG,Centrale,Blitta,Blitta,Groundnuts (In Shell),Main,2012,5,2012,11,All (PS),yield,0.6291512915129152
6008,TG2009A20304,Togo,TG,Centrale,Blitta,Blitta,Groundnuts (In Shell),Main,2013,5,2013,11,All (PS),yield,0.4830606917852214
6009,TG2009A20304,Togo,TG,Centrale,Blitta,Blitta,Groundnuts (In Shell),Main,2014,5,2014,11,All (PS),yield,0.4293023255813953
6010,TG2009A20304,Togo,TG,Centrale,Blitta,Blitta,Groundnuts (In Shell),Main,2015,5,2015,11,All (PS),yield,0.3783557273784098
6011,TG2009A20401,Togo,TG,Savanes,Tône,Tône,Sorghum,Main,1995,5,1995,11,All (PS),yield,0.3401105178483994
6012,TG2009A20401,Togo,TG,Savanes,Tône,Tône,Sorghum,Main,1996,5,1996,11,All (PS),yield,0.9586494241578555
6013,TG2009A20401,Togo,TG,Savanes,Tône,Tône,Sorghum,Main,1997,5,1997,11,All (PS),yield,0.5746130685119646
6014,TG2009A20401,Togo,TG,Savanes,Tône,Tône,Sorghum,Main,1998,5,1998,11,All (PS),yield,0.5652526344231289
6015,TG2009A20401,Togo,TG,Savanes,Tône,Tône,Sorghum,Main,1999,5,1999,11,All (PS),yield,0.5479885057471264
6016,TG2009A20401,Togo,TG,Savanes,Tône,Tône,Sorghum,Main,2000,5,2000,11,All (PS),yield,0.5414293849658314
6017,TG2009A20401,Togo,TG,Savanes,Tône,Tône,Sorghum,Main,2001,5,2001,11,All (PS),yield,0.5340918886302904
6018,TG2009A20401,Togo,TG,Savanes,Tône,Tône,Sorghum,Main,2002,5,2002,11,All (PS),yield,0.6596969440446965
6019,TG2009A20401,Togo,TG,Savanes,Tône,Tône,Sorghum,Main,2003,5,2003,11,All (PS),yield,0.9695016117034466
6020,TG2009A20401,Togo,TG,Savanes,Tône,Tône,Sorghum,Main,2004,5,2004,11,All (PS),yield,0.91105407558191
6021,TG2009A20401,Togo,TG,Savanes,Tône,Tône,Sorghum,Main,2005,5,2005,11,All (PS),yield,0.9269813772195756
6022,TG2009A20401,Togo,TG,Savanes,Tône,Tône,Sorghum,Main,2006,5,2006,11,All (PS),yield,0.9799526440410419
6023,TG2009A20401,Togo,TG,Savanes,Tône,Tône,Sorghum,Main,2007,5,2007,11,All (PS),yield,1.2583401139137511
6024,TG2009A20401,Togo,TG,Savanes,Tône,Tône,Sorghum,Main,2008,5,2008,11,All (PS),yield,1.0276378393506858
6025,TG2009A20401,Togo,TG,Savanes,Tône,Tône,Sorghum,Main,2009,5,2009,11,All (PS),yield,1.0807642205818497
6026,TG2009A20401,Togo,TG,Savanes,Tône,Tône,Sorghum,Main,2010,5,2010,11,All (PS),yield,1.144925178919974
6027,TG2009A20401,Togo,TG,Savanes,Tône,Tône,Sorghum,Main,2011,5,2011,11,All (PS),yield,1.2333890347736134
6028,TG2009A20401,Togo,TG,Savanes,Tône,Tône,Sorghum,Main,2012,5,2012,11,All (PS),yield,1.012439024390244
6029,TG2009A20401,Togo,TG,Savanes,Tône,Tône,Maize,Main,1995,5,1995,11,All (PS),yield,1.4231590676943078
6030,TG2009A20401,Togo,TG,Savanes,Tône,Tône,Maize,Main,1996,5,1996,11,All (PS),yield,0.9984786246767078
6031,TG2009A20401,Togo,TG,Savanes,Tône,Tône,Maize,Main,1997,5,1997,11,All (PS),yield,1.4746192893401016
6032,TG2009A20401,Togo,TG,Savanes,Tône,Tône,Maize,Main,1998,5,1998,11,All (PS),yield,1.0508610332398878
6033,TG2009A20401,Togo,TG,Savanes,Tône,Tône,Maize,Main,1999,5,1999,11,All (PS),yield,1.1469591581951133
6034,TG2009A20401,Togo,TG,Savanes,Tône,Tône,Maize,Main,2000,5,2000,11,All (PS),yield,1.006917631917632
6035,TG2009A20401,Togo,TG,Savanes,Tône,Tône,Maize,Main,2001,5,2001,11,All (PS),yield,1.0087796312554873
6036,TG2009A20401,Togo,TG,Savanes,Tône,Tône,Maize,Main,2002,5,2002,11,All (PS),yield,0.8601702590110487
6037,TG2009A20401,Togo,TG,Savanes,Tône,Tône,Maize,Main,2003,5,2003,11,All (PS),yield,1.3888749686795288
6038,TG2009A20401,Togo,TG,Savanes,Tône,Tône,Maize,Main,2004,5,2004,11,All (PS),yield,1.379360891234242
6039,TG2009A20401,Togo,TG,Savanes,Tône,Tône,Maize,Main,2005,5,2005,11,All (PS),yield,1.3102873030583873
6040,TG2009A20401,Togo,TG,Savanes,Tône,Tône,Maize,Main,2006,5,2006,11,All (PS),yield,1.101518026565465
6041,TG2009A20401,Togo,TG,Savanes,Tône,Tône,Maize,Main,2007,5,2007,11,All (PS),yield,0.9222089246024961
6042,TG2009A20401,Togo,TG,Savanes,Tône,Tône,Maize,Main,2008,5,2008,11,All (PS),yield,0.9228983584811806
6043,TG2009A20401,Togo,TG,Savanes,Tône,Tône,Maize,Main,2009,5,2009,11,All (PS),yield,0.9525316455696202
6044,TG2009A20401,Togo,TG,Savanes,Tône,Tône,Maize,Main,2010,5,2010,11,All (PS),yield,1.0781204111600586
6045,TG2009A20401,Togo,TG,Savanes,Tône,Tône,Maize,Main,2011,5,2011,11,All (PS),yield,1.054499006528527
6046,TG2009A20401,Togo,TG,Savanes,Tône,Tône,Maize,Main,2012,5,2012,11,All (PS),yield,1.0120017145306472
6047,TG2009A20401,Togo,TG,Savanes,Tône,Tône,Millet,Main,1995,5,1995,11,All (PS),yield,0.3606935449179074
6048,TG2009A20401,Togo,TG,Savanes,Tône,Tône,Millet,Main,1996,5,1996,11,All (PS),yield,1.1771106482048768
6049,TG2009A20401,Togo,TG,Savanes,Tône,Tône,Millet,Main,1997,5,1997,11,All (PS),yield,0.567941700610998
6050,TG2009A20401,Togo,TG,Savanes,Tône,Tône,Millet,Main,1998,5,1998,11,All (PS),yield,0.4901038901948889
6051,TG2009A20401,Togo,TG,Savanes,Tône,Tône,Millet,Main,1999,5,1999,11,All (PS),yield,0.53171401239446
6052,TG2009A20401,Togo,TG,Savanes,Tône,Tône,Millet,Main,2000,5,2000,11,All (PS),yield,0.5553990403662457
6053,TG2009A20401,Togo,TG,Savanes,Tône,Tône,Millet,Main,2001,5,2001,11,All (PS),yield,0.4350517143089828
6054,TG2009A20401,Togo,TG,Savanes,Tône,Tône,Millet,Main,2002,5,2002,11,All (PS),yield,0.5643551058781394
6055,TG2009A20401,Togo,TG,Savanes,Tône,Tône,Millet,Main,2003,5,2003,11,All (PS),yield,0.8380343661710898
6056,TG2009A20401,Togo,TG,Savanes,Tône,Tône,Millet,Main,2004,5,2004,11,All (PS),yield,0.950140581068416
6057,TG2009A20401,Togo,TG,Savanes,Tône,Tône,Millet,Main,2005,5,2005,11,All (PS),yield,0.9625357999845189
6058,TG2009A20401,Togo,TG,Savanes,Tône,Tône,Millet,Main,2006,5,2006,11,All (PS),yield,0.6401091645391319
6059,TG2009A20401,Togo,TG,Savanes,Tône,Tône,Millet,Main,2007,5,2007,11,All (PS),yield,0.6946849805912212
6060,TG2009A20401,Togo,TG,Savanes,Tône,Tône,Millet,Main,2008,5,2008,11,All (PS),yield,0.7989935893017164
6061,TG2009A20401,Togo,TG,Savanes,Tône,Tône,Millet,Main,2009,5,2009,11,All (PS),yield,0.8172914147521161
6062,TG2009A20401,Togo,TG,Savanes,Tône,Tône,Millet,Main,2010,5,2010,11,All (PS),yield,0.909018302828619
6063,TG2009A20401,Togo,TG,Savanes,Tône,Tône,Millet,Main,2011,5,2011,11,All (PS),yield,0.8427096774193549
6064,TG2009A20401,Togo,TG,Savanes,Tône,Tône,Millet,Main,2012,5,2012,11,All (PS),yield,0.84956876378953
6065,TG2009A20402,Togo,TG,Savanes,Oti,Oti,Sorghum,Main,1995,5,1995,11,All (PS),yield,0.2693380619769479
6066,TG2009A20402,Togo,TG,Savanes,Oti,Oti,Sorghum,Main,1996,5,1996,11,All (PS),yield,0.711530612244898
6067,TG2009A20402,Togo,TG,Savanes,Oti,Oti,Sorghum,Main,1997,5,1997,11,All (PS),yield,0.40737661103522005
6068,TG2009A20402,Togo,TG,Savanes,Oti,Oti,Sorghum,Main,1998,5,1998,11,All (PS),yield,0.5638849133889355
6069,TG2009A20402,Togo,TG,Savanes,Oti,Oti,Sorghum,Main,1999,5,1999,11,All (PS),yield,0.5980111417712293
6070,TG2009A20402,Togo,TG,Savanes,Oti,Oti,Sorghum,Main,2000,5,2000,11,All (PS),yield,0.7115754231508463
6071,TG2009A20402,Togo,TG,Savanes,Oti,Oti,Sorghum,Main,2001,5,2001,11,All (PS),yield,0.6183799630361354
6072,TG2009A20402,Togo,TG,Savanes,Oti,Oti,Sorghum,Main,2002,5,2002,11,All (PS),yield,0.7490973544278868
6073,TG2009A20402,Togo,TG,Savanes,Oti,Oti,Sorghum,Main,2003,5,2003,11,All (PS),yield,0.8861715223635618
6074,TG2009A20402,Togo,TG,Savanes,Oti,Oti,Sorghum,Main,2004,5,2004,11,All (PS),yield,1.428444300622927
6075,TG2009A20402,Togo,TG,Savanes,Oti,Oti,Sorghum,Main,2005,5,2005,11,All (PS),yield,1.254081804410032
6076,TG2009A20402,Togo,TG,Savanes,Oti,Oti,Sorghum,Main,2006,5,2006,11,All (PS),yield,1.2818677743856663
6077,TG2009A20402,Togo,TG,Savanes,Oti,Oti,Sorghum,Main,2007,5,2007,11,All (PS),yield,1.3888648700581256
6078,TG2009A20402,Togo,TG,Savanes,Oti,Oti,Sorghum,Main,2008,5,2008,11,All (PS),yield,1.1200491249616211
6079,TG2009A20402,Togo,TG,Savanes,Oti,Oti,Sorghum,Main,2009,5,2009,11,All (PS),yield,2.302978723404255
6080,TG2009A20402,Togo,TG,Savanes,Oti,Oti,Sorghum,Main,2010,5,2010,11,All (PS),yield,1.2381042207026645
6081,TG2009A20402,Togo,TG,Savanes,Oti,Oti,Sorghum,Main,2011,5,2011,11,All (PS),yield,1.2514561791664784
6082,TG2009A20402,Togo,TG,Savanes,Oti,Oti,Sorghum,Main,2012,5,2012,11,All (PS),yield,1.4914366402477908
6083,TG2009A20402,Togo,TG,Savanes,Oti,Oti,Maize,Main,1995,5,1995,11,All (PS),yield,1.560845089999305
6084,TG2009A20402,Togo,TG,Savanes,Oti,Oti,Maize,Main,1996,5,1996,11,All (PS),yield,1.4107586610144716
6085,TG2009A20402,Togo,TG,Savanes,Oti,Oti,Maize,Main,1997,5,1997,11,All (PS),yield,1.022931654676259
6086,TG2009A20402,Togo,TG,Savanes,Oti,Oti,Maize,Main,1998,5,1998,11,All (PS),yield,1.234411309062742
6087,TG2009A20402,Togo,TG,Savanes,Oti,Oti,Maize,Main,1999,5,1999,11,All (PS),yield,1.1825379609544469
6088,TG2009A20402,Togo,TG,Savanes,Oti,Oti,Maize,Main,2000,5,2000,11,All (PS),yield,1.0430751400424956
6089,TG2009A20402,Togo,TG,Savanes,Oti,Oti,Maize,Main,2001,5,2001,11,All (PS),yield,0.9798125450612833
6090,TG2009A20402,Togo,TG,Savanes,Oti,Oti,Maize,Main,2002,5,2002,11,All (PS),yield,0.8770384254920337
6091,TG2009A20402,Togo,TG,Savanes,Oti,Oti,Maize,Main,2003,5,2003,11,All (PS),yield,1.2304035951948837
6092,TG2009A20402,Togo,TG,Savanes,Oti,Oti,Maize,Main,2004,5,2004,11,All (PS),yield,1.12
6093,TG2009A20402,Togo,TG,Savanes,Oti,Oti,Maize,Main,2005,5,2005,11,All (PS),yield,1.1433328400177594
6094,TG2009A20402,Togo,TG,Savanes,Oti,Oti,Maize,Main,2006,5,2006,11,All (PS),yield,1.6604321404456448
6095,TG2009A20402,Togo,TG,Savanes,Oti,Oti,Maize,Main,2007,5,2007,11,All (PS),yield,1.5368574946137272
6096,TG2009A20402,Togo,TG,Savanes,Oti,Oti,Maize,Main,2008,5,2008,11,All (PS),yield,0.9550223668157788
6097,TG2009A20402,Togo,TG,Savanes,Oti,Oti,Maize,Main,2009,5,2009,11,All (PS),yield,1.155200353565115
6098,TG2009A20402,Togo,TG,Savanes,Oti,Oti,Maize,Main,2010,5,2010,11,All (PS),yield,1.341981478759371
6099,TG2009A20402,Togo,TG,Savanes,Oti,Oti,Maize,Main,2011,5,2011,11,All (PS),yield,1.2696880178687224
6100,TG2009A20402,Togo,TG,Savanes,Oti,Oti,Maize,Main,2012,5,2012,11,All (PS),yield,1.1910852713178295
6101,TG2009A20402,Togo,TG,Savanes,Oti,Oti,Millet,Main,1995,5,1995,11,All (PS),yield,0.3193903697048351
6102,TG2009A20402,Togo,TG,Savanes,Oti,Oti,Millet,Main,1996,5,1996,11,All (PS),yield,0.2989193034758452
6103,TG2009A20402,Togo,TG,Savanes,Oti,Oti,Millet,Main,1997,5,1997,11,All (PS),yield,0.3576607711594498
6104,TG2009A20402,Togo,TG,Savanes,Oti,Oti,Millet,Main,1998,5,1998,11,All (PS),yield,0.6195333567827412
6105,TG2009A20402,Togo,TG,Savanes,Oti,Oti,Millet,Main,1999,5,1999,11,All (PS),yield,0.5083410176879872
6106,TG2009A20402,Togo,TG,Savanes,Oti,Oti,Millet,Main,2000,5,2000,11,All (PS),yield,0.5481382584186323
6107,TG2009A20402,Togo,TG,Savanes,Oti,Oti,Millet,Main,2001,5,2001,11,All (PS),yield,0.48636432122947115
6108,TG2009A20402,Togo,TG,Savanes,Oti,Oti,Millet,Main,2002,5,2002,11,All (PS),yield,0.41784750337381915
6109,TG2009A20402,Togo,TG,Savanes,Oti,Oti,Millet,Main,2003,5,2003,11,All (PS),yield,1.057648214870619
6110,TG2009A20402,Togo,TG,Savanes,Oti,Oti,Millet,Main,2004,5,2004,11,All (PS),yield,0.6341211683352255
6111,TG2009A20402,Togo,TG,Savanes,Oti,Oti,Millet,Main,2005,5,2005,11,All (PS),yield,0.6317294751009421
6112,TG2009A20402,Togo,TG,Savanes,Oti,Oti,Millet,Main,2006,5,2006,11,All (PS),yield,0.8275562316635879
6113,TG2009A20402,Togo,TG,Savanes,Oti,Oti,Millet,Main,2007,5,2007,11,All (PS),yield,0.7978626233101936
6114,TG2009A20402,Togo,TG,Savanes,Oti,Oti,Millet,Main,2008,5,2008,11,All (PS),yield,0.7293823851869898
6115,TG2009A20402,Togo,TG,Savanes,Oti,Oti,Millet,Main,2009,5,2009,11,All (PS),yield,0.7679752066115703
6116,TG2009A20402,Togo,TG,Savanes,Oti,Oti,Millet,Main,2010,5,2010,11,All (PS),yield,0.7773722627737226
6117,TG2009A20402,Togo,TG,Savanes,Oti,Oti,Millet,Main,2011,5,2011,11,All (PS),yield,0.8471714044469463
6118,TG2009A20402,Togo,TG,Savanes,Oti,Oti,Millet,Main,2012,5,2012,11,All (PS),yield,0.7874604544147253
6119,TG2009A20403,Togo,TG,Savanes,Kpendjal,Kpendjal,Sorghum,Main,1995,5,1995,11,All (PS),yield,0.34011051784839935
6120,TG2009A20403,Togo,TG,Savanes,Kpendjal,Kpendjal,Sorghum,Main,1996,5,1996,11,All (PS),yield,0.9586494241578555
6121,TG2009A20403,Togo,TG,Savanes,Kpendjal,Kpendjal,Sorghum,Main,1997,5,1997,11,All (PS),yield,0.5166765365396003
6122,TG2009A20403,Togo,TG,Savanes,Kpendjal,Kpendjal,Sorghum,Main,1998,5,1998,11,All (PS),yield,0.6219612413792117
6123,TG2009A20403,Togo,TG,Savanes,Kpendjal,Kpendjal,Sorghum,Main,1999,5,1999,11,All (PS),yield,0.6464847994230682
6124,TG2009A20403,Togo,TG,Savanes,Kpendjal,Kpendjal,Sorghum,Main,2000,5,2000,11,All (PS),yield,0.38395652855011986
6125,TG2009A20403,Togo,TG,Savanes,Kpendjal,Kpendjal,Sorghum,Main,2001,5,2001,11,All (PS),yield,0.5323693807782267
6126,TG2009A20403,Togo,TG,Savanes,Kpendjal,Kpendjal,Sorghum,Main,2002,5,2002,11,All (PS),yield,0.49535825583010357
6127,TG2009A20403,Togo,TG,Savanes,Kpendjal,Kpendjal,Sorghum,Main,2003,5,2003,11,All (PS),yield,0.9208683580925237
6128,TG2009A20403,Togo,TG,Savanes,Kpendjal,Kpendjal,Sorghum,Main,2004,5,2004,11,All (PS),yield,0.763188521429654
6129,TG2009A20403,Togo,TG,Savanes,Kpendjal,Kpendjal,Sorghum,Main,2005,5,2005,11,All (PS),yield,0.8959232570257092
6130,TG2009A20403,Togo,TG,Savanes,Kpendjal,Kpendjal,Sorghum,Main,2006,5,2006,11,All (PS),yield,1.2449683028291385
6131,TG2009A20403,Togo,TG,Savanes,Kpendjal,Kpendjal,Sorghum,Main,2007,5,2007,11,All (PS),yield,1.3966952069447482
6132,TG2009A20403,Togo,TG,Savanes,Kpendjal,Kpendjal,Sorghum,Main,2008,5,2008,11,All (PS),yield,1.0288967852071
6133,TG2009A20403,Togo,TG,Savanes,Kpendjal,Kpendjal,Sorghum,Main,2009,5,2009,11,All (PS),yield,1.042622950819672
6134,TG2009A20403,Togo,TG,Savanes,Kpendjal,Kpendjal,Sorghum,Main,2010,5,2010,11,All (PS),yield,1.2159256355694927
6135,TG2009A20403,Togo,TG,Savanes,Kpendjal,Kpendjal,Sorghum,Main,2011,5,2011,11,All (PS),yield,1.257376329933092
6136,TG2009A20403,Togo,TG,Savanes,Kpendjal,Kpendjal,Sorghum,Main,2012,5,2012,11,All (PS),yield,1.1476721902829443
6137,TG2009A20403,Togo,TG,Savanes,Kpendjal,Kpendjal,Maize,Main,1995,5,1995,11,All (PS),yield,1.4231590676943078
6138,TG2009A20403,Togo,TG,Savanes,Kpendjal,Kpendjal,Maize,Main,1996,5,1996,11,All (PS),yield,0.9984786246767077
6139,TG2009A20403,Togo,TG,Savanes,Kpendjal,Kpendjal,Maize,Main,1997,5,1997,11,All (PS),yield,1.4464465188248818
6140,TG2009A20403,Togo,TG,Savanes,Kpendjal,Kpendjal,Maize,Main,1998,5,1998,11,All (PS),yield,0.9170508402985613
6141,TG2009A20403,Togo,TG,Savanes,Kpendjal,Kpendjal,Maize,Main,1999,5,1999,11,All (PS),yield,1.0944664090865592
6142,TG2009A20403,Togo,TG,Savanes,Kpendjal,Kpendjal,Maize,Main,2000,5,2000,11,All (PS),yield,0.4879513981849011
6143,TG2009A20403,Togo,TG,Savanes,Kpendjal,Kpendjal,Maize,Main,2001,5,2001,11,All (PS),yield,1.1958770415615454
6144,TG2009A20403,Togo,TG,Savanes,Kpendjal,Kpendjal,Maize,Main,2002,5,2002,11,All (PS),yield,0.8904472014852813
6145,TG2009A20403,Togo,TG,Savanes,Kpendjal,Kpendjal,Maize,Main,2003,5,2003,11,All (PS),yield,0.7855628247338029
6146,TG2009A20403,Togo,TG,Savanes,Kpendjal,Kpendjal,Maize,Main,2004,5,2004,11,All (PS),yield,1.009398336247755
6147,TG2009A20403,Togo,TG,Savanes,Kpendjal,Kpendjal,Maize,Main,2005,5,2005,11,All (PS),yield,0.9880923220508383
6148,TG2009A20403,Togo,TG,Savanes,Kpendjal,Kpendjal,Maize,Main,2006,5,2006,11,All (PS),yield,1.2573522217653519
6149,TG2009A20403,Togo,TG,Savanes,Kpendjal,Kpendjal,Maize,Main,2007,5,2007,11,All (PS),yield,0.8870167022015341
6150,TG2009A20403,Togo,TG,Savanes,Kpendjal,Kpendjal,Maize,Main,2008,5,2008,11,All (PS),yield,0.9242415637047983
6151,TG2009A20403,Togo,TG,Savanes,Kpendjal,Kpendjal,Maize,Main,2009,5,2009,11,All (PS),yield,1.0681150159744408
6152,TG2009A20403,Togo,TG,Savanes,Kpendjal,Kpendjal,Maize,Main,2010,5,2010,11,All (PS),yield,1.1100502512562813
6153,TG2009A20403,Togo,TG,Savanes,Kpendjal,Kpendjal,Maize,Main,2011,5,2011,11,All (PS),yield,1.2020755597014925
6154,TG2009A20403,Togo,TG,Savanes,Kpendjal,Kpendjal,Maize,Main,2012,5,2012,11,All (PS),yield,1.0869047619047618
6155,TG2009A20403,Togo,TG,Savanes,Kpendjal,Kpendjal,Millet,Main,1995,5,1995,11,All (PS),yield,0.3606935449179074
6156,TG2009A20403,Togo,TG,Savanes,Kpendjal,Kpendjal,Millet,Main,1996,5,1996,11,All (PS),yield,1.1771106482048768
6157,TG2009A20403,Togo,TG,Savanes,Kpendjal,Kpendjal,Millet,Main,1997,5,1997,11,All (PS),yield,0.5566737789768296
6158,TG2009A20403,Togo,TG,Savanes,Kpendjal,Kpendjal,Millet,Main,1998,5,1998,11,All (PS),yield,0.5333856217857753
6159,TG2009A20403,Togo,TG,Savanes,Kpendjal,Kpendjal,Millet,Main,1999,5,1999,11,All (PS),yield,0.5361013783460457
6160,TG2009A20403,Togo,TG,Savanes,Kpendjal,Kpendjal,Millet,Main,2000,5,2000,11,All (PS),yield,0.3793279564019425
6161,TG2009A20403,Togo,TG,Savanes,Kpendjal,Kpendjal,Millet,Main,2001,5,2001,11,All (PS),yield,0.4426796753414998
6162,TG2009A20403,Togo,TG,Savanes,Kpendjal,Kpendjal,Millet,Main,2002,5,2002,11,All (PS),yield,0.495604856678976
6163,TG2009A20403,Togo,TG,Savanes,Kpendjal,Kpendjal,Millet,Main,2003,5,2003,11,All (PS),yield,0.6638953950199606
6164,TG2009A20403,Togo,TG,Savanes,Kpendjal,Kpendjal,Millet,Main,2004,5,2004,11,All (PS),yield,0.6871199614873645
6165,TG2009A20403,Togo,TG,Savanes,Kpendjal,Kpendjal,Millet,Main,2005,5,2005,11,All (PS),yield,0.7409685332072787
6166,TG2009A20403,Togo,TG,Savanes,Kpendjal,Kpendjal,Millet,Main,2006,5,2006,11,All (PS),yield,1.110701044206518
6167,TG2009A20403,Togo,TG,Savanes,Kpendjal,Kpendjal,Millet,Main,2007,5,2007,11,All (PS),yield,0.6037129097789088
6168,TG2009A20403,Togo,TG,Savanes,Kpendjal,Kpendjal,Millet,Main,2008,5,2008,11,All (PS),yield,0.6630008035691362
6169,TG2009A20403,Togo,TG,Savanes,Kpendjal,Kpendjal,Millet,Main,2009,5,2009,11,All (PS),yield,0.6631563443552544
6170,TG2009A20403,Togo,TG,Savanes,Kpendjal,Kpendjal,Millet,Main,2010,5,2010,11,All (PS),yield,0.7268813898070566
6171,TG2009A20403,Togo,TG,Savanes,Kpendjal,Kpendjal,Millet,Main,2011,5,2011,11,All (PS),yield,0.7022255192878338
6172,TG2009A20403,Togo,TG,Savanes,Kpendjal,Kpendjal,Millet,Main,2012,5,2012,11,All (PS),yield,0.6663358778625954
6173,TG2009A20404,Togo,TG,Savanes,Tandjouaré,Tandjouaré,Sorghum,Main,1995,5,1995,11,All (PS),yield,0.3401105178483993
6174,TG2009A20404,Togo,TG,Savanes,Tandjouaré,Tandjouaré,Sorghum,Main,1996,5,1996,11,All (PS),yield,0.9586494241578555
6175,TG2009A20404,Togo,TG,Savanes,Tandjouaré,Tandjouaré,Sorghum,Main,1997,5,1997,11,All (PS),yield,0.6256864653368548
6176,TG2009A20404,Togo,TG,Savanes,Tandjouaré,Tandjouaré,Sorghum,Main,1998,5,1998,11,All (PS),yield,0.5732935560985947
6177,TG2009A20404,Togo,TG,Savanes,Tandjouaré,Tandjouaré,Sorghum,Main,1999,5,1999,11,All (PS),yield,0.6188274927778077
6178,TG2009A20404,Togo,TG,Savanes,Tandjouaré,Tandjouaré,Sorghum,Main,2000,5,2000,11,All (PS),yield,0.5971787988817724
6179,TG2009A20404,Togo,TG,Savanes,Tandjouaré,Tandjouaré,Sorghum,Main,2001,5,2001,11,All (PS),yield,0.5809232622428069
6180,TG2009A20404,Togo,TG,Savanes,Tandjouaré,Tandjouaré,Sorghum,Main,2002,5,2002,11,All (PS),yield,0.708330996993513
6181,TG2009A20404,Togo,TG,Savanes,Tandjouaré,Tandjouaré,Sorghum,Main,2003,5,2003,11,All (PS),yield,0.7178499179831289
6182,TG2009A20404,Togo,TG,Savanes,Tandjouaré,Tandjouaré,Sorghum,Main,2004,5,2004,11,All (PS),yield,1.3353801367043296
6183,TG2009A20404,Togo,TG,Savanes,Tandjouaré,Tandjouaré,Sorghum,Main,2005,5,2005,11,All (PS),yield,1.3127340452385947
6184,TG2009A20404,Togo,TG,Savanes,Tandjouaré,Tandjouaré,Sorghum,Main,2006,5,2006,11,All (PS),yield,1.3816154099293987
6185,TG2009A20404,Togo,TG,Savanes,Tandjouaré,Tandjouaré,Sorghum,Main,2007,5,2007,11,All (PS),yield,1.3774329196223343
6186,TG2009A20404,Togo,TG,Savanes,Tandjouaré,Tandjouaré,Sorghum,Main,2008,5,2008,11,All (PS),yield,1.0096823610222234
6187,TG2009A20404,Togo,TG,Savanes,Tandjouaré,Tandjouaré,Sorghum,Main,2009,5,2009,11,All (PS),yield,0.9229153539172443
6188,TG2009A20404,Togo,TG,Savanes,Tandjouaré,Tandjouaré,Sorghum,Main,2010,5,2010,11,All (PS),yield,1.1451505016722408
6189,TG2009A20404,Togo,TG,Savanes,Tandjouaré,Tandjouaré,Sorghum,Main,2011,5,2011,11,All (PS),yield,1.2366381879594674
6190,TG2009A20404,Togo,TG,Savanes,Tandjouaré,Tandjouaré,Sorghum,Main,2012,5,2012,11,All (PS),yield,1.0404081632653062
6191,TG2009A20404,Togo,TG,Savanes,Tandjouaré,Tandjouaré,Maize,Main,1995,5,1995,11,All (PS),yield,1.4231590676943078
6192,TG2009A20404,Togo,TG,Savanes,Tandjouaré,Tandjouaré,Maize,Main,1996,5,1996,11,All (PS),yield,0.9984786246767077
6193,TG2009A20404,Togo,TG,Savanes,Tandjouaré,Tandjouaré,Maize,Main,1997,5,1997,11,All (PS),yield,1.680118534801132
6194,TG2009A20404,Togo,TG,Savanes,Tandjouaré,Tandjouaré,Maize,Main,1998,5,1998,11,All (PS),yield,1.16268964411522
6195,TG2009A20404,Togo,TG,Savanes,Tandjouaré,Tandjouaré,Maize,Main,1999,5,1999,11,All (PS),yield,0.8639323971498499
6196,TG2009A20404,Togo,TG,Savanes,Tandjouaré,Tandjouaré,Maize,Main,2000,5,2000,11,All (PS),yield,1.03513269074609
6197,TG2009A20404,Togo,TG,Savanes,Tandjouaré,Tandjouaré,Maize,Main,2001,5,2001,11,All (PS),yield,1.1889972082652596
6198,TG2009A20404,Togo,TG,Savanes,Tandjouaré,Tandjouaré,Maize,Main,2002,5,2002,11,All (PS),yield,1.0836896784616086
6199,TG2009A20404,Togo,TG,Savanes,Tandjouaré,Tandjouaré,Maize,Main,2003,5,2003,11,All (PS),yield,1.1228468768694502
6200,TG2009A20404,Togo,TG,Savanes,Tandjouaré,Tandjouaré,Maize,Main,2004,5,2004,11,All (PS),yield,1.155778429678529
6201,TG2009A20404,Togo,TG,Savanes,Tandjouaré,Tandjouaré,Maize,Main,2005,5,2005,11,All (PS),yield,1.2130350081214492
6202,TG2009A20404,Togo,TG,Savanes,Tandjouaré,Tandjouaré,Maize,Main,2006,5,2006,11,All (PS),yield,1.61425901846267
6203,TG2009A20404,Togo,TG,Savanes,Tandjouaré,Tandjouaré,Maize,Main,2007,5,2007,11,All (PS),yield,1.5807747426700858
6204,TG2009A20404,Togo,TG,Savanes,Tandjouaré,Tandjouaré,Maize,Main,2008,5,2008,11,All (PS),yield,0.9870714209705214
6205,TG2009A20404,Togo,TG,Savanes,Tandjouaré,Tandjouaré,Maize,Main,2009,5,2009,11,All (PS),yield,1.042316258351893
6206,TG2009A20404,Togo,TG,Savanes,Tandjouaré,Tandjouaré,Maize,Main,2010,5,2010,11,All (PS),yield,1.2460468058191019
6207,TG2009A20404,Togo,TG,Savanes,Tandjouaré,Tandjouaré,Maize,Main,2011,5,2011,11,All (PS),yield,1.21873165002936
6208,TG2009A20404,Togo,TG,Savanes,Tandjouaré,Tandjouaré,Maize,Main,2012,5,2012,11,All (PS),yield,1.238125
6209,TG2009A20404,Togo,TG,Savanes,Tandjouaré,Tandjouaré,Millet,Main,1995,5,1995,11,All (PS),yield,0.3606935449179074
6210,TG2009A20404,Togo,TG,Savanes,Tandjouaré,Tandjouaré,Millet,Main,1996,5,1996,11,All (PS),yield,1.1771106482048768
6211,TG2009A20404,Togo,TG,Savanes,Tandjouaré,Tandjouaré,Millet,Main,1997,5,1997,11,All (PS),yield,0.5180002132939219
6212,TG2009A20404,Togo,TG,Savanes,Tandjouaré,Tandjouaré,Millet,Main,1998,5,1998,11,All (PS),yield,0.6605052884630837
6213,TG2009A20404,Togo,TG,Savanes,Tandjouaré,Tandjouaré,Millet,Main,1999,5,1999,11,All (PS),yield,0.5449435254418655
6214,TG2009A20404,Togo,TG,Savanes,Tandjouaré,Tandjouaré,Millet,Main,2000,5,2000,11,All (PS),yield,0.5076196295372758
6215,TG2009A20404,Togo,TG,Savanes,Tandjouaré,Tandjouaré,Millet,Main,2001,5,2001,11,All (PS),yield,0.4371152968500019
6216,TG2009A20404,Togo,TG,Savanes,Tandjouaré,Tandjouaré,Millet,Main,2002,5,2002,11,All (PS),yield,0.6008931246857051
6217,TG2009A20404,Togo,TG,Savanes,Tandjouaré,Tandjouaré,Millet,Main,2003,5,2003,11,All (PS),yield,0.6381052786907699
6218,TG2009A20404,Togo,TG,Savanes,Tandjouaré,Tandjouaré,Millet,Main,2004,5,2004,11,All (PS),yield,0.7518378415420068
6219,TG2009A20404,Togo,TG,Savanes,Tandjouaré,Tandjouaré,Millet,Main,2005,5,2005,11,All (PS),yield,0.7347197654249459
6220,TG2009A20404,Togo,TG,Savanes,Tandjouaré,Tandjouaré,Millet,Main,2006,5,2006,11,All (PS),yield,1.0926507168436614
6221,TG2009A20404,Togo,TG,Savanes,Tandjouaré,Tandjouaré,Millet,Main,2007,5,2007,11,All (PS),yield,1.1309477771960288
6222,TG2009A20404,Togo,TG,Savanes,Tandjouaré,Tandjouaré,Millet,Main,2008,5,2008,11,All (PS),yield,0.7182681952388832
6223,TG2009A20404,Togo,TG,Savanes,Tandjouaré,Tandjouaré,Millet,Main,2009,5,2009,11,All (PS),yield,0.8032001533007569
6224,TG2009A20404,Togo,TG,Savanes,Tandjouaré,Tandjouaré,Millet,Main,2010,5,2010,11,All (PS),yield,0.8720205639507711
6225,TG2009A20404,Togo,TG,Savanes,Tandjouaré,Tandjouaré,Millet,Main,2011,5,2011,11,All (PS),yield,0.8361887586414187
6226,TG2009A20404,Togo,TG,Savanes,Tandjouaré,Tandjouaré,Millet,Main,2012,5,2012,11,All (PS),yield,0.8118507381082559
6227,TG2009A20405,Togo,TG,Savanes,Cinkassé,Cinkassé,Sorghum,Main,1995,5,1995,11,All (PS),yield,0.34011051784839935
6228,TG2009A20405,Togo,TG,Savanes,Cinkassé,Cinkassé,Sorghum,Main,1996,5,1996,11,All (PS),yield,0.9586494241578555
6229,TG2009A20405,Togo,TG,Savanes,Cinkassé,Cinkassé,Sorghum,Main,1997,5,1997,11,All (PS),yield,0.5485975697581255
6230,TG2009A20405,Togo,TG,Savanes,Cinkassé,Cinkassé,Sorghum,Main,1998,5,1998,11,All (PS),yield,0.5518194110216313
6231,TG2009A20405,Togo,TG,Savanes,Cinkassé,Cinkassé,Sorghum,Main,1999,5,1999,11,All (PS),yield,0.5291338067232392
6232,TG2009A20405,Togo,TG,Savanes,Cinkassé,Cinkassé,Sorghum,Main,2000,5,2000,11,All (PS),yield,0.911090554319504
6233,TG2009A20405,Togo,TG,Savanes,Cinkassé,Cinkassé,Sorghum,Main,2001,5,2001,11,All (PS),yield,1.0246257876880516
6234,TG2009A20405,Togo,TG,Savanes,Cinkassé,Cinkassé,Sorghum,Main,2002,5,2002,11,All (PS),yield,0.9000154626882627
6235,TG2009A20405,Togo,TG,Savanes,Cinkassé,Cinkassé,Sorghum,Main,2003,5,2003,11,All (PS),yield,1.0919073643849477
6236,TG2009A20405,Togo,TG,Savanes,Cinkassé,Cinkassé,Sorghum,Main,2004,5,2004,11,All (PS),yield,1.3500734771374783
6237,TG2009A20405,Togo,TG,Savanes,Cinkassé,Cinkassé,Sorghum,Main,2005,5,2005,11,All (PS),yield,1.417335410134334
6238,TG2009A20405,Togo,TG,Savanes,Cinkassé,Cinkassé,Sorghum,Main,2006,5,2006,11,All (PS),yield,1.248755386408299
6239,TG2009A20405,Togo,TG,Savanes,Cinkassé,Cinkassé,Sorghum,Main,2007,5,2007,11,All (PS),yield,1.5211051533555917
6240,TG2009A20405,Togo,TG,Savanes,Cinkassé,Cinkassé,Sorghum,Main,2008,5,2008,11,All (PS),yield,1.0606180960746874
6241,TG2009A20405,Togo,TG,Savanes,Cinkassé,Cinkassé,Sorghum,Main,2009,5,2009,11,All (PS),yield,1.1163391933815925
6242,TG2009A20405,Togo,TG,Savanes,Cinkassé,Cinkassé,Sorghum,Main,2010,5,2010,11,All (PS),yield,1.3070375254765616
6243,TG2009A20405,Togo,TG,Savanes,Cinkassé,Cinkassé,Sorghum,Main,2011,5,2011,11,All (PS),yield,1.3239083342834341
6244,TG2009A20405,Togo,TG,Savanes,Cinkassé,Cinkassé,Sorghum,Main,2012,5,2012,11,All (PS),yield,1.2147187196896216
6245,TG2009A20405,Togo,TG,Savanes,Cinkassé,Cinkassé,Maize,Main,1995,5,1995,11,All (PS),yield,1.4231590676943078
6246,TG2009A20405,Togo,TG,Savanes,Cinkassé,Cinkassé,Maize,Main,1996,5,1996,11,All (PS),yield,0.9984786246767077
6247,TG2009A20405,Togo,TG,Savanes,Cinkassé,Cinkassé,Maize,Main,1997,5,1997,11,All (PS),yield,1.0039502929884825
6248,TG2009A20405,Togo,TG,Savanes,Cinkassé,Cinkassé,Maize,Main,1998,5,1998,11,All (PS),yield,1.172406318076958
6249,TG2009A20405,Togo,TG,Savanes,Cinkassé,Cinkassé,Maize,Main,1999,5,1999,11,All (PS),yield,1.1231486932562418
6250,TG2009A20405,Togo,TG,Savanes,Cinkassé,Cinkassé,Maize,Main,2000,5,2000,11,All (PS),yield,1.2604230140537196
6251,TG2009A20405,Togo,TG,Savanes,Cinkassé,Cinkassé,Maize,Main,2001,5,2001,11,All (PS),yield,1.3446716748888077
6252,TG2009A20405,Togo,TG,Savanes,Cinkassé,Cinkassé,Maize,Main,2002,5,2002,11,All (PS),yield,1.0584805709344378
6253,TG2009A20405,Togo,TG,Savanes,Cinkassé,Cinkassé,Maize,Main,2003,5,2003,11,All (PS),yield,1.458696095901088
6254,TG2009A20405,Togo,TG,Savanes,Cinkassé,Cinkassé,Maize,Main,2004,5,2004,11,All (PS),yield,1.4927072966643395
6255,TG2009A20405,Togo,TG,Savanes,Cinkassé,Cinkassé,Maize,Main,2005,5,2005,11,All (PS),yield,1.5285638013881473
6256,TG2009A20405,Togo,TG,Savanes,Cinkassé,Cinkassé,Maize,Main,2006,5,2006,11,All (PS),yield,1.4997283589117083
6257,TG2009A20405,Togo,TG,Savanes,Cinkassé,Cinkassé,Maize,Main,2007,5,2007,11,All (PS),yield,1.5133238558290003
6258,TG2009A20405,Togo,TG,Savanes,Cinkassé,Cinkassé,Maize,Main,2008,5,2008,11,All (PS),yield,0.9924643961686468
6259,TG2009A20405,Togo,TG,Savanes,Cinkassé,Cinkassé,Maize,Main,2009,5,2009,11,All (PS),yield,1.1779859484777517
6260,TG2009A20405,Togo,TG,Savanes,Cinkassé,Cinkassé,Maize,Main,2010,5,2010,11,All (PS),yield,1.3255289139633286
6261,TG2009A20405,Togo,TG,Savanes,Cinkassé,Cinkassé,Maize,Main,2011,5,2011,11,All (PS),yield,1.3062307907236659
6262,TG2009A20405,Togo,TG,Savanes,Cinkassé,Cinkassé,Maize,Main,2012,5,2012,11,All (PS),yield,1.215
6263,TG2009A20405,Togo,TG,Savanes,Cinkassé,Cinkassé,Millet,Main,1995,5,1995,11,All (PS),yield,0.3606935449179074
6264,TG2009A20405,Togo,TG,Savanes,Cinkassé,Cinkassé,Millet,Main,1996,5,1996,11,All (PS),yield,1.1771106482048768
6265,TG2009A20405,Togo,TG,Savanes,Cinkassé,Cinkassé,Millet,Main,1997,5,1997,11,All (PS),yield,0.4375457659459117
6266,TG2009A20405,Togo,TG,Savanes,Cinkassé,Cinkassé,Millet,Main,1998,5,1998,11,All (PS),yield,0.4962174727113968
6267,TG2009A20405,Togo,TG,Savanes,Cinkassé,Cinkassé,Millet,Main,1999,5,1999,11,All (PS),yield,0.4577224395489238
6268,TG2009A20405,Togo,TG,Savanes,Cinkassé,Cinkassé,Millet,Main,2000,5,2000,11,All (PS),yield,0.7031956892523886
6269,TG2009A20405,Togo,TG,Savanes,Cinkassé,Cinkassé,Millet,Main,2001,5,2001,11,All (PS),yield,0.8123235674484285
6270,TG2009A20405,Togo,TG,Savanes,Cinkassé,Cinkassé,Millet,Main,2002,5,2002,11,All (PS),yield,0.8933097232801086
6271,TG2009A20405,Togo,TG,Savanes,Cinkassé,Cinkassé,Millet,Main,2003,5,2003,11,All (PS),yield,0.8891645567997245
6272,TG2009A20405,Togo,TG,Savanes,Cinkassé,Cinkassé,Millet,Main,2004,5,2004,11,All (PS),yield,1.0271825754898825
6273,TG2009A20405,Togo,TG,Savanes,Cinkassé,Cinkassé,Millet,Main,2005,5,2005,11,All (PS),yield,1.462351956815566
6274,TG2009A20405,Togo,TG,Savanes,Cinkassé,Cinkassé,Millet,Main,2006,5,2006,11,All (PS),yield,0.8083861657519649
6275,TG2009A20405,Togo,TG,Savanes,Cinkassé,Cinkassé,Millet,Main,2007,5,2007,11,All (PS),yield,0.7519610762336325
6276,TG2009A20405,Togo,TG,Savanes,Cinkassé,Cinkassé,Millet,Main,2008,5,2008,11,All (PS),yield,0.7709153699660636
6277,TG2009A20405,Togo,TG,Savanes,Cinkassé,Cinkassé,Millet,Main,2009,5,2009,11,All (PS),yield,0.7432141318397243
6278,TG2009A20405,Togo,TG,Savanes,Cinkassé,Cinkassé,Millet,Main,2010,5,2010,11,All (PS),yield,0.8073200774238958
6279,TG2009A20405,Togo,TG,Savanes,Cinkassé,Cinkassé,Millet,Main,2011,5,2011,11,All (PS),yield,0.8207096554077107
6280,TG2009A20405,Togo,TG,Savanes,Cinkassé,Cinkassé,Millet,Main,2012,5,2012,11,All (PS),yield,0.7894647982441331
6281,TG2009A20501,Togo,TG,Maritime,Zio,Zio,Sorghum,Main,1997,5,1997,11,All (PS),yield,1.2886597938144329
6282,TG2009A20501,Togo,TG,Maritime,Zio,Zio,Sorghum,Main,1998,5,1998,11,All (PS),yield,0.7430167597765364
6283,TG2009A20501,Togo,TG,Maritime,Zio,Zio,Sorghum,Main,2002,5,2002,11,All (PS),yield,1.2880658436213992
6284,TG2009A20501,Togo,TG,Maritime,Zio,Zio,Sorghum,Main,2003,5,2003,11,All (PS),yield,0.8471615720524017
6285,TG2009A20501,Togo,TG,Maritime,Zio,Zio,Sorghum,Main,2004,5,2004,11,All (PS),yield,0.47255369928400953
6286,TG2009A20501,Togo,TG,Maritime,Zio,Zio,Sorghum,Main,2007,5,2007,11,All (PS),yield,0.5682926829268292
6287,TG2009A20501,Togo,TG,Maritime,Zio,Zio,Sorghum,Main,2008,5,2008,11,All (PS),yield,0.638758231420508
6288,TG2009A20501,Togo,TG,Maritime,Zio,Zio,Sorghum,Main,2009,5,2009,11,All (PS),yield,0.6362994350282486
6289,TG2009A20501,Togo,TG,Maritime,Zio,Zio,Sorghum,Main,2010,5,2010,11,All (PS),yield,0.7443559096945551
6290,TG2009A20501,Togo,TG,Maritime,Zio,Zio,Sorghum,Main,2011,5,2011,11,All (PS),yield,0.5651750972762646
6291,TG2009A20501,Togo,TG,Maritime,Zio,Zio,Sorghum,Main,2012,5,2012,11,All (PS),yield,0.7947598253275109
6292,TG2009A20501,Togo,TG,Maritime,Zio,Zio,Sorghum,Main,2014,5,2014,11,All (PS),yield,1.1111111111111112
6293,TG2009A20501,Togo,TG,Maritime,Zio,Zio,Sorghum,Main,2015,5,2015,11,All (PS),yield,0.5653939886271324
6294,TG2009A20501,Togo,TG,Maritime,Zio,Zio,Maize,Main,1995,5,1995,11,All (PS),yield,0.5850468127043856
6295,TG2009A20501,Togo,TG,Maritime,Zio,Zio,Maize,Main,1996,5,1996,11,All (PS),yield,0.6427074060247537
6296,TG2009A20501,Togo,TG,Maritime,Zio,Zio,Maize,Main,1997,5,1997,11,All (PS),yield,0.8826009582477756
6297,TG2009A20501,Togo,TG,Maritime,Zio,Zio,Maize,Main,1998,5,1998,11,All (PS),yield,0.7703274067649609
6298,TG2009A20501,Togo,TG,Maritime,Zio,Zio,Maize,Main,1999,5,1999,11,All (PS),yield,0.7009636143436365
6299,TG2009A20501,Togo,TG,Maritime,Zio,Zio,Maize,Main,2000,5,2000,11,All (PS),yield,0.7598359127354093
6300,TG2009A20501,Togo,TG,Maritime,Zio,Zio,Maize,Main,2001,5,2001,11,All (PS),yield,0.6821139050962979
6301,TG2009A20501,Togo,TG,Maritime,Zio,Zio,Maize,Main,2002,5,2002,11,All (PS),yield,0.7339116291677962
6302,TG2009A20501,Togo,TG,Maritime,Zio,Zio,Maize,Main,2003,5,2003,11,All (PS),yield,0.9216943577030345
6303,TG2009A20501,Togo,TG,Maritime,Zio,Zio,Maize,Main,2004,5,2004,11,All (PS),yield,0.7862834465011007
6304,TG2009A20501,Togo,TG,Maritime,Zio,Zio,Maize,Main,2005,5,2005,11,All (PS),yield,0.7368805073805915
6305,TG2009A20501,Togo,TG,Maritime,Zio,Zio,Maize,Main,2006,5,2006,11,All (PS),yield,0.4875820199914147
6306,TG2009A20501,Togo,TG,Maritime,Zio,Zio,Maize,Main,2007,5,2007,11,All (PS),yield,0.6048720527433232
6307,TG2009A20501,Togo,TG,Maritime,Zio,Zio,Maize,Main,2008,5,2008,11,All (PS),yield,0.6218004275726585
6308,TG2009A20501,Togo,TG,Maritime,Zio,Zio,Maize,Main,2009,5,2009,11,All (PS),yield,0.7059874389392882
6309,TG2009A20501,Togo,TG,Maritime,Zio,Zio,Maize,Main,2010,5,2010,11,All (PS),yield,0.7465447396640057
6310,TG2009A20501,Togo,TG,Maritime,Zio,Zio,Maize,Main,2011,5,2011,11,All (PS),yield,0.5694186722796134
6311,TG2009A20501,Togo,TG,Maritime,Zio,Zio,Maize,Main,2012,5,2012,11,All (PS),yield,0.6882303370786517
6312,TG2009A20501,Togo,TG,Maritime,Zio,Zio,Maize,Main,2013,5,2013,11,All (PS),yield,0.37308997704451674
6313,TG2009A20501,Togo,TG,Maritime,Zio,Zio,Maize,Main,2014,5,2014,11,All (PS),yield,0.9336724647193961
6314,TG2009A20501,Togo,TG,Maritime,Zio,Zio,Maize,Main,2015,5,2015,11,All (PS),yield,0.9104911591355599
6315,TG2009A20501,Togo,TG,Maritime,Zio,Zio,Millet,Main,2014,5,2014,11,All (PS),yield,0.35714285714285715
6316,TG2009A20501,Togo,TG,Maritime,Zio,Zio,Cotton,Main,2005,5,2005,11,All (PS),yield,0.904850492969129
6317,TG2009A20501,Togo,TG,Maritime,Zio,Zio,Cotton,Main,2006,5,2006,11,All (PS),yield,0.6184977016297535
6318,TG2009A20501,Togo,TG,Maritime,Zio,Zio,Cotton,Main,2007,5,2007,11,All (PS),yield,1.0534527503526092
6319,TG2009A20501,Togo,TG,Maritime,Zio,Zio,Cotton,Main,2008,5,2008,11,All (PS),yield,0.6935749440715884
6320,TG2009A20501,Togo,TG,Maritime,Zio,Zio,Cotton,Main,2009,5,2009,11,All (PS),yield,0.5797123251517551
6321,TG2009A20501,Togo,TG,Maritime,Zio,Zio,Cotton,Main,2010,5,2010,11,All (PS),yield,0.5896265778401122
6322,TG2009A20501,Togo,TG,Maritime,Zio,Zio,Cotton,Main,2012,5,2012,11,All (PS),yield,0.6877852640730276
6323,TG2009A20501,Togo,TG,Maritime,Zio,Zio,Cotton,Main,2013,5,2013,11,All (PS),yield,0.7756336405529954
6324,TG2009A20501,Togo,TG,Maritime,Zio,Zio,Cotton,Main,2014,5,2014,11,All (PS),yield,0.7625418060200669
6325,TG2009A20501,Togo,TG,Maritime,Zio,Zio,Cotton,Main,2015,5,2015,11,All (PS),yield,0.0740964401099067
6326,TG2009A20501,Togo,TG,Maritime,Zio,Zio,Rice,Annual,2005,5,2005,11,All (PS),yield,1.7662259615384612
6327,TG2009A20501,Togo,TG,Maritime,Zio,Zio,Rice,Annual,2006,5,2006,11,All (PS),yield,2.6091205211726383
6328,TG2009A20501,Togo,TG,Maritime,Zio,Zio,Rice,Annual,2007,5,2007,11,All (PS),yield,2.61010101010101
6329,TG2009A20501,Togo,TG,Maritime,Zio,Zio,Rice,Annual,2008,5,2008,11,All (PS),yield,2.456521739130435
6330,TG2009A20501,Togo,TG,Maritime,Zio,Zio,Rice,Annual,2009,5,2009,11,All (PS),yield,2.5901408450704224
6331,TG2009A20501,Togo,TG,Maritime,Zio,Zio,Rice,Annual,2010,5,2010,11,All (PS),yield,2.902046783625731
6332,TG2009A20501,Togo,TG,Maritime,Zio,Zio,Rice,Annual,2011,5,2011,11,All (PS),yield,1.9674657534246576
6333,TG2009A20501,Togo,TG,Maritime,Zio,Zio,Rice,Annual,2012,5,2012,11,All (PS),yield,2.0393700787401574
6334,TG2009A20501,Togo,TG,Maritime,Zio,Zio,Rice,Annual,2013,5,2013,11,All (PS),yield,1.639546858908342
6335,TG2009A20501,Togo,TG,Maritime,Zio,Zio,Rice,Annual,2014,5,2014,11,All (PS),yield,1.7606757390896293
6336,TG2009A20501,Togo,TG,Maritime,Zio,Zio,Rice,Annual,2015,5,2015,11,All (PS),yield,1.8038461538461539
6337,TG2009A20501,Togo,TG,Maritime,Zio,Zio,Cassava,Main,2005,5,2005,11,All (PS),yield,3.8230101624508572
6338,TG2009A20501,Togo,TG,Maritime,Zio,Zio,Cassava,Main,2006,5,2006,11,All (PS),yield,4.168139123965405
6339,TG2009A20501,Togo,TG,Maritime,Zio,Zio,Cassava,Main,2007,5,2007,11,All (PS),yield,4.210788757932911
6340,TG2009A20501,Togo,TG,Maritime,Zio,Zio,Cassava,Main,2008,5,2008,11,All (PS),yield,5.863667820069204
6341,TG2009A20501,Togo,TG,Maritime,Zio,Zio,Cassava,Main,2009,5,2009,11,All (PS),yield,5.466973307193485
6342,TG2009A20501,Togo,TG,Maritime,Zio,Zio,Cassava,Main,2010,5,2010,11,All (PS),yield,5.34237389166232
6343,TG2009A20501,Togo,TG,Maritime,Zio,Zio,Cassava,Main,2011,5,2011,11,All (PS),yield,5.239996974510249
6344,TG2009A20501,Togo,TG,Maritime,Zio,Zio,Cassava,Main,2012,5,2012,11,All (PS),yield,5.456773315180395
6345,TG2009A20501,Togo,TG,Maritime,Zio,Zio,Cassava,Main,2013,5,2013,11,All (PS),yield,3.2652741002255565
6346,TG2009A20501,Togo,TG,Maritime,Zio,Zio,Cassava,Main,2014,5,2014,11,All (PS),yield,3.1838334457181388
6347,TG2009A20501,Togo,TG,Maritime,Zio,Zio,Cassava,Main,2015,5,2015,11,All (PS),yield,3.141590395294221
6348,TG2009A20501,Togo,TG,Maritime,Zio,Zio,Soybean,Main,2015,5,2015,11,All (PS),yield,0.27564102564102566
6349,TG2009A20501,Togo,TG,Maritime,Zio,Zio,Yams,Main,2005,5,2005,11,All (PS),yield,9.96638655462185
6350,TG2009A20501,Togo,TG,Maritime,Zio,Zio,Yams,Main,2006,5,2006,11,All (PS),yield,10.253184713375797
6351,TG2009A20501,Togo,TG,Maritime,Zio,Zio,Yams,Main,2007,5,2007,11,All (PS),yield,10.64870006341154
6352,TG2009A20501,Togo,TG,Maritime,Zio,Zio,Yams,Main,2008,5,2008,11,All (PS),yield,8.243852459016393
6353,TG2009A20501,Togo,TG,Maritime,Zio,Zio,Yams,Main,2009,5,2009,11,All (PS),yield,8.272522522522523
6354,TG2009A20501,Togo,TG,Maritime,Zio,Zio,Yams,Main,2010,5,2010,11,All (PS),yield,8.272151898734178
6355,TG2009A20501,Togo,TG,Maritime,Zio,Zio,Yams,Main,2011,5,2011,11,All (PS),yield,8.223628691983123
6356,TG2009A20501,Togo,TG,Maritime,Zio,Zio,Yams,Main,2012,5,2012,11,All (PS),yield,8.419563459983832
6357,TG2009A20501,Togo,TG,Maritime,Zio,Zio,Yams,Main,2013,5,2013,11,All (PS),yield,5.997854077253219
6358,TG2009A20501,Togo,TG,Maritime,Zio,Zio,Yams,Main,2014,5,2014,11,All (PS),yield,5.309161793372319
6359,TG2009A20501,Togo,TG,Maritime,Zio,Zio,Yams,Main,2015,5,2015,11,All (PS),yield,3.432348367029549
6360,TG2009A20501,Togo,TG,Maritime,Zio,Zio,Beans (mixed),Main,2005,5,2005,11,All (PS),yield,0.15789473684210525
6361,TG2009A20501,Togo,TG,Maritime,Zio,Zio,Beans (mixed),Main,2006,5,2006,11,All (PS),yield,0.1590909090909091
6362,TG2009A20501,Togo,TG,Maritime,Zio,Zio,Beans (mixed),Main,2007,5,2007,11,All (PS),yield,0.3193033381712627
6363,TG2009A20501,Togo,TG,Maritime,Zio,Zio,Beans (mixed),Main,2008,5,2008,11,All (PS),yield,0.15097690941385436
6364,TG2009A20501,Togo,TG,Maritime,Zio,Zio,Beans (mixed),Main,2009,5,2009,11,All (PS),yield,0.17905102954341987
6365,TG2009A20501,Togo,TG,Maritime,Zio,Zio,Beans (mixed),Main,2010,5,2010,11,All (PS),yield,0.1597300337457818
6366,TG2009A20501,Togo,TG,Maritime,Zio,Zio,Beans (mixed),Main,2011,5,2011,11,All (PS),yield,0.17357222844344905
6367,TG2009A20501,Togo,TG,Maritime,Zio,Zio,Beans (mixed),Main,2012,5,2012,11,All (PS),yield,0.5400313971742543
6368,TG2009A20501,Togo,TG,Maritime,Zio,Zio,Beans (mixed),Main,2013,5,2013,11,All (PS),yield,0.8708609271523179
6369,TG2009A20501,Togo,TG,Maritime,Zio,Zio,Beans (mixed),Main,2014,5,2014,11,All (PS),yield,0.8989656446250461
6370,TG2009A20501,Togo,TG,Maritime,Zio,Zio,Beans (mixed),Main,2015,5,2015,11,All (PS),yield,0.8371848739495799
6371,TG2009A20501,Togo,TG,Maritime,Zio,Zio,Groundnuts (In Shell),Main,2005,5,2005,11,All (PS),yield,0.4333017975402081
6372,TG2009A20501,Togo,TG,Maritime,Zio,Zio,Groundnuts (In Shell),Main,2006,5,2006,11,All (PS),yield,0.43403205918618987
6373,TG2009A20501,Togo,TG,Maritime,Zio,Zio,Groundnuts (In Shell),Main,2007,5,2007,11,All (PS),yield,0.2533495736906212
6374,TG2009A20501,Togo,TG,Maritime,Zio,Zio,Groundnuts (In Shell),Main,2008,5,2008,11,All (PS),yield,0.3094425483503982
6375,TG2009A20501,Togo,TG,Maritime,Zio,Zio,Groundnuts (In Shell),Main,2009,5,2009,11,All (PS),yield,0.2635135135135135
6376,TG2009A20501,Togo,TG,Maritime,Zio,Zio,Groundnuts (In Shell),Main,2010,5,2010,11,All (PS),yield,0.3793418647166362
6377,TG2009A20501,Togo,TG,Maritime,Zio,Zio,Groundnuts (In Shell),Main,2011,5,2011,11,All (PS),yield,0.37752161383285304
6378,TG2009A20501,Togo,TG,Maritime,Zio,Zio,Groundnuts (In Shell),Main,2012,5,2012,11,All (PS),yield,0.5618279569892473
6379,TG2009A20501,Togo,TG,Maritime,Zio,Zio,Groundnuts (In Shell),Main,2013,5,2013,11,All (PS),yield,0.616751269035533
6380,TG2009A20501,Togo,TG,Maritime,Zio,Zio,Groundnuts (In Shell),Main,2014,5,2014,11,All (PS),yield,0.8159722222222222
6381,TG2009A20501,Togo,TG,Maritime,Zio,Zio,Groundnuts (In Shell),Main,2015,5,2015,11,All (PS),yield,0.800702370500439
6382,TG2009A20502,Togo,TG,Maritime,Lacs,Lacs,Maize,Main,1995,5,1995,11,All (PS),yield,0.5248062015503876
6383,TG2009A20502,Togo,TG,Maritime,Lacs,Lacs,Maize,Main,1996,5,1996,11,All (PS),yield,0.6620206974935694
6384,TG2009A20502,Togo,TG,Maritime,Lacs,Lacs,Maize,Main,1997,5,1997,11,All (PS),yield,0.6800817341862118
6385,TG2009A20502,Togo,TG,Maritime,Lacs,Lacs,Maize,Main,1998,5,1998,11,All (PS),yield,0.5749408983451537
6386,TG2009A20502,Togo,TG,Maritime,Lacs,Lacs,Maize,Main,1999,5,1999,11,All (PS),yield,0.7202348336594911
6387,TG2009A20502,Togo,TG,Maritime,Lacs,Lacs,Maize,Main,2000,5,2000,11,All (PS),yield,1.0018098287623556
6388,TG2009A20502,Togo,TG,Maritime,Lacs,Lacs,Maize,Main,2001,5,2001,11,All (PS),yield,0.9516646610509427
6389,TG2009A20502,Togo,TG,Maritime,Lacs,Lacs,Maize,Main,2002,5,2002,11,All (PS),yield,1.3161918785750693
6390,TG2009A20502,Togo,TG,Maritime,Lacs,Lacs,Maize,Main,2003,5,2003,11,All (PS),yield,1.3717699688033436
6391,TG2009A20502,Togo,TG,Maritime,Lacs,Lacs,Maize,Main,2004,5,2004,11,All (PS),yield,1.2406365920784972
6392,TG2009A20502,Togo,TG,Maritime,Lacs,Lacs,Maize,Main,2005,5,2005,11,All (PS),yield,1.2788270377733597
6393,TG2009A20502,Togo,TG,Maritime,Lacs,Lacs,Maize,Main,2006,5,2006,11,All (PS),yield,1.3605195091079194
6394,TG2009A20502,Togo,TG,Maritime,Lacs,Lacs,Maize,Main,2007,5,2007,11,All (PS),yield,0.581814313071849
6395,TG2009A20502,Togo,TG,Maritime,Lacs,Lacs,Maize,Main,2008,5,2008,11,All (PS),yield,0.4376833344702913
6396,TG2009A20502,Togo,TG,Maritime,Lacs,Lacs,Maize,Main,2009,5,2009,11,All (PS),yield,0.5344553826611623
6397,TG2009A20502,Togo,TG,Maritime,Lacs,Lacs,Maize,Main,2010,5,2010,11,All (PS),yield,0.4371901257763165
6398,TG2009A20502,Togo,TG,Maritime,Lacs,Lacs,Maize,Main,2011,5,2011,11,All (PS),yield,0.4263422086425142
6399,TG2009A20502,Togo,TG,Maritime,Lacs,Lacs,Maize,Main,2012,5,2012,11,All (PS),yield,0.6078998073217726
6400,TG2009A20502,Togo,TG,Maritime,Lacs,Lacs,Maize,Main,2013,5,2013,11,All (PS),yield,0.34442180452849197
6401,TG2009A20502,Togo,TG,Maritime,Lacs,Lacs,Maize,Main,2014,5,2014,11,All (PS),yield,0.87056028014007
6402,TG2009A20502,Togo,TG,Maritime,Lacs,Lacs,Maize,Main,2015,5,2015,11,All (PS),yield,0.8405229314823489
6403,TG2009A20502,Togo,TG,Maritime,Lacs,Lacs,Cotton,Main,2005,5,2005,11,All (PS),yield,0.21555555555555558
6404,TG2009A20502,Togo,TG,Maritime,Lacs,Lacs,Cotton,Main,2006,5,2006,11,All (PS),yield,0.11
6405,TG2009A20502,Togo,TG,Maritime,Lacs,Lacs,Cassava,Main,2005,5,2005,11,All (PS),yield,5.25749850029994
6406,TG2009A20502,Togo,TG,Maritime,Lacs,Lacs,Cassava,Main,2006,5,2006,11,All (PS),yield,5.762311938521486
6407,TG2009A20502,Togo,TG,Maritime,Lacs,Lacs,Cassava,Main,2007,5,2007,11,All (PS),yield,6.285058375967467
6408,TG2009A20502,Togo,TG,Maritime,Lacs,Lacs,Cassava,Main,2008,5,2008,11,All (PS),yield,5.8967368855844695
6409,TG2009A20502,Togo,TG,Maritime,Lacs,Lacs,Cassava,Main,2009,5,2009,11,All (PS),yield,5.698996201844818
6410,TG2009A20502,Togo,TG,Maritime,Lacs,Lacs,Cassava,Main,2010,5,2010,11,All (PS),yield,5.768956743002544
6411,TG2009A20502,Togo,TG,Maritime,Lacs,Lacs,Cassava,Main,2011,5,2011,11,All (PS),yield,5.232171581769437
6412,TG2009A20502,Togo,TG,Maritime,Lacs,Lacs,Cassava,Main,2012,5,2012,11,All (PS),yield,5.6344899169632265
6413,TG2009A20502,Togo,TG,Maritime,Lacs,Lacs,Cassava,Main,2013,5,2013,11,All (PS),yield,2.9110840438489647
6414,TG2009A20502,Togo,TG,Maritime,Lacs,Lacs,Cassava,Main,2014,5,2014,11,All (PS),yield,2.7465250663751366
6415,TG2009A20502,Togo,TG,Maritime,Lacs,Lacs,Cassava,Main,2015,5,2015,11,All (PS),yield,2.800848099348781
6416,TG2009A20502,Togo,TG,Maritime,Lacs,Lacs,Soybean,Main,2015,5,2015,11,All (PS),yield,0.15
6417,TG2009A20502,Togo,TG,Maritime,Lacs,Lacs,Yams,Main,2007,5,2007,11,All (PS),yield,3.805555555555556
6418,TG2009A20502,Togo,TG,Maritime,Lacs,Lacs,Yams,Main,2008,5,2008,11,All (PS),yield,2.8055555555555554
6419,TG2009A20502,Togo,TG,Maritime,Lacs,Lacs,Yams,Main,2009,5,2009,11,All (PS),yield,2.8055555555555554
6420,TG2009A20502,Togo,TG,Maritime,Lacs,Lacs,Beans (mixed),Main,2005,5,2005,11,All (PS),yield,0.043790546802595
6421,TG2009A20502,Togo,TG,Maritime,Lacs,Lacs,Beans (mixed),Main,2006,5,2006,11,All (PS),yield,0.4170520812386889
6422,TG2009A20502,Togo,TG,Maritime,Lacs,Lacs,Beans (mixed),Main,2007,5,2007,11,All (PS),yield,0.4189108318372232
6423,TG2009A20502,Togo,TG,Maritime,Lacs,Lacs,Beans (mixed),Main,2008,5,2008,11,All (PS),yield,0.23562544003754987
6424,TG2009A20502,Togo,TG,Maritime,Lacs,Lacs,Beans (mixed),Main,2009,5,2009,11,All (PS),yield,0.22508488116636707
6425,TG2009A20502,Togo,TG,Maritime,Lacs,Lacs,Beans (mixed),Main,2010,5,2010,11,All (PS),yield,0.256950809654751
6426,TG2009A20502,Togo,TG,Maritime,Lacs,Lacs,Beans (mixed),Main,2011,5,2011,11,All (PS),yield,0.22020644354081953
6427,TG2009A20502,Togo,TG,Maritime,Lacs,Lacs,Beans (mixed),Main,2012,5,2012,11,All (PS),yield,0.26693877551020406
6428,TG2009A20502,Togo,TG,Maritime,Lacs,Lacs,Beans (mixed),Main,2013,5,2013,11,All (PS),yield,0.7993100405150628
6429,TG2009A20502,Togo,TG,Maritime,Lacs,Lacs,Beans (mixed),Main,2014,5,2014,11,All (PS),yield,0.7572775388686735
6430,TG2009A20502,Togo,TG,Maritime,Lacs,Lacs,Beans (mixed),Main,2015,5,2015,11,All (PS),yield,0.7689224779571739
6431,TG2009A20502,Togo,TG,Maritime,Lacs,Lacs,Groundnuts (In Shell),Main,2005,5,2005,11,All (PS),yield,0.2998522895125553
6432,TG2009A20502,Togo,TG,Maritime,Lacs,Lacs,Groundnuts (In Shell),Main,2006,5,2006,11,All (PS),yield,0.5652936021034181
6433,TG2009A20502,Togo,TG,Maritime,Lacs,Lacs,Groundnuts (In Shell),Main,2007,5,2007,11,All (PS),yield,0.325452016689847
6434,TG2009A20502,Togo,TG,Maritime,Lacs,Lacs,Groundnuts (In Shell),Main,2008,5,2008,11,All (PS),yield,0.3507410021171489
6435,TG2009A20502,Togo,TG,Maritime,Lacs,Lacs,Groundnuts (In Shell),Main,2009,5,2009,11,All (PS),yield,0.3474702380952381
6436,TG2009A20502,Togo,TG,Maritime,Lacs,Lacs,Groundnuts (In Shell),Main,2010,5,2010,11,All (PS),yield,0.3859223300970874
6437,TG2009A20502,Togo,TG,Maritime,Lacs,Lacs,Groundnuts (In Shell),Main,2011,5,2011,11,All (PS),yield,0.37824474660074164
6438,TG2009A20502,Togo,TG,Maritime,Lacs,Lacs,Groundnuts (In Shell),Main,2012,5,2012,11,All (PS),yield,0.42507645259938837
6439,TG2009A20502,Togo,TG,Maritime,Lacs,Lacs,Groundnuts (In Shell),Main,2013,5,2013,11,All (PS),yield,0.6386554621848739
6440,TG2009A20502,Togo,TG,Maritime,Lacs,Lacs,Groundnuts (In Shell),Main,2014,5,2014,11,All (PS),yield,0.5857988165680473
6441,TG2009A20502,Togo,TG,Maritime,Lacs,Lacs,Groundnuts (In Shell),Main,2015,5,2015,11,All (PS),yield,0.8333333333333334
6442,TG2009A20504,Togo,TG,Maritime,Vo,Vo,Sorghum,Main,2015,5,2015,11,All (PS),yield,0.6974961676034747
6443,TG2009A20504,Togo,TG,Maritime,Vo,Vo,Maize,Main,1995,5,1995,11,All (PS),yield,0.37535512472292465
6444,TG2009A20504,Togo,TG,Maritime,Vo,Vo,Maize,Main,1996,5,1996,11,All (PS),yield,0.3588468709661997
6445,TG2009A20504,Togo,TG,Maritime,Vo,Vo,Maize,Main,1997,5,1997,11,All (PS),yield,0.7282493775792095
6446,TG2009A20504,Togo,TG,Maritime,Vo,Vo,Maize,Main,1998,5,1998,11,All (PS),yield,0.6000086888522026
6447,TG2009A20504,Togo,TG,Maritime,Vo,Vo,Maize,Main,1999,5,1999,11,All (PS),yield,0.3919603010724039
6448,TG2009A20504,Togo,TG,Maritime,Vo,Vo,Maize,Main,2000,5,2000,11,All (PS),yield,0.5684618895481516
6449,TG2009A20504,Togo,TG,Maritime,Vo,Vo,Maize,Main,2001,5,2001,11,All (PS),yield,0.45167525773195877
6450,TG2009A20504,Togo,TG,Maritime,Vo,Vo,Maize,Main,2002,5,2002,11,All (PS),yield,0.6476163430478151
6451,TG2009A20504,Togo,TG,Maritime,Vo,Vo,Maize,Main,2003,5,2003,11,All (PS),yield,0.5249712753734201
6452,TG2009A20504,Togo,TG,Maritime,Vo,Vo,Maize,Main,2004,5,2004,11,All (PS),yield,0.5731237021655295
6453,TG2009A20504,Togo,TG,Maritime,Vo,Vo,Maize,Main,2005,5,2005,11,All (PS),yield,0.5065004306278965
6454,TG2009A20504,Togo,TG,Maritime,Vo,Vo,Maize,Main,2006,5,2006,11,All (PS),yield,0.4586212437730998
6455,TG2009A20504,Togo,TG,Maritime,Vo,Vo,Maize,Main,2007,5,2007,11,All (PS),yield,0.8369609028617493
6456,TG2009A20504,Togo,TG,Maritime,Vo,Vo,Maize,Main,2008,5,2008,11,All (PS),yield,0.5493215132781213
6457,TG2009A20504,Togo,TG,Maritime,Vo,Vo,Maize,Main,2009,5,2009,11,All (PS),yield,0.5565826861147944
6458,TG2009A20504,Togo,TG,Maritime,Vo,Vo,Maize,Main,2010,5,2010,11,All (PS),yield,0.44318664965986393
6459,TG2009A20504,Togo,TG,Maritime,Vo,Vo,Maize,Main,2011,5,2011,11,All (PS),yield,0.40033231216574067
6460,TG2009A20504,Togo,TG,Maritime,Vo,Vo,Maize,Main,2012,5,2012,11,All (PS),yield,0.6956229499381621
6461,TG2009A20504,Togo,TG,Maritime,Vo,Vo,Maize,Main,2013,5,2013,11,All (PS),yield,0.3476502545862061
6462,TG2009A20504,Togo,TG,Maritime,Vo,Vo,Maize,Main,2014,5,2014,11,All (PS),yield,0.8102677664458982
6463,TG2009A20504,Togo,TG,Maritime,Vo,Vo,Maize,Main,2015,5,2015,11,All (PS),yield,0.8484230560087004
6464,TG2009A20504,Togo,TG,Maritime,Vo,Vo,Cotton,Main,2005,5,2005,11,All (PS),yield,0.5
6465,TG2009A20504,Togo,TG,Maritime,Vo,Vo,Cotton,Main,2006,5,2006,11,All (PS),yield,2.4
6466,TG2009A20504,Togo,TG,Maritime,Vo,Vo,Cassava,Main,2005,5,2005,11,All (PS),yield,0.7203973249409913
6467,TG2009A20504,Togo,TG,Maritime,Vo,Vo,Cassava,Main,2006,5,2006,11,All (PS),yield,6.194689435166072
6468,TG2009A20504,Togo,TG,Maritime,Vo,Vo,Cassava,Main,2007,5,2007,11,All (PS),yield,8.186313737560274
6469,TG2009A20504,Togo,TG,Maritime,Vo,Vo,Cassava,Main,2008,5,2008,11,All (PS),yield,8.561301740241865
6470,TG2009A20504,Togo,TG,Maritime,Vo,Vo,Cassava,Main,2009,5,2009,11,All (PS),yield,8.538579214074003
6471,TG2009A20504,Togo,TG,Maritime,Vo,Vo,Cassava,Main,2010,5,2010,11,All (PS),yield,8.158436391939809
6472,TG2009A20504,Togo,TG,Maritime,Vo,Vo,Cassava,Main,2011,5,2011,11,All (PS),yield,7.1683942375263525
6473,TG2009A20504,Togo,TG,Maritime,Vo,Vo,Cassava,Main,2012,5,2012,11,All (PS),yield,6.781365230686212
6474,TG2009A20504,Togo,TG,Maritime,Vo,Vo,Cassava,Main,2013,5,2013,11,All (PS),yield,2.454356914771044
6475,TG2009A20504,Togo,TG,Maritime,Vo,Vo,Cassava,Main,2014,5,2014,11,All (PS),yield,3.1503575409880638
6476,TG2009A20504,Togo,TG,Maritime,Vo,Vo,Cassava,Main,2015,5,2015,11,All (PS),yield,2.3613055330435424
6477,TG2009A20504,Togo,TG,Maritime,Vo,Vo,Soybean,Main,2015,5,2015,11,All (PS),yield,0.1836734693877551
6478,TG2009A20504,Togo,TG,Maritime,Vo,Vo,Yams,Main,2005,5,2005,11,All (PS),yield,0.9595588235294118
6479,TG2009A20504,Togo,TG,Maritime,Vo,Vo,Beans (mixed),Main,2005,5,2005,11,All (PS),yield,0.13112531473949254
6480,TG2009A20504,Togo,TG,Maritime,Vo,Vo,Beans (mixed),Main,2006,5,2006,11,All (PS),yield,0.0910778369013736
6481,TG2009A20504,Togo,TG,Maritime,Vo,Vo,Beans (mixed),Main,2007,5,2007,11,All (PS),yield,0.19807388242058357
6482,TG2009A20504,Togo,TG,Maritime,Vo,Vo,Beans (mixed),Main,2008,5,2008,11,All (PS),yield,0.1849981058214421
6483,TG2009A20504,Togo,TG,Maritime,Vo,Vo,Beans (mixed),Main,2009,5,2009,11,All (PS),yield,0.19426020408163266
6484,TG2009A20504,Togo,TG,Maritime,Vo,Vo,Beans (mixed),Main,2010,5,2010,11,All (PS),yield,0.21630845862927775
6485,TG2009A20504,Togo,TG,Maritime,Vo,Vo,Beans (mixed),Main,2011,5,2011,11,All (PS),yield,0.2125898298917493
6486,TG2009A20504,Togo,TG,Maritime,Vo,Vo,Beans (mixed),Main,2012,5,2012,11,All (PS),yield,0.17893268224625045
6487,TG2009A20504,Togo,TG,Maritime,Vo,Vo,Beans (mixed),Main,2013,5,2013,11,All (PS),yield,0.8360142984807865
6488,TG2009A20504,Togo,TG,Maritime,Vo,Vo,Beans (mixed),Main,2014,5,2014,11,All (PS),yield,0.8508414340963729
6489,TG2009A20504,Togo,TG,Maritime,Vo,Vo,Beans (mixed),Main,2015,5,2015,11,All (PS),yield,0.8041383219954649
6490,TG2009A20504,Togo,TG,Maritime,Vo,Vo,Groundnuts (In Shell),Main,2005,5,2005,11,All (PS),yield,0.21976866456361724
6491,TG2009A20504,Togo,TG,Maritime,Vo,Vo,Groundnuts (In Shell),Main,2006,5,2006,11,All (PS),yield,0.2934898612593383
6492,TG2009A20504,Togo,TG,Maritime,Vo,Vo,Groundnuts (In Shell),Main,2007,5,2007,11,All (PS),yield,0.3215547703180212
6493,TG2009A20504,Togo,TG,Maritime,Vo,Vo,Groundnuts (In Shell),Main,2008,5,2008,11,All (PS),yield,0.26616915422885573
6494,TG2009A20504,Togo,TG,Maritime,Vo,Vo,Groundnuts (In Shell),Main,2009,5,2009,11,All (PS),yield,0.2646720368239356
6495,TG2009A20504,Togo,TG,Maritime,Vo,Vo,Groundnuts (In Shell),Main,2010,5,2010,11,All (PS),yield,0.3266423357664234
6496,TG2009A20504,Togo,TG,Maritime,Vo,Vo,Groundnuts (In Shell),Main,2011,5,2011,11,All (PS),yield,0.3290909090909091
6497,TG2009A20504,Togo,TG,Maritime,Vo,Vo,Groundnuts (In Shell),Main,2012,5,2012,11,All (PS),yield,0.4096958174904943
6498,TG2009A20504,Togo,TG,Maritime,Vo,Vo,Groundnuts (In Shell),Main,2013,5,2013,11,All (PS),yield,0.5171102661596958
6499,TG2009A20504,Togo,TG,Maritime,Vo,Vo,Groundnuts (In Shell),Main,2014,5,2014,11,All (PS),yield,0.562992125984252
6500,TG2009A20504,Togo,TG,Maritime,Vo,Vo,Groundnuts (In Shell),Main,2015,5,2015,11,All (PS),yield,0.6719367588932806
6501,TG2009A20505,Togo,TG,Maritime,Yoto,Yoto,Sorghum,Main,1997,5,1997,11,All (PS),yield,0.42
6502,TG2009A20505,Togo,TG,Maritime,Yoto,Yoto,Sorghum,Main,1999,5,1999,11,All (PS),yield,0.7464788732394366
6503,TG2009A20505,Togo,TG,Maritime,Yoto,Yoto,Sorghum,Main,2002,5,2002,11,All (PS),yield,0.4230769230769231
6504,TG2009A20505,Togo,TG,Maritime,Yoto,Yoto,Sorghum,Main,2003,5,2003,11,All (PS),yield,0.42162162162162165
6505,TG2009A20505,Togo,TG,Maritime,Yoto,Yoto,Sorghum,Main,2004,5,2004,11,All (PS),yield,0.42028985507246375
6506,TG2009A20505,Togo,TG,Maritime,Yoto,Yoto,Sorghum,Main,2005,5,2005,11,All (PS),yield,1.0
6507,TG2009A20505,Togo,TG,Maritime,Yoto,Yoto,Sorghum,Main,2007,5,2007,11,All (PS),yield,0.70298769771529
6508,TG2009A20505,Togo,TG,Maritime,Yoto,Yoto,Sorghum,Main,2008,5,2008,11,All (PS),yield,0.6439732142857143
6509,TG2009A20505,Togo,TG,Maritime,Yoto,Yoto,Sorghum,Main,2009,5,2009,11,All (PS),yield,0.639261744966443
6510,TG2009A20505,Togo,TG,Maritime,Yoto,Yoto,Sorghum,Main,2010,5,2010,11,All (PS),yield,0.7385786802030457
6511,TG2009A20505,Togo,TG,Maritime,Yoto,Yoto,Sorghum,Main,2011,5,2011,11,All (PS),yield,0.7332185886402753
6512,TG2009A20505,Togo,TG,Maritime,Yoto,Yoto,Sorghum,Main,2012,5,2012,11,All (PS),yield,0.7509578544061303
6513,TG2009A20505,Togo,TG,Maritime,Yoto,Yoto,Sorghum,Main,2015,5,2015,11,All (PS),yield,0.80178716490658
6514,TG2009A20505,Togo,TG,Maritime,Yoto,Yoto,Maize,Main,1995,5,1995,11,All (PS),yield,0.7020790100684037
6515,TG2009A20505,Togo,TG,Maritime,Yoto,Yoto,Maize,Main,1996,5,1996,11,All (PS),yield,0.4052670364193461
6516,TG2009A20505,Togo,TG,Maritime,Yoto,Yoto,Maize,Main,1997,5,1997,11,All (PS),yield,8.399075500770415
6517,TG2009A20505,Togo,TG,Maritime,Yoto,Yoto,Maize,Main,1998,5,1998,11,All (PS),yield,0.8935933983495874
6518,TG2009A20505,Togo,TG,Maritime,Yoto,Yoto,Maize,Main,1999,5,1999,11,All (PS),yield,0.6884228038382698
6519,TG2009A20505,Togo,TG,Maritime,Yoto,Yoto,Maize,Main,2000,5,2000,11,All (PS),yield,0.7823711630526612
6520,TG2009A20505,Togo,TG,Maritime,Yoto,Yoto,Maize,Main,2001,5,2001,11,All (PS),yield,0.9177090962355354
6521,TG2009A20505,Togo,TG,Maritime,Yoto,Yoto,Maize,Main,2002,5,2002,11,All (PS),yield,0.7768970274677035
6522,TG2009A20505,Togo,TG,Maritime,Yoto,Yoto,Maize,Main,2003,5,2003,11,All (PS),yield,0.9730541921266153
6523,TG2009A20505,Togo,TG,Maritime,Yoto,Yoto,Maize,Main,2004,5,2004,11,All (PS),yield,0.9480524142882786
6524,TG2009A20505,Togo,TG,Maritime,Yoto,Yoto,Maize,Main,2005,5,2005,11,All (PS),yield,1.0169146385522383
6525,TG2009A20505,Togo,TG,Maritime,Yoto,Yoto,Maize,Main,2006,5,2006,11,All (PS),yield,0.775431172149473
6526,TG2009A20505,Togo,TG,Maritime,Yoto,Yoto,Maize,Main,2007,5,2007,11,All (PS),yield,0.8670484388678145
6527,TG2009A20505,Togo,TG,Maritime,Yoto,Yoto,Maize,Main,2008,5,2008,11,All (PS),yield,0.7886325355478083
6528,TG2009A20505,Togo,TG,Maritime,Yoto,Yoto,Maize,Main,2009,5,2009,11,All (PS),yield,0.6965624615888885
6529,TG2009A20505,Togo,TG,Maritime,Yoto,Yoto,Maize,Main,2010,5,2010,11,All (PS),yield,0.8761583055644314
6530,TG2009A20505,Togo,TG,Maritime,Yoto,Yoto,Maize,Main,2011,5,2011,11,All (PS),yield,0.7370536274961276
6531,TG2009A20505,Togo,TG,Maritime,Yoto,Yoto,Maize,Main,2012,5,2012,11,All (PS),yield,0.7882905982905983
6532,TG2009A20505,Togo,TG,Maritime,Yoto,Yoto,Maize,Main,2013,5,2013,11,All (PS),yield,0.3892259878644369
6533,TG2009A20505,Togo,TG,Maritime,Yoto,Yoto,Maize,Main,2014,5,2014,11,All (PS),yield,0.909689557855127
6534,TG2009A20505,Togo,TG,Maritime,Yoto,Yoto,Maize,Main,2015,5,2015,11,All (PS),yield,0.9498531840704717
6535,TG2009A20505,Togo,TG,Maritime,Yoto,Yoto,Millet,Main,2005,5,2005,11,All (PS),yield,0.3333333333333333
6536,TG2009A20505,Togo,TG,Maritime,Yoto,Yoto,Cotton,Main,2005,5,2005,11,All (PS),yield,0.5276394339398264
6537,TG2009A20505,Togo,TG,Maritime,Yoto,Yoto,Cotton,Main,2006,5,2006,11,All (PS),yield,0.5580821256038647
6538,TG2009A20505,Togo,TG,Maritime,Yoto,Yoto,Cotton,Main,2007,5,2007,11,All (PS),yield,0.7626185101580135
6539,TG2009A20505,Togo,TG,Maritime,Yoto,Yoto,Cotton,Main,2008,5,2008,11,All (PS),yield,0.29932507987220447
6540,TG2009A20505,Togo,TG,Maritime,Yoto,Yoto,Cotton,Main,2009,5,2009,11,All (PS),yield,0.37094017094017095
6541,TG2009A20505,Togo,TG,Maritime,Yoto,Yoto,Cotton,Main,2010,5,2010,11,All (PS),yield,0.6951086956521739
6542,TG2009A20505,Togo,TG,Maritime,Yoto,Yoto,Cotton,Main,2011,5,2011,11,All (PS),yield,0.8649868421052631
6543,TG2009A20505,Togo,TG,Maritime,Yoto,Yoto,Cotton,Main,2012,5,2012,11,All (PS),yield,0.6795252225519288
6544,TG2009A20505,Togo,TG,Maritime,Yoto,Yoto,Cotton,Main,2013,5,2013,11,All (PS),yield,0.8371859296482412
6545,TG2009A20505,Togo,TG,Maritime,Yoto,Yoto,Cotton,Main,2014,5,2014,11,All (PS),yield,0.780774550484094
6546,TG2009A20505,Togo,TG,Maritime,Yoto,Yoto,Cotton,Main,2015,5,2015,11,All (PS),yield,0.7552083333333334
6547,TG2009A20505,Togo,TG,Maritime,Yoto,Yoto,Rice,Annual,2013,5,2013,11,All (PS),yield,1.749738219895288
6548,TG2009A20505,Togo,TG,Maritime,Yoto,Yoto,Rice,Annual,2014,5,2014,11,All (PS),yield,1.8401869158878505
6549,TG2009A20505,Togo,TG,Maritime,Yoto,Yoto,Rice,Annual,2015,5,2015,11,All (PS),yield,1.924731182795699
6550,TG2009A20505,Togo,TG,Maritime,Yoto,Yoto,Cassava,Main,2005,5,2005,11,All (PS),yield,5.444998550304436
6551,TG2009A20505,Togo,TG,Maritime,Yoto,Yoto,Cassava,Main,2006,5,2006,11,All (PS),yield,5.32122552116235
6552,TG2009A20505,Togo,TG,Maritime,Yoto,Yoto,Cassava,Main,2007,5,2007,11,All (PS),yield,5.859994214636968
6553,TG2009A20505,Togo,TG,Maritime,Yoto,Yoto,Cassava,Main,2008,5,2008,11,All (PS),yield,6.643959107806691
6554,TG2009A20505,Togo,TG,Maritime,Yoto,Yoto,Cassava,Main,2009,5,2009,11,All (PS),yield,8.080997196635963
6555,TG2009A20505,Togo,TG,Maritime,Yoto,Yoto,Cassava,Main,2010,5,2010,11,All (PS),yield,8.673007896625988
6556,TG2009A20505,Togo,TG,Maritime,Yoto,Yoto,Cassava,Main,2011,5,2011,11,All (PS),yield,8.009996695307336
6557,TG2009A20505,Togo,TG,Maritime,Yoto,Yoto,Cassava,Main,2012,5,2012,11,All (PS),yield,8.419780399868895
6558,TG2009A20505,Togo,TG,Maritime,Yoto,Yoto,Cassava,Main,2013,5,2013,11,All (PS),yield,2.6415790444567424
6559,TG2009A20505,Togo,TG,Maritime,Yoto,Yoto,Cassava,Main,2014,5,2014,11,All (PS),yield,3.382531765391197
6560,TG2009A20505,Togo,TG,Maritime,Yoto,Yoto,Cassava,Main,2015,5,2015,11,All (PS),yield,2.541446728200289
6561,TG2009A20505,Togo,TG,Maritime,Yoto,Yoto,Soybean,Main,2015,5,2015,11,All (PS),yield,0.18994413407821228
6562,TG2009A20505,Togo,TG,Maritime,Yoto,Yoto,Yams,Main,2005,5,2005,11,All (PS),yield,7.072033898305085
6563,TG2009A20505,Togo,TG,Maritime,Yoto,Yoto,Yams,Main,2006,5,2006,11,All (PS),yield,3.903047091412742
6564,TG2009A20505,Togo,TG,Maritime,Yoto,Yoto,Yams,Main,2007,5,2007,11,All (PS),yield,7.56020278833967
6565,TG2009A20505,Togo,TG,Maritime,Yoto,Yoto,Yams,Main,2008,5,2008,11,All (PS),yield,7.390243902439025
6566,TG2009A20505,Togo,TG,Maritime,Yoto,Yoto,Yams,Main,2009,5,2009,11,All (PS),yield,7.7254901960784315
6567,TG2009A20505,Togo,TG,Maritime,Yoto,Yoto,Yams,Main,2010,5,2010,11,All (PS),yield,8.38730853391685
6568,TG2009A20505,Togo,TG,Maritime,Yoto,Yoto,Yams,Main,2011,5,2011,11,All (PS),yield,8.31732776617954
6569,TG2009A20505,Togo,TG,Maritime,Yoto,Yoto,Yams,Main,2012,5,2012,11,All (PS),yield,8.24207492795389
6570,TG2009A20505,Togo,TG,Maritime,Yoto,Yoto,Yams,Main,2013,5,2013,11,All (PS),yield,7.9309576837416484
6571,TG2009A20505,Togo,TG,Maritime,Yoto,Yoto,Yams,Main,2014,5,2014,11,All (PS),yield,6.494226327944573
6572,TG2009A20505,Togo,TG,Maritime,Yoto,Yoto,Yams,Main,2015,5,2015,11,All (PS),yield,4.535483870967742
6573,TG2009A20505,Togo,TG,Maritime,Yoto,Yoto,Beans (mixed),Main,2005,5,2005,11,All (PS),yield,0.20031055900621117
6574,TG2009A20505,Togo,TG,Maritime,Yoto,Yoto,Beans (mixed),Main,2006,5,2006,11,All (PS),yield,0.1865348980852378
6575,TG2009A20505,Togo,TG,Maritime,Yoto,Yoto,Beans (mixed),Main,2007,5,2007,11,All (PS),yield,0.2153846153846154
6576,TG2009A20505,Togo,TG,Maritime,Yoto,Yoto,Beans (mixed),Main,2008,5,2008,11,All (PS),yield,0.14903846153846154
6577,TG2009A20505,Togo,TG,Maritime,Yoto,Yoto,Beans (mixed),Main,2009,5,2009,11,All (PS),yield,0.14380825565912117
6578,TG2009A20505,Togo,TG,Maritime,Yoto,Yoto,Beans (mixed),Main,2010,5,2010,11,All (PS),yield,0.1510791366906475
6579,TG2009A20505,Togo,TG,Maritime,Yoto,Yoto,Beans (mixed),Main,2011,5,2011,11,All (PS),yield,0.16613756613756614
6580,TG2009A20505,Togo,TG,Maritime,Yoto,Yoto,Beans (mixed),Main,2012,5,2012,11,All (PS),yield,0.3257918552036199
6581,TG2009A20505,Togo,TG,Maritime,Yoto,Yoto,Beans (mixed),Main,2013,5,2013,11,All (PS),yield,1.8317601332593003
6582,TG2009A20505,Togo,TG,Maritime,Yoto,Yoto,Beans (mixed),Main,2014,5,2014,11,All (PS),yield,0.8060883336266057
6583,TG2009A20505,Togo,TG,Maritime,Yoto,Yoto,Beans (mixed),Main,2015,5,2015,11,All (PS),yield,1.7622820919175912
6584,TG2009A20505,Togo,TG,Maritime,Yoto,Yoto,Groundnuts (In Shell),Main,2005,5,2005,11,All (PS),yield,0.3427230046948357
6585,TG2009A20505,Togo,TG,Maritime,Yoto,Yoto,Groundnuts (In Shell),Main,2006,5,2006,11,All (PS),yield,0.3072
6586,TG2009A20505,Togo,TG,Maritime,Yoto,Yoto,Groundnuts (In Shell),Main,2007,5,2007,11,All (PS),yield,0.3125
6587,TG2009A20505,Togo,TG,Maritime,Yoto,Yoto,Groundnuts (In Shell),Main,2008,5,2008,11,All (PS),yield,0.35714285714285715
6588,TG2009A20505,Togo,TG,Maritime,Yoto,Yoto,Groundnuts (In Shell),Main,2009,5,2009,11,All (PS),yield,0.3431372549019608
6589,TG2009A20505,Togo,TG,Maritime,Yoto,Yoto,Groundnuts (In Shell),Main,2010,5,2010,11,All (PS),yield,0.36
6590,TG2009A20505,Togo,TG,Maritime,Yoto,Yoto,Groundnuts (In Shell),Main,2011,5,2011,11,All (PS),yield,0.36666666666666664
6591,TG2009A20505,Togo,TG,Maritime,Yoto,Yoto,Groundnuts (In Shell),Main,2012,5,2012,11,All (PS),yield,0.4154929577464789
6592,TG2009A20505,Togo,TG,Maritime,Yoto,Yoto,Groundnuts (In Shell),Main,2013,5,2013,11,All (PS),yield,0.6556776556776557
6593,TG2009A20505,Togo,TG,Maritime,Yoto,Yoto,Groundnuts (In Shell),Main,2014,5,2014,11,All (PS),yield,0.848780487804878
6594,TG2009A20505,Togo,TG,Maritime,Yoto,Yoto,Groundnuts (In Shell),Main,2015,5,2015,11,All (PS),yield,0.8517110266159695
6595,TG2009A20506,Togo,TG,Maritime,Avé,Avé,Sorghum,Main,1997,5,1997,11,All (PS),yield,1.2886597938144329
6596,TG2009A20506,Togo,TG,Maritime,Avé,Avé,Sorghum,Main,1998,5,1998,11,All (PS),yield,0.7430167597765364
6597,TG2009A20506,Togo,TG,Maritime,Avé,Avé,Sorghum,Main,2002,5,2002,11,All (PS),yield,1.2880658436213992
6598,TG2009A20506,Togo,TG,Maritime,Avé,Avé,Sorghum,Main,2003,5,2003,11,All (PS),yield,0.8471615720524017
6599,TG2009A20506,Togo,TG,Maritime,Avé,Avé,Sorghum,Main,2004,5,2004,11,All (PS),yield,0.4725536992840096
6600,TG2009A20506,Togo,TG,Maritime,Avé,Avé,Sorghum,Main,2007,5,2007,11,All (PS),yield,0.5682926829268293
6601,TG2009A20506,Togo,TG,Maritime,Avé,Avé,Sorghum,Main,2008,5,2008,11,All (PS),yield,0.638758231420508
6602,TG2009A20506,Togo,TG,Maritime,Avé,Avé,Sorghum,Main,2013,5,2013,11,All (PS),yield,0.06938775510204082
6603,TG2009A20506,Togo,TG,Maritime,Avé,Avé,Sorghum,Main,2014,5,2014,11,All (PS),yield,0.010457948040510789
6604,TG2009A20506,Togo,TG,Maritime,Avé,Avé,Maize,Main,1995,5,1995,11,All (PS),yield,0.5850468127043856
6605,TG2009A20506,Togo,TG,Maritime,Avé,Avé,Maize,Main,1996,5,1996,11,All (PS),yield,0.6427074060247537
6606,TG2009A20506,Togo,TG,Maritime,Avé,Avé,Maize,Main,1997,5,1997,11,All (PS),yield,0.7110772360989294
6607,TG2009A20506,Togo,TG,Maritime,Avé,Avé,Maize,Main,1998,5,1998,11,All (PS),yield,0.8272391474630532
6608,TG2009A20506,Togo,TG,Maritime,Avé,Avé,Maize,Main,1999,5,1999,11,All (PS),yield,0.6784612894696973
6609,TG2009A20506,Togo,TG,Maritime,Avé,Avé,Maize,Main,2000,5,2000,11,All (PS),yield,0.7825989965790812
6610,TG2009A20506,Togo,TG,Maritime,Avé,Avé,Maize,Main,2001,5,2001,11,All (PS),yield,0.8999368818621887
6611,TG2009A20506,Togo,TG,Maritime,Avé,Avé,Maize,Main,2002,5,2002,11,All (PS),yield,0.7666402649210715
6612,TG2009A20506,Togo,TG,Maritime,Avé,Avé,Maize,Main,2003,5,2003,11,All (PS),yield,0.7940243599837495
6613,TG2009A20506,Togo,TG,Maritime,Avé,Avé,Maize,Main,2004,5,2004,11,All (PS),yield,0.6262683635532577
6614,TG2009A20506,Togo,TG,Maritime,Avé,Avé,Maize,Main,2005,5,2005,11,All (PS),yield,0.760242208681183
6615,TG2009A20506,Togo,TG,Maritime,Avé,Avé,Maize,Main,2006,5,2006,11,All (PS),yield,0.6348453089971171
6616,TG2009A20506,Togo,TG,Maritime,Avé,Avé,Maize,Main,2007,5,2007,11,All (PS),yield,0.7599023190087034
6617,TG2009A20506,Togo,TG,Maritime,Avé,Avé,Maize,Main,2008,5,2008,11,All (PS),yield,0.9140693930044896
6618,TG2009A20506,Togo,TG,Maritime,Avé,Avé,Maize,Main,2009,5,2009,11,All (PS),yield,0.8600661849125414
6619,TG2009A20506,Togo,TG,Maritime,Avé,Avé,Maize,Main,2010,5,2010,11,All (PS),yield,0.7940047185085812
6620,TG2009A20506,Togo,TG,Maritime,Avé,Avé,Maize,Main,2011,5,2011,11,All (PS),yield,0.662071517786927
6621,TG2009A20506,Togo,TG,Maritime,Avé,Avé,Maize,Main,2012,5,2012,11,All (PS),yield,0.7624697336561743
6622,TG2009A20506,Togo,TG,Maritime,Avé,Avé,Maize,Main,2013,5,2013,11,All (PS),yield,0.31584335807524955
6623,TG2009A20506,Togo,TG,Maritime,Avé,Avé,Maize,Main,2014,5,2014,11,All (PS),yield,0.8413471190523991
6624,TG2009A20506,Togo,TG,Maritime,Avé,Avé,Maize,Main,2015,5,2015,11,All (PS),yield,0.7707426550598476
6625,TG2009A20506,Togo,TG,Maritime,Avé,Avé,Cotton,Main,2005,5,2005,11,All (PS),yield,0.887451650794823
6626,TG2009A20506,Togo,TG,Maritime,Avé,Avé,Cotton,Main,2006,5,2006,11,All (PS),yield,0.614401160988347
6627,TG2009A20506,Togo,TG,Maritime,Avé,Avé,Cotton,Main,2007,5,2007,11,All (PS),yield,1.0415947213061076
6628,TG2009A20506,Togo,TG,Maritime,Avé,Avé,Cotton,Main,2008,5,2008,11,All (PS),yield,0.6724911015623795
6629,TG2009A20506,Togo,TG,Maritime,Avé,Avé,Cotton,Main,2009,5,2009,11,All (PS),yield,0.2975555555555556
6630,TG2009A20506,Togo,TG,Maritime,Avé,Avé,Cotton,Main,2010,5,2010,11,All (PS),yield,0.8326829268292683
6631,TG2009A20506,Togo,TG,Maritime,Avé,Avé,Cotton,Main,2012,5,2012,11,All (PS),yield,0.6666666666666666
6632,TG2009A20506,Togo,TG,Maritime,Avé,Avé,Cotton,Main,2013,5,2013,11,All (PS),yield,0.5602094240837696
6633,TG2009A20506,Togo,TG,Maritime,Avé,Avé,Cotton,Main,2014,5,2014,11,All (PS),yield,0.4818181818181818
6634,TG2009A20506,Togo,TG,Maritime,Avé,Avé,Cotton,Main,2015,5,2015,11,All (PS),yield,0.875
6635,TG2009A20506,Togo,TG,Maritime,Avé,Avé,Rice,Annual,2005,5,2005,11,All (PS),yield,1.7662259615384615
6636,TG2009A20506,Togo,TG,Maritime,Avé,Avé,Rice,Annual,2006,5,2006,11,All (PS),yield,2.6091205211726383
6637,TG2009A20506,Togo,TG,Maritime,Avé,Avé,Rice,Annual,2007,5,2007,11,All (PS),yield,2.61010101010101
6638,TG2009A20506,Togo,TG,Maritime,Avé,Avé,Rice,Annual,2008,5,2008,11,All (PS),yield,2.4565217391304346
6639,TG2009A20506,Togo,TG,Maritime,Avé,Avé,Rice,Annual,2013,5,2013,11,All (PS),yield,2.71622539035981
6640,TG2009A20506,Togo,TG,Maritime,Avé,Avé,Rice,Annual,2014,5,2014,11,All (PS),yield,1.7514858841010401
6641,TG2009A20506,Togo,TG,Maritime,Avé,Avé,Rice,Annual,2015,5,2015,11,All (PS),yield,2.987959442332066
6642,TG2009A20506,Togo,TG,Maritime,Avé,Avé,Cassava,Main,2005,5,2005,11,All (PS),yield,2.9911697109950373
6643,TG2009A20506,Togo,TG,Maritime,Avé,Avé,Cassava,Main,2006,5,2006,11,All (PS),yield,3.1109474137147353
6644,TG2009A20506,Togo,TG,Maritime,Avé,Avé,Cassava,Main,2007,5,2007,11,All (PS),yield,3.7717854170177016
6645,TG2009A20506,Togo,TG,Maritime,Avé,Avé,Cassava,Main,2008,5,2008,11,All (PS),yield,5.274848913142424
6646,TG2009A20506,Togo,TG,Maritime,Avé,Avé,Cassava,Main,2009,5,2009,11,All (PS),yield,4.307157057654075
6647,TG2009A20506,Togo,TG,Maritime,Avé,Avé,Cassava,Main,2010,5,2010,11,All (PS),yield,4.916138269584782
6648,TG2009A20506,Togo,TG,Maritime,Avé,Avé,Cassava,Main,2011,5,2011,11,All (PS),yield,4.916093535075653
6649,TG2009A20506,Togo,TG,Maritime,Avé,Avé,Cassava,Main,2012,5,2012,11,All (PS),yield,4.807352073913898
6650,TG2009A20506,Togo,TG,Maritime,Avé,Avé,Cassava,Main,2013,5,2013,11,All (PS),yield,3.9317759181775918
6651,TG2009A20506,Togo,TG,Maritime,Avé,Avé,Cassava,Main,2014,5,2014,11,All (PS),yield,3.6776032429693437
6652,TG2009A20506,Togo,TG,Maritime,Avé,Avé,Cassava,Main,2015,5,2015,11,All (PS),yield,3.7831685744016648
6653,TG2009A20506,Togo,TG,Maritime,Avé,Avé,Soybean,Main,2015,5,2015,11,All (PS),yield,0.425
6654,TG2009A20506,Togo,TG,Maritime,Avé,Avé,Yams,Main,2005,5,2005,11,All (PS),yield,8.5948867400628
6655,TG2009A20506,Togo,TG,Maritime,Avé,Avé,Yams,Main,2006,5,2006,11,All (PS),yield,7.828896104487204
6656,TG2009A20506,Togo,TG,Maritime,Avé,Avé,Yams,Main,2007,5,2007,11,All (PS),yield,10.023199200403823
6657,TG2009A20506,Togo,TG,Maritime,Avé,Avé,Yams,Main,2008,5,2008,11,All (PS),yield,7.811160972867434
6658,TG2009A20506,Togo,TG,Maritime,Avé,Avé,Yams,Main,2009,5,2009,11,All (PS),yield,8.283812193412754
6659,TG2009A20506,Togo,TG,Maritime,Avé,Avé,Yams,Main,2010,5,2010,11,All (PS),yield,7.777925531914893
6660,TG2009A20506,Togo,TG,Maritime,Avé,Avé,Yams,Main,2011,5,2011,11,All (PS),yield,7.777925531914893
6661,TG2009A20506,Togo,TG,Maritime,Avé,Avé,Yams,Main,2012,5,2012,11,All (PS),yield,8.398876404494382
6662,TG2009A20506,Togo,TG,Maritime,Avé,Avé,Yams,Main,2013,5,2013,11,All (PS),yield,6.237704918032787
6663,TG2009A20506,Togo,TG,Maritime,Avé,Avé,Yams,Main,2014,5,2014,11,All (PS),yield,4.894321766561514
6664,TG2009A20506,Togo,TG,Maritime,Avé,Avé,Yams,Main,2015,5,2015,11,All (PS),yield,3.570579494799406
6665,TG2009A20506,Togo,TG,Maritime,Avé,Avé,Beans (mixed),Main,2005,5,2005,11,All (PS),yield,0.16329913734291418
6666,TG2009A20506,Togo,TG,Maritime,Avé,Avé,Beans (mixed),Main,2006,5,2006,11,All (PS),yield,0.16089270155275986
6667,TG2009A20506,Togo,TG,Maritime,Avé,Avé,Beans (mixed),Main,2007,5,2007,11,All (PS),yield,0.2922221488438601
6668,TG2009A20506,Togo,TG,Maritime,Avé,Avé,Beans (mixed),Main,2008,5,2008,11,All (PS),yield,0.1502040304722644
6669,TG2009A20506,Togo,TG,Maritime,Avé,Avé,Beans (mixed),Main,2009,5,2009,11,All (PS),yield,0.15584415584415584
6670,TG2009A20506,Togo,TG,Maritime,Avé,Avé,Beans (mixed),Main,2010,5,2010,11,All (PS),yield,0.21052631578947367
6671,TG2009A20506,Togo,TG,Maritime,Avé,Avé,Beans (mixed),Main,2011,5,2011,11,All (PS),yield,0.2938388625592417
6672,TG2009A20506,Togo,TG,Maritime,Avé,Avé,Beans (mixed),Main,2012,5,2012,11,All (PS),yield,0.7062937062937062
6673,TG2009A20506,Togo,TG,Maritime,Avé,Avé,Beans (mixed),Main,2013,5,2013,11,All (PS),yield,0.8140417457305503
6674,TG2009A20506,Togo,TG,Maritime,Avé,Avé,Beans (mixed),Main,2014,5,2014,11,All (PS),yield,0.7111913357400722
6675,TG2009A20506,Togo,TG,Maritime,Avé,Avé,Beans (mixed),Main,2015,5,2015,11,All (PS),yield,0.7833935018050542
6676,TG2009A20506,Togo,TG,Maritime,Avé,Avé,Groundnuts (In Shell),Main,2005,5,2005,11,All (PS),yield,0.35879880892770283
6677,TG2009A20506,Togo,TG,Maritime,Avé,Avé,Groundnuts (In Shell),Main,2006,5,2006,11,All (PS),yield,0.6389305390473834
6678,TG2009A20506,Togo,TG,Maritime,Avé,Avé,Groundnuts (In Shell),Main,2007,5,2007,11,All (PS),yield,0.31067622913724396
6679,TG2009A20506,Togo,TG,Maritime,Avé,Avé,Groundnuts (In Shell),Main,2008,5,2008,11,All (PS),yield,0.37630945048342074
6680,TG2009A20506,Togo,TG,Maritime,Avé,Avé,Groundnuts (In Shell),Main,2009,5,2009,11,All (PS),yield,0.38161106590724164
6681,TG2009A20506,Togo,TG,Maritime,Avé,Avé,Groundnuts (In Shell),Main,2010,5,2010,11,All (PS),yield,0.40942028985507245
6682,TG2009A20506,Togo,TG,Maritime,Avé,Avé,Groundnuts (In Shell),Main,2011,5,2011,11,All (PS),yield,0.39781906300484654
6683,TG2009A20506,Togo,TG,Maritime,Avé,Avé,Groundnuts (In Shell),Main,2012,5,2012,11,All (PS),yield,0.4995049504950495
6684,TG2009A20506,Togo,TG,Maritime,Avé,Avé,Groundnuts (In Shell),Main,2013,5,2013,11,All (PS),yield,0.7088103534096566
6685,TG2009A20506,Togo,TG,Maritime,Avé,Avé,Groundnuts (In Shell),Main,2014,5,2014,11,All (PS),yield,0.8651972157772622
6686,TG2009A20506,Togo,TG,Maritime,Avé,Avé,Groundnuts (In Shell),Main,2015,5,2015,11,All (PS),yield,0.9201756652027899
6687,TG2009A20507,Togo,TG,Maritime,Bas-Mono,Bas-Mono,Maize,Main,1995,5,1995,11,All (PS),yield,0.5248062015503876
6688,TG2009A20507,Togo,TG,Maritime,Bas-Mono,Bas-Mono,Maize,Main,1996,5,1996,11,All (PS),yield,0.6620206974935695
6689,TG2009A20507,Togo,TG,Maritime,Bas-Mono,Bas-Mono,Maize,Main,1997,5,1997,11,All (PS),yield,0.6845712266487772
6690,TG2009A20507,Togo,TG,Maritime,Bas-Mono,Bas-Mono,Maize,Main,1998,5,1998,11,All (PS),yield,0.7870112749456629
6691,TG2009A20507,Togo,TG,Maritime,Bas-Mono,Bas-Mono,Maize,Main,1999,5,1999,11,All (PS),yield,0.621057787608249
6692,TG2009A20507,Togo,TG,Maritime,Bas-Mono,Bas-Mono,Maize,Main,2000,5,2000,11,All (PS),yield,0.9681271863676182
6693,TG2009A20507,Togo,TG,Maritime,Bas-Mono,Bas-Mono,Maize,Main,2001,5,2001,11,All (PS),yield,0.7784590060561125
6694,TG2009A20507,Togo,TG,Maritime,Bas-Mono,Bas-Mono,Maize,Main,2002,5,2002,11,All (PS),yield,0.9611449739348233
6695,TG2009A20507,Togo,TG,Maritime,Bas-Mono,Bas-Mono,Maize,Main,2003,5,2003,11,All (PS),yield,1.056735420514296
6696,TG2009A20507,Togo,TG,Maritime,Bas-Mono,Bas-Mono,Maize,Main,2004,5,2004,11,All (PS),yield,1.0661077874309082
6697,TG2009A20507,Togo,TG,Maritime,Bas-Mono,Bas-Mono,Maize,Main,2005,5,2005,11,All (PS),yield,0.8970978498622676
6698,TG2009A20507,Togo,TG,Maritime,Bas-Mono,Bas-Mono,Maize,Main,2006,5,2006,11,All (PS),yield,0.9949692898546225
6699,TG2009A20507,Togo,TG,Maritime,Bas-Mono,Bas-Mono,Maize,Main,2007,5,2007,11,All (PS),yield,0.5956419929924707
6700,TG2009A20507,Togo,TG,Maritime,Bas-Mono,Bas-Mono,Maize,Main,2008,5,2008,11,All (PS),yield,0.5135902974454138
6701,TG2009A20507,Togo,TG,Maritime,Bas-Mono,Bas-Mono,Maize,Main,2009,5,2009,11,All (PS),yield,0.6366774045098942
6702,TG2009A20507,Togo,TG,Maritime,Bas-Mono,Bas-Mono,Maize,Main,2010,5,2010,11,All (PS),yield,0.7055261165783497
6703,TG2009A20507,Togo,TG,Maritime,Bas-Mono,Bas-Mono,Maize,Main,2011,5,2011,11,All (PS),yield,1.1020408163265305
6704,TG2009A20507,Togo,TG,Maritime,Bas-Mono,Bas-Mono,Maize,Main,2012,5,2012,11,All (PS),yield,1.0009987515605494
6705,TG2009A20507,Togo,TG,Maritime,Bas-Mono,Bas-Mono,Maize,Main,2013,5,2013,11,All (PS),yield,0.3483873023967364
6706,TG2009A20507,Togo,TG,Maritime,Bas-Mono,Bas-Mono,Maize,Main,2014,5,2014,11,All (PS),yield,1.006492254290673
6707,TG2009A20507,Togo,TG,Maritime,Bas-Mono,Bas-Mono,Maize,Main,2015,5,2015,11,All (PS),yield,0.8501897083234526
6708,TG2009A20507,Togo,TG,Maritime,Bas-Mono,Bas-Mono,Cotton,Main,2005,5,2005,11,All (PS),yield,0.21555555555555556
6709,TG2009A20507,Togo,TG,Maritime,Bas-Mono,Bas-Mono,Cotton,Main,2006,5,2006,11,All (PS),yield,0.11
6710,TG2009A20507,Togo,TG,Maritime,Bas-Mono,Bas-Mono,Rice,Annual,2005,5,2005,11,All (PS),yield,1.92
6711,TG2009A20507,Togo,TG,Maritime,Bas-Mono,Bas-Mono,Rice,Annual,2009,5,2009,11,All (PS),yield,2.638888888888889
6712,TG2009A20507,Togo,TG,Maritime,Bas-Mono,Bas-Mono,Rice,Annual,2010,5,2010,11,All (PS),yield,2.2426470588235294
6713,TG2009A20507,Togo,TG,Maritime,Bas-Mono,Bas-Mono,Rice,Annual,2011,5,2011,11,All (PS),yield,1.6967213114754098
6714,TG2009A20507,Togo,TG,Maritime,Bas-Mono,Bas-Mono,Rice,Annual,2012,5,2012,11,All (PS),yield,1.790625
6715,TG2009A20507,Togo,TG,Maritime,Bas-Mono,Bas-Mono,Rice,Annual,2013,5,2013,11,All (PS),yield,1.8821090047393365
6716,TG2009A20507,Togo,TG,Maritime,Bas-Mono,Bas-Mono,Rice,Annual,2014,5,2014,11,All (PS),yield,1.380052151238592
6717,TG2009A20507,Togo,TG,Maritime,Bas-Mono,Bas-Mono,Rice,Annual,2015,5,2015,11,All (PS),yield,2.0719424460431655
6718,TG2009A20507,Togo,TG,Maritime,Bas-Mono,Bas-Mono,Cassava,Main,2005,5,2005,11,All (PS),yield,4.573929874554655
6719,TG2009A20507,Togo,TG,Maritime,Bas-Mono,Bas-Mono,Cassava,Main,2006,5,2006,11,All (PS),yield,5.467575805299871
6720,TG2009A20507,Togo,TG,Maritime,Bas-Mono,Bas-Mono,Cassava,Main,2007,5,2007,11,All (PS),yield,5.7260791113900495
6721,TG2009A20507,Togo,TG,Maritime,Bas-Mono,Bas-Mono,Cassava,Main,2008,5,2008,11,All (PS),yield,5.430753043617386
6722,TG2009A20507,Togo,TG,Maritime,Bas-Mono,Bas-Mono,Cassava,Main,2009,5,2009,11,All (PS),yield,4.884279475982533
6723,TG2009A20507,Togo,TG,Maritime,Bas-Mono,Bas-Mono,Cassava,Main,2010,5,2010,11,All (PS),yield,5.06070826306914
6724,TG2009A20507,Togo,TG,Maritime,Bas-Mono,Bas-Mono,Cassava,Main,2011,5,2011,11,All (PS),yield,5.059021922428331
6725,TG2009A20507,Togo,TG,Maritime,Bas-Mono,Bas-Mono,Cassava,Main,2012,5,2012,11,All (PS),yield,5.10126582278481
6726,TG2009A20507,Togo,TG,Maritime,Bas-Mono,Bas-Mono,Cassava,Main,2013,5,2013,11,All (PS),yield,2.611717974180735
6727,TG2009A20507,Togo,TG,Maritime,Bas-Mono,Bas-Mono,Cassava,Main,2014,5,2014,11,All (PS),yield,3.164807585052984
6728,TG2009A20507,Togo,TG,Maritime,Bas-Mono,Bas-Mono,Cassava,Main,2015,5,2015,11,All (PS),yield,2.5122222222222224
6729,TG2009A20507,Togo,TG,Maritime,Bas-Mono,Bas-Mono,Soybean,Main,2015,5,2015,11,All (PS),yield,0.16666666666666666
6730,TG2009A20507,Togo,TG,Maritime,Bas-Mono,Bas-Mono,Yams,Main,2007,5,2007,11,All (PS),yield,3.8055555555555554
6731,TG2009A20507,Togo,TG,Maritime,Bas-Mono,Bas-Mono,Yams,Main,2008,5,2008,11,All (PS),yield,2.8055555555555554
6732,TG2009A20507,Togo,TG,Maritime,Bas-Mono,Bas-Mono,Beans (mixed),Main,2005,5,2005,11,All (PS),yield,0.054058244148696505
6733,TG2009A20507,Togo,TG,Maritime,Bas-Mono,Bas-Mono,Beans (mixed),Main,2006,5,2006,11,All (PS),yield,0.31735830331734893
6734,TG2009A20507,Togo,TG,Maritime,Bas-Mono,Bas-Mono,Beans (mixed),Main,2007,5,2007,11,All (PS),yield,0.28822132339906026
6735,TG2009A20507,Togo,TG,Maritime,Bas-Mono,Bas-Mono,Beans (mixed),Main,2008,5,2008,11,All (PS),yield,0.1980634068017313
6736,TG2009A20507,Togo,TG,Maritime,Bas-Mono,Bas-Mono,Beans (mixed),Main,2009,5,2009,11,All (PS),yield,0.1310483870967742
6737,TG2009A20507,Togo,TG,Maritime,Bas-Mono,Bas-Mono,Beans (mixed),Main,2010,5,2010,11,All (PS),yield,0.1347068145800317
6738,TG2009A20507,Togo,TG,Maritime,Bas-Mono,Bas-Mono,Beans (mixed),Main,2011,5,2011,11,All (PS),yield,0.20350877192982456
6739,TG2009A20507,Togo,TG,Maritime,Bas-Mono,Bas-Mono,Beans (mixed),Main,2012,5,2012,11,All (PS),yield,0.20722433460076045
6740,TG2009A20507,Togo,TG,Maritime,Bas-Mono,Bas-Mono,Beans (mixed),Main,2013,5,2013,11,All (PS),yield,0.8375527426160337
6741,TG2009A20507,Togo,TG,Maritime,Bas-Mono,Bas-Mono,Beans (mixed),Main,2014,5,2014,11,All (PS),yield,0.826363155108523
6742,TG2009A20507,Togo,TG,Maritime,Bas-Mono,Bas-Mono,Beans (mixed),Main,2015,5,2015,11,All (PS),yield,0.8052208835341366
6743,TG2009A20507,Togo,TG,Maritime,Bas-Mono,Bas-Mono,Groundnuts (In Shell),Main,2005,5,2005,11,All (PS),yield,0.2898241556680889
6744,TG2009A20507,Togo,TG,Maritime,Bas-Mono,Bas-Mono,Groundnuts (In Shell),Main,2006,5,2006,11,All (PS),yield,0.5417943658423947
6745,TG2009A20507,Togo,TG,Maritime,Bas-Mono,Bas-Mono,Groundnuts (In Shell),Main,2007,5,2007,11,All (PS),yield,0.30943707409018417
6746,TG2009A20507,Togo,TG,Maritime,Bas-Mono,Bas-Mono,Groundnuts (In Shell),Main,2008,5,2008,11,All (PS),yield,0.3479587747989526
6747,TG2009A20507,Togo,TG,Maritime,Bas-Mono,Bas-Mono,Groundnuts (In Shell),Main,2009,5,2009,11,All (PS),yield,0.31958762886597936
6748,TG2009A20507,Togo,TG,Maritime,Bas-Mono,Bas-Mono,Groundnuts (In Shell),Main,2010,5,2010,11,All (PS),yield,0.352112676056338
6749,TG2009A20507,Togo,TG,Maritime,Bas-Mono,Bas-Mono,Groundnuts (In Shell),Main,2011,5,2011,11,All (PS),yield,0.36619718309859156
6750,TG2009A20507,Togo,TG,Maritime,Bas-Mono,Bas-Mono,Groundnuts (In Shell),Main,2012,5,2012,11,All (PS),yield,0.574468085106383
6751,TG2009A20507,Togo,TG,Maritime,Bas-Mono,Bas-Mono,Groundnuts (In Shell),Main,2013,5,2013,11,All (PS),yield,0.5882352941176471
6752,TG2009A20507,Togo,TG,Maritime,Bas-Mono,Bas-Mono,Groundnuts (In Shell),Main,2014,5,2014,11,All (PS),yield,0.6711409395973155
6753,TG2009A20507,Togo,TG,Maritime,Bas-Mono,Bas-Mono,Groundnuts (In Shell),Main,2015,5,2015,11,All (PS),yield,0.7575757575757576
