,fnid,country,country_code,admin_1,admin_2,name,product,season_name,planting_year,planting_month,harvest_year,harvest_month,crop_production_system,indicator,value
0,SS2011A111,South Sudan,SS,Upper Nile,none,Upper Nile,Sorghum,Annual,1997,6,1998,5,irrigated,area,1680.0
1,SS2011A111,South Sudan,SS,Upper Nile,none,Upper Nile,Sorghum,Annual,1998,6,1999,5,irrigated,area,420.0
2,SS2011A111,South Sudan,SS,Upper Nile,none,Upper Nile,Sorghum,Annual,2000,6,2001,5,irrigated,area,4200.0
3,SS2011A111,South Sudan,SS,Upper Nile,none,Upper Nile,Sorghum,Annual,2001,6,2002,5,irrigated,area,8820.0
4,SS2011A111,South Sudan,SS,Upper Nile,none,Upper Nile,Sorghum,Annual,2002,6,2003,5,irrigated,area,8400.0
5,SS2011A111,South Sudan,SS,Upper Nile,none,Upper Nile,Sorghum,Annual,2003,6,2004,5,irrigated,area,6300.0
6,SS2011A111,South Sudan,SS,Upper Nile,none,Upper Nile,Sorghum,Annual,2004,6,2005,5,irrigated,area,3360.0
7,SS2011A111,South Sudan,SS,Upper Nile,none,Upper Nile,Sorghum,Annual,2005,6,2006,5,irrigated,area,840.0
8,SS2011A111,South Sudan,SS,Upper Nile,none,Upper Nile,Sorghum,Annual,2007,6,2008,5,irrigated,area,1680.0
9,SS2011A111,South Sudan,SS,Upper Nile,none,Upper Nile,Sorghum,Annual,2008,6,2009,5,irrigated,area,1680.0
10,SS2011A111,South Sudan,SS,Upper Nile,none,Upper Nile,Sorghum,Annual,2009,6,2010,5,irrigated,area,1680.0
11,SS2011A111,South Sudan,SS,Upper Nile,none,Upper Nile,Sorghum,Main,2006,4,2006,12,traditional_rainfed,area,42000.0
12,SS2011A111,South Sudan,SS,Upper Nile,none,Upper Nile,Sorghum,Main,2007,4,2007,12,traditional_rainfed,area,42000.0
13,SS2011A111,South Sudan,SS,Upper Nile,none,Upper Nile,Sorghum,Main,2008,4,2008,12,traditional_rainfed,area,6300.0
14,SS2011A111,South Sudan,SS,Upper Nile,none,Upper Nile,Sorghum,Main,1990,4,1990,12,mechanized_rainfed,area,165060.0
15,SS2011A111,South Sudan,SS,Upper Nile,none,Upper Nile,Sorghum,Main,1991,4,1991,12,mechanized_rainfed,area,294000.0
16,SS2011A111,South Sudan,SS,Upper Nile,none,Upper Nile,Sorghum,Main,1992,4,1992,12,mechanized_rainfed,area,189840.0
17,SS2011A111,South Sudan,SS,Upper Nile,none,Upper Nile,Sorghum,Main,1993,4,1993,12,mechanized_rainfed,area,178920.0
18,SS2011A111,South Sudan,SS,Upper Nile,none,Upper Nile,Sorghum,Main,1994,4,1994,12,mechanized_rainfed,area,369600.0
19,SS2011A111,South Sudan,SS,Upper Nile,none,Upper Nile,Sorghum,Main,1995,4,1995,12,mechanized_rainfed,area,141540.0
20,SS2011A111,South Sudan,SS,Upper Nile,none,Upper Nile,Sorghum,Main,1996,4,1996,12,mechanized_rainfed,area,281400.0
21,SS2011A111,South Sudan,SS,Upper Nile,none,Upper Nile,Sorghum,Main,1997,4,1997,12,mechanized_rainfed,area,206640.0
22,SS2011A111,South Sudan,SS,Upper Nile,none,Upper Nile,Sorghum,Main,1998,4,1998,12,mechanized_rainfed,area,292320.0
23,SS2011A111,South Sudan,SS,Upper Nile,none,Upper Nile,Sorghum,Main,1999,4,1999,12,mechanized_rainfed,area,63000.0
24,SS2011A111,South Sudan,SS,Upper Nile,none,Upper Nile,Sorghum,Main,2000,4,2000,12,mechanized_rainfed,area,134400.0
25,SS2011A111,South Sudan,SS,Upper Nile,none,Upper Nile,Sorghum,Main,2001,4,2001,12,mechanized_rainfed,area,126000.0
26,SS2011A111,South Sudan,SS,Upper Nile,none,Upper Nile,Sorghum,Main,2002,4,2002,12,mechanized_rainfed,area,217140.0
27,SS2011A111,South Sudan,SS,Upper Nile,none,Upper Nile,Sorghum,Main,2003,4,2003,12,mechanized_rainfed,area,231000.0
28,SS2011A111,South Sudan,SS,Upper Nile,none,Upper Nile,Sorghum,Main,2004,4,2004,12,mechanized_rainfed,area,86940.0
29,SS2011A111,South Sudan,SS,Upper Nile,none,Upper Nile,Sorghum,Main,2005,4,2005,12,mechanized_rainfed,area,296520.0
30,SS2011A111,South Sudan,SS,Upper Nile,none,Upper Nile,Sorghum,Main,2006,4,2006,12,mechanized_rainfed,area,186900.0
31,SS2011A111,South Sudan,SS,Upper Nile,none,Upper Nile,Sorghum,Main,2007,4,2007,12,mechanized_rainfed,area,112140.0
32,SS2011A111,South Sudan,SS,Upper Nile,none,Upper Nile,Sorghum,Main,2008,4,2008,12,mechanized_rainfed,area,95760.0
33,SS2011A111,South Sudan,SS,Upper Nile,none,Upper Nile,Millet,Main,1990,4,1990,12,mechanized_rainfed,area,1680.0
34,SS2011A111,South Sudan,SS,Upper Nile,none,Upper Nile,Millet,Main,1991,4,1991,12,mechanized_rainfed,area,3360.0
35,SS2011A111,South Sudan,SS,Upper Nile,none,Upper Nile,Millet,Main,1992,4,1992,12,mechanized_rainfed,area,4200.0
36,SS2011A111,South Sudan,SS,Upper Nile,none,Upper Nile,Millet,Main,1993,4,1993,12,mechanized_rainfed,area,1680.0
37,SS2011A111,South Sudan,SS,Upper Nile,none,Upper Nile,Millet,Main,1994,4,1994,12,mechanized_rainfed,area,1260.0
38,SS2011A111,South Sudan,SS,Upper Nile,none,Upper Nile,Millet,Main,1995,4,1995,12,mechanized_rainfed,area,2100.0
39,SS2011A111,South Sudan,SS,Upper Nile,none,Upper Nile,Millet,Main,1996,4,1996,12,mechanized_rainfed,area,1260.0
40,SS2011A111,South Sudan,SS,Upper Nile,none,Upper Nile,Millet,Main,1997,4,1997,12,mechanized_rainfed,area,3780.0
41,SS2011A111,South Sudan,SS,Upper Nile,none,Upper Nile,Millet,Main,1998,4,1998,12,mechanized_rainfed,area,4200.0
42,SS2011A111,South Sudan,SS,Upper Nile,none,Upper Nile,Millet,Main,2005,4,2005,12,mechanized_rainfed,area,75600.0
43,SS2011A111,South Sudan,SS,Upper Nile,none,Upper Nile,Millet,Main,2006,4,2006,12,mechanized_rainfed,area,52080.0
44,SS2011A111,South Sudan,SS,Upper Nile,none,Upper Nile,Millet,Main,2007,4,2007,12,mechanized_rainfed,area,9240.0
45,SS2011A111,South Sudan,SS,Upper Nile,none,Upper Nile,Millet,Main,2008,4,2008,12,mechanized_rainfed,area,20160.0
46,SS2011A111,South Sudan,SS,Upper Nile,none,Upper Nile,Millet,Main,2009,4,2009,12,mechanized_rainfed,area,20160.0
47,SS2011A111,South Sudan,SS,Upper Nile,none,Upper Nile,Cotton (Acala),Annual,1996,6,1997,5,irrigated,area,2100.0
48,SS2011A111,South Sudan,SS,Upper Nile,none,Upper Nile,Cotton (Acala),Annual,2000,6,2001,5,irrigated,area,2100.0
49,SS2011A111,South Sudan,SS,Upper Nile,none,Upper Nile,Cotton (Acala),Annual,2001,6,2002,5,irrigated,area,3780.0
50,SS2011A111,South Sudan,SS,Upper Nile,none,Upper Nile,Cotton (Acala),Annual,2002,6,2003,5,irrigated,area,2940.0
51,SS2011A111,South Sudan,SS,Upper Nile,none,Upper Nile,Cotton (Acala),Annual,2004,6,2005,5,irrigated,area,420.0
52,SS2011A111,South Sudan,SS,Upper Nile,none,Upper Nile,Cotton (Acala),Annual,2005,6,2006,5,irrigated,area,2100.0
53,SS2011A111,South Sudan,SS,Upper Nile,none,Upper Nile,Cotton (Acala),Annual,2006,6,2007,5,irrigated,area,2100.0
54,SS2011A111,South Sudan,SS,Upper Nile,none,Upper Nile,Cotton (Acala),Annual,2007,6,2008,5,irrigated,area,1260.0
55,SS2011A111,South Sudan,SS,Upper Nile,none,Upper Nile,Cotton (Acala),Annual,2008,6,2009,5,irrigated,area,1260.0
56,SS2011A111,South Sudan,SS,Upper Nile,none,Upper Nile,Cotton (Acala),Annual,2009,6,2010,5,irrigated,area,1260.0
57,SS2011A111,South Sudan,SS,Upper Nile,none,Upper Nile,Cereal Crops,Main,2013,4,2013,12,All (PS),area,80405.0
58,SS2011A111,South Sudan,SS,Upper Nile,none,Upper Nile,Cereal Crops,Main,2014,4,2014,12,All (PS),area,36039.0
59,SS2011A111,South Sudan,SS,Upper Nile,none,Upper Nile,Cereal Crops,Main,2015,4,2015,12,All (PS),area,44666.0
60,SS2011A111,South Sudan,SS,Upper Nile,none,Upper Nile,Cereal Crops,Main,2017,4,2017,12,All (PS),area,53312.0
61,SS2011A111,South Sudan,SS,Upper Nile,none,Upper Nile,Cereal Crops,Main,2018,4,2018,12,All (PS),area,51589.0
62,SS2011A111,South Sudan,SS,Upper Nile,none,Upper Nile,Cereal Crops,Main,2019,4,2019,12,All (PS),area,44632.0
63,SS2011A111,South Sudan,SS,Upper Nile,none,Upper Nile,Cereal Crops,Main,2020,4,2020,12,All (PS),area,44709.0
64,SS2011A111,South Sudan,SS,Upper Nile,none,Upper Nile,Cereal Crops,Main,2021,4,2021,12,All (PS),area,42913.0
65,SS2011A111,South Sudan,SS,Upper Nile,none,Upper Nile,Cereal Crops,Main,2022,4,2022,12,All (PS),area,48454.0
66,SS2011A112,South Sudan,SS,Jonglei,none,Jonglei,Cereal Crops,Main,2013,4,2013,12,All (PS),area,104990.0
67,SS2011A112,South Sudan,SS,Jonglei,none,Jonglei,Cereal Crops,Main,2014,4,2014,12,All (PS),area,31267.0
68,SS2011A112,South Sudan,SS,Jonglei,none,Jonglei,Cereal Crops,Main,2015,4,2015,12,All (PS),area,46499.0
69,SS2011A112,South Sudan,SS,Jonglei,none,Jonglei,Cereal Crops,Main,2017,4,2017,12,All (PS),area,54399.0
70,SS2011A112,South Sudan,SS,Jonglei,none,Jonglei,Cereal Crops,Main,2018,4,2018,12,All (PS),area,56539.0
71,SS2011A112,South Sudan,SS,Jonglei,none,Jonglei,Cereal Crops,Main,2019,4,2019,12,All (PS),area,59507.0
72,SS2011A112,South Sudan,SS,Jonglei,none,Jonglei,Cereal Crops,Main,2020,4,2020,12,All (PS),area,60551.0
73,SS2011A112,South Sudan,SS,Jonglei,none,Jonglei,Cereal Crops,Main,2021,4,2021,12,All (PS),area,58085.0
74,SS2011A112,South Sudan,SS,Jonglei,none,Jonglei,Cereal Crops,Main,2022,4,2022,12,All (PS),area,63377.0
75,SS2011A113,South Sudan,SS,Unity,none,Unity,Cereal Crops,Main,2013,4,2013,12,All (PS),area,40813.0
76,SS2011A113,South Sudan,SS,Unity,none,Unity,Cereal Crops,Main,2014,4,2014,12,All (PS),area,14787.0
77,SS2011A113,South Sudan,SS,Unity,none,Unity,Cereal Crops,Main,2015,4,2015,12,All (PS),area,15848.0
78,SS2011A113,South Sudan,SS,Unity,none,Unity,Cereal Crops,Main,2017,4,2017,12,All (PS),area,17602.0
79,SS2011A113,South Sudan,SS,Unity,none,Unity,Cereal Crops,Main,2018,4,2018,12,All (PS),area,16955.0
80,SS2011A113,South Sudan,SS,Unity,none,Unity,Cereal Crops,Main,2019,4,2019,12,All (PS),area,19975.0
81,SS2011A113,South Sudan,SS,Unity,none,Unity,Cereal Crops,Main,2020,4,2020,12,All (PS),area,23245.0
82,SS2011A113,South Sudan,SS,Unity,none,Unity,Cereal Crops,Main,2021,4,2021,12,All (PS),area,20192.0
83,SS2011A113,South Sudan,SS,Unity,none,Unity,Cereal Crops,Main,2022,4,2022,12,All (PS),area,16913.0
84,SS2011A121,South Sudan,SS,Western Bahr el Ghazal,none,Western Bahr el Ghazal,Cereal Crops,Main,2013,4,2013,12,All (PS),area,55939.0
85,SS2011A121,South Sudan,SS,Western Bahr el Ghazal,none,Western Bahr el Ghazal,Cereal Crops,Main,2014,4,2014,12,All (PS),area,69014.0
86,SS2011A121,South Sudan,SS,Western Bahr el Ghazal,none,Western Bahr el Ghazal,Cereal Crops,Main,2015,4,2015,12,All (PS),area,65116.0
87,SS2011A121,South Sudan,SS,Western Bahr el Ghazal,none,Western Bahr el Ghazal,Cereal Crops,Main,2017,4,2017,12,All (PS),area,36790.0
88,SS2011A121,South Sudan,SS,Western Bahr el Ghazal,none,Western Bahr el Ghazal,Cereal Crops,Main,2018,4,2018,12,All (PS),area,37434.0
89,SS2011A121,South Sudan,SS,Western Bahr el Ghazal,none,Western Bahr el Ghazal,Cereal Crops,Main,2019,4,2019,12,All (PS),area,43069.0
90,SS2011A121,South Sudan,SS,Western Bahr el Ghazal,none,Western Bahr el Ghazal,Cereal Crops,Main,2020,4,2020,12,All (PS),area,51164.0
91,SS2011A121,South Sudan,SS,Western Bahr el Ghazal,none,Western Bahr el Ghazal,Cereal Crops,Main,2021,4,2021,12,All (PS),area,95678.0
92,SS2011A121,South Sudan,SS,Western Bahr el Ghazal,none,Western Bahr el Ghazal,Cereal Crops,Main,2022,4,2022,12,All (PS),area,64264.0
93,SS2011A122,South Sudan,SS,Northern Bahr el Ghazal,none,Northern Bahr el Ghazal,Cereal Crops,Main,2013,4,2013,12,All (PS),area,100574.0
94,SS2011A122,South Sudan,SS,Northern Bahr el Ghazal,none,Northern Bahr el Ghazal,Cereal Crops,Main,2014,4,2014,12,All (PS),area,127730.0
95,SS2011A122,South Sudan,SS,Northern Bahr el Ghazal,none,Northern Bahr el Ghazal,Cereal Crops,Main,2015,4,2015,12,All (PS),area,146917.0
96,SS2011A122,South Sudan,SS,Northern Bahr el Ghazal,none,Northern Bahr el Ghazal,Cereal Crops,Main,2017,4,2017,12,All (PS),area,152555.0
97,SS2011A122,South Sudan,SS,Northern Bahr el Ghazal,none,Northern Bahr el Ghazal,Cereal Crops,Main,2018,4,2018,12,All (PS),area,157132.0
98,SS2011A122,South Sudan,SS,Northern Bahr el Ghazal,none,Northern Bahr el Ghazal,Cereal Crops,Main,2019,4,2019,12,All (PS),area,151550.0
99,SS2011A122,South Sudan,SS,Northern Bahr el Ghazal,none,Northern Bahr el Ghazal,Cereal Crops,Main,2020,4,2020,12,All (PS),area,167362.0
100,SS2011A122,South Sudan,SS,Northern Bahr el Ghazal,none,Northern Bahr el Ghazal,Cereal Crops,Main,2021,4,2021,12,All (PS),area,170714.0
101,SS2011A122,South Sudan,SS,Northern Bahr el Ghazal,none,Northern Bahr el Ghazal,Cereal Crops,Main,2022,4,2022,12,All (PS),area,166843.0
102,SS2011A123,South Sudan,SS,Warrap,none,Warrap,Sorghum,Main,1975,4,1975,12,traditional_rainfed,area,2892.001009336361
103,SS2011A123,South Sudan,SS,Warrap,none,Warrap,Sorghum,Main,1976,4,1976,12,traditional_rainfed,area,2634.1155690133737
104,SS2011A123,South Sudan,SS,Warrap,none,Warrap,Sorghum,Main,1977,4,1977,12,traditional_rainfed,area,2155.1854655563966
105,SS2011A123,South Sudan,SS,Warrap,none,Warrap,Sorghum,Main,1978,4,1978,12,traditional_rainfed,area,2965.6825637143575
106,SS2011A123,South Sudan,SS,Warrap,none,Warrap,Sorghum,Main,1979,4,1979,12,traditional_rainfed,area,2468.3320716628814
107,SS2011A123,South Sudan,SS,Warrap,none,Warrap,Sorghum,Main,1980,4,1980,12,traditional_rainfed,area,2689.376734796871
108,SS2011A123,South Sudan,SS,Warrap,none,Warrap,Sorghum,Main,1981,4,1981,12,traditional_rainfed,area,2892.001009336361
109,SS2011A123,South Sudan,SS,Warrap,none,Warrap,Sorghum,Main,1982,4,1982,12,traditional_rainfed,area,2855.160232147363
110,SS2011A123,South Sudan,SS,Warrap,none,Warrap,Sorghum,Main,1983,4,1983,12,traditional_rainfed,area,3131.46606106485
111,SS2011A123,South Sudan,SS,Warrap,none,Warrap,Sorghum,Main,1984,4,1984,12,traditional_rainfed,area,4697.199091597275
112,SS2011A123,South Sudan,SS,Warrap,none,Warrap,Sorghum,Main,1985,4,1985,12,traditional_rainfed,area,6152.409790562705
113,SS2011A123,South Sudan,SS,Warrap,none,Warrap,Sorghum,Main,1986,4,1986,12,traditional_rainfed,area,3831.440827655816
114,SS2011A123,South Sudan,SS,Warrap,none,Warrap,Sorghum,Main,1987,4,1987,12,traditional_rainfed,area,1547.3126419379257
115,SS2011A123,South Sudan,SS,Warrap,none,Warrap,Sorghum,Main,1988,4,1988,12,traditional_rainfed,area,1547.3126419379257
116,SS2011A123,South Sudan,SS,Warrap,none,Warrap,Sorghum,Main,1989,4,1989,12,traditional_rainfed,area,718.3951551854656
117,SS2011A123,South Sudan,SS,Warrap,none,Warrap,Sorghum,Main,1990,4,1990,12,traditional_rainfed,area,3078.713948342228
118,SS2011A123,South Sudan,SS,Warrap,none,Warrap,Sorghum,Main,1991,4,1991,12,traditional_rainfed,area,3762.87260352939
119,SS2011A123,South Sudan,SS,Warrap,none,Warrap,Sorghum,Main,1992,4,1992,12,traditional_rainfed,area,5986.388232887666
120,SS2011A123,South Sudan,SS,Warrap,none,Warrap,Sorghum,Main,1993,4,1993,12,traditional_rainfed,area,4104.951931122971
121,SS2011A123,South Sudan,SS,Warrap,none,Warrap,Sorghum,Main,1994,4,1994,12,traditional_rainfed,area,4296.516354575376
122,SS2011A123,South Sudan,SS,Warrap,none,Warrap,Sorghum,Main,1995,4,1995,12,traditional_rainfed,area,3516.5754876620117
123,SS2011A123,South Sudan,SS,Warrap,none,Warrap,Sorghum,Main,1996,4,1996,12,traditional_rainfed,area,7525.74520705878
124,SS2011A123,South Sudan,SS,Warrap,none,Warrap,Sorghum,Main,1997,4,1997,12,traditional_rainfed,area,4604.387749409599
125,SS2011A123,South Sudan,SS,Warrap,none,Warrap,Sorghum,Main,1998,4,1998,12,traditional_rainfed,area,3352.377410417093
126,SS2011A123,South Sudan,SS,Warrap,none,Warrap,Sorghum,Main,1999,4,1999,12,traditional_rainfed,area,4378.615393197835
127,SS2011A123,South Sudan,SS,Warrap,none,Warrap,Sorghum,Main,2000,4,2000,12,traditional_rainfed,area,7327.339197054503
128,SS2011A123,South Sudan,SS,Warrap,none,Warrap,Sorghum,Main,2001,4,2001,12,traditional_rainfed,area,4864.3680383807205
129,SS2011A123,South Sudan,SS,Warrap,none,Warrap,Sorghum,Main,2002,4,2002,12,traditional_rainfed,area,6588.447849452368
130,SS2011A123,South Sudan,SS,Warrap,none,Warrap,Sorghum,Main,2003,4,2003,12,traditional_rainfed,area,3906.545921118694
131,SS2011A123,South Sudan,SS,Warrap,none,Warrap,Sorghum,Main,2004,4,2004,12,traditional_rainfed,area,4392.298566301579
132,SS2011A123,South Sudan,SS,Warrap,none,Warrap,Sorghum,Main,2005,4,2005,12,traditional_rainfed,area,6351.718395155185
133,SS2011A123,South Sudan,SS,Warrap,none,Warrap,Sorghum,Main,2006,4,2006,12,traditional_rainfed,area,9074.988644965935
134,SS2011A123,South Sudan,SS,Warrap,none,Warrap,Sorghum,Main,2007,4,2007,12,traditional_rainfed,area,10583.618470855412
135,SS2011A123,South Sudan,SS,Warrap,none,Warrap,Sorghum,Main,2008,4,2008,12,traditional_rainfed,area,10583.618470855412
136,SS2011A123,South Sudan,SS,Warrap,none,Warrap,Sorghum,Main,2009,4,2009,12,traditional_rainfed,area,8719.106737320211
137,SS2011A123,South Sudan,SS,Warrap,none,Warrap,Sorghum,Main,2010,4,2010,12,traditional_rainfed,area,5725.056775170326
138,SS2011A123,South Sudan,SS,Warrap,none,Warrap,Sorghum,Main,2011,4,2011,12,traditional_rainfed,area,0.0
139,SS2011A123,South Sudan,SS,Warrap,none,Warrap,Sorghum,Main,2012,4,2012,12,traditional_rainfed,area,0.0
140,SS2011A123,South Sudan,SS,Warrap,none,Warrap,Sorghum,Main,1975,4,1975,12,mechanized_rainfed,area,1399.9495331819328
141,SS2011A123,South Sudan,SS,Warrap,none,Warrap,Sorghum,Main,1976,4,1976,12,mechanized_rainfed,area,1492.0514761544284
142,SS2011A123,South Sudan,SS,Warrap,none,Warrap,Sorghum,Main,1977,4,1977,12,mechanized_rainfed,area,2265.707797123391
143,SS2011A123,South Sudan,SS,Warrap,none,Warrap,Sorghum,Main,1978,4,1978,12,mechanized_rainfed,area,2136.7650769618976
144,SS2011A123,South Sudan,SS,Warrap,none,Warrap,Sorghum,Main,1979,4,1979,12,mechanized_rainfed,area,1639.4145849104214
145,SS2011A123,South Sudan,SS,Warrap,none,Warrap,Sorghum,Main,1980,4,1980,12,mechanized_rainfed,area,2063.083522583901
146,SS2011A123,South Sudan,SS,Warrap,none,Warrap,Sorghum,Main,1981,4,1981,12,mechanized_rainfed,area,1731.516527882917
147,SS2011A123,South Sudan,SS,Warrap,none,Warrap,Sorghum,Main,1982,4,1982,12,mechanized_rainfed,area,3757.75927327782
148,SS2011A123,South Sudan,SS,Warrap,none,Warrap,Sorghum,Main,1983,4,1983,12,mechanized_rainfed,area,4457.734039868786
149,SS2011A123,South Sudan,SS,Warrap,none,Warrap,Sorghum,Main,1984,4,1984,12,mechanized_rainfed,area,1934.1408024224072
150,SS2011A123,South Sudan,SS,Warrap,none,Warrap,Sorghum,Main,1985,4,1985,12,mechanized_rainfed,area,4807.721423164269
151,SS2011A123,South Sudan,SS,Warrap,none,Warrap,Sorghum,Main,1986,4,1986,12,mechanized_rainfed,area,5526.1165783497345
152,SS2011A123,South Sudan,SS,Warrap,none,Warrap,Sorghum,Main,1987,4,1987,12,mechanized_rainfed,area,1731.516527882917
153,SS2011A123,South Sudan,SS,Warrap,none,Warrap,Sorghum,Main,1988,4,1988,12,mechanized_rainfed,area,9210.194297249558
154,SS2011A123,South Sudan,SS,Warrap,none,Warrap,Sorghum,Main,1989,4,1989,12,mechanized_rainfed,area,3370.9311127933383
155,SS2011A123,South Sudan,SS,Warrap,none,Warrap,Sorghum,Main,2002,4,2002,12,mechanized_rainfed,area,136.83173103743235
156,SS2011A123,South Sudan,SS,Warrap,none,Warrap,Sorghum,Main,2003,4,2003,12,mechanized_rainfed,area,212.08918310802017
157,SS2011A123,South Sudan,SS,Warrap,none,Warrap,Sorghum,Main,2004,4,2004,12,mechanized_rainfed,area,212.08918310802017
158,SS2011A123,South Sudan,SS,Warrap,none,Warrap,Sorghum,Main,2005,4,2005,12,mechanized_rainfed,area,10606.828160484481
159,SS2011A123,South Sudan,SS,Warrap,none,Warrap,Sorghum,Main,2006,4,2006,12,mechanized_rainfed,area,8958.94019682059
160,SS2011A123,South Sudan,SS,Warrap,none,Warrap,Sorghum,Main,2007,4,2007,12,mechanized_rainfed,area,6382.664647993944
161,SS2011A123,South Sudan,SS,Warrap,none,Warrap,Sorghum,Main,2008,4,2008,12,mechanized_rainfed,area,7736.563209689629
162,SS2011A123,South Sudan,SS,Warrap,none,Warrap,Sorghum,Main,2009,4,2009,12,mechanized_rainfed,area,9794.48902346707
163,SS2011A123,South Sudan,SS,Warrap,none,Warrap,Sorghum,Main,2010,4,2010,12,mechanized_rainfed,area,6908.750946252839
164,SS2011A123,South Sudan,SS,Warrap,none,Warrap,Sorghum,Main,2011,4,2011,12,mechanized_rainfed,area,0.0
165,SS2011A123,South Sudan,SS,Warrap,none,Warrap,Sorghum,Main,2012,4,2012,12,mechanized_rainfed,area,0.0
166,SS2011A123,South Sudan,SS,Warrap,none,Warrap,Millet,Main,1975,4,1975,12,traditional_rainfed,area,2763.0582891748672
167,SS2011A123,South Sudan,SS,Warrap,none,Warrap,Millet,Main,1976,4,1976,12,traditional_rainfed,area,534.1912692404744
168,SS2011A123,South Sudan,SS,Warrap,none,Warrap,Millet,Main,1977,4,1977,12,traditional_rainfed,area,699.9747665909664
169,SS2011A123,South Sudan,SS,Warrap,none,Warrap,Millet,Main,1978,4,1978,12,traditional_rainfed,area,313.14660610648497
170,SS2011A123,South Sudan,SS,Warrap,none,Warrap,Millet,Main,1979,4,1979,12,traditional_rainfed,area,184.20388594499116
171,SS2011A123,South Sudan,SS,Warrap,none,Warrap,Millet,Main,1980,4,1980,12,traditional_rainfed,area,313.14660610648497
172,SS2011A123,South Sudan,SS,Warrap,none,Warrap,Millet,Main,1981,4,1981,12,traditional_rainfed,area,349.9873832954832
173,SS2011A123,South Sudan,SS,Warrap,none,Warrap,Millet,Main,1982,4,1982,12,traditional_rainfed,area,368.4077718899823
174,SS2011A123,South Sudan,SS,Warrap,none,Warrap,Millet,Main,1983,4,1983,12,traditional_rainfed,area,368.4077718899823
175,SS2011A123,South Sudan,SS,Warrap,none,Warrap,Millet,Main,1984,4,1984,12,traditional_rainfed,area,386.82816048448143
176,SS2011A123,South Sudan,SS,Warrap,none,Warrap,Millet,Main,1985,4,1985,12,traditional_rainfed,area,921.0194297249558
177,SS2011A123,South Sudan,SS,Warrap,none,Warrap,Millet,Main,1986,4,1986,12,traditional_rainfed,area,699.9747665909664
178,SS2011A123,South Sudan,SS,Warrap,none,Warrap,Millet,Main,1987,4,1987,12,traditional_rainfed,area,699.9747665909664
179,SS2011A123,South Sudan,SS,Warrap,none,Warrap,Millet,Main,1988,4,1988,12,traditional_rainfed,area,1031.5417612919505
180,SS2011A123,South Sudan,SS,Warrap,none,Warrap,Millet,Main,1989,4,1989,12,traditional_rainfed,area,681.5543779964673
181,SS2011A123,South Sudan,SS,Warrap,none,Warrap,Millet,Main,1990,4,1990,12,traditional_rainfed,area,8333.05242017963
182,SS2011A123,South Sudan,SS,Warrap,none,Warrap,Millet,Main,1991,4,1991,12,traditional_rainfed,area,6321.625973929375
183,SS2011A123,South Sudan,SS,Warrap,none,Warrap,Millet,Main,1992,4,1992,12,traditional_rainfed,area,6752.645926697287
184,SS2011A123,South Sudan,SS,Warrap,none,Warrap,Millet,Main,1993,4,1993,12,traditional_rainfed,area,6608.972609107983
185,SS2011A123,South Sudan,SS,Warrap,none,Warrap,Millet,Main,1994,4,1994,12,traditional_rainfed,area,10707.082953679082
186,SS2011A123,South Sudan,SS,Warrap,none,Warrap,Millet,Main,1995,4,1995,12,traditional_rainfed,area,11589.64761887052
187,SS2011A123,South Sudan,SS,Warrap,none,Warrap,Millet,Main,1996,4,1996,12,traditional_rainfed,area,12581.677668891905
188,SS2011A123,South Sudan,SS,Warrap,none,Warrap,Millet,Main,1997,4,1997,12,traditional_rainfed,area,15503.035126541086
189,SS2011A123,South Sudan,SS,Warrap,none,Warrap,Millet,Main,1998,4,1998,12,traditional_rainfed,area,12089.08343715715
190,SS2011A123,South Sudan,SS,Warrap,none,Warrap,Millet,Main,1999,4,1999,12,traditional_rainfed,area,10748.132472990312
191,SS2011A123,South Sudan,SS,Warrap,none,Warrap,Millet,Main,2000,4,2000,12,traditional_rainfed,area,8907.745690536847
192,SS2011A123,South Sudan,SS,Warrap,none,Warrap,Millet,Main,2001,4,2001,12,traditional_rainfed,area,11172.310839206351
193,SS2011A123,South Sudan,SS,Warrap,none,Warrap,Millet,Main,2002,4,2002,12,traditional_rainfed,area,10022.92429849192
194,SS2011A123,South Sudan,SS,Warrap,none,Warrap,Millet,Main,2003,4,2003,12,traditional_rainfed,area,12821.133198207412
195,SS2011A123,South Sudan,SS,Warrap,none,Warrap,Millet,Main,2004,4,2004,12,traditional_rainfed,area,10022.92429849192
196,SS2011A123,South Sudan,SS,Warrap,none,Warrap,Millet,Main,2005,4,2005,12,traditional_rainfed,area,3481.453444360333
197,SS2011A123,South Sudan,SS,Warrap,none,Warrap,Millet,Main,2006,4,2006,12,traditional_rainfed,area,3326.7221801665405
198,SS2011A123,South Sudan,SS,Warrap,none,Warrap,Millet,Main,2007,4,2007,12,traditional_rainfed,area,20973.822861468583
199,SS2011A123,South Sudan,SS,Warrap,none,Warrap,Millet,Main,2008,4,2008,12,traditional_rainfed,area,20973.822861468583
200,SS2011A123,South Sudan,SS,Warrap,none,Warrap,Millet,Main,2009,4,2009,12,traditional_rainfed,area,2498.90991672975
201,SS2011A123,South Sudan,SS,Warrap,none,Warrap,Millet,Main,2010,4,2010,12,traditional_rainfed,area,1083.118849356548
202,SS2011A123,South Sudan,SS,Warrap,none,Warrap,Millet,Main,2011,4,2011,12,traditional_rainfed,area,0.0
203,SS2011A123,South Sudan,SS,Warrap,none,Warrap,Millet,Main,2012,4,2012,12,traditional_rainfed,area,0.0
204,SS2011A123,South Sudan,SS,Warrap,none,Warrap,Millet,Main,2005,4,2005,12,mechanized_rainfed,area,92.83875851627555
205,SS2011A123,South Sudan,SS,Warrap,none,Warrap,Millet,Main,2006,4,2006,12,mechanized_rainfed,area,154.73126419379258
206,SS2011A123,South Sudan,SS,Warrap,none,Warrap,Millet,Main,2007,4,2007,12,mechanized_rainfed,area,154.73126419379258
207,SS2011A123,South Sudan,SS,Warrap,none,Warrap,Millet,Main,2008,4,2008,12,mechanized_rainfed,area,92.83875851627555
208,SS2011A123,South Sudan,SS,Warrap,none,Warrap,Millet,Main,2009,4,2009,12,mechanized_rainfed,area,23.209689629068887
209,SS2011A123,South Sudan,SS,Warrap,none,Warrap,Millet,Main,2010,4,2010,12,mechanized_rainfed,area,15.473126419379257
210,SS2011A123,South Sudan,SS,Warrap,none,Warrap,Millet,Main,2011,4,2011,12,mechanized_rainfed,area,0.0
211,SS2011A123,South Sudan,SS,Warrap,none,Warrap,Millet,Main,2012,4,2012,12,mechanized_rainfed,area,0.0
212,SS2011A123,South Sudan,SS,Warrap,none,Warrap,Groundnuts (In Shell),Main,1990,4,1990,12,traditional_rainfed,area,2182.466110047046
213,SS2011A123,South Sudan,SS,Warrap,none,Warrap,Groundnuts (In Shell),Main,1991,4,1991,12,traditional_rainfed,area,239.45552931550662
214,SS2011A123,South Sudan,SS,Warrap,none,Warrap,Groundnuts (In Shell),Main,1992,4,1992,12,traditional_rainfed,area,3215.5456793796607
215,SS2011A123,South Sudan,SS,Warrap,none,Warrap,Groundnuts (In Shell),Main,1993,4,1993,12,traditional_rainfed,area,4652.278855272701
216,SS2011A123,South Sudan,SS,Warrap,none,Warrap,Groundnuts (In Shell),Main,1994,4,1994,12,traditional_rainfed,area,5555.368280119754
217,SS2011A123,South Sudan,SS,Warrap,none,Warrap,Groundnuts (In Shell),Main,1995,4,1995,12,traditional_rainfed,area,6041.120925302639
218,SS2011A123,South Sudan,SS,Warrap,none,Warrap,Groundnuts (In Shell),Main,1996,4,1996,12,traditional_rainfed,area,6260.051694962531
219,SS2011A123,South Sudan,SS,Warrap,none,Warrap,Groundnuts (In Shell),Main,1997,4,1997,12,traditional_rainfed,area,10063.97381780315
220,SS2011A123,South Sudan,SS,Warrap,none,Warrap,Groundnuts (In Shell),Main,1998,4,1998,12,traditional_rainfed,area,6485.824051174294
221,SS2011A123,South Sudan,SS,Warrap,none,Warrap,Groundnuts (In Shell),Main,1999,4,1999,12,traditional_rainfed,area,6807.37861911226
222,SS2011A123,South Sudan,SS,Warrap,none,Warrap,Groundnuts (In Shell),Main,2000,4,2000,12,traditional_rainfed,area,7737.8343901667995
223,SS2011A123,South Sudan,SS,Warrap,none,Warrap,Groundnuts (In Shell),Main,2001,4,2001,12,traditional_rainfed,area,6246.368521858787
224,SS2011A123,South Sudan,SS,Warrap,none,Warrap,Groundnuts (In Shell),Main,2002,4,2002,12,traditional_rainfed,area,5049.090875281254
225,SS2011A123,South Sudan,SS,Warrap,none,Warrap,Groundnuts (In Shell),Main,2003,4,2003,12,traditional_rainfed,area,6390.041839448091
226,SS2011A123,South Sudan,SS,Warrap,none,Warrap,Groundnuts (In Shell),Main,2004,4,2004,12,traditional_rainfed,area,7662.576938096212
227,SS2011A123,South Sudan,SS,Warrap,none,Warrap,Groundnuts (In Shell),Main,2005,4,2005,12,traditional_rainfed,area,201.15064345193034
228,SS2011A123,South Sudan,SS,Warrap,none,Warrap,Groundnuts (In Shell),Main,2006,4,2006,12,traditional_rainfed,area,154.73126419379258
229,SS2011A123,South Sudan,SS,Warrap,none,Warrap,Groundnuts (In Shell),Main,2007,4,2007,12,traditional_rainfed,area,1934.1408024224072
230,SS2011A123,South Sudan,SS,Warrap,none,Warrap,Groundnuts (In Shell),Main,2008,4,2008,12,traditional_rainfed,area,2692.3239969719907
231,SS2011A123,South Sudan,SS,Warrap,none,Warrap,Groundnuts (In Shell),Main,2009,4,2009,12,traditional_rainfed,area,1988.2967448902345
232,SS2011A123,South Sudan,SS,Warrap,none,Warrap,Groundnuts (In Shell),Main,2010,4,2010,12,traditional_rainfed,area,2290.02271006813
233,SS2011A123,South Sudan,SS,Warrap,none,Warrap,Groundnuts (In Shell),Main,2011,4,2011,12,traditional_rainfed,area,0.0
234,SS2011A123,South Sudan,SS,Warrap,none,Warrap,Groundnuts (In Shell),Main,2012,4,2012,12,traditional_rainfed,area,0.0
235,SS2011A123,South Sudan,SS,Warrap,none,Warrap,Sesame Seed,Main,2008,4,2008,12,irrigated,area,2901.2112036336107
236,SS2011A123,South Sudan,SS,Warrap,none,Warrap,Sesame Seed,Main,2009,4,2009,12,irrigated,area,2576.275548826646
237,SS2011A123,South Sudan,SS,Warrap,none,Warrap,Sesame Seed,Main,2010,4,2010,12,irrigated,area,1740.7267221801665
238,SS2011A123,South Sudan,SS,Warrap,none,Warrap,Sesame Seed,Main,1990,4,1990,12,traditional_rainfed,area,820.9903862245942
239,SS2011A123,South Sudan,SS,Warrap,none,Warrap,Sesame Seed,Main,1991,4,1991,12,traditional_rainfed,area,513.1189913903713
240,SS2011A123,South Sudan,SS,Warrap,none,Warrap,Sesame Seed,Main,1992,4,1992,12,traditional_rainfed,area,1279.3766851999926
241,SS2011A123,South Sudan,SS,Warrap,none,Warrap,Sesame Seed,Main,1993,4,1993,12,traditional_rainfed,area,1689.8718783122897
242,SS2011A123,South Sudan,SS,Warrap,none,Warrap,Sesame Seed,Main,1994,4,1994,12,traditional_rainfed,area,2052.4759655614853
243,SS2011A123,South Sudan,SS,Warrap,none,Warrap,Sesame Seed,Main,1995,4,1995,12,traditional_rainfed,area,1395.68365658181
244,SS2011A123,South Sudan,SS,Warrap,none,Warrap,Sesame Seed,Main,1996,4,1996,12,traditional_rainfed,area,1176.7528869219184
245,SS2011A123,South Sudan,SS,Warrap,none,Warrap,Sesame Seed,Main,1997,4,1997,12,traditional_rainfed,area,855.1983189839523
246,SS2011A123,South Sudan,SS,Warrap,none,Warrap,Sesame Seed,Main,1998,4,1998,12,traditional_rainfed,area,1163.0697138181752
247,SS2011A123,South Sudan,SS,Warrap,none,Warrap,Sesame Seed,Main,1999,4,1999,12,traditional_rainfed,area,1142.54495416256
248,SS2011A123,South Sudan,SS,Warrap,none,Warrap,Sesame Seed,Main,2000,4,2000,12,traditional_rainfed,area,2134.5750041839447
249,SS2011A123,South Sudan,SS,Warrap,none,Warrap,Sesame Seed,Main,2001,4,2001,12,traditional_rainfed,area,2148.258177287688
250,SS2011A123,South Sudan,SS,Warrap,none,Warrap,Sesame Seed,Main,2002,4,2002,12,traditional_rainfed,area,1703.555051416033
251,SS2011A123,South Sudan,SS,Warrap,none,Warrap,Sesame Seed,Main,2003,4,2003,12,traditional_rainfed,area,602.0596165647024
252,SS2011A123,South Sudan,SS,Warrap,none,Warrap,Sesame Seed,Main,2004,4,2004,12,traditional_rainfed,area,903.0894248470536
253,SS2011A123,South Sudan,SS,Warrap,none,Warrap,Sesame Seed,Main,2005,4,2005,12,traditional_rainfed,area,1895.457986373959
254,SS2011A123,South Sudan,SS,Warrap,none,Warrap,Sesame Seed,Main,2006,4,2006,12,traditional_rainfed,area,1083.118849356548
255,SS2011A123,South Sudan,SS,Warrap,none,Warrap,Sesame Seed,Main,2007,4,2007,12,traditional_rainfed,area,3094.6252838758514
256,SS2011A123,South Sudan,SS,Warrap,none,Warrap,Sesame Seed,Main,2008,4,2008,12,traditional_rainfed,area,3891.491294473883
257,SS2011A123,South Sudan,SS,Warrap,none,Warrap,Sesame Seed,Main,2009,4,2009,12,traditional_rainfed,area,2591.7486752460254
258,SS2011A123,South Sudan,SS,Warrap,none,Warrap,Sesame Seed,Main,2010,4,2010,12,traditional_rainfed,area,1748.463285389856
259,SS2011A123,South Sudan,SS,Warrap,none,Warrap,Sesame Seed,Main,2011,4,2011,12,traditional_rainfed,area,0.0
260,SS2011A123,South Sudan,SS,Warrap,none,Warrap,Sesame Seed,Main,2012,4,2012,12,traditional_rainfed,area,0.0
261,SS2011A123,South Sudan,SS,Warrap,none,Warrap,Sesame Seed,Main,2005,4,2005,12,mechanized_rainfed,area,162.4678274034822
262,SS2011A123,South Sudan,SS,Warrap,none,Warrap,Sesame Seed,Main,2006,4,2006,12,mechanized_rainfed,area,4324.738834216502
263,SS2011A123,South Sudan,SS,Warrap,none,Warrap,Sesame Seed,Main,2007,4,2007,12,mechanized_rainfed,area,3094.6252838758514
264,SS2011A123,South Sudan,SS,Warrap,none,Warrap,Sesame Seed,Main,2011,4,2011,12,mechanized_rainfed,area,0.0
265,SS2011A123,South Sudan,SS,Warrap,none,Warrap,Sesame Seed,Main,2012,4,2012,12,mechanized_rainfed,area,0.0
266,SS2011A123,South Sudan,SS,Warrap,none,Warrap,Sunflower Seed,Main,2007,4,2007,12,traditional_rainfed,area,177.94095382286147
267,SS2011A123,South Sudan,SS,Warrap,none,Warrap,Sunflower Seed,Main,2008,4,2008,12,traditional_rainfed,area,146.99470098410293
268,SS2011A123,South Sudan,SS,Warrap,none,Warrap,Sunflower Seed,Main,2009,4,2009,12,traditional_rainfed,area,15.473126419379257
269,SS2011A123,South Sudan,SS,Warrap,none,Warrap,Sunflower Seed,Main,2011,4,2011,12,traditional_rainfed,area,0.0
270,SS2011A123,South Sudan,SS,Warrap,none,Warrap,Cotton (American),Main,2005,4,2005,12,traditional_rainfed,area,77.36563209689629
271,SS2011A123,South Sudan,SS,Warrap,none,Warrap,Cotton (American),Main,2006,4,2006,12,traditional_rainfed,area,92.83875851627555
272,SS2011A123,South Sudan,SS,Warrap,none,Warrap,Cotton (American),Main,2007,4,2007,12,traditional_rainfed,area,131.5215745647237
273,SS2011A123,South Sudan,SS,Warrap,none,Warrap,Cotton (American),Main,2008,4,2008,12,traditional_rainfed,area,170.20439061317182
274,SS2011A123,South Sudan,SS,Warrap,none,Warrap,Cereal Crops,Main,2013,4,2013,12,All (PS),area,161174.0
275,SS2011A123,South Sudan,SS,Warrap,none,Warrap,Cereal Crops,Main,2014,4,2014,12,All (PS),area,124302.0
276,SS2011A123,South Sudan,SS,Warrap,none,Warrap,Cereal Crops,Main,2015,4,2015,12,All (PS),area,130837.0
277,SS2011A123,South Sudan,SS,Warrap,none,Warrap,Cereal Crops,Main,2017,4,2017,12,All (PS),area,155676.0
278,SS2011A123,South Sudan,SS,Warrap,none,Warrap,Cereal Crops,Main,2018,4,2018,12,All (PS),area,156966.0
279,SS2011A123,South Sudan,SS,Warrap,none,Warrap,Cereal Crops,Main,2019,4,2019,12,All (PS),area,162193.0
280,SS2011A123,South Sudan,SS,Warrap,none,Warrap,Cereal Crops,Main,2020,4,2020,12,All (PS),area,160651.0
281,SS2011A123,South Sudan,SS,Warrap,none,Warrap,Cereal Crops,Main,2021,4,2021,12,All (PS),area,156028.0
282,SS2011A123,South Sudan,SS,Warrap,none,Warrap,Cereal Crops,Main,2022,4,2022,12,All (PS),area,187497.0
283,SS2011A124,South Sudan,SS,Lakes,none,Lakes,Cereal Crops,Main,2013,4,2013,12,All (PS),area,96533.0
284,SS2011A124,South Sudan,SS,Lakes,none,Lakes,Cereal Crops,Main,2014,4,2014,12,All (PS),area,93477.0
285,SS2011A124,South Sudan,SS,Lakes,none,Lakes,Cereal Crops,Main,2015,4,2015,12,All (PS),area,97247.0
286,SS2011A124,South Sudan,SS,Lakes,none,Lakes,Cereal Crops,Main,2017,4,2017,12,All (PS),area,124532.0
287,SS2011A124,South Sudan,SS,Lakes,none,Lakes,Cereal Crops,Main,2018,4,2018,12,All (PS),area,128665.0
288,SS2011A124,South Sudan,SS,Lakes,none,Lakes,Cereal Crops,Main,2019,4,2019,12,All (PS),area,132502.0
289,SS2011A124,South Sudan,SS,Lakes,none,Lakes,Cereal Crops,Main,2020,4,2020,12,All (PS),area,142134.0
290,SS2011A124,South Sudan,SS,Lakes,none,Lakes,Cereal Crops,Main,2021,4,2021,12,All (PS),area,139135.0
291,SS2011A124,South Sudan,SS,Lakes,none,Lakes,Cereal Crops,Main,2022,4,2022,12,All (PS),area,161687.0
292,SS2011A131,South Sudan,SS,Western Equatoria,none,Western Equatoria,Cereal Crops,Main,2013,4,2013,12,All (PS),area,166591.0
293,SS2011A131,South Sudan,SS,Western Equatoria,none,Western Equatoria,Cereal Crops,Main,2014,4,2014,12,All (PS),area,167341.0
294,SS2011A131,South Sudan,SS,Western Equatoria,none,Western Equatoria,Cereal Crops,Main,2015,4,2015,12,All (PS),area,131431.0
295,SS2011A131,South Sudan,SS,Western Equatoria,none,Western Equatoria,Cereal Crops,Main,2017,4,2017,12,All (PS),area,101076.0
296,SS2011A131,South Sudan,SS,Western Equatoria,none,Western Equatoria,Cereal Crops,Main,2018,4,2018,12,All (PS),area,109537.0
297,SS2011A131,South Sudan,SS,Western Equatoria,none,Western Equatoria,Cereal Crops,Main,2019,4,2019,12,All (PS),area,118888.0
298,SS2011A131,South Sudan,SS,Western Equatoria,none,Western Equatoria,Cereal Crops,Main,2020,4,2020,12,All (PS),area,136737.0
299,SS2011A131,South Sudan,SS,Western Equatoria,none,Western Equatoria,Cereal Crops,Main,2021,4,2021,12,All (PS),area,141066.0
300,SS2011A131,South Sudan,SS,Western Equatoria,none,Western Equatoria,Cereal Crops,Main,2022,4,2022,12,All (PS),area,153319.0
301,SS2011A132,South Sudan,SS,Central Equatoria,none,Central Equatoria,Cereal Crops,Main,2013,4,2013,12,All (PS),area,152041.0
302,SS2011A132,South Sudan,SS,Central Equatoria,none,Central Equatoria,Cereal Crops,Main,2014,4,2014,12,All (PS),area,198926.0
303,SS2011A132,South Sudan,SS,Central Equatoria,none,Central Equatoria,Cereal Crops,Main,2015,4,2015,12,All (PS),area,197354.0
304,SS2011A132,South Sudan,SS,Central Equatoria,none,Central Equatoria,Cereal Crops,Main,2017,4,2017,12,All (PS),area,59863.0
305,SS2011A132,South Sudan,SS,Central Equatoria,none,Central Equatoria,Cereal Crops,Main,2018,4,2018,12,All (PS),area,56524.0
306,SS2011A132,South Sudan,SS,Central Equatoria,none,Central Equatoria,Cereal Crops,Main,2019,4,2019,12,All (PS),area,64843.0
307,SS2011A132,South Sudan,SS,Central Equatoria,none,Central Equatoria,Cereal Crops,Main,2020,4,2020,12,All (PS),area,75823.0
308,SS2011A132,South Sudan,SS,Central Equatoria,none,Central Equatoria,Cereal Crops,Main,2021,4,2021,12,All (PS),area,78847.0
309,SS2011A132,South Sudan,SS,Central Equatoria,none,Central Equatoria,Cereal Crops,Main,2022,4,2022,12,All (PS),area,82618.0
310,SS2011A133,South Sudan,SS,Eastern Equatoria,none,Eastern Equatoria,Cereal Crops,Main,2013,4,2013,12,All (PS),area,134380.0
311,SS2011A133,South Sudan,SS,Eastern Equatoria,none,Eastern Equatoria,Cereal Crops,Main,2014,4,2014,12,All (PS),area,150962.0
312,SS2011A133,South Sudan,SS,Eastern Equatoria,none,Eastern Equatoria,Cereal Crops,Main,2015,4,2015,12,All (PS),area,139178.0
313,SS2011A133,South Sudan,SS,Eastern Equatoria,none,Eastern Equatoria,Cereal Crops,Main,2017,4,2017,12,All (PS),area,107406.0
314,SS2011A133,South Sudan,SS,Eastern Equatoria,none,Eastern Equatoria,Cereal Crops,Main,2018,4,2018,12,All (PS),area,111525.0
315,SS2011A133,South Sudan,SS,Eastern Equatoria,none,Eastern Equatoria,Cereal Crops,Main,2019,4,2019,12,All (PS),area,122355.0
316,SS2011A133,South Sudan,SS,Eastern Equatoria,none,Eastern Equatoria,Cereal Crops,Main,2020,4,2020,12,All (PS),area,125117.0
317,SS2011A133,South Sudan,SS,Eastern Equatoria,none,Eastern Equatoria,Cereal Crops,Main,2021,4,2021,12,All (PS),area,131193.0
318,SS2011A133,South Sudan,SS,Eastern Equatoria,none,Eastern Equatoria,Cereal Crops,Main,2022,4,2022,12,All (PS),area,133950.0
319,SS2011A111,South Sudan,SS,Upper Nile,none,Upper Nile,Sorghum,Annual,1997,6,1998,5,irrigated,production,2000.0
320,SS2011A111,South Sudan,SS,Upper Nile,none,Upper Nile,Sorghum,Annual,1998,6,1999,5,irrigated,production,105.0
321,SS2011A111,South Sudan,SS,Upper Nile,none,Upper Nile,Sorghum,Annual,2000,6,2001,5,irrigated,production,5000.0
322,SS2011A111,South Sudan,SS,Upper Nile,none,Upper Nile,Sorghum,Annual,2001,6,2002,5,irrigated,production,13000.0
323,SS2011A111,South Sudan,SS,Upper Nile,none,Upper Nile,Sorghum,Annual,2002,6,2003,5,irrigated,production,8000.0
324,SS2011A111,South Sudan,SS,Upper Nile,none,Upper Nile,Sorghum,Annual,2003,6,2004,5,irrigated,production,10000.0
325,SS2011A111,South Sudan,SS,Upper Nile,none,Upper Nile,Sorghum,Annual,2004,6,2005,5,irrigated,production,3000.0
326,SS2011A111,South Sudan,SS,Upper Nile,none,Upper Nile,Sorghum,Annual,2005,6,2006,5,irrigated,production,1000.0
327,SS2011A111,South Sudan,SS,Upper Nile,none,Upper Nile,Sorghum,Annual,2007,6,2008,5,irrigated,production,2000.0
328,SS2011A111,South Sudan,SS,Upper Nile,none,Upper Nile,Sorghum,Annual,2008,6,2009,5,irrigated,production,3000.0
329,SS2011A111,South Sudan,SS,Upper Nile,none,Upper Nile,Sorghum,Annual,2009,6,2010,5,irrigated,production,840.0
330,SS2011A111,South Sudan,SS,Upper Nile,none,Upper Nile,Sorghum,Main,2006,4,2006,12,traditional_rainfed,production,24000.0
331,SS2011A111,South Sudan,SS,Upper Nile,none,Upper Nile,Sorghum,Main,2007,4,2007,12,traditional_rainfed,production,22000.0
332,SS2011A111,South Sudan,SS,Upper Nile,none,Upper Nile,Sorghum,Main,2008,4,2008,12,traditional_rainfed,production,2000.0
333,SS2011A111,South Sudan,SS,Upper Nile,none,Upper Nile,Sorghum,Main,1990,4,1990,12,mechanized_rainfed,production,9240.0
334,SS2011A111,South Sudan,SS,Upper Nile,none,Upper Nile,Sorghum,Main,1991,4,1991,12,mechanized_rainfed,production,151000.0
335,SS2011A111,South Sudan,SS,Upper Nile,none,Upper Nile,Sorghum,Main,1992,4,1992,12,mechanized_rainfed,production,87000.0
336,SS2011A111,South Sudan,SS,Upper Nile,none,Upper Nile,Sorghum,Main,1993,4,1993,12,mechanized_rainfed,production,49000.0
337,SS2011A111,South Sudan,SS,Upper Nile,none,Upper Nile,Sorghum,Main,1994,4,1994,12,mechanized_rainfed,production,174000.0
338,SS2011A111,South Sudan,SS,Upper Nile,none,Upper Nile,Sorghum,Main,1995,4,1995,12,mechanized_rainfed,production,40000.0
339,SS2011A111,South Sudan,SS,Upper Nile,none,Upper Nile,Sorghum,Main,1996,4,1996,12,mechanized_rainfed,production,86000.0
340,SS2011A111,South Sudan,SS,Upper Nile,none,Upper Nile,Sorghum,Main,1997,4,1997,12,mechanized_rainfed,production,90000.0
341,SS2011A111,South Sudan,SS,Upper Nile,none,Upper Nile,Sorghum,Main,1998,4,1998,12,mechanized_rainfed,production,139000.0
342,SS2011A111,South Sudan,SS,Upper Nile,none,Upper Nile,Sorghum,Main,1999,4,1999,12,mechanized_rainfed,production,20000.0
343,SS2011A111,South Sudan,SS,Upper Nile,none,Upper Nile,Sorghum,Main,2000,4,2000,12,mechanized_rainfed,production,46000.0
344,SS2011A111,South Sudan,SS,Upper Nile,none,Upper Nile,Sorghum,Main,2001,4,2001,12,mechanized_rainfed,production,50000.0
345,SS2011A111,South Sudan,SS,Upper Nile,none,Upper Nile,Sorghum,Main,2002,4,2002,12,mechanized_rainfed,production,80000.0
346,SS2011A111,South Sudan,SS,Upper Nile,none,Upper Nile,Sorghum,Main,2003,4,2003,12,mechanized_rainfed,production,163000.0
347,SS2011A111,South Sudan,SS,Upper Nile,none,Upper Nile,Sorghum,Main,2004,4,2004,12,mechanized_rainfed,production,65000.0
348,SS2011A111,South Sudan,SS,Upper Nile,none,Upper Nile,Sorghum,Main,2005,4,2005,12,mechanized_rainfed,production,152000.0
349,SS2011A111,South Sudan,SS,Upper Nile,none,Upper Nile,Sorghum,Main,2006,4,2006,12,mechanized_rainfed,production,111000.0
350,SS2011A111,South Sudan,SS,Upper Nile,none,Upper Nile,Sorghum,Main,2007,4,2007,12,mechanized_rainfed,production,61000.0
351,SS2011A111,South Sudan,SS,Upper Nile,none,Upper Nile,Sorghum,Main,2008,4,2008,12,mechanized_rainfed,production,40675.0
352,SS2011A111,South Sudan,SS,Upper Nile,none,Upper Nile,Millet,Main,1990,4,1990,12,mechanized_rainfed,production,420.0
353,SS2011A111,South Sudan,SS,Upper Nile,none,Upper Nile,Millet,Main,1991,4,1991,12,mechanized_rainfed,production,420.0
354,SS2011A111,South Sudan,SS,Upper Nile,none,Upper Nile,Millet,Main,1992,4,1992,12,mechanized_rainfed,production,840.0
355,SS2011A111,South Sudan,SS,Upper Nile,none,Upper Nile,Millet,Main,1993,4,1993,12,mechanized_rainfed,production,420.0
356,SS2011A111,South Sudan,SS,Upper Nile,none,Upper Nile,Millet,Main,1994,4,1994,12,mechanized_rainfed,production,252.0
357,SS2011A111,South Sudan,SS,Upper Nile,none,Upper Nile,Millet,Main,1995,4,1995,12,mechanized_rainfed,production,147.0
358,SS2011A111,South Sudan,SS,Upper Nile,none,Upper Nile,Millet,Main,1996,4,1996,12,mechanized_rainfed,production,252.0
359,SS2011A111,South Sudan,SS,Upper Nile,none,Upper Nile,Millet,Main,1997,4,1997,12,mechanized_rainfed,production,840.0
360,SS2011A111,South Sudan,SS,Upper Nile,none,Upper Nile,Millet,Main,1998,4,1998,12,mechanized_rainfed,production,840.0
361,SS2011A111,South Sudan,SS,Upper Nile,none,Upper Nile,Millet,Main,2005,4,2005,12,mechanized_rainfed,production,11760.0
362,SS2011A111,South Sudan,SS,Upper Nile,none,Upper Nile,Millet,Main,2006,4,2006,12,mechanized_rainfed,production,5460.0
363,SS2011A111,South Sudan,SS,Upper Nile,none,Upper Nile,Millet,Main,2007,4,2007,12,mechanized_rainfed,production,1260.0
364,SS2011A111,South Sudan,SS,Upper Nile,none,Upper Nile,Millet,Main,2008,4,2008,12,mechanized_rainfed,production,3175.0
365,SS2011A111,South Sudan,SS,Upper Nile,none,Upper Nile,Millet,Main,2009,4,2009,12,mechanized_rainfed,production,3360.0
366,SS2011A111,South Sudan,SS,Upper Nile,none,Upper Nile,Cotton (Acala),Annual,1996,6,1997,5,irrigated,production,420.0
367,SS2011A111,South Sudan,SS,Upper Nile,none,Upper Nile,Cotton (Acala),Annual,2000,6,2001,5,irrigated,production,840.0
368,SS2011A111,South Sudan,SS,Upper Nile,none,Upper Nile,Cotton (Acala),Annual,2001,6,2002,5,irrigated,production,2100.0
369,SS2011A111,South Sudan,SS,Upper Nile,none,Upper Nile,Cotton (Acala),Annual,2002,6,2003,5,irrigated,production,1260.0
370,SS2011A111,South Sudan,SS,Upper Nile,none,Upper Nile,Cotton (Acala),Annual,2004,6,2005,5,irrigated,production,126.0
371,SS2011A111,South Sudan,SS,Upper Nile,none,Upper Nile,Cotton (Acala),Annual,2005,6,2006,5,irrigated,production,1260.0
372,SS2011A111,South Sudan,SS,Upper Nile,none,Upper Nile,Cotton (Acala),Annual,2006,6,2007,5,irrigated,production,1260.0
373,SS2011A111,South Sudan,SS,Upper Nile,none,Upper Nile,Cotton (Acala),Annual,2007,6,2008,5,irrigated,production,420.0
374,SS2011A111,South Sudan,SS,Upper Nile,none,Upper Nile,Cotton (Acala),Annual,2008,6,2009,5,irrigated,production,605.0
375,SS2011A111,South Sudan,SS,Upper Nile,none,Upper Nile,Cotton (Acala),Annual,2009,6,2010,5,irrigated,production,420.0
376,SS2011A111,South Sudan,SS,Upper Nile,none,Upper Nile,Cereal Crops,Main,2013,4,2013,12,All (PS),production,48964.0
377,SS2011A111,South Sudan,SS,Upper Nile,none,Upper Nile,Cereal Crops,Main,2014,4,2014,12,All (PS),production,24091.0
378,SS2011A111,South Sudan,SS,Upper Nile,none,Upper Nile,Cereal Crops,Main,2015,4,2015,12,All (PS),production,33562.0
379,SS2011A111,South Sudan,SS,Upper Nile,none,Upper Nile,Cereal Crops,Main,2017,4,2017,12,All (PS),production,43593.0
380,SS2011A111,South Sudan,SS,Upper Nile,none,Upper Nile,Cereal Crops,Main,2018,4,2018,12,All (PS),production,39526.0
381,SS2011A111,South Sudan,SS,Upper Nile,none,Upper Nile,Cereal Crops,Main,2019,4,2019,12,All (PS),production,29535.0
382,SS2011A111,South Sudan,SS,Upper Nile,none,Upper Nile,Cereal Crops,Main,2020,4,2020,12,All (PS),production,31525.0
383,SS2011A111,South Sudan,SS,Upper Nile,none,Upper Nile,Cereal Crops,Main,2021,4,2021,12,All (PS),production,27805.0
384,SS2011A111,South Sudan,SS,Upper Nile,none,Upper Nile,Cereal Crops,Main,2022,4,2022,12,All (PS),production,32490.0
385,SS2011A112,South Sudan,SS,Jonglei,none,Jonglei,Cereal Crops,Main,2013,4,2013,12,All (PS),production,83259.0
386,SS2011A112,South Sudan,SS,Jonglei,none,Jonglei,Cereal Crops,Main,2014,4,2014,12,All (PS),production,28886.0
387,SS2011A112,South Sudan,SS,Jonglei,none,Jonglei,Cereal Crops,Main,2015,4,2015,12,All (PS),production,38632.0
388,SS2011A112,South Sudan,SS,Jonglei,none,Jonglei,Cereal Crops,Main,2017,4,2017,12,All (PS),production,45715.0
389,SS2011A112,South Sudan,SS,Jonglei,none,Jonglei,Cereal Crops,Main,2018,4,2018,12,All (PS),production,49551.0
390,SS2011A112,South Sudan,SS,Jonglei,none,Jonglei,Cereal Crops,Main,2019,4,2019,12,All (PS),production,47112.0
391,SS2011A112,South Sudan,SS,Jonglei,none,Jonglei,Cereal Crops,Main,2020,4,2020,12,All (PS),production,40995.0
392,SS2011A112,South Sudan,SS,Jonglei,none,Jonglei,Cereal Crops,Main,2021,4,2021,12,All (PS),production,40441.0
393,SS2011A112,South Sudan,SS,Jonglei,none,Jonglei,Cereal Crops,Main,2022,4,2022,12,All (PS),production,47632.0
394,SS2011A113,South Sudan,SS,Unity,none,Unity,Cereal Crops,Main,2013,4,2013,12,All (PS),production,27035.0
395,SS2011A113,South Sudan,SS,Unity,none,Unity,Cereal Crops,Main,2014,4,2014,12,All (PS),production,10320.0
396,SS2011A113,South Sudan,SS,Unity,none,Unity,Cereal Crops,Main,2015,4,2015,12,All (PS),production,10753.0
397,SS2011A113,South Sudan,SS,Unity,none,Unity,Cereal Crops,Main,2017,4,2017,12,All (PS),production,11923.0
398,SS2011A113,South Sudan,SS,Unity,none,Unity,Cereal Crops,Main,2018,4,2018,12,All (PS),production,11874.0
399,SS2011A113,South Sudan,SS,Unity,none,Unity,Cereal Crops,Main,2019,4,2019,12,All (PS),production,14365.0
400,SS2011A113,South Sudan,SS,Unity,none,Unity,Cereal Crops,Main,2020,4,2020,12,All (PS),production,17337.0
401,SS2011A113,South Sudan,SS,Unity,none,Unity,Cereal Crops,Main,2021,4,2021,12,All (PS),production,14727.0
402,SS2011A113,South Sudan,SS,Unity,none,Unity,Cereal Crops,Main,2022,4,2022,12,All (PS),production,12265.0
403,SS2011A121,South Sudan,SS,Western Bahr el Ghazal,none,Western Bahr el Ghazal,Cereal Crops,Main,2013,4,2013,12,All (PS),production,57070.0
404,SS2011A121,South Sudan,SS,Western Bahr el Ghazal,none,Western Bahr el Ghazal,Cereal Crops,Main,2014,4,2014,12,All (PS),production,94244.0
405,SS2011A121,South Sudan,SS,Western Bahr el Ghazal,none,Western Bahr el Ghazal,Cereal Crops,Main,2015,4,2015,12,All (PS),production,72766.0
406,SS2011A121,South Sudan,SS,Western Bahr el Ghazal,none,Western Bahr el Ghazal,Cereal Crops,Main,2017,4,2017,12,All (PS),production,40872.0
407,SS2011A121,South Sudan,SS,Western Bahr el Ghazal,none,Western Bahr el Ghazal,Cereal Crops,Main,2018,4,2018,12,All (PS),production,39346.0
408,SS2011A121,South Sudan,SS,Western Bahr el Ghazal,none,Western Bahr el Ghazal,Cereal Crops,Main,2019,4,2019,12,All (PS),production,50797.0
409,SS2011A121,South Sudan,SS,Western Bahr el Ghazal,none,Western Bahr el Ghazal,Cereal Crops,Main,2020,4,2020,12,All (PS),production,65479.0
410,SS2011A121,South Sudan,SS,Western Bahr el Ghazal,none,Western Bahr el Ghazal,Cereal Crops,Main,2021,4,2021,12,All (PS),production,125993.0
411,SS2011A121,South Sudan,SS,Western Bahr el Ghazal,none,Western Bahr el Ghazal,Cereal Crops,Main,2022,4,2022,12,All (PS),production,80853.0
412,SS2011A122,South Sudan,SS,Northern Bahr el Ghazal,none,Northern Bahr el Ghazal,Cereal Crops,Main,2013,4,2013,12,All (PS),production,98993.0
413,SS2011A122,South Sudan,SS,Northern Bahr el Ghazal,none,Northern Bahr el Ghazal,Cereal Crops,Main,2014,4,2014,12,All (PS),production,140608.0
414,SS2011A122,South Sudan,SS,Northern Bahr el Ghazal,none,Northern Bahr el Ghazal,Cereal Crops,Main,2015,4,2015,12,All (PS),production,150256.0
415,SS2011A122,South Sudan,SS,Northern Bahr el Ghazal,none,Northern Bahr el Ghazal,Cereal Crops,Main,2017,4,2017,12,All (PS),production,161396.0
416,SS2011A122,South Sudan,SS,Northern Bahr el Ghazal,none,Northern Bahr el Ghazal,Cereal Crops,Main,2018,4,2018,12,All (PS),production,168099.0
417,SS2011A122,South Sudan,SS,Northern Bahr el Ghazal,none,Northern Bahr el Ghazal,Cereal Crops,Main,2019,4,2019,12,All (PS),production,131776.0
418,SS2011A122,South Sudan,SS,Northern Bahr el Ghazal,none,Northern Bahr el Ghazal,Cereal Crops,Main,2020,4,2020,12,All (PS),production,148660.0
419,SS2011A122,South Sudan,SS,Northern Bahr el Ghazal,none,Northern Bahr el Ghazal,Cereal Crops,Main,2021,4,2021,12,All (PS),production,152937.0
420,SS2011A122,South Sudan,SS,Northern Bahr el Ghazal,none,Northern Bahr el Ghazal,Cereal Crops,Main,2022,4,2022,12,All (PS),production,145879.0
421,SS2011A123,South Sudan,SS,Warrap,none,Warrap,Sorghum,Main,1975,4,1975,12,traditional_rainfed,production,1878.87963663891
422,SS2011A123,South Sudan,SS,Warrap,none,Warrap,Sorghum,Main,1976,4,1976,12,traditional_rainfed,production,2192.026242745395
423,SS2011A123,South Sudan,SS,Warrap,none,Warrap,Sorghum,Main,1977,4,1977,12,traditional_rainfed,production,1657.8349735049205
424,SS2011A123,South Sudan,SS,Warrap,none,Warrap,Sorghum,Main,1978,4,1978,12,traditional_rainfed,production,2431.4912944738835
425,SS2011A123,South Sudan,SS,Warrap,none,Warrap,Sorghum,Main,1979,4,1979,12,traditional_rainfed,production,1123.6437042644461
426,SS2011A123,South Sudan,SS,Warrap,none,Warrap,Sorghum,Main,1980,4,1980,12,traditional_rainfed,production,1473.6310875599293
427,SS2011A123,South Sudan,SS,Warrap,none,Warrap,Sorghum,Main,1981,4,1981,12,traditional_rainfed,production,2063.083522583901
428,SS2011A123,South Sudan,SS,Warrap,none,Warrap,Sorghum,Main,1982,4,1982,12,traditional_rainfed,production,2431.4912944738835
429,SS2011A123,South Sudan,SS,Warrap,none,Warrap,Sorghum,Main,1983,4,1983,12,traditional_rainfed,production,1013.1213726974514
430,SS2011A123,South Sudan,SS,Warrap,none,Warrap,Sorghum,Main,1984,4,1984,12,traditional_rainfed,production,994.7009841029522
431,SS2011A123,South Sudan,SS,Warrap,none,Warrap,Sorghum,Main,1985,4,1985,12,traditional_rainfed,production,2799.8990663638656
432,SS2011A123,South Sudan,SS,Warrap,none,Warrap,Sorghum,Main,1986,4,1986,12,traditional_rainfed,production,1381.5291445874336
433,SS2011A123,South Sudan,SS,Warrap,none,Warrap,Sorghum,Main,1987,4,1987,12,traditional_rainfed,production,331.5669947009841
434,SS2011A123,South Sudan,SS,Warrap,none,Warrap,Sorghum,Main,1988,4,1988,12,traditional_rainfed,production,921.0194297249558
435,SS2011A123,South Sudan,SS,Warrap,none,Warrap,Sorghum,Main,1989,4,1989,12,traditional_rainfed,production,239.4650517284885
436,SS2011A123,South Sudan,SS,Warrap,none,Warrap,Sorghum,Main,1990,4,1990,12,traditional_rainfed,production,75.2574520705878
437,SS2011A123,South Sudan,SS,Warrap,none,Warrap,Sorghum,Main,1991,4,1991,12,traditional_rainfed,production,521.2637372854566
438,SS2011A123,South Sudan,SS,Warrap,none,Warrap,Sorghum,Main,1992,4,1992,12,traditional_rainfed,production,1009.9484909905722
439,SS2011A123,South Sudan,SS,Warrap,none,Warrap,Sorghum,Main,1993,4,1993,12,traditional_rainfed,production,651.5796716068207
440,SS2011A123,South Sudan,SS,Warrap,none,Warrap,Sorghum,Main,1994,4,1994,12,traditional_rainfed,production,1123.9749335217657
441,SS2011A123,South Sudan,SS,Warrap,none,Warrap,Sorghum,Main,1995,4,1995,12,traditional_rainfed,production,472.395261914945
442,SS2011A123,South Sudan,SS,Warrap,none,Warrap,Sorghum,Main,1996,4,1996,12,traditional_rainfed,production,81.44745895085259
443,SS2011A123,South Sudan,SS,Warrap,none,Warrap,Sorghum,Main,1997,4,1997,12,traditional_rainfed,production,1091.3959499414248
444,SS2011A123,South Sudan,SS,Warrap,none,Warrap,Sorghum,Main,1998,4,1998,12,traditional_rainfed,production,993.6589992004017
445,SS2011A123,South Sudan,SS,Warrap,none,Warrap,Sorghum,Main,1999,4,1999,12,traditional_rainfed,production,1742.9756215482455
446,SS2011A123,South Sudan,SS,Warrap,none,Warrap,Sorghum,Main,2000,4,2000,12,traditional_rainfed,production,1319.448835003812
447,SS2011A123,South Sudan,SS,Warrap,none,Warrap,Sorghum,Main,2001,4,2001,12,traditional_rainfed,production,1303.1593432136415
448,SS2011A123,South Sudan,SS,Warrap,none,Warrap,Sorghum,Main,2002,4,2002,12,traditional_rainfed,production,2378.2658013648957
449,SS2011A123,South Sudan,SS,Warrap,none,Warrap,Sorghum,Main,2003,4,2003,12,traditional_rainfed,production,1058.8169663610838
450,SS2011A123,South Sudan,SS,Warrap,none,Warrap,Sorghum,Main,2004,4,2004,12,traditional_rainfed,production,456.10577012477455
451,SS2011A123,South Sudan,SS,Warrap,none,Warrap,Sorghum,Main,2005,4,2005,12,traditional_rainfed,production,3426.1922785768356
452,SS2011A123,South Sudan,SS,Warrap,none,Warrap,Sorghum,Main,2006,4,2006,12,traditional_rainfed,production,6318.193287913196
453,SS2011A123,South Sudan,SS,Warrap,none,Warrap,Sorghum,Main,2007,4,2007,12,traditional_rainfed,production,5765.5816300782235
454,SS2011A123,South Sudan,SS,Warrap,none,Warrap,Sorghum,Main,2008,4,2008,12,traditional_rainfed,production,5761.768609639162
455,SS2011A123,South Sudan,SS,Warrap,none,Warrap,Sorghum,Main,2009,4,2009,12,traditional_rainfed,production,1740.7267221801665
456,SS2011A123,South Sudan,SS,Warrap,none,Warrap,Sorghum,Main,2010,4,2010,12,traditional_rainfed,production,1632.4148372445115
457,SS2011A123,South Sudan,SS,Warrap,none,Warrap,Sorghum,Main,2011,4,2011,12,traditional_rainfed,production,0.0
458,SS2011A123,South Sudan,SS,Warrap,none,Warrap,Sorghum,Main,2012,4,2012,12,traditional_rainfed,production,0.0
459,SS2011A123,South Sudan,SS,Warrap,none,Warrap,Sorghum,Main,1975,4,1975,12,mechanized_rainfed,production,1271.006813020439
460,SS2011A123,South Sudan,SS,Warrap,none,Warrap,Sorghum,Main,1976,4,1976,12,mechanized_rainfed,production,1584.153419126924
461,SS2011A123,South Sudan,SS,Warrap,none,Warrap,Sorghum,Main,1977,4,1977,12,mechanized_rainfed,production,1473.6310875599293
462,SS2011A123,South Sudan,SS,Warrap,none,Warrap,Sorghum,Main,1978,4,1978,12,mechanized_rainfed,production,1252.5864244259399
463,SS2011A123,South Sudan,SS,Warrap,none,Warrap,Sorghum,Main,1979,4,1979,12,mechanized_rainfed,production,773.6563209689629
464,SS2011A123,South Sudan,SS,Warrap,none,Warrap,Sorghum,Main,1980,4,1980,12,mechanized_rainfed,production,1842.0388594499116
465,SS2011A123,South Sudan,SS,Warrap,none,Warrap,Sorghum,Main,1981,4,1981,12,mechanized_rainfed,production,1455.21069896543
466,SS2011A123,South Sudan,SS,Warrap,none,Warrap,Sorghum,Main,1982,4,1982,12,mechanized_rainfed,production,2394.650517284885
467,SS2011A123,South Sudan,SS,Warrap,none,Warrap,Sorghum,Main,1983,4,1983,12,mechanized_rainfed,production,1915.720413827908
468,SS2011A123,South Sudan,SS,Warrap,none,Warrap,Sorghum,Main,1984,4,1984,12,mechanized_rainfed,production,423.66893767347966
469,SS2011A123,South Sudan,SS,Warrap,none,Warrap,Sorghum,Main,1985,4,1985,12,mechanized_rainfed,production,3168.306838253848
470,SS2011A123,South Sudan,SS,Warrap,none,Warrap,Sorghum,Main,1986,4,1986,12,mechanized_rainfed,production,2523.5932374463787
471,SS2011A123,South Sudan,SS,Warrap,none,Warrap,Sorghum,Main,1987,4,1987,12,mechanized_rainfed,production,1510.4718647489276
472,SS2011A123,South Sudan,SS,Warrap,none,Warrap,Sorghum,Main,1988,4,1988,12,mechanized_rainfed,production,6612.919505425182
473,SS2011A123,South Sudan,SS,Warrap,none,Warrap,Sorghum,Main,1989,4,1989,12,mechanized_rainfed,production,1455.21069896543
474,SS2011A123,South Sudan,SS,Warrap,none,Warrap,Sorghum,Main,2002,4,2002,12,mechanized_rainfed,production,97.73695074102311
475,SS2011A123,South Sudan,SS,Warrap,none,Warrap,Sorghum,Main,2003,4,2003,12,mechanized_rainfed,production,97.73695074102311
476,SS2011A123,South Sudan,SS,Warrap,none,Warrap,Sorghum,Main,2004,4,2004,12,mechanized_rainfed,production,97.73695074102311
477,SS2011A123,South Sudan,SS,Warrap,none,Warrap,Sorghum,Main,2005,4,2005,12,mechanized_rainfed,production,4586.67676003028
478,SS2011A123,South Sudan,SS,Warrap,none,Warrap,Sorghum,Main,2006,4,2006,12,mechanized_rainfed,production,6115.569013373706
479,SS2011A123,South Sudan,SS,Warrap,none,Warrap,Sorghum,Main,2007,4,2007,12,mechanized_rainfed,production,2284.1281857178906
480,SS2011A123,South Sudan,SS,Warrap,none,Warrap,Sorghum,Main,2008,4,2008,12,mechanized_rainfed,production,1086.8029270754478
481,SS2011A123,South Sudan,SS,Warrap,none,Warrap,Sorghum,Main,2009,4,2009,12,mechanized_rainfed,production,1059.9091597274792
482,SS2011A123,South Sudan,SS,Warrap,none,Warrap,Sorghum,Main,2010,4,2010,12,mechanized_rainfed,production,1353.898561695685
483,SS2011A123,South Sudan,SS,Warrap,none,Warrap,Sorghum,Main,2011,4,2011,12,mechanized_rainfed,production,0.0
484,SS2011A123,South Sudan,SS,Warrap,none,Warrap,Sorghum,Main,2012,4,2012,12,mechanized_rainfed,production,0.0
485,SS2011A123,South Sudan,SS,Warrap,none,Warrap,Millet,Main,1975,4,1975,12,traditional_rainfed,production,165.78349735049204
486,SS2011A123,South Sudan,SS,Warrap,none,Warrap,Millet,Main,1976,4,1976,12,traditional_rainfed,production,221.0446631339894
487,SS2011A123,South Sudan,SS,Warrap,none,Warrap,Millet,Main,1977,4,1977,12,traditional_rainfed,production,331.5669947009841
488,SS2011A123,South Sudan,SS,Warrap,none,Warrap,Millet,Main,1978,4,1978,12,traditional_rainfed,production,165.78349735049204
489,SS2011A123,South Sudan,SS,Warrap,none,Warrap,Millet,Main,1979,4,1979,12,traditional_rainfed,production,92.10194297249558
490,SS2011A123,South Sudan,SS,Warrap,none,Warrap,Millet,Main,1980,4,1980,12,traditional_rainfed,production,128.9427201614938
491,SS2011A123,South Sudan,SS,Warrap,none,Warrap,Millet,Main,1981,4,1981,12,traditional_rainfed,production,165.78349735049204
492,SS2011A123,South Sudan,SS,Warrap,none,Warrap,Millet,Main,1982,4,1982,12,traditional_rainfed,production,165.78349735049204
493,SS2011A123,South Sudan,SS,Warrap,none,Warrap,Millet,Main,1983,4,1983,12,traditional_rainfed,production,165.78349735049204
494,SS2011A123,South Sudan,SS,Warrap,none,Warrap,Millet,Main,1984,4,1984,12,traditional_rainfed,production,73.68155437799646
495,SS2011A123,South Sudan,SS,Warrap,none,Warrap,Millet,Main,1985,4,1985,12,traditional_rainfed,production,405.24854907898055
496,SS2011A123,South Sudan,SS,Warrap,none,Warrap,Millet,Main,1986,4,1986,12,traditional_rainfed,production,202.62427453949027
497,SS2011A123,South Sudan,SS,Warrap,none,Warrap,Millet,Main,1987,4,1987,12,traditional_rainfed,production,128.9427201614938
498,SS2011A123,South Sudan,SS,Warrap,none,Warrap,Millet,Main,1988,4,1988,12,traditional_rainfed,production,294.72621751198585
499,SS2011A123,South Sudan,SS,Warrap,none,Warrap,Millet,Main,1989,4,1989,12,traditional_rainfed,production,128.9427201614938
500,SS2011A123,South Sudan,SS,Warrap,none,Warrap,Millet,Main,1990,4,1990,12,traditional_rainfed,production,95.78221172620265
501,SS2011A123,South Sudan,SS,Warrap,none,Warrap,Millet,Main,1991,4,1991,12,traditional_rainfed,production,136.83173103743235
502,SS2011A123,South Sudan,SS,Warrap,none,Warrap,Millet,Main,1992,4,1992,12,traditional_rainfed,production,198.4060100042769
503,SS2011A123,South Sudan,SS,Warrap,none,Warrap,Millet,Main,1993,4,1993,12,traditional_rainfed,production,129.99014448556073
504,SS2011A123,South Sudan,SS,Warrap,none,Warrap,Millet,Main,1994,4,1994,12,traditional_rainfed,production,1156.2281272663035
505,SS2011A123,South Sudan,SS,Warrap,none,Warrap,Millet,Main,1995,4,1995,12,traditional_rainfed,production,68.41586551871617
506,SS2011A123,South Sudan,SS,Warrap,none,Warrap,Millet,Main,1996,4,1996,12,traditional_rainfed,production,410.4951931122971
507,SS2011A123,South Sudan,SS,Warrap,none,Warrap,Millet,Main,1997,4,1997,12,traditional_rainfed,production,1135.7033676106885
508,SS2011A123,South Sudan,SS,Warrap,none,Warrap,Millet,Main,1998,4,1998,12,traditional_rainfed,production,506.2774048384997
509,SS2011A123,South Sudan,SS,Warrap,none,Warrap,Millet,Main,1999,4,1999,12,traditional_rainfed,production,561.0100972534726
510,SS2011A123,South Sudan,SS,Warrap,none,Warrap,Millet,Main,2000,4,2000,12,traditional_rainfed,production,561.0100972534726
511,SS2011A123,South Sudan,SS,Warrap,none,Warrap,Millet,Main,2001,4,2001,12,traditional_rainfed,production,431.01995276791195
512,SS2011A123,South Sudan,SS,Warrap,none,Warrap,Millet,Main,2002,4,2002,12,traditional_rainfed,production,896.247838295182
513,SS2011A123,South Sudan,SS,Warrap,none,Warrap,Millet,Main,2003,4,2003,12,traditional_rainfed,production,595.2180300128308
514,SS2011A123,South Sudan,SS,Warrap,none,Warrap,Millet,Main,2004,4,2004,12,traditional_rainfed,production,896.247838295182
515,SS2011A123,South Sudan,SS,Warrap,none,Warrap,Millet,Main,2005,4,2005,12,traditional_rainfed,production,448.72066616199845
516,SS2011A123,South Sudan,SS,Warrap,none,Warrap,Millet,Main,2006,4,2006,12,traditional_rainfed,production,502.87660862982585
517,SS2011A123,South Sudan,SS,Warrap,none,Warrap,Millet,Main,2007,4,2007,12,traditional_rainfed,production,1392.581377744133
518,SS2011A123,South Sudan,SS,Warrap,none,Warrap,Millet,Main,2008,4,2008,12,traditional_rainfed,production,1392.581377744133
519,SS2011A123,South Sudan,SS,Warrap,none,Warrap,Millet,Main,2009,4,2009,12,traditional_rainfed,production,216.6237698713096
520,SS2011A123,South Sudan,SS,Warrap,none,Warrap,Millet,Main,2010,4,2010,12,traditional_rainfed,production,170.20439061317182
521,SS2011A123,South Sudan,SS,Warrap,none,Warrap,Millet,Main,2011,4,2011,12,traditional_rainfed,production,0.0
522,SS2011A123,South Sudan,SS,Warrap,none,Warrap,Millet,Main,2012,4,2012,12,traditional_rainfed,production,0.0
523,SS2011A123,South Sudan,SS,Warrap,none,Warrap,Millet,Main,2005,4,2005,12,mechanized_rainfed,production,7.736563209689629
524,SS2011A123,South Sudan,SS,Warrap,none,Warrap,Millet,Main,2006,4,2006,12,mechanized_rainfed,production,15.473126419379257
525,SS2011A123,South Sudan,SS,Warrap,none,Warrap,Millet,Main,2007,4,2007,12,mechanized_rainfed,production,30.946252838758515
526,SS2011A123,South Sudan,SS,Warrap,none,Warrap,Millet,Main,2008,4,2008,12,mechanized_rainfed,production,7.736563209689629
527,SS2011A123,South Sudan,SS,Warrap,none,Warrap,Millet,Main,2009,4,2009,12,mechanized_rainfed,production,4.409841029523088
528,SS2011A123,South Sudan,SS,Warrap,none,Warrap,Millet,Main,2010,4,2010,12,mechanized_rainfed,production,3.0946252838758515
529,SS2011A123,South Sudan,SS,Warrap,none,Warrap,Millet,Main,2011,4,2011,12,mechanized_rainfed,production,0.0
530,SS2011A123,South Sudan,SS,Warrap,none,Warrap,Millet,Main,2012,4,2012,12,mechanized_rainfed,production,0.0
531,SS2011A123,South Sudan,SS,Warrap,none,Warrap,Groundnuts (In Shell),Main,1990,4,1990,12,traditional_rainfed,production,20.524759655614854
532,SS2011A123,South Sudan,SS,Warrap,none,Warrap,Groundnuts (In Shell),Main,1991,4,1991,12,traditional_rainfed,production,20.524759655614854
533,SS2011A123,South Sudan,SS,Warrap,none,Warrap,Groundnuts (In Shell),Main,1992,4,1992,12,traditional_rainfed,production,314.71298138609444
534,SS2011A123,South Sudan,SS,Warrap,none,Warrap,Groundnuts (In Shell),Main,1993,4,1993,12,traditional_rainfed,production,123.14855793368912
535,SS2011A123,South Sudan,SS,Warrap,none,Warrap,Groundnuts (In Shell),Main,1994,4,1994,12,traditional_rainfed,production,1361.475723822452
536,SS2011A123,South Sudan,SS,Warrap,none,Warrap,Groundnuts (In Shell),Main,1995,4,1995,12,traditional_rainfed,production,547.3269241497294
537,SS2011A123,South Sudan,SS,Warrap,none,Warrap,Groundnuts (In Shell),Main,1996,4,1996,12,traditional_rainfed,production,862.0399055358239
538,SS2011A123,South Sudan,SS,Warrap,none,Warrap,Groundnuts (In Shell),Main,1997,4,1997,12,traditional_rainfed,production,1594.0896665860869
539,SS2011A123,South Sudan,SS,Warrap,none,Warrap,Groundnuts (In Shell),Main,1998,4,1998,12,traditional_rainfed,production,978.3468769176413
540,SS2011A123,South Sudan,SS,Warrap,none,Warrap,Groundnuts (In Shell),Main,1999,4,1999,12,traditional_rainfed,production,2038.792792457742
541,SS2011A123,South Sudan,SS,Warrap,none,Warrap,Groundnuts (In Shell),Main,2000,4,2000,12,traditional_rainfed,production,1156.2281272663035
542,SS2011A123,South Sudan,SS,Warrap,none,Warrap,Groundnuts (In Shell),Main,2001,4,2001,12,traditional_rainfed,production,834.6735593283374
543,SS2011A123,South Sudan,SS,Warrap,none,Warrap,Groundnuts (In Shell),Main,2002,4,2002,12,traditional_rainfed,production,1190.4360600256616
544,SS2011A123,South Sudan,SS,Warrap,none,Warrap,Groundnuts (In Shell),Main,2003,4,2003,12,traditional_rainfed,production,732.0497610502631
545,SS2011A123,South Sudan,SS,Warrap,none,Warrap,Groundnuts (In Shell),Main,2004,4,2004,12,traditional_rainfed,production,314.71298138609444
546,SS2011A123,South Sudan,SS,Warrap,none,Warrap,Groundnuts (In Shell),Main,2005,4,2005,12,traditional_rainfed,production,38.682816048448146
547,SS2011A123,South Sudan,SS,Warrap,none,Warrap,Groundnuts (In Shell),Main,2006,4,2006,12,traditional_rainfed,production,38.682816048448146
548,SS2011A123,South Sudan,SS,Warrap,none,Warrap,Groundnuts (In Shell),Main,2007,4,2007,12,traditional_rainfed,production,471.93035579106737
549,SS2011A123,South Sudan,SS,Warrap,none,Warrap,Groundnuts (In Shell),Main,2008,4,2008,12,traditional_rainfed,production,647.5503406510219
550,SS2011A123,South Sudan,SS,Warrap,none,Warrap,Groundnuts (In Shell),Main,2009,4,2009,12,traditional_rainfed,production,549.2959878879636
551,SS2011A123,South Sudan,SS,Warrap,none,Warrap,Groundnuts (In Shell),Main,2010,4,2010,12,traditional_rainfed,production,634.3981831945496
552,SS2011A123,South Sudan,SS,Warrap,none,Warrap,Groundnuts (In Shell),Main,2011,4,2011,12,traditional_rainfed,production,0.0
553,SS2011A123,South Sudan,SS,Warrap,none,Warrap,Groundnuts (In Shell),Main,2012,4,2012,12,traditional_rainfed,production,0.0
554,SS2011A123,South Sudan,SS,Warrap,none,Warrap,Sesame Seed,Main,2008,4,2008,12,irrigated,production,332.9116830683825
555,SS2011A123,South Sudan,SS,Warrap,none,Warrap,Sesame Seed,Main,2009,4,2009,12,irrigated,production,293.98940196820587
556,SS2011A123,South Sudan,SS,Warrap,none,Warrap,Sesame Seed,Main,2010,4,2010,12,irrigated,production,177.94095382286147
557,SS2011A123,South Sudan,SS,Warrap,none,Warrap,Sesame Seed,Main,1990,4,1990,12,traditional_rainfed,production,6.841586551871618
558,SS2011A123,South Sudan,SS,Warrap,none,Warrap,Sesame Seed,Main,1991,4,1991,12,traditional_rainfed,production,6.841586551871618
559,SS2011A123,South Sudan,SS,Warrap,none,Warrap,Sesame Seed,Main,1992,4,1992,12,traditional_rainfed,production,41.04951931122971
560,SS2011A123,South Sudan,SS,Warrap,none,Warrap,Sesame Seed,Main,1993,4,1993,12,traditional_rainfed,production,68.41586551871617
561,SS2011A123,South Sudan,SS,Warrap,none,Warrap,Sesame Seed,Main,1994,4,1994,12,traditional_rainfed,production,34.20793275935809
562,SS2011A123,South Sudan,SS,Warrap,none,Warrap,Sesame Seed,Main,1995,4,1995,12,traditional_rainfed,production,13.683173103743236
563,SS2011A123,South Sudan,SS,Warrap,none,Warrap,Sesame Seed,Main,1996,4,1996,12,traditional_rainfed,production,13.683173103743236
564,SS2011A123,South Sudan,SS,Warrap,none,Warrap,Sesame Seed,Main,1997,4,1997,12,traditional_rainfed,production,27.366346207486473
565,SS2011A123,South Sudan,SS,Warrap,none,Warrap,Sesame Seed,Main,1998,4,1998,12,traditional_rainfed,production,75.2574520705878
566,SS2011A123,South Sudan,SS,Warrap,none,Warrap,Sesame Seed,Main,1999,4,1999,12,traditional_rainfed,production,102.62379827807428
567,SS2011A123,South Sudan,SS,Warrap,none,Warrap,Sesame Seed,Main,2000,4,2000,12,traditional_rainfed,production,34.20793275935809
568,SS2011A123,South Sudan,SS,Warrap,none,Warrap,Sesame Seed,Main,2001,4,2001,12,traditional_rainfed,production,47.89110586310132
569,SS2011A123,South Sudan,SS,Warrap,none,Warrap,Sesame Seed,Main,2002,4,2002,12,traditional_rainfed,production,109.46538482994589
570,SS2011A123,South Sudan,SS,Warrap,none,Warrap,Sesame Seed,Main,2003,4,2003,12,traditional_rainfed,production,61.57427896684456
571,SS2011A123,South Sudan,SS,Warrap,none,Warrap,Sesame Seed,Main,2004,4,2004,12,traditional_rainfed,production,20.524759655614854
572,SS2011A123,South Sudan,SS,Warrap,none,Warrap,Sesame Seed,Main,2005,4,2005,12,traditional_rainfed,production,224.36033308099923
573,SS2011A123,South Sudan,SS,Warrap,none,Warrap,Sesame Seed,Main,2006,4,2006,12,traditional_rainfed,production,69.62906888720666
574,SS2011A123,South Sudan,SS,Warrap,none,Warrap,Sesame Seed,Main,2007,4,2007,12,traditional_rainfed,production,355.88190764572295
575,SS2011A123,South Sudan,SS,Warrap,none,Warrap,Sesame Seed,Main,2008,4,2008,12,traditional_rainfed,production,302.88644965934895
576,SS2011A123,South Sudan,SS,Warrap,none,Warrap,Sesame Seed,Main,2009,4,2009,12,traditional_rainfed,production,131.5215745647237
577,SS2011A123,South Sudan,SS,Warrap,none,Warrap,Sesame Seed,Main,2010,4,2010,12,traditional_rainfed,production,123.78501135503406
578,SS2011A123,South Sudan,SS,Warrap,none,Warrap,Sesame Seed,Main,2011,4,2011,12,traditional_rainfed,production,0.0
579,SS2011A123,South Sudan,SS,Warrap,none,Warrap,Sesame Seed,Main,2012,4,2012,12,traditional_rainfed,production,0.0
580,SS2011A123,South Sudan,SS,Warrap,none,Warrap,Sesame Seed,Main,2005,4,2005,12,mechanized_rainfed,production,23.209689629068887
581,SS2011A123,South Sudan,SS,Warrap,none,Warrap,Sesame Seed,Main,2006,4,2006,12,mechanized_rainfed,production,247.57002271006812
582,SS2011A123,South Sudan,SS,Warrap,none,Warrap,Sesame Seed,Main,2007,4,2007,12,mechanized_rainfed,production,332.672218016654
583,SS2011A123,South Sudan,SS,Warrap,none,Warrap,Sesame Seed,Main,2011,4,2011,12,mechanized_rainfed,production,0.0
584,SS2011A123,South Sudan,SS,Warrap,none,Warrap,Sesame Seed,Main,2012,4,2012,12,mechanized_rainfed,production,0.0
585,SS2011A123,South Sudan,SS,Warrap,none,Warrap,Sunflower Seed,Main,2007,4,2007,12,traditional_rainfed,production,30.946252838758515
586,SS2011A123,South Sudan,SS,Warrap,none,Warrap,Sunflower Seed,Main,2008,4,2008,12,traditional_rainfed,production,32.21725965177895
587,SS2011A123,South Sudan,SS,Warrap,none,Warrap,Sunflower Seed,Main,2009,4,2009,12,traditional_rainfed,production,7.117638152914458
588,SS2011A123,South Sudan,SS,Warrap,none,Warrap,Sunflower Seed,Main,2011,4,2011,12,traditional_rainfed,production,0.0
589,SS2011A123,South Sudan,SS,Warrap,none,Warrap,Cotton (American),Main,2005,4,2005,12,traditional_rainfed,production,7.736563209689629
590,SS2011A123,South Sudan,SS,Warrap,none,Warrap,Cotton (American),Main,2006,4,2006,12,traditional_rainfed,production,7.736563209689629
591,SS2011A123,South Sudan,SS,Warrap,none,Warrap,Cotton (American),Main,2007,4,2007,12,traditional_rainfed,production,15.473126419379257
592,SS2011A123,South Sudan,SS,Warrap,none,Warrap,Cotton (American),Main,2008,4,2008,12,traditional_rainfed,production,21.699217764319958
593,SS2011A123,South Sudan,SS,Warrap,none,Warrap,Cereal Crops,Main,2013,4,2013,12,All (PS),production,122835.0
594,SS2011A123,South Sudan,SS,Warrap,none,Warrap,Cereal Crops,Main,2014,4,2014,12,All (PS),production,153686.0
595,SS2011A123,South Sudan,SS,Warrap,none,Warrap,Cereal Crops,Main,2015,4,2015,12,All (PS),production,141651.0
596,SS2011A123,South Sudan,SS,Warrap,none,Warrap,Cereal Crops,Main,2017,4,2017,12,All (PS),production,178330.0
597,SS2011A123,South Sudan,SS,Warrap,none,Warrap,Cereal Crops,Main,2018,4,2018,12,All (PS),production,160753.0
598,SS2011A123,South Sudan,SS,Warrap,none,Warrap,Cereal Crops,Main,2019,4,2019,12,All (PS),production,161171.0
599,SS2011A123,South Sudan,SS,Warrap,none,Warrap,Cereal Crops,Main,2020,4,2020,12,All (PS),production,168118.0
600,SS2011A123,South Sudan,SS,Warrap,none,Warrap,Cereal Crops,Main,2021,4,2021,12,All (PS),production,133297.0
601,SS2011A123,South Sudan,SS,Warrap,none,Warrap,Cereal Crops,Main,2022,4,2022,12,All (PS),production,167565.0
602,SS2011A124,South Sudan,SS,Lakes,none,Lakes,Cereal Crops,Main,2013,4,2013,12,All (PS),production,88247.0
603,SS2011A124,South Sudan,SS,Lakes,none,Lakes,Cereal Crops,Main,2014,4,2014,12,All (PS),production,114892.0
604,SS2011A124,South Sudan,SS,Lakes,none,Lakes,Cereal Crops,Main,2015,4,2015,12,All (PS),production,114081.0
605,SS2011A124,South Sudan,SS,Lakes,none,Lakes,Cereal Crops,Main,2017,4,2017,12,All (PS),production,140472.0
606,SS2011A124,South Sudan,SS,Lakes,none,Lakes,Cereal Crops,Main,2018,4,2018,12,All (PS),production,144495.0
607,SS2011A124,South Sudan,SS,Lakes,none,Lakes,Cereal Crops,Main,2019,4,2019,12,All (PS),production,162124.0
608,SS2011A124,South Sudan,SS,Lakes,none,Lakes,Cereal Crops,Main,2020,4,2020,12,All (PS),production,169484.0
609,SS2011A124,South Sudan,SS,Lakes,none,Lakes,Cereal Crops,Main,2021,4,2021,12,All (PS),production,151683.0
610,SS2011A124,South Sudan,SS,Lakes,none,Lakes,Cereal Crops,Main,2022,4,2022,12,All (PS),production,190459.0
611,SS2011A131,South Sudan,SS,Western Equatoria,none,Western Equatoria,Cereal Crops,Main,2013,4,2013,12,All (PS),production,220564.0
612,SS2011A131,South Sudan,SS,Western Equatoria,none,Western Equatoria,Cereal Crops,Main,2014,4,2014,12,All (PS),production,245957.0
613,SS2011A131,South Sudan,SS,Western Equatoria,none,Western Equatoria,Cereal Crops,Main,2015,4,2015,12,All (PS),production,170694.0
614,SS2011A131,South Sudan,SS,Western Equatoria,none,Western Equatoria,Cereal Crops,Main,2017,4,2017,12,All (PS),production,137897.0
615,SS2011A131,South Sudan,SS,Western Equatoria,none,Western Equatoria,Cereal Crops,Main,2018,4,2018,12,All (PS),production,142585.0
616,SS2011A131,South Sudan,SS,Western Equatoria,none,Western Equatoria,Cereal Crops,Main,2019,4,2019,12,All (PS),production,171525.0
617,SS2011A131,South Sudan,SS,Western Equatoria,none,Western Equatoria,Cereal Crops,Main,2020,4,2020,12,All (PS),production,202278.0
618,SS2011A131,South Sudan,SS,Western Equatoria,none,Western Equatoria,Cereal Crops,Main,2021,4,2021,12,All (PS),production,197951.0
619,SS2011A131,South Sudan,SS,Western Equatoria,none,Western Equatoria,Cereal Crops,Main,2022,4,2022,12,All (PS),production,222426.0
620,SS2011A132,South Sudan,SS,Central Equatoria,none,Central Equatoria,Cereal Crops,Main,2013,4,2013,12,All (PS),production,182298.0
621,SS2011A132,South Sudan,SS,Central Equatoria,none,Central Equatoria,Cereal Crops,Main,2014,4,2014,12,All (PS),production,278586.0
622,SS2011A132,South Sudan,SS,Central Equatoria,none,Central Equatoria,Cereal Crops,Main,2015,4,2015,12,All (PS),production,271879.0
623,SS2011A132,South Sudan,SS,Central Equatoria,none,Central Equatoria,Cereal Crops,Main,2017,4,2017,12,All (PS),production,77942.0
624,SS2011A132,South Sudan,SS,Central Equatoria,none,Central Equatoria,Cereal Crops,Main,2018,4,2018,12,All (PS),production,61141.0
625,SS2011A132,South Sudan,SS,Central Equatoria,none,Central Equatoria,Cereal Crops,Main,2019,4,2019,12,All (PS),production,85433.0
626,SS2011A132,South Sudan,SS,Central Equatoria,none,Central Equatoria,Cereal Crops,Main,2020,4,2020,12,All (PS),production,97068.0
627,SS2011A132,South Sudan,SS,Central Equatoria,none,Central Equatoria,Cereal Crops,Main,2021,4,2021,12,All (PS),production,101054.0
628,SS2011A132,South Sudan,SS,Central Equatoria,none,Central Equatoria,Cereal Crops,Main,2022,4,2022,12,All (PS),production,113786.0
629,SS2011A133,South Sudan,SS,Eastern Equatoria,none,Eastern Equatoria,Cereal Crops,Main,2013,4,2013,12,All (PS),production,141836.0
630,SS2011A133,South Sudan,SS,Eastern Equatoria,none,Eastern Equatoria,Cereal Crops,Main,2014,4,2014,12,All (PS),production,177682.0
631,SS2011A133,South Sudan,SS,Eastern Equatoria,none,Eastern Equatoria,Cereal Crops,Main,2015,4,2015,12,All (PS),production,146975.0
632,SS2011A133,South Sudan,SS,Eastern Equatoria,none,Eastern Equatoria,Cereal Crops,Main,2017,4,2017,12,All (PS),production,116991.0
633,SS2011A133,South Sudan,SS,Eastern Equatoria,none,Eastern Equatoria,Cereal Crops,Main,2018,4,2018,12,All (PS),production,113702.0
634,SS2011A133,South Sudan,SS,Eastern Equatoria,none,Eastern Equatoria,Cereal Crops,Main,2019,4,2019,12,All (PS),production,154221.0
635,SS2011A133,South Sudan,SS,Eastern Equatoria,none,Eastern Equatoria,Cereal Crops,Main,2020,4,2020,12,All (PS),production,152069.0
636,SS2011A133,South Sudan,SS,Eastern Equatoria,none,Eastern Equatoria,Cereal Crops,Main,2021,4,2021,12,All (PS),production,155873.0
637,SS2011A133,South Sudan,SS,Eastern Equatoria,none,Eastern Equatoria,Cereal Crops,Main,2022,4,2022,12,All (PS),production,156902.0
638,SS2011A111,South Sudan,SS,Upper Nile,none,Upper Nile,Sorghum,Annual,1997,6,1998,5,irrigated,yield,1.1904761904761905
639,SS2011A111,South Sudan,SS,Upper Nile,none,Upper Nile,Sorghum,Annual,1998,6,1999,5,irrigated,yield,0.25
640,SS2011A111,South Sudan,SS,Upper Nile,none,Upper Nile,Sorghum,Annual,2000,6,2001,5,irrigated,yield,1.1904761904761905
641,SS2011A111,South Sudan,SS,Upper Nile,none,Upper Nile,Sorghum,Annual,2001,6,2002,5,irrigated,yield,1.473922902494331
642,SS2011A111,South Sudan,SS,Upper Nile,none,Upper Nile,Sorghum,Annual,2002,6,2003,5,irrigated,yield,0.9523809523809523
643,SS2011A111,South Sudan,SS,Upper Nile,none,Upper Nile,Sorghum,Annual,2003,6,2004,5,irrigated,yield,1.5873015873015872
644,SS2011A111,South Sudan,SS,Upper Nile,none,Upper Nile,Sorghum,Annual,2004,6,2005,5,irrigated,yield,0.8928571428571429
645,SS2011A111,South Sudan,SS,Upper Nile,none,Upper Nile,Sorghum,Annual,2005,6,2006,5,irrigated,yield,1.1904761904761905
646,SS2011A111,South Sudan,SS,Upper Nile,none,Upper Nile,Sorghum,Annual,2007,6,2008,5,irrigated,yield,1.1904761904761905
647,SS2011A111,South Sudan,SS,Upper Nile,none,Upper Nile,Sorghum,Annual,2008,6,2009,5,irrigated,yield,1.7857142857142858
648,SS2011A111,South Sudan,SS,Upper Nile,none,Upper Nile,Sorghum,Annual,2009,6,2010,5,irrigated,yield,0.5
649,SS2011A111,South Sudan,SS,Upper Nile,none,Upper Nile,Sorghum,Main,2006,4,2006,12,traditional_rainfed,yield,0.5714285714285714
650,SS2011A111,South Sudan,SS,Upper Nile,none,Upper Nile,Sorghum,Main,2007,4,2007,12,traditional_rainfed,yield,0.5238095238095238
651,SS2011A111,South Sudan,SS,Upper Nile,none,Upper Nile,Sorghum,Main,2008,4,2008,12,traditional_rainfed,yield,0.31746031746031744
652,SS2011A111,South Sudan,SS,Upper Nile,none,Upper Nile,Sorghum,Main,1990,4,1990,12,mechanized_rainfed,yield,0.05597964376590331
653,SS2011A111,South Sudan,SS,Upper Nile,none,Upper Nile,Sorghum,Main,1991,4,1991,12,mechanized_rainfed,yield,0.5136054421768708
654,SS2011A111,South Sudan,SS,Upper Nile,none,Upper Nile,Sorghum,Main,1992,4,1992,12,mechanized_rainfed,yield,0.4582806573957016
655,SS2011A111,South Sudan,SS,Upper Nile,none,Upper Nile,Sorghum,Main,1993,4,1993,12,mechanized_rainfed,yield,0.27386541471048514
656,SS2011A111,South Sudan,SS,Upper Nile,none,Upper Nile,Sorghum,Main,1994,4,1994,12,mechanized_rainfed,yield,0.4707792207792208
657,SS2011A111,South Sudan,SS,Upper Nile,none,Upper Nile,Sorghum,Main,1995,4,1995,12,mechanized_rainfed,yield,0.2826056238519147
658,SS2011A111,South Sudan,SS,Upper Nile,none,Upper Nile,Sorghum,Main,1996,4,1996,12,mechanized_rainfed,yield,0.30561478322672353
659,SS2011A111,South Sudan,SS,Upper Nile,none,Upper Nile,Sorghum,Main,1997,4,1997,12,mechanized_rainfed,yield,0.4355400696864111
660,SS2011A111,South Sudan,SS,Upper Nile,none,Upper Nile,Sorghum,Main,1998,4,1998,12,mechanized_rainfed,yield,0.4755062944718117
661,SS2011A111,South Sudan,SS,Upper Nile,none,Upper Nile,Sorghum,Main,1999,4,1999,12,mechanized_rainfed,yield,0.31746031746031744
662,SS2011A111,South Sudan,SS,Upper Nile,none,Upper Nile,Sorghum,Main,2000,4,2000,12,mechanized_rainfed,yield,0.34226190476190477
663,SS2011A111,South Sudan,SS,Upper Nile,none,Upper Nile,Sorghum,Main,2001,4,2001,12,mechanized_rainfed,yield,0.3968253968253968
664,SS2011A111,South Sudan,SS,Upper Nile,none,Upper Nile,Sorghum,Main,2002,4,2002,12,mechanized_rainfed,yield,0.368425900340794
665,SS2011A111,South Sudan,SS,Upper Nile,none,Upper Nile,Sorghum,Main,2003,4,2003,12,mechanized_rainfed,yield,0.7056277056277056
666,SS2011A111,South Sudan,SS,Upper Nile,none,Upper Nile,Sorghum,Main,2004,4,2004,12,mechanized_rainfed,yield,0.7476420519898781
667,SS2011A111,South Sudan,SS,Upper Nile,none,Upper Nile,Sorghum,Main,2005,4,2005,12,mechanized_rainfed,yield,0.5126129772022123
668,SS2011A111,South Sudan,SS,Upper Nile,none,Upper Nile,Sorghum,Main,2006,4,2006,12,mechanized_rainfed,yield,0.593900481540931
669,SS2011A111,South Sudan,SS,Upper Nile,none,Upper Nile,Sorghum,Main,2007,4,2007,12,mechanized_rainfed,yield,0.5439629035134653
670,SS2011A111,South Sudan,SS,Upper Nile,none,Upper Nile,Sorghum,Main,2008,4,2008,12,mechanized_rainfed,yield,0.4247598162071846
671,SS2011A111,South Sudan,SS,Upper Nile,none,Upper Nile,Millet,Main,1990,4,1990,12,mechanized_rainfed,yield,0.25
672,SS2011A111,South Sudan,SS,Upper Nile,none,Upper Nile,Millet,Main,1991,4,1991,12,mechanized_rainfed,yield,0.125
673,SS2011A111,South Sudan,SS,Upper Nile,none,Upper Nile,Millet,Main,1992,4,1992,12,mechanized_rainfed,yield,0.2
674,SS2011A111,South Sudan,SS,Upper Nile,none,Upper Nile,Millet,Main,1993,4,1993,12,mechanized_rainfed,yield,0.25
675,SS2011A111,South Sudan,SS,Upper Nile,none,Upper Nile,Millet,Main,1994,4,1994,12,mechanized_rainfed,yield,0.2
676,SS2011A111,South Sudan,SS,Upper Nile,none,Upper Nile,Millet,Main,1995,4,1995,12,mechanized_rainfed,yield,0.07
677,SS2011A111,South Sudan,SS,Upper Nile,none,Upper Nile,Millet,Main,1996,4,1996,12,mechanized_rainfed,yield,0.2
678,SS2011A111,South Sudan,SS,Upper Nile,none,Upper Nile,Millet,Main,1997,4,1997,12,mechanized_rainfed,yield,0.2222222222222222
679,SS2011A111,South Sudan,SS,Upper Nile,none,Upper Nile,Millet,Main,1998,4,1998,12,mechanized_rainfed,yield,0.2
680,SS2011A111,South Sudan,SS,Upper Nile,none,Upper Nile,Millet,Main,2005,4,2005,12,mechanized_rainfed,yield,0.15555555555555556
681,SS2011A111,South Sudan,SS,Upper Nile,none,Upper Nile,Millet,Main,2006,4,2006,12,mechanized_rainfed,yield,0.10483870967741936
682,SS2011A111,South Sudan,SS,Upper Nile,none,Upper Nile,Millet,Main,2007,4,2007,12,mechanized_rainfed,yield,0.13636363636363635
683,SS2011A111,South Sudan,SS,Upper Nile,none,Upper Nile,Millet,Main,2008,4,2008,12,mechanized_rainfed,yield,0.15749007936507936
684,SS2011A111,South Sudan,SS,Upper Nile,none,Upper Nile,Millet,Main,2009,4,2009,12,mechanized_rainfed,yield,0.16666666666666666
685,SS2011A111,South Sudan,SS,Upper Nile,none,Upper Nile,Cotton (Acala),Annual,1996,6,1997,5,irrigated,yield,0.2
686,SS2011A111,South Sudan,SS,Upper Nile,none,Upper Nile,Cotton (Acala),Annual,2000,6,2001,5,irrigated,yield,0.4
687,SS2011A111,South Sudan,SS,Upper Nile,none,Upper Nile,Cotton (Acala),Annual,2001,6,2002,5,irrigated,yield,0.5555555555555556
688,SS2011A111,South Sudan,SS,Upper Nile,none,Upper Nile,Cotton (Acala),Annual,2002,6,2003,5,irrigated,yield,0.42857142857142855
689,SS2011A111,South Sudan,SS,Upper Nile,none,Upper Nile,Cotton (Acala),Annual,2004,6,2005,5,irrigated,yield,0.3
690,SS2011A111,South Sudan,SS,Upper Nile,none,Upper Nile,Cotton (Acala),Annual,2005,6,2006,5,irrigated,yield,0.6
691,SS2011A111,South Sudan,SS,Upper Nile,none,Upper Nile,Cotton (Acala),Annual,2006,6,2007,5,irrigated,yield,0.6
692,SS2011A111,South Sudan,SS,Upper Nile,none,Upper Nile,Cotton (Acala),Annual,2007,6,2008,5,irrigated,yield,0.3333333333333333
693,SS2011A111,South Sudan,SS,Upper Nile,none,Upper Nile,Cotton (Acala),Annual,2008,6,2009,5,irrigated,yield,0.4801587301587302
694,SS2011A111,South Sudan,SS,Upper Nile,none,Upper Nile,Cotton (Acala),Annual,2009,6,2010,5,irrigated,yield,0.3333333333333333
695,SS2011A111,South Sudan,SS,Upper Nile,none,Upper Nile,Cereal Crops,Main,2013,4,2013,12,All (PS),yield,0.6089671040358187
696,SS2011A111,South Sudan,SS,Upper Nile,none,Upper Nile,Cereal Crops,Main,2014,4,2014,12,All (PS),yield,0.6684702683204307
697,SS2011A111,South Sudan,SS,Upper Nile,none,Upper Nile,Cereal Crops,Main,2015,4,2015,12,All (PS),yield,0.7513992746160391
698,SS2011A111,South Sudan,SS,Upper Nile,none,Upper Nile,Cereal Crops,Main,2017,4,2017,12,All (PS),yield,0.8176958283313326
699,SS2011A111,South Sudan,SS,Upper Nile,none,Upper Nile,Cereal Crops,Main,2018,4,2018,12,All (PS),yield,0.7661710829828065
700,SS2011A111,South Sudan,SS,Upper Nile,none,Upper Nile,Cereal Crops,Main,2019,4,2019,12,All (PS),yield,0.6617449363685248
701,SS2011A111,South Sudan,SS,Upper Nile,none,Upper Nile,Cereal Crops,Main,2020,4,2020,12,All (PS),yield,0.7051153011697868
702,SS2011A111,South Sudan,SS,Upper Nile,none,Upper Nile,Cereal Crops,Main,2021,4,2021,12,All (PS),yield,0.6479388530282199
703,SS2011A111,South Sudan,SS,Upper Nile,none,Upper Nile,Cereal Crops,Main,2022,4,2022,12,All (PS),yield,0.6705328765427003
704,SS2011A112,South Sudan,SS,Jonglei,none,Jonglei,Cereal Crops,Main,2013,4,2013,12,All (PS),yield,0.7930183827031145
705,SS2011A112,South Sudan,SS,Jonglei,none,Jonglei,Cereal Crops,Main,2014,4,2014,12,All (PS),yield,0.9238494259123037
706,SS2011A112,South Sudan,SS,Jonglei,none,Jonglei,Cereal Crops,Main,2015,4,2015,12,All (PS),yield,0.8308135658831373
707,SS2011A112,South Sudan,SS,Jonglei,none,Jonglei,Cereal Crops,Main,2017,4,2017,12,All (PS),yield,0.8403647125866285
708,SS2011A112,South Sudan,SS,Jonglei,none,Jonglei,Cereal Crops,Main,2018,4,2018,12,All (PS),yield,0.8764038981941669
709,SS2011A112,South Sudan,SS,Jonglei,none,Jonglei,Cereal Crops,Main,2019,4,2019,12,All (PS),yield,0.7917051775421379
710,SS2011A112,South Sudan,SS,Jonglei,none,Jonglei,Cereal Crops,Main,2020,4,2020,12,All (PS),yield,0.6770325841026572
711,SS2011A112,South Sudan,SS,Jonglei,none,Jonglei,Cereal Crops,Main,2021,4,2021,12,All (PS),yield,0.6962382714986658
712,SS2011A112,South Sudan,SS,Jonglei,none,Jonglei,Cereal Crops,Main,2022,4,2022,12,All (PS),yield,0.7515660255297664
713,SS2011A113,South Sudan,SS,Unity,none,Unity,Cereal Crops,Main,2013,4,2013,12,All (PS),yield,0.6624114865361527
714,SS2011A113,South Sudan,SS,Unity,none,Unity,Cereal Crops,Main,2014,4,2014,12,All (PS),yield,0.6979103266382634
715,SS2011A113,South Sudan,SS,Unity,none,Unity,Cereal Crops,Main,2015,4,2015,12,All (PS),yield,0.6785083291267037
716,SS2011A113,South Sudan,SS,Unity,none,Unity,Cereal Crops,Main,2017,4,2017,12,All (PS),yield,0.6773662083854107
717,SS2011A113,South Sudan,SS,Unity,none,Unity,Cereal Crops,Main,2018,4,2018,12,All (PS),yield,0.7003243880861103
718,SS2011A113,South Sudan,SS,Unity,none,Unity,Cereal Crops,Main,2019,4,2019,12,All (PS),yield,0.7191489361702128
719,SS2011A113,South Sudan,SS,Unity,none,Unity,Cereal Crops,Main,2020,4,2020,12,All (PS),yield,0.7458378145837815
720,SS2011A113,South Sudan,SS,Unity,none,Unity,Cereal Crops,Main,2021,4,2021,12,All (PS),yield,0.7293482567353408
721,SS2011A113,South Sudan,SS,Unity,none,Unity,Cereal Crops,Main,2022,4,2022,12,All (PS),yield,0.7251818128067167
722,SS2011A121,South Sudan,SS,Western Bahr el Ghazal,none,Western Bahr el Ghazal,Cereal Crops,Main,2013,4,2013,12,All (PS),yield,1.0202184522426214
723,SS2011A121,South Sudan,SS,Western Bahr el Ghazal,none,Western Bahr el Ghazal,Cereal Crops,Main,2014,4,2014,12,All (PS),yield,1.3655779986669372
724,SS2011A121,South Sudan,SS,Western Bahr el Ghazal,none,Western Bahr el Ghazal,Cereal Crops,Main,2015,4,2015,12,All (PS),yield,1.1174826463541987
725,SS2011A121,South Sudan,SS,Western Bahr el Ghazal,none,Western Bahr el Ghazal,Cereal Crops,Main,2017,4,2017,12,All (PS),yield,1.1109540636042403
726,SS2011A121,South Sudan,SS,Western Bahr el Ghazal,none,Western Bahr el Ghazal,Cereal Crops,Main,2018,4,2018,12,All (PS),yield,1.0510765614147566
727,SS2011A121,South Sudan,SS,Western Bahr el Ghazal,none,Western Bahr el Ghazal,Cereal Crops,Main,2019,4,2019,12,All (PS),yield,1.1794330028558824
728,SS2011A121,South Sudan,SS,Western Bahr el Ghazal,none,Western Bahr el Ghazal,Cereal Crops,Main,2020,4,2020,12,All (PS),yield,1.2797865686811039
729,SS2011A121,South Sudan,SS,Western Bahr el Ghazal,none,Western Bahr el Ghazal,Cereal Crops,Main,2021,4,2021,12,All (PS),yield,1.3168439975752002
730,SS2011A121,South Sudan,SS,Western Bahr el Ghazal,none,Western Bahr el Ghazal,Cereal Crops,Main,2022,4,2022,12,All (PS),yield,1.2581383044939625
731,SS2011A122,South Sudan,SS,Northern Bahr el Ghazal,none,Northern Bahr el Ghazal,Cereal Crops,Main,2013,4,2013,12,All (PS),yield,0.9842802314713545
732,SS2011A122,South Sudan,SS,Northern Bahr el Ghazal,none,Northern Bahr el Ghazal,Cereal Crops,Main,2014,4,2014,12,All (PS),yield,1.100822046504345
733,SS2011A122,South Sudan,SS,Northern Bahr el Ghazal,none,Northern Bahr el Ghazal,Cereal Crops,Main,2015,4,2015,12,All (PS),yield,1.0227271180326307
734,SS2011A122,South Sudan,SS,Northern Bahr el Ghazal,none,Northern Bahr el Ghazal,Cereal Crops,Main,2017,4,2017,12,All (PS),yield,1.0579528694569171
735,SS2011A122,South Sudan,SS,Northern Bahr el Ghazal,none,Northern Bahr el Ghazal,Cereal Crops,Main,2018,4,2018,12,All (PS),yield,1.0697948221877147
736,SS2011A122,South Sudan,SS,Northern Bahr el Ghazal,none,Northern Bahr el Ghazal,Cereal Crops,Main,2019,4,2019,12,All (PS),yield,0.8695216100296932
737,SS2011A122,South Sudan,SS,Northern Bahr el Ghazal,none,Northern Bahr el Ghazal,Cereal Crops,Main,2020,4,2020,12,All (PS),yield,0.8882542034631518
738,SS2011A122,South Sudan,SS,Northern Bahr el Ghazal,none,Northern Bahr el Ghazal,Cereal Crops,Main,2021,4,2021,12,All (PS),yield,0.8958667713251403
739,SS2011A122,South Sudan,SS,Northern Bahr el Ghazal,none,Northern Bahr el Ghazal,Cereal Crops,Main,2022,4,2022,12,All (PS),yield,0.8743489388227256
740,SS2011A123,South Sudan,SS,Warrap,none,Warrap,Sorghum,Main,1975,4,1975,12,traditional_rainfed,yield,0.6496815286624205
741,SS2011A123,South Sudan,SS,Warrap,none,Warrap,Sorghum,Main,1976,4,1976,12,traditional_rainfed,yield,0.8321678321678322
742,SS2011A123,South Sudan,SS,Warrap,none,Warrap,Sorghum,Main,1977,4,1977,12,traditional_rainfed,yield,0.7692307692307693
743,SS2011A123,South Sudan,SS,Warrap,none,Warrap,Sorghum,Main,1978,4,1978,12,traditional_rainfed,yield,0.8198757763975156
744,SS2011A123,South Sudan,SS,Warrap,none,Warrap,Sorghum,Main,1979,4,1979,12,traditional_rainfed,yield,0.45522388059701496
745,SS2011A123,South Sudan,SS,Warrap,none,Warrap,Sorghum,Main,1980,4,1980,12,traditional_rainfed,yield,0.547945205479452
746,SS2011A123,South Sudan,SS,Warrap,none,Warrap,Sorghum,Main,1981,4,1981,12,traditional_rainfed,yield,0.7133757961783439
747,SS2011A123,South Sudan,SS,Warrap,none,Warrap,Sorghum,Main,1982,4,1982,12,traditional_rainfed,yield,0.8516129032258065
748,SS2011A123,South Sudan,SS,Warrap,none,Warrap,Sorghum,Main,1983,4,1983,12,traditional_rainfed,yield,0.3235294117647059
749,SS2011A123,South Sudan,SS,Warrap,none,Warrap,Sorghum,Main,1984,4,1984,12,traditional_rainfed,yield,0.21176470588235294
750,SS2011A123,South Sudan,SS,Warrap,none,Warrap,Sorghum,Main,1985,4,1985,12,traditional_rainfed,yield,0.4550898203592814
751,SS2011A123,South Sudan,SS,Warrap,none,Warrap,Sorghum,Main,1986,4,1986,12,traditional_rainfed,yield,0.3605769230769231
752,SS2011A123,South Sudan,SS,Warrap,none,Warrap,Sorghum,Main,1987,4,1987,12,traditional_rainfed,yield,0.21428571428571427
753,SS2011A123,South Sudan,SS,Warrap,none,Warrap,Sorghum,Main,1988,4,1988,12,traditional_rainfed,yield,0.5952380952380952
754,SS2011A123,South Sudan,SS,Warrap,none,Warrap,Sorghum,Main,1989,4,1989,12,traditional_rainfed,yield,0.3333333333333333
755,SS2011A123,South Sudan,SS,Warrap,none,Warrap,Sorghum,Main,1990,4,1990,12,traditional_rainfed,yield,0.02444444444444445
756,SS2011A123,South Sudan,SS,Warrap,none,Warrap,Sorghum,Main,1991,4,1991,12,traditional_rainfed,yield,0.13852813852813853
757,SS2011A123,South Sudan,SS,Warrap,none,Warrap,Sorghum,Main,1992,4,1992,12,traditional_rainfed,yield,0.16870748299319727
758,SS2011A123,South Sudan,SS,Warrap,none,Warrap,Sorghum,Main,1993,4,1993,12,traditional_rainfed,yield,0.15873015873015872
759,SS2011A123,South Sudan,SS,Warrap,none,Warrap,Sorghum,Main,1994,4,1994,12,traditional_rainfed,yield,0.26160145586897177
760,SS2011A123,South Sudan,SS,Warrap,none,Warrap,Sorghum,Main,1995,4,1995,12,traditional_rainfed,yield,0.13433388919770242
761,SS2011A123,South Sudan,SS,Warrap,none,Warrap,Sorghum,Main,1996,4,1996,12,traditional_rainfed,yield,0.010822510822510822
762,SS2011A123,South Sudan,SS,Warrap,none,Warrap,Sorghum,Main,1997,4,1997,12,traditional_rainfed,yield,0.23703389230878089
763,SS2011A123,South Sudan,SS,Warrap,none,Warrap,Sorghum,Main,1998,4,1998,12,traditional_rainfed,yield,0.29640427599611274
764,SS2011A123,South Sudan,SS,Warrap,none,Warrap,Sorghum,Main,1999,4,1999,12,traditional_rainfed,yield,0.3980654761904762
765,SS2011A123,South Sudan,SS,Warrap,none,Warrap,Sorghum,Main,2000,4,2000,12,traditional_rainfed,yield,0.18007202881152462
766,SS2011A123,South Sudan,SS,Warrap,none,Warrap,Sorghum,Main,2001,4,2001,12,traditional_rainfed,yield,0.26789900207621725
767,SS2011A123,South Sudan,SS,Warrap,none,Warrap,Sorghum,Main,2002,4,2002,12,traditional_rainfed,yield,0.3609751273302675
768,SS2011A123,South Sudan,SS,Warrap,none,Warrap,Sorghum,Main,2003,4,2003,12,traditional_rainfed,yield,0.27103661079142694
769,SS2011A123,South Sudan,SS,Warrap,none,Warrap,Sorghum,Main,2004,4,2004,12,traditional_rainfed,yield,0.10384215991692627
770,SS2011A123,South Sudan,SS,Warrap,none,Warrap,Sorghum,Main,2005,4,2005,12,traditional_rainfed,yield,0.5394118670610754
771,SS2011A123,South Sudan,SS,Warrap,none,Warrap,Sorghum,Main,2006,4,2006,12,traditional_rainfed,yield,0.6962205171923841
772,SS2011A123,South Sudan,SS,Warrap,none,Warrap,Sorghum,Main,2007,4,2007,12,traditional_rainfed,yield,0.5447646895015317
773,SS2011A123,South Sudan,SS,Warrap,none,Warrap,Sorghum,Main,2008,4,2008,12,traditional_rainfed,yield,0.5444044138123085
774,SS2011A123,South Sudan,SS,Warrap,none,Warrap,Sorghum,Main,2009,4,2009,12,traditional_rainfed,yield,0.19964507542147295
775,SS2011A123,South Sudan,SS,Warrap,none,Warrap,Sorghum,Main,2010,4,2010,12,traditional_rainfed,yield,0.2851351351351351
776,SS2011A123,South Sudan,SS,Warrap,none,Warrap,Sorghum,Main,1975,4,1975,12,mechanized_rainfed,yield,0.9078947368421053
777,SS2011A123,South Sudan,SS,Warrap,none,Warrap,Sorghum,Main,1976,4,1976,12,mechanized_rainfed,yield,1.0617283950617284
778,SS2011A123,South Sudan,SS,Warrap,none,Warrap,Sorghum,Main,1977,4,1977,12,mechanized_rainfed,yield,0.6504065040650406
779,SS2011A123,South Sudan,SS,Warrap,none,Warrap,Sorghum,Main,1978,4,1978,12,mechanized_rainfed,yield,0.5862068965517241
780,SS2011A123,South Sudan,SS,Warrap,none,Warrap,Sorghum,Main,1979,4,1979,12,mechanized_rainfed,yield,0.47191011235955055
781,SS2011A123,South Sudan,SS,Warrap,none,Warrap,Sorghum,Main,1980,4,1980,12,mechanized_rainfed,yield,0.8928571428571429
782,SS2011A123,South Sudan,SS,Warrap,none,Warrap,Sorghum,Main,1981,4,1981,12,mechanized_rainfed,yield,0.8404255319148936
783,SS2011A123,South Sudan,SS,Warrap,none,Warrap,Sorghum,Main,1982,4,1982,12,mechanized_rainfed,yield,0.6372549019607843
784,SS2011A123,South Sudan,SS,Warrap,none,Warrap,Sorghum,Main,1983,4,1983,12,mechanized_rainfed,yield,0.4297520661157025
785,SS2011A123,South Sudan,SS,Warrap,none,Warrap,Sorghum,Main,1984,4,1984,12,mechanized_rainfed,yield,0.21904761904761905
786,SS2011A123,South Sudan,SS,Warrap,none,Warrap,Sorghum,Main,1985,4,1985,12,mechanized_rainfed,yield,0.6590038314176245
787,SS2011A123,South Sudan,SS,Warrap,none,Warrap,Sorghum,Main,1986,4,1986,12,mechanized_rainfed,yield,0.45666666666666667
788,SS2011A123,South Sudan,SS,Warrap,none,Warrap,Sorghum,Main,1987,4,1987,12,mechanized_rainfed,yield,0.8723404255319149
789,SS2011A123,South Sudan,SS,Warrap,none,Warrap,Sorghum,Main,1988,4,1988,12,mechanized_rainfed,yield,0.718
790,SS2011A123,South Sudan,SS,Warrap,none,Warrap,Sorghum,Main,1989,4,1989,12,mechanized_rainfed,yield,0.43169398907103823
791,SS2011A123,South Sudan,SS,Warrap,none,Warrap,Sorghum,Main,2002,4,2002,12,mechanized_rainfed,yield,0.7142857142857143
792,SS2011A123,South Sudan,SS,Warrap,none,Warrap,Sorghum,Main,2003,4,2003,12,mechanized_rainfed,yield,0.46082949308755755
793,SS2011A123,South Sudan,SS,Warrap,none,Warrap,Sorghum,Main,2004,4,2004,12,mechanized_rainfed,yield,0.46082949308755755
794,SS2011A123,South Sudan,SS,Warrap,none,Warrap,Sorghum,Main,2005,4,2005,12,mechanized_rainfed,yield,0.4324268000416797
795,SS2011A123,South Sudan,SS,Warrap,none,Warrap,Sorghum,Main,2006,4,2006,12,mechanized_rainfed,yield,0.6826219261452422
796,SS2011A123,South Sudan,SS,Warrap,none,Warrap,Sorghum,Main,2007,4,2007,12,mechanized_rainfed,yield,0.3578643578643579
797,SS2011A123,South Sudan,SS,Warrap,none,Warrap,Sorghum,Main,2008,4,2008,12,mechanized_rainfed,yield,0.14047619047619048
798,SS2011A123,South Sudan,SS,Warrap,none,Warrap,Sorghum,Main,2009,4,2009,12,mechanized_rainfed,yield,0.10821484992101107
799,SS2011A123,South Sudan,SS,Warrap,none,Warrap,Sorghum,Main,2010,4,2010,12,mechanized_rainfed,yield,0.1959686450167973
800,SS2011A123,South Sudan,SS,Warrap,none,Warrap,Millet,Main,1975,4,1975,12,traditional_rainfed,yield,0.060000000000000005
801,SS2011A123,South Sudan,SS,Warrap,none,Warrap,Millet,Main,1976,4,1976,12,traditional_rainfed,yield,0.4137931034482758
802,SS2011A123,South Sudan,SS,Warrap,none,Warrap,Millet,Main,1977,4,1977,12,traditional_rainfed,yield,0.47368421052631576
803,SS2011A123,South Sudan,SS,Warrap,none,Warrap,Millet,Main,1978,4,1978,12,traditional_rainfed,yield,0.5294117647058824
804,SS2011A123,South Sudan,SS,Warrap,none,Warrap,Millet,Main,1979,4,1979,12,traditional_rainfed,yield,0.5
805,SS2011A123,South Sudan,SS,Warrap,none,Warrap,Millet,Main,1980,4,1980,12,traditional_rainfed,yield,0.4117647058823529
806,SS2011A123,South Sudan,SS,Warrap,none,Warrap,Millet,Main,1981,4,1981,12,traditional_rainfed,yield,0.47368421052631576
807,SS2011A123,South Sudan,SS,Warrap,none,Warrap,Millet,Main,1982,4,1982,12,traditional_rainfed,yield,0.45
808,SS2011A123,South Sudan,SS,Warrap,none,Warrap,Millet,Main,1983,4,1983,12,traditional_rainfed,yield,0.45
809,SS2011A123,South Sudan,SS,Warrap,none,Warrap,Millet,Main,1984,4,1984,12,traditional_rainfed,yield,0.19047619047619047
810,SS2011A123,South Sudan,SS,Warrap,none,Warrap,Millet,Main,1985,4,1985,12,traditional_rainfed,yield,0.44
811,SS2011A123,South Sudan,SS,Warrap,none,Warrap,Millet,Main,1986,4,1986,12,traditional_rainfed,yield,0.2894736842105263
812,SS2011A123,South Sudan,SS,Warrap,none,Warrap,Millet,Main,1987,4,1987,12,traditional_rainfed,yield,0.18421052631578946
813,SS2011A123,South Sudan,SS,Warrap,none,Warrap,Millet,Main,1988,4,1988,12,traditional_rainfed,yield,0.2857142857142857
814,SS2011A123,South Sudan,SS,Warrap,none,Warrap,Millet,Main,1989,4,1989,12,traditional_rainfed,yield,0.18918918918918917
815,SS2011A123,South Sudan,SS,Warrap,none,Warrap,Millet,Main,1990,4,1990,12,traditional_rainfed,yield,0.011494252873563218
816,SS2011A123,South Sudan,SS,Warrap,none,Warrap,Millet,Main,1991,4,1991,12,traditional_rainfed,yield,0.021645021645021644
817,SS2011A123,South Sudan,SS,Warrap,none,Warrap,Millet,Main,1992,4,1992,12,traditional_rainfed,yield,0.029381965552178316
818,SS2011A123,South Sudan,SS,Warrap,none,Warrap,Millet,Main,1993,4,1993,12,traditional_rainfed,yield,0.019668737060041408
819,SS2011A123,South Sudan,SS,Warrap,none,Warrap,Millet,Main,1994,4,1994,12,traditional_rainfed,yield,0.10798722044728436
820,SS2011A123,South Sudan,SS,Warrap,none,Warrap,Millet,Main,1995,4,1995,12,traditional_rainfed,yield,0.0059031877213695395
821,SS2011A123,South Sudan,SS,Warrap,none,Warrap,Millet,Main,1996,4,1996,12,traditional_rainfed,yield,0.032626427406199025
822,SS2011A123,South Sudan,SS,Warrap,none,Warrap,Millet,Main,1997,4,1997,12,traditional_rainfed,yield,0.0732568402471315
823,SS2011A123,South Sudan,SS,Warrap,none,Warrap,Millet,Main,1998,4,1998,12,traditional_rainfed,yield,0.04187889077532541
824,SS2011A123,South Sudan,SS,Warrap,none,Warrap,Millet,Main,1999,4,1999,12,traditional_rainfed,yield,0.05219605346912794
825,SS2011A123,South Sudan,SS,Warrap,none,Warrap,Millet,Main,2000,4,2000,12,traditional_rainfed,yield,0.0629800307219662
826,SS2011A123,South Sudan,SS,Warrap,none,Warrap,Millet,Main,2001,4,2001,12,traditional_rainfed,yield,0.0385793018983466
827,SS2011A123,South Sudan,SS,Warrap,none,Warrap,Millet,Main,2002,4,2002,12,traditional_rainfed,yield,0.08941979522184301
828,SS2011A123,South Sudan,SS,Warrap,none,Warrap,Millet,Main,2003,4,2003,12,traditional_rainfed,yield,0.0464247598719317
829,SS2011A123,South Sudan,SS,Warrap,none,Warrap,Millet,Main,2004,4,2004,12,traditional_rainfed,yield,0.08941979522184301
830,SS2011A123,South Sudan,SS,Warrap,none,Warrap,Millet,Main,2005,4,2005,12,traditional_rainfed,yield,0.1288888888888889
831,SS2011A123,South Sudan,SS,Warrap,none,Warrap,Millet,Main,2006,4,2006,12,traditional_rainfed,yield,0.1511627906976744
832,SS2011A123,South Sudan,SS,Warrap,none,Warrap,Millet,Main,2007,4,2007,12,traditional_rainfed,yield,0.06639616377720398
833,SS2011A123,South Sudan,SS,Warrap,none,Warrap,Millet,Main,2008,4,2008,12,traditional_rainfed,yield,0.06639616377720398
834,SS2011A123,South Sudan,SS,Warrap,none,Warrap,Millet,Main,2009,4,2009,12,traditional_rainfed,yield,0.08668730650154799
835,SS2011A123,South Sudan,SS,Warrap,none,Warrap,Millet,Main,2010,4,2010,12,traditional_rainfed,yield,0.15714285714285714
836,SS2011A123,South Sudan,SS,Warrap,none,Warrap,Millet,Main,2005,4,2005,12,mechanized_rainfed,yield,0.08333333333333333
837,SS2011A123,South Sudan,SS,Warrap,none,Warrap,Millet,Main,2006,4,2006,12,mechanized_rainfed,yield,0.09999999999999999
838,SS2011A123,South Sudan,SS,Warrap,none,Warrap,Millet,Main,2007,4,2007,12,mechanized_rainfed,yield,0.19999999999999998
839,SS2011A123,South Sudan,SS,Warrap,none,Warrap,Millet,Main,2008,4,2008,12,mechanized_rainfed,yield,0.08333333333333333
840,SS2011A123,South Sudan,SS,Warrap,none,Warrap,Millet,Main,2009,4,2009,12,mechanized_rainfed,yield,0.18999999999999997
841,SS2011A123,South Sudan,SS,Warrap,none,Warrap,Millet,Main,2010,4,2010,12,mechanized_rainfed,yield,0.2
842,SS2011A123,South Sudan,SS,Warrap,none,Warrap,Groundnuts (In Shell),Main,1990,4,1990,12,traditional_rainfed,yield,0.009404388714733543
843,SS2011A123,South Sudan,SS,Warrap,none,Warrap,Groundnuts (In Shell),Main,1991,4,1991,12,traditional_rainfed,yield,0.08571428571428572
844,SS2011A123,South Sudan,SS,Warrap,none,Warrap,Groundnuts (In Shell),Main,1992,4,1992,12,traditional_rainfed,yield,0.09787234042553192
845,SS2011A123,South Sudan,SS,Warrap,none,Warrap,Groundnuts (In Shell),Main,1993,4,1993,12,traditional_rainfed,yield,0.026470588235294114
846,SS2011A123,South Sudan,SS,Warrap,none,Warrap,Groundnuts (In Shell),Main,1994,4,1994,12,traditional_rainfed,yield,0.24507389162561577
847,SS2011A123,South Sudan,SS,Warrap,none,Warrap,Groundnuts (In Shell),Main,1995,4,1995,12,traditional_rainfed,yield,0.09060022650056623
848,SS2011A123,South Sudan,SS,Warrap,none,Warrap,Groundnuts (In Shell),Main,1996,4,1996,12,traditional_rainfed,yield,0.1377049180327869
849,SS2011A123,South Sudan,SS,Warrap,none,Warrap,Groundnuts (In Shell),Main,1997,4,1997,12,traditional_rainfed,yield,0.1583956492182189
850,SS2011A123,South Sudan,SS,Warrap,none,Warrap,Groundnuts (In Shell),Main,1998,4,1998,12,traditional_rainfed,yield,0.15084388185654007
851,SS2011A123,South Sudan,SS,Warrap,none,Warrap,Groundnuts (In Shell),Main,1999,4,1999,12,traditional_rainfed,yield,0.2994974874371859
852,SS2011A123,South Sudan,SS,Warrap,none,Warrap,Groundnuts (In Shell),Main,2000,4,2000,12,traditional_rainfed,yield,0.14942528735632185
853,SS2011A123,South Sudan,SS,Warrap,none,Warrap,Groundnuts (In Shell),Main,2001,4,2001,12,traditional_rainfed,yield,0.13362541073384449
854,SS2011A123,South Sudan,SS,Warrap,none,Warrap,Groundnuts (In Shell),Main,2002,4,2002,12,traditional_rainfed,yield,0.23577235772357727
855,SS2011A123,South Sudan,SS,Warrap,none,Warrap,Groundnuts (In Shell),Main,2003,4,2003,12,traditional_rainfed,yield,0.11456102783725909
856,SS2011A123,South Sudan,SS,Warrap,none,Warrap,Groundnuts (In Shell),Main,2004,4,2004,12,traditional_rainfed,yield,0.04107142857142857
857,SS2011A123,South Sudan,SS,Warrap,none,Warrap,Groundnuts (In Shell),Main,2005,4,2005,12,traditional_rainfed,yield,0.19230769230769232
858,SS2011A123,South Sudan,SS,Warrap,none,Warrap,Groundnuts (In Shell),Main,2006,4,2006,12,traditional_rainfed,yield,0.25
859,SS2011A123,South Sudan,SS,Warrap,none,Warrap,Groundnuts (In Shell),Main,2007,4,2007,12,traditional_rainfed,yield,0.244
860,SS2011A123,South Sudan,SS,Warrap,none,Warrap,Groundnuts (In Shell),Main,2008,4,2008,12,traditional_rainfed,yield,0.24051724137931033
861,SS2011A123,South Sudan,SS,Warrap,none,Warrap,Groundnuts (In Shell),Main,2009,4,2009,12,traditional_rainfed,yield,0.27626459143968873
862,SS2011A123,South Sudan,SS,Warrap,none,Warrap,Groundnuts (In Shell),Main,2010,4,2010,12,traditional_rainfed,yield,0.27702702702702703
863,SS2011A123,South Sudan,SS,Warrap,none,Warrap,Sesame Seed,Main,2008,4,2008,12,irrigated,yield,0.11474920634920635
864,SS2011A123,South Sudan,SS,Warrap,none,Warrap,Sesame Seed,Main,2009,4,2009,12,irrigated,yield,0.11411411411411411
865,SS2011A123,South Sudan,SS,Warrap,none,Warrap,Sesame Seed,Main,2010,4,2010,12,irrigated,yield,0.10222222222222223
866,SS2011A123,South Sudan,SS,Warrap,none,Warrap,Sesame Seed,Main,1990,4,1990,12,traditional_rainfed,yield,0.008333333333333333
867,SS2011A123,South Sudan,SS,Warrap,none,Warrap,Sesame Seed,Main,1991,4,1991,12,traditional_rainfed,yield,0.013333333333333334
868,SS2011A123,South Sudan,SS,Warrap,none,Warrap,Sesame Seed,Main,1992,4,1992,12,traditional_rainfed,yield,0.0320855614973262
869,SS2011A123,South Sudan,SS,Warrap,none,Warrap,Sesame Seed,Main,1993,4,1993,12,traditional_rainfed,yield,0.040485829959514164
870,SS2011A123,South Sudan,SS,Warrap,none,Warrap,Sesame Seed,Main,1994,4,1994,12,traditional_rainfed,yield,0.016666666666666666
871,SS2011A123,South Sudan,SS,Warrap,none,Warrap,Sesame Seed,Main,1995,4,1995,12,traditional_rainfed,yield,0.00980392156862745
872,SS2011A123,South Sudan,SS,Warrap,none,Warrap,Sesame Seed,Main,1996,4,1996,12,traditional_rainfed,yield,0.011627906976744186
873,SS2011A123,South Sudan,SS,Warrap,none,Warrap,Sesame Seed,Main,1997,4,1997,12,traditional_rainfed,yield,0.032
874,SS2011A123,South Sudan,SS,Warrap,none,Warrap,Sesame Seed,Main,1998,4,1998,12,traditional_rainfed,yield,0.06470588235294117
875,SS2011A123,South Sudan,SS,Warrap,none,Warrap,Sesame Seed,Main,1999,4,1999,12,traditional_rainfed,yield,0.08982035928143714
876,SS2011A123,South Sudan,SS,Warrap,none,Warrap,Sesame Seed,Main,2000,4,2000,12,traditional_rainfed,yield,0.016025641025641024
877,SS2011A123,South Sudan,SS,Warrap,none,Warrap,Sesame Seed,Main,2001,4,2001,12,traditional_rainfed,yield,0.02229299363057325
878,SS2011A123,South Sudan,SS,Warrap,none,Warrap,Sesame Seed,Main,2002,4,2002,12,traditional_rainfed,yield,0.0642570281124498
879,SS2011A123,South Sudan,SS,Warrap,none,Warrap,Sesame Seed,Main,2003,4,2003,12,traditional_rainfed,yield,0.10227272727272727
880,SS2011A123,South Sudan,SS,Warrap,none,Warrap,Sesame Seed,Main,2004,4,2004,12,traditional_rainfed,yield,0.022727272727272728
881,SS2011A123,South Sudan,SS,Warrap,none,Warrap,Sesame Seed,Main,2005,4,2005,12,traditional_rainfed,yield,0.1183673469387755
882,SS2011A123,South Sudan,SS,Warrap,none,Warrap,Sesame Seed,Main,2006,4,2006,12,traditional_rainfed,yield,0.06428571428571428
883,SS2011A123,South Sudan,SS,Warrap,none,Warrap,Sesame Seed,Main,2007,4,2007,12,traditional_rainfed,yield,0.115
884,SS2011A123,South Sudan,SS,Warrap,none,Warrap,Sesame Seed,Main,2008,4,2008,12,traditional_rainfed,yield,0.07783300198807157
885,SS2011A123,South Sudan,SS,Warrap,none,Warrap,Sesame Seed,Main,2009,4,2009,12,traditional_rainfed,yield,0.05074626865671642
886,SS2011A123,South Sudan,SS,Warrap,none,Warrap,Sesame Seed,Main,2010,4,2010,12,traditional_rainfed,yield,0.07079646017699115
887,SS2011A123,South Sudan,SS,Warrap,none,Warrap,Sesame Seed,Main,2005,4,2005,12,mechanized_rainfed,yield,0.14285714285714285
888,SS2011A123,South Sudan,SS,Warrap,none,Warrap,Sesame Seed,Main,2006,4,2006,12,mechanized_rainfed,yield,0.057245080500894455
889,SS2011A123,South Sudan,SS,Warrap,none,Warrap,Sesame Seed,Main,2007,4,2007,12,mechanized_rainfed,yield,0.1075
890,SS2011A123,South Sudan,SS,Warrap,none,Warrap,Sunflower Seed,Main,2007,4,2007,12,traditional_rainfed,yield,0.17391304347826086
891,SS2011A123,South Sudan,SS,Warrap,none,Warrap,Sunflower Seed,Main,2008,4,2008,12,traditional_rainfed,yield,0.21917293233082707
892,SS2011A123,South Sudan,SS,Warrap,none,Warrap,Sunflower Seed,Main,2009,4,2009,12,traditional_rainfed,yield,0.46
893,SS2011A123,South Sudan,SS,Warrap,none,Warrap,Cotton (American),Main,2005,4,2005,12,traditional_rainfed,yield,0.09999999999999999
894,SS2011A123,South Sudan,SS,Warrap,none,Warrap,Cotton (American),Main,2006,4,2006,12,traditional_rainfed,yield,0.08333333333333333
895,SS2011A123,South Sudan,SS,Warrap,none,Warrap,Cotton (American),Main,2007,4,2007,12,traditional_rainfed,yield,0.11764705882352941
896,SS2011A123,South Sudan,SS,Warrap,none,Warrap,Cotton (American),Main,2008,4,2008,12,traditional_rainfed,yield,0.12748917748917749
897,SS2011A123,South Sudan,SS,Warrap,none,Warrap,Cereal Crops,Main,2013,4,2013,12,All (PS),yield,0.7621266457369055
898,SS2011A123,South Sudan,SS,Warrap,none,Warrap,Cereal Crops,Main,2014,4,2014,12,All (PS),yield,1.2363920130005954
899,SS2011A123,South Sudan,SS,Warrap,none,Warrap,Cereal Crops,Main,2015,4,2015,12,All (PS),yield,1.0826524606953691
900,SS2011A123,South Sudan,SS,Warrap,none,Warrap,Cereal Crops,Main,2017,4,2017,12,All (PS),yield,1.1455201829440633
901,SS2011A123,South Sudan,SS,Warrap,none,Warrap,Cereal Crops,Main,2018,4,2018,12,All (PS),yield,1.0241262438999528
902,SS2011A123,South Sudan,SS,Warrap,none,Warrap,Cereal Crops,Main,2019,4,2019,12,All (PS),yield,0.9936988649325187
903,SS2011A123,South Sudan,SS,Warrap,none,Warrap,Cereal Crops,Main,2020,4,2020,12,All (PS),yield,1.046479635981102
904,SS2011A123,South Sudan,SS,Warrap,none,Warrap,Cereal Crops,Main,2021,4,2021,12,All (PS),yield,0.8543146101981696
905,SS2011A123,South Sudan,SS,Warrap,none,Warrap,Cereal Crops,Main,2022,4,2022,12,All (PS),yield,0.8936942991087857
906,SS2011A124,South Sudan,SS,Lakes,none,Lakes,Cereal Crops,Main,2013,4,2013,12,All (PS),yield,0.914164068246092
907,SS2011A124,South Sudan,SS,Lakes,none,Lakes,Cereal Crops,Main,2014,4,2014,12,All (PS),yield,1.2290937877766723
908,SS2011A124,South Sudan,SS,Lakes,none,Lakes,Cereal Crops,Main,2015,4,2015,12,All (PS),yield,1.173105597087828
909,SS2011A124,South Sudan,SS,Lakes,none,Lakes,Cereal Crops,Main,2017,4,2017,12,All (PS),yield,1.1279992291138021
910,SS2011A124,South Sudan,SS,Lakes,none,Lakes,Cereal Crops,Main,2018,4,2018,12,All (PS),yield,1.1230326817704892
911,SS2011A124,South Sudan,SS,Lakes,none,Lakes,Cereal Crops,Main,2019,4,2019,12,All (PS),yield,1.223558889677137
912,SS2011A124,South Sudan,SS,Lakes,none,Lakes,Cereal Crops,Main,2020,4,2020,12,All (PS),yield,1.192424050543853
913,SS2011A124,South Sudan,SS,Lakes,none,Lakes,Cereal Crops,Main,2021,4,2021,12,All (PS),yield,1.09018579077874
914,SS2011A124,South Sudan,SS,Lakes,none,Lakes,Cereal Crops,Main,2022,4,2022,12,All (PS),yield,1.177948752837272
915,SS2011A131,South Sudan,SS,Western Equatoria,none,Western Equatoria,Cereal Crops,Main,2013,4,2013,12,All (PS),yield,1.3239850892305107
916,SS2011A131,South Sudan,SS,Western Equatoria,none,Western Equatoria,Cereal Crops,Main,2014,4,2014,12,All (PS),yield,1.4697952085860608
917,SS2011A131,South Sudan,SS,Western Equatoria,none,Western Equatoria,Cereal Crops,Main,2015,4,2015,12,All (PS),yield,1.2987346972936369
918,SS2011A131,South Sudan,SS,Western Equatoria,none,Western Equatoria,Cereal Crops,Main,2017,4,2017,12,All (PS),yield,1.364290237049349
919,SS2011A131,South Sudan,SS,Western Equatoria,none,Western Equatoria,Cereal Crops,Main,2018,4,2018,12,All (PS),yield,1.3017062727662798
920,SS2011A131,South Sudan,SS,Western Equatoria,none,Western Equatoria,Cereal Crops,Main,2019,4,2019,12,All (PS),yield,1.442744431734069
921,SS2011A131,South Sudan,SS,Western Equatoria,none,Western Equatoria,Cereal Crops,Main,2020,4,2020,12,All (PS),yield,1.4793216174115273
922,SS2011A131,South Sudan,SS,Western Equatoria,none,Western Equatoria,Cereal Crops,Main,2021,4,2021,12,All (PS),yield,1.403250960543292
923,SS2011A131,South Sudan,SS,Western Equatoria,none,Western Equatoria,Cereal Crops,Main,2022,4,2022,12,All (PS),yield,1.450739960474566
924,SS2011A132,South Sudan,SS,Central Equatoria,none,Central Equatoria,Cereal Crops,Main,2013,4,2013,12,All (PS),yield,1.1990055314027137
925,SS2011A132,South Sudan,SS,Central Equatoria,none,Central Equatoria,Cereal Crops,Main,2014,4,2014,12,All (PS),yield,1.4004504187486804
926,SS2011A132,South Sudan,SS,Central Equatoria,none,Central Equatoria,Cereal Crops,Main,2015,4,2015,12,All (PS),yield,1.3776209248355746
927,SS2011A132,South Sudan,SS,Central Equatoria,none,Central Equatoria,Cereal Crops,Main,2017,4,2017,12,All (PS),yield,1.3020062475986836
928,SS2011A132,South Sudan,SS,Central Equatoria,none,Central Equatoria,Cereal Crops,Main,2018,4,2018,12,All (PS),yield,1.0816821173306914
929,SS2011A132,South Sudan,SS,Central Equatoria,none,Central Equatoria,Cereal Crops,Main,2019,4,2019,12,All (PS),yield,1.3175362028283701
930,SS2011A132,South Sudan,SS,Central Equatoria,none,Central Equatoria,Cereal Crops,Main,2020,4,2020,12,All (PS),yield,1.2801920261662028
931,SS2011A132,South Sudan,SS,Central Equatoria,none,Central Equatoria,Cereal Crops,Main,2021,4,2021,12,All (PS),yield,1.2816467335472497
932,SS2011A132,South Sudan,SS,Central Equatoria,none,Central Equatoria,Cereal Crops,Main,2022,4,2022,12,All (PS),yield,1.3772543513520057
933,SS2011A133,South Sudan,SS,Eastern Equatoria,none,Eastern Equatoria,Cereal Crops,Main,2013,4,2013,12,All (PS),yield,1.0554844470903408
934,SS2011A133,South Sudan,SS,Eastern Equatoria,none,Eastern Equatoria,Cereal Crops,Main,2014,4,2014,12,All (PS),yield,1.176998184973702
935,SS2011A133,South Sudan,SS,Eastern Equatoria,none,Eastern Equatoria,Cereal Crops,Main,2015,4,2015,12,All (PS),yield,1.0560217850522353
936,SS2011A133,South Sudan,SS,Eastern Equatoria,none,Eastern Equatoria,Cereal Crops,Main,2017,4,2017,12,All (PS),yield,1.089240824534942
937,SS2011A133,South Sudan,SS,Eastern Equatoria,none,Eastern Equatoria,Cereal Crops,Main,2018,4,2018,12,All (PS),yield,1.0195202869311812
938,SS2011A133,South Sudan,SS,Eastern Equatoria,none,Eastern Equatoria,Cereal Crops,Main,2019,4,2019,12,All (PS),yield,1.260438886845654
939,SS2011A133,South Sudan,SS,Eastern Equatoria,none,Eastern Equatoria,Cereal Crops,Main,2020,4,2020,12,All (PS),yield,1.2154143721476698
940,SS2011A133,South Sudan,SS,Eastern Equatoria,none,Eastern Equatoria,Cereal Crops,Main,2021,4,2021,12,All (PS),yield,1.1881197929767595
941,SS2011A133,South Sudan,SS,Eastern Equatoria,none,Eastern Equatoria,Cereal Crops,Main,2022,4,2022,12,All (PS),yield,1.1713475177304964
