,fnid,country,country_code,admin_1,admin_2,name,product,season_name,planting_year,planting_month,harvest_year,harvest_month,crop_production_system,indicator,value
0,AO2008A101,Angola,AO,Bengo,none,Bengo,Maize,Main,1996,10,1997,4,All (PS),area,11000.0
1,AO2008A101,Angola,AO,Bengo,none,Bengo,Maize,Main,1997,10,1998,4,All (PS),area,14000.0
2,AO2008A101,Angola,AO,Bengo,none,Bengo,Maize,Main,1998,10,1999,4,All (PS),area,9176.0
3,AO2008A101,Angola,AO,Bengo,none,Bengo,Maize,Main,1999,10,2000,4,All (PS),area,10002.0
4,AO2008A101,Angola,AO,Bengo,none,Bengo,Maize,Main,2000,10,2001,4,All (PS),area,6368.0
5,AO2008A101,Angola,AO,Bengo,none,Bengo,Maize,Main,2001,10,2002,4,All (PS),area,6191.0
6,AO2008A101,Angola,AO,Bengo,none,Bengo,Maize,Main,2002,10,2003,4,All (PS),area,7818.0
7,AO2008A101,Angola,AO,Bengo,none,Bengo,Maize,Main,2003,10,2004,4,All (PS),area,11390.0
8,AO2008A101,Angola,AO,Bengo,none,Bengo,Maize,Main,2004,10,2005,4,All (PS),area,7745.0
9,AO2008A101,Angola,AO,Bengo,none,Bengo,Maize,Main,2005,10,2006,4,All (PS),area,7813.0
10,AO2008A101,Angola,AO,Bengo,none,Bengo,Maize,Main,2006,10,2007,4,All (PS),area,7024.0
11,AO2008A101,Angola,AO,Bengo,none,Bengo,Maize,Main,2007,10,2008,4,All (PS),area,5277.0
12,AO2008A101,Angola,AO,Bengo,none,Bengo,Maize,Main,2008,10,2009,4,All (PS),area,3345.0
13,AO2008A101,Angola,AO,Bengo,none,Bengo,Maize,Main,2009,10,2010,4,All (PS),area,16068.0
14,AO2008A101,Angola,AO,Bengo,none,Bengo,Maize,Main,2010,10,2011,4,All (PS),area,18521.0
15,AO2008A101,Angola,AO,Bengo,none,Bengo,Maize,Main,2011,10,2012,4,All (PS),area,20433.0
16,AO2008A101,Angola,AO,Bengo,none,Bengo,Maize,Main,2012,10,2013,4,All (PS),area,20881.0
17,AO2008A101,Angola,AO,Bengo,none,Bengo,Maize,Main,2013,10,2014,4,All (PS),area,20923.0
18,AO2008A101,Angola,AO,Bengo,none,Bengo,Maize,Main,2014,10,2015,4,All (PS),area,49236.0
19,AO2008A101,Angola,AO,Bengo,none,Bengo,Maize,Main,2015,10,2016,4,All (PS),area,49236.0
20,AO2008A101,Angola,AO,Bengo,none,Bengo,Maize,Main,2016,10,2017,4,All (PS),area,59731.6
21,AO2008A101,Angola,AO,Bengo,none,Bengo,Chili Pepper,Main,2014,10,2015,4,All (PS),area,458.0
22,AO2008A101,Angola,AO,Bengo,none,Bengo,Chili Pepper,Main,2015,10,2016,4,All (PS),area,458.0
23,AO2008A101,Angola,AO,Bengo,none,Bengo,Chili Pepper,Main,2016,10,2017,4,All (PS),area,513.4
24,AO2008A101,Angola,AO,Bengo,none,Bengo,Sweet Potatoes,Main,2000,10,2001,4,All (PS),area,4245.0
25,AO2008A101,Angola,AO,Bengo,none,Bengo,Sweet Potatoes,Main,2001,10,2002,4,All (PS),area,4127.0
26,AO2008A101,Angola,AO,Bengo,none,Bengo,Sweet Potatoes,Main,2002,10,2003,4,All (PS),area,5212.0
27,AO2008A101,Angola,AO,Bengo,none,Bengo,Sweet Potatoes,Main,2003,10,2004,4,All (PS),area,5315.0
28,AO2008A101,Angola,AO,Bengo,none,Bengo,Sweet Potatoes,Main,2004,10,2005,4,All (PS),area,5421.0
29,AO2008A101,Angola,AO,Bengo,none,Bengo,Sweet Potatoes,Main,2005,10,2006,4,All (PS),area,5781.0
30,AO2008A101,Angola,AO,Bengo,none,Bengo,Sweet Potatoes,Main,2006,10,2007,4,All (PS),area,5117.0
31,AO2008A101,Angola,AO,Bengo,none,Bengo,Sweet Potatoes,Main,2007,10,2008,4,All (PS),area,4092.0
32,AO2008A101,Angola,AO,Bengo,none,Bengo,Sweet Potatoes,Main,2008,10,2009,4,All (PS),area,4103.0
33,AO2008A101,Angola,AO,Bengo,none,Bengo,Sweet Potatoes,Main,2009,10,2010,4,All (PS),area,11744.0
34,AO2008A101,Angola,AO,Bengo,none,Bengo,Sweet Potatoes,Main,2010,10,2011,4,All (PS),area,11793.0
35,AO2008A101,Angola,AO,Bengo,none,Bengo,Sweet Potatoes,Main,2011,10,2012,4,All (PS),area,11595.0
36,AO2008A101,Angola,AO,Bengo,none,Bengo,Sweet Potatoes,Main,2012,10,2013,4,All (PS),area,11709.0
37,AO2008A101,Angola,AO,Bengo,none,Bengo,Sweet Potatoes,Main,2013,10,2014,4,All (PS),area,12045.0
38,AO2008A101,Angola,AO,Bengo,none,Bengo,Sweet Potatoes,Main,2014,10,2015,4,All (PS),area,11577.0
39,AO2008A101,Angola,AO,Bengo,none,Bengo,Sweet Potatoes,Main,2015,10,2016,4,All (PS),area,11577.0
40,AO2008A101,Angola,AO,Bengo,none,Bengo,Sweet Potatoes,Main,2016,10,2017,4,All (PS),area,26520.8
41,AO2008A101,Angola,AO,Bengo,none,Bengo,Banana,Main,2007,10,2008,4,All (PS),area,1364.0
42,AO2008A101,Angola,AO,Bengo,none,Bengo,Banana,Main,2008,10,2009,4,All (PS),area,1547.0
43,AO2008A101,Angola,AO,Bengo,none,Bengo,Banana,Main,2014,10,2015,4,All (PS),area,11513.0
44,AO2008A101,Angola,AO,Bengo,none,Bengo,Banana,Main,2015,10,2016,4,All (PS),area,11513.0
45,AO2008A101,Angola,AO,Bengo,none,Bengo,Banana,Main,2016,10,2017,4,All (PS),area,12628.7
46,AO2008A101,Angola,AO,Bengo,none,Bengo,Tomato,Main,2014,10,2015,4,All (PS),area,876.0
47,AO2008A101,Angola,AO,Bengo,none,Bengo,Tomato,Main,2015,10,2016,4,All (PS),area,876.0
48,AO2008A101,Angola,AO,Bengo,none,Bengo,Tomato,Main,2016,10,2017,4,All (PS),area,1026.8
49,AO2008A101,Angola,AO,Bengo,none,Bengo,Onions,Main,2014,10,2015,4,All (PS),area,862.0
50,AO2008A101,Angola,AO,Bengo,none,Bengo,Onions,Main,2015,10,2016,4,All (PS),area,862.0
51,AO2008A101,Angola,AO,Bengo,none,Bengo,Onions,Main,2016,10,2017,4,All (PS),area,893.4
52,AO2008A101,Angola,AO,Bengo,none,Bengo,Mango,Main,2015,10,2016,4,All (PS),area,1082.0
53,AO2008A101,Angola,AO,Bengo,none,Bengo,Mango,Main,2016,10,2017,4,All (PS),area,849.1
54,AO2008A101,Angola,AO,Bengo,none,Bengo,Groundnuts (In Shell),Main,2005,10,2006,4,All (PS),area,3906.0
55,AO2008A101,Angola,AO,Bengo,none,Bengo,Groundnuts (In Shell),Main,2007,10,2008,4,All (PS),area,4092.0
56,AO2008A101,Angola,AO,Bengo,none,Bengo,Groundnuts (In Shell),Main,2008,10,2009,4,All (PS),area,2210.0
57,AO2008A101,Angola,AO,Bengo,none,Bengo,Groundnuts (In Shell),Main,2014,10,2015,4,All (PS),area,15743.0
58,AO2008A101,Angola,AO,Bengo,none,Bengo,Groundnuts (In Shell),Main,2015,10,2016,4,All (PS),area,15743.0
59,AO2008A101,Angola,AO,Bengo,none,Bengo,Groundnuts (In Shell),Main,2016,10,2017,4,All (PS),area,14079.0
60,AO2008A101,Angola,AO,Bengo,none,Bengo,Lemon,Main,2015,10,2016,4,All (PS),area,5392.0
61,AO2008A101,Angola,AO,Bengo,none,Bengo,Lemon,Main,2016,10,2017,4,All (PS),area,3902.0
62,AO2008A101,Angola,AO,Bengo,none,Bengo,Beans (mixed),Main,2005,10,2006,4,All (PS),area,9375.0
63,AO2008A101,Angola,AO,Bengo,none,Bengo,Beans (mixed),Main,2006,10,2007,4,All (PS),area,13335.0
64,AO2008A101,Angola,AO,Bengo,none,Bengo,Beans (mixed),Main,2007,10,2008,4,All (PS),area,7348.0
65,AO2008A101,Angola,AO,Bengo,none,Bengo,Beans (mixed),Main,2008,10,2009,4,All (PS),area,6911.0
66,AO2008A101,Angola,AO,Bengo,none,Bengo,Beans (mixed),Main,2014,10,2015,4,All (PS),area,9451.0
67,AO2008A101,Angola,AO,Bengo,none,Bengo,Beans (mixed),Main,2015,10,2016,4,All (PS),area,9451.0
68,AO2008A101,Angola,AO,Bengo,none,Bengo,Beans (mixed),Main,2016,10,2017,4,All (PS),area,9039.8
69,AO2008A101,Angola,AO,Bengo,none,Bengo,Cassava,Main,1996,10,1997,4,All (PS),area,16000.0
70,AO2008A101,Angola,AO,Bengo,none,Bengo,Cassava,Main,1997,10,1998,4,All (PS),area,22750.0
71,AO2008A101,Angola,AO,Bengo,none,Bengo,Cassava,Main,1998,10,1999,4,All (PS),area,20646.0
72,AO2008A101,Angola,AO,Bengo,none,Bengo,Cassava,Main,1999,10,2000,4,All (PS),area,22004.0
73,AO2008A101,Angola,AO,Bengo,none,Bengo,Cassava,Main,2005,10,2006,4,All (PS),area,43751.0
74,AO2008A101,Angola,AO,Bengo,none,Bengo,Cassava,Main,2006,10,2007,4,All (PS),area,55773.0
75,AO2008A101,Angola,AO,Bengo,none,Bengo,Cassava,Main,2007,10,2008,4,All (PS),area,29842.0
76,AO2008A101,Angola,AO,Bengo,none,Bengo,Cassava,Main,2008,10,2009,4,All (PS),area,30470.0
77,AO2008A101,Angola,AO,Bengo,none,Bengo,Cassava,Main,2014,10,2015,4,All (PS),area,39032.0
78,AO2008A101,Angola,AO,Bengo,none,Bengo,Cassava,Main,2015,10,2016,4,All (PS),area,78064.0
79,AO2008A101,Angola,AO,Bengo,none,Bengo,Cassava,Main,2016,10,2017,4,All (PS),area,79936.3
80,AO2008A101,Angola,AO,Bengo,none,Bengo,Potato,Main,2000,10,2001,4,All (PS),area,425.0
81,AO2008A101,Angola,AO,Bengo,none,Bengo,Potato,Main,2001,10,2002,4,All (PS),area,413.0
82,AO2008A101,Angola,AO,Bengo,none,Bengo,Potato,Main,2004,10,2005,4,All (PS),area,232.0
83,AO2008A101,Angola,AO,Bengo,none,Bengo,Potato,Main,2005,10,2006,4,All (PS),area,234.0
84,AO2008A101,Angola,AO,Bengo,none,Bengo,Potato,Main,2006,10,2007,4,All (PS),area,504.0
85,AO2008A101,Angola,AO,Bengo,none,Bengo,Potato,Main,2007,10,2008,4,All (PS),area,2728.0
86,AO2008A101,Angola,AO,Bengo,none,Bengo,Potato,Main,2008,10,2009,4,All (PS),area,2739.0
87,AO2008A101,Angola,AO,Bengo,none,Bengo,Potato,Main,2009,10,2010,4,All (PS),area,2768.0
88,AO2008A101,Angola,AO,Bengo,none,Bengo,Potato,Main,2010,10,2011,4,All (PS),area,2775.0
89,AO2008A101,Angola,AO,Bengo,none,Bengo,Potato,Main,2011,10,2012,4,All (PS),area,2568.0
90,AO2008A101,Angola,AO,Bengo,none,Bengo,Potato,Main,2012,10,2013,4,All (PS),area,2594.0
91,AO2008A101,Angola,AO,Bengo,none,Bengo,Potato,Main,2013,10,2014,4,All (PS),area,2608.0
92,AO2008A101,Angola,AO,Bengo,none,Bengo,Potato,Main,2014,10,2015,4,All (PS),area,2594.0
93,AO2008A101,Angola,AO,Bengo,none,Bengo,Potato,Main,2015,10,2016,4,All (PS),area,2594.0
94,AO2008A101,Angola,AO,Bengo,none,Bengo,Pineapple,Main,2006,10,2007,4,All (PS),area,370.0
95,AO2008A101,Angola,AO,Bengo,none,Bengo,Pineapple,Main,2014,10,2015,4,All (PS),area,280.0
96,AO2008A101,Angola,AO,Bengo,none,Bengo,Pineapple,Main,2015,10,2016,4,All (PS),area,280.0
97,AO2008A101,Angola,AO,Bengo,none,Bengo,Sorghum,Main,2008,10,2009,4,All (PS),area,112.0
98,AO2008A101,Angola,AO,Bengo,none,Bengo,Sorghum,Main,2009,10,2010,4,All (PS),area,120.0
99,AO2008A101,Angola,AO,Bengo,none,Bengo,Sorghum,Main,2010,10,2011,4,All (PS),area,156.0
100,AO2008A101,Angola,AO,Bengo,none,Bengo,Sorghum,Main,2011,10,2012,4,All (PS),area,833.0
101,AO2008A101,Angola,AO,Bengo,none,Bengo,Sorghum,Main,2012,10,2013,4,All (PS),area,502.0
102,AO2008A102,Angola,AO,Benguela,none,Benguela,Maize,Main,1996,10,1997,4,All (PS),area,40000.0
103,AO2008A102,Angola,AO,Benguela,none,Benguela,Maize,Main,1997,10,1998,4,All (PS),area,52000.0
104,AO2008A102,Angola,AO,Benguela,none,Benguela,Maize,Main,1998,10,1999,4,All (PS),area,110877.0
105,AO2008A102,Angola,AO,Benguela,none,Benguela,Maize,Main,1999,10,2000,4,All (PS),area,111981.0
106,AO2008A102,Angola,AO,Benguela,none,Benguela,Maize,Main,2000,10,2001,4,All (PS),area,101620.0
107,AO2008A102,Angola,AO,Benguela,none,Benguela,Maize,Main,2001,10,2002,4,All (PS),area,104957.0
108,AO2008A102,Angola,AO,Benguela,none,Benguela,Maize,Main,2002,10,2003,4,All (PS),area,44817.0
109,AO2008A102,Angola,AO,Benguela,none,Benguela,Maize,Main,2003,10,2004,4,All (PS),area,58507.0
110,AO2008A102,Angola,AO,Benguela,none,Benguela,Maize,Main,2004,10,2005,4,All (PS),area,52443.0
111,AO2008A102,Angola,AO,Benguela,none,Benguela,Maize,Main,2005,10,2006,4,All (PS),area,64955.0
112,AO2008A102,Angola,AO,Benguela,none,Benguela,Maize,Main,2006,10,2007,4,All (PS),area,58543.0
113,AO2008A102,Angola,AO,Benguela,none,Benguela,Maize,Main,2007,10,2008,4,All (PS),area,46815.0
114,AO2008A102,Angola,AO,Benguela,none,Benguela,Maize,Main,2008,10,2009,4,All (PS),area,143919.0
115,AO2008A102,Angola,AO,Benguela,none,Benguela,Maize,Main,2009,10,2010,4,All (PS),area,155814.0
116,AO2008A102,Angola,AO,Benguela,none,Benguela,Maize,Main,2010,10,2011,4,All (PS),area,169029.0
117,AO2008A102,Angola,AO,Benguela,none,Benguela,Maize,Main,2011,10,2012,4,All (PS),area,206369.0
118,AO2008A102,Angola,AO,Benguela,none,Benguela,Maize,Main,2012,10,2013,4,All (PS),area,207681.0
119,AO2008A102,Angola,AO,Benguela,none,Benguela,Maize,Main,2013,10,2014,4,All (PS),area,207955.0
120,AO2008A102,Angola,AO,Benguela,none,Benguela,Maize,Main,2014,10,2015,4,All (PS),area,253907.0
121,AO2008A102,Angola,AO,Benguela,none,Benguela,Maize,Main,2015,10,2016,4,All (PS),area,253907.0
122,AO2008A102,Angola,AO,Benguela,none,Benguela,Maize,Main,2016,10,2017,4,All (PS),area,350827.6
123,AO2008A102,Angola,AO,Benguela,none,Benguela,Chili Pepper,Main,2014,10,2015,4,All (PS),area,193.0
124,AO2008A102,Angola,AO,Benguela,none,Benguela,Chili Pepper,Main,2015,10,2016,4,All (PS),area,193.0
125,AO2008A102,Angola,AO,Benguela,none,Benguela,Chili Pepper,Main,2016,10,2017,4,All (PS),area,153.0
126,AO2008A102,Angola,AO,Benguela,none,Benguela,Sweet Potatoes,Main,2000,10,2001,4,All (PS),area,9771.0
127,AO2008A102,Angola,AO,Benguela,none,Benguela,Sweet Potatoes,Main,2001,10,2002,4,All (PS),area,10092.0
128,AO2008A102,Angola,AO,Benguela,none,Benguela,Sweet Potatoes,Main,2004,10,2005,4,All (PS),area,4195.0
129,AO2008A102,Angola,AO,Benguela,none,Benguela,Sweet Potatoes,Main,2005,10,2006,4,All (PS),area,4404.0
130,AO2008A102,Angola,AO,Benguela,none,Benguela,Sweet Potatoes,Main,2007,10,2008,4,All (PS),area,1755.0
131,AO2008A102,Angola,AO,Benguela,none,Benguela,Sweet Potatoes,Main,2008,10,2009,4,All (PS),area,2260.0
132,AO2008A102,Angola,AO,Benguela,none,Benguela,Sweet Potatoes,Main,2009,10,2010,4,All (PS),area,2671.0
133,AO2008A102,Angola,AO,Benguela,none,Benguela,Sweet Potatoes,Main,2010,10,2011,4,All (PS),area,3579.0
134,AO2008A102,Angola,AO,Benguela,none,Benguela,Sweet Potatoes,Main,2011,10,2012,4,All (PS),area,3164.0
135,AO2008A102,Angola,AO,Benguela,none,Benguela,Sweet Potatoes,Main,2012,10,2013,4,All (PS),area,3209.0
136,AO2008A102,Angola,AO,Benguela,none,Benguela,Sweet Potatoes,Main,2013,10,2014,4,All (PS),area,3571.0
137,AO2008A102,Angola,AO,Benguela,none,Benguela,Sweet Potatoes,Main,2014,10,2015,4,All (PS),area,3750.0
138,AO2008A102,Angola,AO,Benguela,none,Benguela,Sweet Potatoes,Main,2015,10,2016,4,All (PS),area,3332.0
139,AO2008A102,Angola,AO,Benguela,none,Benguela,Sweet Potatoes,Main,2016,10,2017,4,All (PS),area,6485.9
140,AO2008A102,Angola,AO,Benguela,none,Benguela,Banana,Main,2006,10,2007,4,All (PS),area,23070.0
141,AO2008A102,Angola,AO,Benguela,none,Benguela,Banana,Main,2007,10,2008,4,All (PS),area,35091.0
142,AO2008A102,Angola,AO,Benguela,none,Benguela,Banana,Main,2008,10,2009,4,All (PS),area,35191.0
143,AO2008A102,Angola,AO,Benguela,none,Benguela,Banana,Main,2009,10,2010,4,All (PS),area,28202.0
144,AO2008A102,Angola,AO,Benguela,none,Benguela,Banana,Main,2010,10,2011,4,All (PS),area,21343.0
145,AO2008A102,Angola,AO,Benguela,none,Benguela,Banana,Main,2011,10,2012,4,All (PS),area,20944.0
146,AO2008A102,Angola,AO,Benguela,none,Benguela,Banana,Main,2012,10,2013,4,All (PS),area,19910.0
147,AO2008A102,Angola,AO,Benguela,none,Benguela,Banana,Main,2013,10,2014,4,All (PS),area,22702.0
148,AO2008A102,Angola,AO,Benguela,none,Benguela,Banana,Main,2014,10,2015,4,All (PS),area,21688.0
149,AO2008A102,Angola,AO,Benguela,none,Benguela,Banana,Main,2015,10,2016,4,All (PS),area,21688.0
150,AO2008A102,Angola,AO,Benguela,none,Benguela,Banana,Main,2016,10,2017,4,All (PS),area,36066.3
151,AO2008A102,Angola,AO,Benguela,none,Benguela,Tomato,Main,2014,10,2015,4,All (PS),area,10860.0
152,AO2008A102,Angola,AO,Benguela,none,Benguela,Tomato,Main,2015,10,2016,4,All (PS),area,10860.0
153,AO2008A102,Angola,AO,Benguela,none,Benguela,Tomato,Main,2016,10,2017,4,All (PS),area,11223.8
154,AO2008A102,Angola,AO,Benguela,none,Benguela,Onions,Main,2014,10,2015,4,All (PS),area,9085.0
155,AO2008A102,Angola,AO,Benguela,none,Benguela,Onions,Main,2015,10,2016,4,All (PS),area,9085.0
156,AO2008A102,Angola,AO,Benguela,none,Benguela,Onions,Main,2016,10,2017,4,All (PS),area,9783.0
157,AO2008A102,Angola,AO,Benguela,none,Benguela,Mango,Main,2015,10,2016,4,All (PS),area,2398.0
158,AO2008A102,Angola,AO,Benguela,none,Benguela,Mango,Main,2016,10,2017,4,All (PS),area,2559.8
159,AO2008A102,Angola,AO,Benguela,none,Benguela,Groundnuts (In Shell),Main,2000,10,2001,4,All (PS),area,5863.0
160,AO2008A102,Angola,AO,Benguela,none,Benguela,Groundnuts (In Shell),Main,2001,10,2002,4,All (PS),area,6055.0
161,AO2008A102,Angola,AO,Benguela,none,Benguela,Groundnuts (In Shell),Main,2002,10,2003,4,All (PS),area,1120.0
162,AO2008A102,Angola,AO,Benguela,none,Benguela,Groundnuts (In Shell),Main,2003,10,2004,4,All (PS),area,1073.0
163,AO2008A102,Angola,AO,Benguela,none,Benguela,Groundnuts (In Shell),Main,2004,10,2005,4,All (PS),area,1364.0
164,AO2008A102,Angola,AO,Benguela,none,Benguela,Groundnuts (In Shell),Main,2005,10,2006,4,All (PS),area,1872.0
165,AO2008A102,Angola,AO,Benguela,none,Benguela,Groundnuts (In Shell),Main,2006,10,2007,4,All (PS),area,2837.0
166,AO2008A102,Angola,AO,Benguela,none,Benguela,Groundnuts (In Shell),Main,2007,10,2008,4,All (PS),area,1755.0
167,AO2008A102,Angola,AO,Benguela,none,Benguela,Groundnuts (In Shell),Main,2008,10,2009,4,All (PS),area,4045.0
168,AO2008A102,Angola,AO,Benguela,none,Benguela,Groundnuts (In Shell),Main,2009,10,2010,4,All (PS),area,4696.0
169,AO2008A102,Angola,AO,Benguela,none,Benguela,Groundnuts (In Shell),Main,2010,10,2011,4,All (PS),area,5275.0
170,AO2008A102,Angola,AO,Benguela,none,Benguela,Groundnuts (In Shell),Main,2011,10,2012,4,All (PS),area,6127.0
171,AO2008A102,Angola,AO,Benguela,none,Benguela,Groundnuts (In Shell),Main,2012,10,2013,4,All (PS),area,6133.0
172,AO2008A102,Angola,AO,Benguela,none,Benguela,Groundnuts (In Shell),Main,2013,10,2014,4,All (PS),area,6225.0
173,AO2008A102,Angola,AO,Benguela,none,Benguela,Groundnuts (In Shell),Main,2014,10,2015,4,All (PS),area,6472.0
174,AO2008A102,Angola,AO,Benguela,none,Benguela,Groundnuts (In Shell),Main,2015,10,2016,4,All (PS),area,6472.0
175,AO2008A102,Angola,AO,Benguela,none,Benguela,Groundnuts (In Shell),Main,2016,10,2017,4,All (PS),area,8624.2
176,AO2008A102,Angola,AO,Benguela,none,Benguela,Lemon,Main,2015,10,2016,4,All (PS),area,1260.0
177,AO2008A102,Angola,AO,Benguela,none,Benguela,Lemon,Main,2016,10,2017,4,All (PS),area,1680.3000000000002
178,AO2008A102,Angola,AO,Benguela,none,Benguela,Beans (mixed),Main,2000,10,2001,4,All (PS),area,19542.0
179,AO2008A102,Angola,AO,Benguela,none,Benguela,Beans (mixed),Main,2001,10,2002,4,All (PS),area,24221.0
180,AO2008A102,Angola,AO,Benguela,none,Benguela,Beans (mixed),Main,2002,10,2003,4,All (PS),area,6809.0
181,AO2008A102,Angola,AO,Benguela,none,Benguela,Beans (mixed),Main,2003,10,2004,4,All (PS),area,9751.0
182,AO2008A102,Angola,AO,Benguela,none,Benguela,Beans (mixed),Main,2004,10,2005,4,All (PS),area,16782.0
183,AO2008A102,Angola,AO,Benguela,none,Benguela,Beans (mixed),Main,2005,10,2006,4,All (PS),area,11009.0
184,AO2008A102,Angola,AO,Benguela,none,Benguela,Beans (mixed),Main,2006,10,2007,4,All (PS),area,2178.0
185,AO2008A102,Angola,AO,Benguela,none,Benguela,Beans (mixed),Main,2007,10,2008,4,All (PS),area,35091.0
186,AO2008A102,Angola,AO,Benguela,none,Benguela,Beans (mixed),Main,2008,10,2009,4,All (PS),area,163370.0
187,AO2008A102,Angola,AO,Benguela,none,Benguela,Beans (mixed),Main,2009,10,2010,4,All (PS),area,163437.0
188,AO2008A102,Angola,AO,Benguela,none,Benguela,Beans (mixed),Main,2010,10,2011,4,All (PS),area,172638.0
189,AO2008A102,Angola,AO,Benguela,none,Benguela,Beans (mixed),Main,2011,10,2012,4,All (PS),area,179630.0
190,AO2008A102,Angola,AO,Benguela,none,Benguela,Beans (mixed),Main,2012,10,2013,4,All (PS),area,193435.0
191,AO2008A102,Angola,AO,Benguela,none,Benguela,Beans (mixed),Main,2013,10,2014,4,All (PS),area,194010.0
192,AO2008A102,Angola,AO,Benguela,none,Benguela,Beans (mixed),Main,2014,10,2015,4,All (PS),area,48224.0
193,AO2008A102,Angola,AO,Benguela,none,Benguela,Beans (mixed),Main,2015,10,2016,4,All (PS),area,48224.0
194,AO2008A102,Angola,AO,Benguela,none,Benguela,Beans (mixed),Main,2016,10,2017,4,All (PS),area,41376.200000000004
195,AO2008A102,Angola,AO,Benguela,none,Benguela,Cassava,Main,1996,10,1997,4,All (PS),area,25000.0
196,AO2008A102,Angola,AO,Benguela,none,Benguela,Cassava,Main,1997,10,1998,4,All (PS),area,25000.0
197,AO2008A102,Angola,AO,Benguela,none,Benguela,Cassava,Main,1998,10,1999,4,All (PS),area,10906.0
198,AO2008A102,Angola,AO,Benguela,none,Benguela,Cassava,Main,1999,10,2000,4,All (PS),area,11014.0
199,AO2008A102,Angola,AO,Benguela,none,Benguela,Cassava,Main,2000,10,2001,4,All (PS),area,11725.0
200,AO2008A102,Angola,AO,Benguela,none,Benguela,Cassava,Main,2001,10,2002,4,All (PS),area,22202.0
201,AO2008A102,Angola,AO,Benguela,none,Benguela,Cassava,Main,2004,10,2005,4,All (PS),area,3147.0
202,AO2008A102,Angola,AO,Benguela,none,Benguela,Cassava,Main,2005,10,2006,4,All (PS),area,4404.0
203,AO2008A102,Angola,AO,Benguela,none,Benguela,Cassava,Main,2006,10,2007,4,All (PS),area,4534.0
204,AO2008A102,Angola,AO,Benguela,none,Benguela,Cassava,Main,2007,10,2008,4,All (PS),area,4404.0
205,AO2008A102,Angola,AO,Benguela,none,Benguela,Cassava,Main,2008,10,2009,4,All (PS),area,55085.0
206,AO2008A102,Angola,AO,Benguela,none,Benguela,Cassava,Main,2009,10,2010,4,All (PS),area,55478.0
207,AO2008A102,Angola,AO,Benguela,none,Benguela,Cassava,Main,2010,10,2011,4,All (PS),area,57223.0
208,AO2008A102,Angola,AO,Benguela,none,Benguela,Cassava,Main,2011,10,2012,4,All (PS),area,60855.0
209,AO2008A102,Angola,AO,Benguela,none,Benguela,Cassava,Main,2012,10,2013,4,All (PS),area,63999.0
210,AO2008A102,Angola,AO,Benguela,none,Benguela,Cassava,Main,2013,10,2014,4,All (PS),area,64747.0
211,AO2008A102,Angola,AO,Benguela,none,Benguela,Cassava,Main,2015,10,2016,4,All (PS),area,48057.0
212,AO2008A102,Angola,AO,Benguela,none,Benguela,Cassava,Main,2016,10,2017,4,All (PS),area,45946.0
213,AO2008A102,Angola,AO,Benguela,none,Benguela,Potato,Main,2004,10,2005,4,All (PS),area,1049.0
214,AO2008A102,Angola,AO,Benguela,none,Benguela,Potato,Main,2008,10,2009,4,All (PS),area,11535.0
215,AO2008A102,Angola,AO,Benguela,none,Benguela,Potato,Main,2009,10,2010,4,All (PS),area,11568.0
216,AO2008A102,Angola,AO,Benguela,none,Benguela,Potato,Main,2010,10,2011,4,All (PS),area,11954.0
217,AO2008A102,Angola,AO,Benguela,none,Benguela,Potato,Main,2011,10,2012,4,All (PS),area,12252.0
218,AO2008A102,Angola,AO,Benguela,none,Benguela,Potato,Main,2012,10,2013,4,All (PS),area,12335.0
219,AO2008A102,Angola,AO,Benguela,none,Benguela,Potato,Main,2013,10,2014,4,All (PS),area,12580.0
220,AO2008A102,Angola,AO,Benguela,none,Benguela,Potato,Main,2014,10,2015,4,All (PS),area,7109.0
221,AO2008A102,Angola,AO,Benguela,none,Benguela,Potato,Main,2015,10,2016,4,All (PS),area,7109.0
222,AO2008A102,Angola,AO,Benguela,none,Benguela,Potato,Main,2016,10,2017,4,All (PS),area,7136.0
223,AO2008A102,Angola,AO,Benguela,none,Benguela,Pineapple,Main,2006,10,2007,4,All (PS),area,350.0
224,AO2008A102,Angola,AO,Benguela,none,Benguela,Pineapple,Main,2014,10,2015,4,All (PS),area,6628.0
225,AO2008A102,Angola,AO,Benguela,none,Benguela,Pineapple,Main,2015,10,2016,4,All (PS),area,6628.0
226,AO2008A102,Angola,AO,Benguela,none,Benguela,Pineapple,Main,2016,10,2017,4,All (PS),area,6861.8
227,AO2008A102,Angola,AO,Benguela,none,Benguela,Sorghum,Main,2006,10,2007,4,All (PS),area,4586.0
228,AO2008A102,Angola,AO,Benguela,none,Benguela,Sorghum,Main,2008,10,2009,4,All (PS),area,487.0
229,AO2008A102,Angola,AO,Benguela,none,Benguela,Sorghum,Main,2009,10,2010,4,All (PS),area,1990.0
230,AO2008A102,Angola,AO,Benguela,none,Benguela,Sorghum,Main,2010,10,2011,4,All (PS),area,12908.0
231,AO2008A102,Angola,AO,Benguela,none,Benguela,Sorghum,Main,2011,10,2012,4,All (PS),area,16365.0
232,AO2008A102,Angola,AO,Benguela,none,Benguela,Sorghum,Main,2012,10,2013,4,All (PS),area,16479.0
233,AO2008A102,Angola,AO,Benguela,none,Benguela,Sorghum,Main,2013,10,2014,4,All (PS),area,16481.0
234,AO2008A102,Angola,AO,Benguela,none,Benguela,Sorghum,Main,2014,10,2015,4,All (PS),area,18469.0
235,AO2008A102,Angola,AO,Benguela,none,Benguela,Sorghum,Main,2015,10,2016,4,All (PS),area,18469.0
236,AO2008A102,Angola,AO,Benguela,none,Benguela,Sorghum,Main,2016,10,2017,4,All (PS),area,18774.9
237,AO2008A102,Angola,AO,Benguela,none,Benguela,Coffee,Main,2012,10,2013,4,All (PS),area,1190.0
238,AO2008A102,Angola,AO,Benguela,none,Benguela,Coffee,Main,2013,10,2014,4,All (PS),area,1190.0
239,AO2008A102,Angola,AO,Benguela,none,Benguela,Soybean,Main,2008,10,2009,4,All (PS),area,2976.0
240,AO2008A102,Angola,AO,Benguela,none,Benguela,Soybean,Main,2009,10,2010,4,All (PS),area,3193.0
241,AO2008A102,Angola,AO,Benguela,none,Benguela,Soybean,Main,2010,10,2011,4,All (PS),area,3220.0
242,AO2008A102,Angola,AO,Benguela,none,Benguela,Soybean,Main,2011,10,2012,4,All (PS),area,2975.0
243,AO2008A102,Angola,AO,Benguela,none,Benguela,Soybean,Main,2012,10,2013,4,All (PS),area,2880.0
244,AO2008A102,Angola,AO,Benguela,none,Benguela,Soybean,Main,2013,10,2014,4,All (PS),area,2893.0
245,AO2008A102,Angola,AO,Benguela,none,Benguela,Soybean,Main,2014,10,2015,4,All (PS),area,11457.0
246,AO2008A102,Angola,AO,Benguela,none,Benguela,Soybean,Main,2015,10,2016,4,All (PS),area,11457.0
247,AO2008A102,Angola,AO,Benguela,none,Benguela,Soybean,Main,2016,10,2017,4,All (PS),area,3952.3999999999996
248,AO2008A102,Angola,AO,Benguela,none,Benguela,Watermelon,Main,2014,10,2015,4,All (PS),area,68.0
249,AO2008A102,Angola,AO,Benguela,none,Benguela,Watermelon,Main,2015,10,2016,4,All (PS),area,68.0
250,AO2008A102,Angola,AO,Benguela,none,Benguela,Watermelon,Main,2016,10,2017,4,All (PS),area,72.0
251,AO2008A102,Angola,AO,Benguela,none,Benguela,Okras,Main,2014,10,2015,4,All (PS),area,38.0
252,AO2008A102,Angola,AO,Benguela,none,Benguela,Okras,Main,2015,10,2016,4,All (PS),area,38.0
253,AO2008A102,Angola,AO,Benguela,none,Benguela,Okras,Main,2016,10,2017,4,All (PS),area,52.0
254,AO2008A102,Angola,AO,Benguela,none,Benguela,Cabbage,Main,2014,10,2015,4,All (PS),area,6023.0
255,AO2008A102,Angola,AO,Benguela,none,Benguela,Cabbage,Main,2015,10,2016,4,All (PS),area,6023.0
256,AO2008A102,Angola,AO,Benguela,none,Benguela,Cabbage,Main,2016,10,2017,4,All (PS),area,5988.0
257,AO2008A102,Angola,AO,Benguela,none,Benguela,Carrots,Main,2014,10,2015,4,All (PS),area,285.0
258,AO2008A102,Angola,AO,Benguela,none,Benguela,Carrots,Main,2015,10,2016,4,All (PS),area,285.0
259,AO2008A102,Angola,AO,Benguela,none,Benguela,Carrots,Main,2016,10,2017,4,All (PS),area,329.0
260,AO2008A102,Angola,AO,Benguela,none,Benguela,Melon,Main,2014,10,2015,4,All (PS),area,63.0
261,AO2008A102,Angola,AO,Benguela,none,Benguela,Melon,Main,2015,10,2016,4,All (PS),area,63.0
262,AO2008A102,Angola,AO,Benguela,none,Benguela,Melon,Main,2016,10,2017,4,All (PS),area,55.0
263,AO2008A102,Angola,AO,Benguela,none,Benguela,Millet,Main,2014,10,2015,4,All (PS),area,10303.0
264,AO2008A102,Angola,AO,Benguela,none,Benguela,Millet,Main,2015,10,2016,4,All (PS),area,10303.0
265,AO2008A102,Angola,AO,Benguela,none,Benguela,Green Bean,Main,2015,10,2016,4,All (PS),area,127.0
266,AO2008A102,Angola,AO,Benguela,none,Benguela,Millet,Main,2000,10,2001,4,All (PS),area,29313.0
267,AO2008A102,Angola,AO,Benguela,none,Benguela,Millet,Main,2001,10,2002,4,All (PS),area,30276.0
268,AO2008A102,Angola,AO,Benguela,none,Benguela,Millet,Main,2002,10,2003,4,All (PS),area,20685.0
269,AO2008A102,Angola,AO,Benguela,none,Benguela,Millet,Main,2003,10,2004,4,All (PS),area,18430.0
270,AO2008A102,Angola,AO,Benguela,none,Benguela,Millet,Main,2004,10,2005,4,All (PS),area,20977.0
271,AO2008A102,Angola,AO,Benguela,none,Benguela,Millet,Main,2005,10,2006,4,All (PS),area,30826.0
272,AO2008A102,Angola,AO,Benguela,none,Benguela,Millet,Main,2009,10,2010,4,All (PS),area,8203.0
273,AO2008A102,Angola,AO,Benguela,none,Benguela,Millet,Main,2010,10,2011,4,All (PS),area,8328.0
274,AO2008A102,Angola,AO,Benguela,none,Benguela,Millet,Main,2011,10,2012,4,All (PS),area,8926.0
275,AO2008A102,Angola,AO,Benguela,none,Benguela,Millet,Main,2012,10,2013,4,All (PS),area,8930.0
276,AO2008A102,Angola,AO,Benguela,none,Benguela,Millet,Main,2013,10,2014,4,All (PS),area,8964.0
277,AO2008A102,Angola,AO,Benguela,none,Benguela,Rice,Main,2008,10,2009,4,All (PS),area,18.0
278,AO2008A102,Angola,AO,Benguela,none,Benguela,Rice,Main,2009,10,2010,4,All (PS),area,18.0
279,AO2008A102,Angola,AO,Benguela,none,Benguela,Rice,Main,2010,10,2011,4,All (PS),area,25.0
280,AO2008A102,Angola,AO,Benguela,none,Benguela,Garlic,Main,2008,10,2009,4,All (PS),area,175.89
281,AO2008A102,Angola,AO,Benguela,none,Benguela,Garlic,Main,2009,10,2010,4,All (PS),area,198.23
282,AO2008A102,Angola,AO,Benguela,none,Benguela,Garlic,Main,2010,10,2011,4,All (PS),area,232.0
283,AO2008A102,Angola,AO,Benguela,none,Benguela,Garlic,Main,2011,10,2012,4,All (PS),area,248.7
284,AO2008A103,Angola,AO,Bie,none,Bie,Maize,Main,1996,10,1997,4,All (PS),area,11000.0
285,AO2008A103,Angola,AO,Bie,none,Bie,Maize,Main,1997,10,1998,4,All (PS),area,11000.0
286,AO2008A103,Angola,AO,Bie,none,Bie,Maize,Main,1998,10,1999,4,All (PS),area,90110.0
287,AO2008A103,Angola,AO,Bie,none,Bie,Maize,Main,1999,10,2000,4,All (PS),area,88742.0
288,AO2008A103,Angola,AO,Bie,none,Bie,Maize,Main,2000,10,2001,4,All (PS),area,98303.0
289,AO2008A103,Angola,AO,Bie,none,Bie,Maize,Main,2001,10,2002,4,All (PS),area,104995.0
290,AO2008A103,Angola,AO,Bie,none,Bie,Maize,Main,2002,10,2003,4,All (PS),area,102303.0
291,AO2008A103,Angola,AO,Bie,none,Bie,Maize,Main,2003,10,2004,4,All (PS),area,185480.0
292,AO2008A103,Angola,AO,Bie,none,Bie,Maize,Main,2004,10,2005,4,All (PS),area,199945.0
293,AO2008A103,Angola,AO,Bie,none,Bie,Maize,Main,2005,10,2006,4,All (PS),area,199074.0
294,AO2008A103,Angola,AO,Bie,none,Bie,Maize,Main,2006,10,2007,4,All (PS),area,265036.0
295,AO2008A103,Angola,AO,Bie,none,Bie,Maize,Main,2007,10,2008,4,All (PS),area,152619.0
296,AO2008A103,Angola,AO,Bie,none,Bie,Maize,Main,2008,10,2009,4,All (PS),area,158316.0
297,AO2008A103,Angola,AO,Bie,none,Bie,Maize,Main,2009,10,2010,4,All (PS),area,238242.0
298,AO2008A103,Angola,AO,Bie,none,Bie,Maize,Main,2010,10,2011,4,All (PS),area,253154.0
299,AO2008A103,Angola,AO,Bie,none,Bie,Maize,Main,2011,10,2012,4,All (PS),area,261017.0
300,AO2008A103,Angola,AO,Bie,none,Bie,Maize,Main,2012,10,2013,4,All (PS),area,266191.0
301,AO2008A103,Angola,AO,Bie,none,Bie,Maize,Main,2013,10,2014,4,All (PS),area,256638.0
302,AO2008A103,Angola,AO,Bie,none,Bie,Maize,Main,2014,10,2015,4,All (PS),area,291177.0
303,AO2008A103,Angola,AO,Bie,none,Bie,Maize,Main,2015,10,2016,4,All (PS),area,291177.0
304,AO2008A103,Angola,AO,Bie,none,Bie,Maize,Main,2016,10,2017,4,All (PS),area,399225.2
305,AO2008A103,Angola,AO,Bie,none,Bie,Chili Pepper,Main,2014,10,2015,4,All (PS),area,26.0
306,AO2008A103,Angola,AO,Bie,none,Bie,Sweet Potatoes,Main,2000,10,2001,4,All (PS),area,6019.0
307,AO2008A103,Angola,AO,Bie,none,Bie,Sweet Potatoes,Main,2001,10,2002,4,All (PS),area,6428.0
308,AO2008A103,Angola,AO,Bie,none,Bie,Sweet Potatoes,Main,2002,10,2003,4,All (PS),area,16799.0
309,AO2008A103,Angola,AO,Bie,none,Bie,Sweet Potatoes,Main,2003,10,2004,4,All (PS),area,12363.0
310,AO2008A103,Angola,AO,Bie,none,Bie,Sweet Potatoes,Main,2004,10,2005,4,All (PS),area,13330.0
311,AO2008A103,Angola,AO,Bie,none,Bie,Sweet Potatoes,Main,2005,10,2006,4,All (PS),area,13721.0
312,AO2008A103,Angola,AO,Bie,none,Bie,Sweet Potatoes,Main,2006,10,2007,4,All (PS),area,6237.0
313,AO2008A103,Angola,AO,Bie,none,Bie,Sweet Potatoes,Main,2007,10,2008,4,All (PS),area,3240.0
314,AO2008A103,Angola,AO,Bie,none,Bie,Sweet Potatoes,Main,2008,10,2009,4,All (PS),area,3568.0
315,AO2008A103,Angola,AO,Bie,none,Bie,Sweet Potatoes,Main,2009,10,2010,4,All (PS),area,17963.0
316,AO2008A103,Angola,AO,Bie,none,Bie,Sweet Potatoes,Main,2010,10,2011,4,All (PS),area,16005.0
317,AO2008A103,Angola,AO,Bie,none,Bie,Sweet Potatoes,Main,2011,10,2012,4,All (PS),area,11068.0
318,AO2008A103,Angola,AO,Bie,none,Bie,Sweet Potatoes,Main,2012,10,2013,4,All (PS),area,11147.0
319,AO2008A103,Angola,AO,Bie,none,Bie,Sweet Potatoes,Main,2013,10,2014,4,All (PS),area,11507.0
320,AO2008A103,Angola,AO,Bie,none,Bie,Sweet Potatoes,Main,2014,10,2015,4,All (PS),area,12007.0
321,AO2008A103,Angola,AO,Bie,none,Bie,Sweet Potatoes,Main,2015,10,2016,4,All (PS),area,11473.0
322,AO2008A103,Angola,AO,Bie,none,Bie,Sweet Potatoes,Main,2016,10,2017,4,All (PS),area,12415.7
323,AO2008A103,Angola,AO,Bie,none,Bie,Banana,Main,2006,10,2007,4,All (PS),area,4158.0
324,AO2008A103,Angola,AO,Bie,none,Bie,Banana,Main,2007,10,2008,4,All (PS),area,3240.0
325,AO2008A103,Angola,AO,Bie,none,Bie,Banana,Main,2008,10,2009,4,All (PS),area,3240.0
326,AO2008A103,Angola,AO,Bie,none,Bie,Banana,Main,2009,10,2010,4,All (PS),area,3636.0
327,AO2008A103,Angola,AO,Bie,none,Bie,Banana,Main,2010,10,2011,4,All (PS),area,3693.0
328,AO2008A103,Angola,AO,Bie,none,Bie,Banana,Main,2011,10,2012,4,All (PS),area,4141.0
329,AO2008A103,Angola,AO,Bie,none,Bie,Banana,Main,2012,10,2013,4,All (PS),area,4702.0
330,AO2008A103,Angola,AO,Bie,none,Bie,Banana,Main,2013,10,2014,4,All (PS),area,4284.0
331,AO2008A103,Angola,AO,Bie,none,Bie,Banana,Main,2014,10,2015,4,All (PS),area,4228.0
332,AO2008A103,Angola,AO,Bie,none,Bie,Banana,Main,2015,10,2016,4,All (PS),area,4228.0
333,AO2008A103,Angola,AO,Bie,none,Bie,Banana,Main,2016,10,2017,4,All (PS),area,4700.7
334,AO2008A103,Angola,AO,Bie,none,Bie,Tomato,Main,2014,10,2015,4,All (PS),area,1425.0
335,AO2008A103,Angola,AO,Bie,none,Bie,Tomato,Main,2015,10,2016,4,All (PS),area,1425.0
336,AO2008A103,Angola,AO,Bie,none,Bie,Tomato,Main,2016,10,2017,4,All (PS),area,1544.6
337,AO2008A103,Angola,AO,Bie,none,Bie,Onions,Main,2014,10,2015,4,All (PS),area,6008.0
338,AO2008A103,Angola,AO,Bie,none,Bie,Onions,Main,2015,10,2016,4,All (PS),area,6008.0
339,AO2008A103,Angola,AO,Bie,none,Bie,Onions,Main,2016,10,2017,4,All (PS),area,6414.7
340,AO2008A103,Angola,AO,Bie,none,Bie,Mango,Main,2015,10,2016,4,All (PS),area,652.0
341,AO2008A103,Angola,AO,Bie,none,Bie,Mango,Main,2016,10,2017,4,All (PS),area,689.8
342,AO2008A103,Angola,AO,Bie,none,Bie,Groundnuts (In Shell),Main,2000,10,2001,4,All (PS),area,6019.0
343,AO2008A103,Angola,AO,Bie,none,Bie,Groundnuts (In Shell),Main,2001,10,2002,4,All (PS),area,6428.0
344,AO2008A103,Angola,AO,Bie,none,Bie,Groundnuts (In Shell),Main,2002,10,2003,4,All (PS),area,6461.0
345,AO2008A103,Angola,AO,Bie,none,Bie,Groundnuts (In Shell),Main,2003,10,2004,4,All (PS),area,12365.0
346,AO2008A103,Angola,AO,Bie,none,Bie,Groundnuts (In Shell),Main,2004,10,2005,4,All (PS),area,12663.0
347,AO2008A103,Angola,AO,Bie,none,Bie,Groundnuts (In Shell),Main,2005,10,2006,4,All (PS),area,12568.0
348,AO2008A103,Angola,AO,Bie,none,Bie,Groundnuts (In Shell),Main,2006,10,2007,4,All (PS),area,21547.0
349,AO2008A103,Angola,AO,Bie,none,Bie,Groundnuts (In Shell),Main,2007,10,2008,4,All (PS),area,35640.0
350,AO2008A103,Angola,AO,Bie,none,Bie,Groundnuts (In Shell),Main,2008,10,2009,4,All (PS),area,35670.0
351,AO2008A103,Angola,AO,Bie,none,Bie,Groundnuts (In Shell),Main,2009,10,2010,4,All (PS),area,36250.0
352,AO2008A103,Angola,AO,Bie,none,Bie,Groundnuts (In Shell),Main,2010,10,2011,4,All (PS),area,36847.0
353,AO2008A103,Angola,AO,Bie,none,Bie,Groundnuts (In Shell),Main,2011,10,2012,4,All (PS),area,37559.0
354,AO2008A103,Angola,AO,Bie,none,Bie,Groundnuts (In Shell),Main,2012,10,2013,4,All (PS),area,37614.0
355,AO2008A103,Angola,AO,Bie,none,Bie,Groundnuts (In Shell),Main,2013,10,2014,4,All (PS),area,37675.0
356,AO2008A103,Angola,AO,Bie,none,Bie,Groundnuts (In Shell),Main,2014,10,2015,4,All (PS),area,38797.0
357,AO2008A103,Angola,AO,Bie,none,Bie,Groundnuts (In Shell),Main,2015,10,2016,4,All (PS),area,38797.0
358,AO2008A103,Angola,AO,Bie,none,Bie,Groundnuts (In Shell),Main,2016,10,2017,4,All (PS),area,32537.7
359,AO2008A103,Angola,AO,Bie,none,Bie,Lemon,Main,2015,10,2016,4,All (PS),area,865.0
360,AO2008A103,Angola,AO,Bie,none,Bie,Lemon,Main,2016,10,2017,4,All (PS),area,893.5
361,AO2008A103,Angola,AO,Bie,none,Bie,Beans (mixed),Main,2000,10,2001,4,All (PS),area,32099.0
362,AO2008A103,Angola,AO,Bie,none,Bie,Beans (mixed),Main,2001,10,2002,4,All (PS),area,34284.0
363,AO2008A103,Angola,AO,Bie,none,Bie,Beans (mixed),Main,2002,10,2003,4,All (PS),area,34460.0
364,AO2008A103,Angola,AO,Bie,none,Bie,Beans (mixed),Main,2003,10,2004,4,All (PS),area,46370.0
365,AO2008A103,Angola,AO,Bie,none,Bie,Beans (mixed),Main,2004,10,2005,4,All (PS),area,53319.0
366,AO2008A103,Angola,AO,Bie,none,Bie,Beans (mixed),Main,2005,10,2006,4,All (PS),area,49114.0
367,AO2008A103,Angola,AO,Bie,none,Bie,Beans (mixed),Main,2006,10,2007,4,All (PS),area,66643.0
368,AO2008A103,Angola,AO,Bie,none,Bie,Beans (mixed),Main,2007,10,2008,4,All (PS),area,52110.0
369,AO2008A103,Angola,AO,Bie,none,Bie,Beans (mixed),Main,2008,10,2009,4,All (PS),area,146850.0
370,AO2008A103,Angola,AO,Bie,none,Bie,Beans (mixed),Main,2009,10,2010,4,All (PS),area,146378.0
371,AO2008A103,Angola,AO,Bie,none,Bie,Beans (mixed),Main,2010,10,2011,4,All (PS),area,152803.0
372,AO2008A103,Angola,AO,Bie,none,Bie,Beans (mixed),Main,2011,10,2012,4,All (PS),area,163513.0
373,AO2008A103,Angola,AO,Bie,none,Bie,Beans (mixed),Main,2012,10,2013,4,All (PS),area,176329.0
374,AO2008A103,Angola,AO,Bie,none,Bie,Beans (mixed),Main,2013,10,2014,4,All (PS),area,176906.0
375,AO2008A103,Angola,AO,Bie,none,Bie,Beans (mixed),Main,2014,10,2015,4,All (PS),area,156525.0
376,AO2008A103,Angola,AO,Bie,none,Bie,Beans (mixed),Main,2015,10,2016,4,All (PS),area,156525.0
377,AO2008A103,Angola,AO,Bie,none,Bie,Beans (mixed),Main,2016,10,2017,4,All (PS),area,157302.1
378,AO2008A103,Angola,AO,Bie,none,Bie,Cassava,Main,1996,10,1997,4,All (PS),area,37000.0
379,AO2008A103,Angola,AO,Bie,none,Bie,Cassava,Main,1997,10,1998,4,All (PS),area,37000.0
380,AO2008A103,Angola,AO,Bie,none,Bie,Cassava,Main,1998,10,1999,4,All (PS),area,40458.0
381,AO2008A103,Angola,AO,Bie,none,Bie,Cassava,Main,1999,10,2000,4,All (PS),area,39843.0
382,AO2008A103,Angola,AO,Bie,none,Bie,Cassava,Main,2000,10,2001,4,All (PS),area,28087.0
383,AO2008A103,Angola,AO,Bie,none,Bie,Cassava,Main,2001,10,2002,4,All (PS),area,29998.0
384,AO2008A103,Angola,AO,Bie,none,Bie,Cassava,Main,2002,10,2003,4,All (PS),area,23261.0
385,AO2008A103,Angola,AO,Bie,none,Bie,Cassava,Main,2003,10,2004,4,All (PS),area,15457.0
386,AO2008A103,Angola,AO,Bie,none,Bie,Cassava,Main,2004,10,2005,4,All (PS),area,15662.0
387,AO2008A103,Angola,AO,Bie,none,Bie,Cassava,Main,2005,10,2006,4,All (PS),area,16044.0
388,AO2008A103,Angola,AO,Bie,none,Bie,Cassava,Main,2006,10,2007,4,All (PS),area,15830.0
389,AO2008A103,Angola,AO,Bie,none,Bie,Cassava,Main,2007,10,2008,4,All (PS),area,16247.0
390,AO2008A103,Angola,AO,Bie,none,Bie,Cassava,Main,2008,10,2009,4,All (PS),area,62942.0
391,AO2008A103,Angola,AO,Bie,none,Bie,Cassava,Main,2009,10,2010,4,All (PS),area,75806.0
392,AO2008A103,Angola,AO,Bie,none,Bie,Cassava,Main,2010,10,2011,4,All (PS),area,75891.0
393,AO2008A103,Angola,AO,Bie,none,Bie,Cassava,Main,2011,10,2012,4,All (PS),area,76664.0
394,AO2008A103,Angola,AO,Bie,none,Bie,Cassava,Main,2012,10,2013,4,All (PS),area,78889.0
395,AO2008A103,Angola,AO,Bie,none,Bie,Cassava,Main,2013,10,2014,4,All (PS),area,79055.0
396,AO2008A103,Angola,AO,Bie,none,Bie,Cassava,Main,2015,10,2016,4,All (PS),area,71554.0
397,AO2008A103,Angola,AO,Bie,none,Bie,Cassava,Main,2016,10,2017,4,All (PS),area,64933.4
398,AO2008A103,Angola,AO,Bie,none,Bie,Potato,Main,2000,10,2001,4,All (PS),area,10031.0
399,AO2008A103,Angola,AO,Bie,none,Bie,Potato,Main,2001,10,2002,4,All (PS),area,10714.0
400,AO2008A103,Angola,AO,Bie,none,Bie,Potato,Main,2002,10,2003,4,All (PS),area,15938.0
401,AO2008A103,Angola,AO,Bie,none,Bie,Potato,Main,2003,10,2004,4,All (PS),area,22876.0
402,AO2008A103,Angola,AO,Bie,none,Bie,Potato,Main,2004,10,2005,4,All (PS),area,23327.0
403,AO2008A103,Angola,AO,Bie,none,Bie,Potato,Main,2005,10,2006,4,All (PS),area,19645.0
404,AO2008A103,Angola,AO,Bie,none,Bie,Potato,Main,2006,10,2007,4,All (PS),area,34943.0
405,AO2008A103,Angola,AO,Bie,none,Bie,Potato,Main,2007,10,2008,4,All (PS),area,2836.0
406,AO2008A103,Angola,AO,Bie,none,Bie,Potato,Main,2008,10,2009,4,All (PS),area,11823.0
407,AO2008A103,Angola,AO,Bie,none,Bie,Potato,Main,2009,10,2010,4,All (PS),area,11865.0
408,AO2008A103,Angola,AO,Bie,none,Bie,Potato,Main,2010,10,2011,4,All (PS),area,11492.0
409,AO2008A103,Angola,AO,Bie,none,Bie,Potato,Main,2011,10,2012,4,All (PS),area,11284.0
410,AO2008A103,Angola,AO,Bie,none,Bie,Potato,Main,2012,10,2013,4,All (PS),area,11381.0
411,AO2008A103,Angola,AO,Bie,none,Bie,Potato,Main,2013,10,2014,4,All (PS),area,11645.0
412,AO2008A103,Angola,AO,Bie,none,Bie,Potato,Main,2014,10,2015,4,All (PS),area,11405.0
413,AO2008A103,Angola,AO,Bie,none,Bie,Potato,Main,2015,10,2016,4,All (PS),area,11405.0
414,AO2008A103,Angola,AO,Bie,none,Bie,Potato,Main,2016,10,2017,4,All (PS),area,9429.4
415,AO2008A103,Angola,AO,Bie,none,Bie,Pineapple,Main,2006,10,2007,4,All (PS),area,3026.0
416,AO2008A103,Angola,AO,Bie,none,Bie,Pineapple,Main,2014,10,2015,4,All (PS),area,4250.0
417,AO2008A103,Angola,AO,Bie,none,Bie,Pineapple,Main,2015,10,2016,4,All (PS),area,4250.0
418,AO2008A103,Angola,AO,Bie,none,Bie,Pineapple,Main,2016,10,2017,4,All (PS),area,5457.7
419,AO2008A103,Angola,AO,Bie,none,Bie,Sorghum,Main,2006,10,2007,4,All (PS),area,273.0
420,AO2008A103,Angola,AO,Bie,none,Bie,Sorghum,Main,2007,10,2008,4,All (PS),area,1620.0
421,AO2008A103,Angola,AO,Bie,none,Bie,Sorghum,Main,2008,10,2009,4,All (PS),area,1617.0
422,AO2008A103,Angola,AO,Bie,none,Bie,Sorghum,Main,2009,10,2010,4,All (PS),area,687.0
423,AO2008A103,Angola,AO,Bie,none,Bie,Sorghum,Main,2010,10,2011,4,All (PS),area,3688.0
424,AO2008A103,Angola,AO,Bie,none,Bie,Sorghum,Main,2011,10,2012,4,All (PS),area,4297.0
425,AO2008A103,Angola,AO,Bie,none,Bie,Sorghum,Main,2012,10,2013,4,All (PS),area,4396.0
426,AO2008A103,Angola,AO,Bie,none,Bie,Sorghum,Main,2013,10,2014,4,All (PS),area,4393.0
427,AO2008A103,Angola,AO,Bie,none,Bie,Sorghum,Main,2014,10,2015,4,All (PS),area,1953.0
428,AO2008A103,Angola,AO,Bie,none,Bie,Sorghum,Main,2015,10,2016,4,All (PS),area,1953.0
429,AO2008A103,Angola,AO,Bie,none,Bie,Coffee,Main,2012,10,2013,4,All (PS),area,1190.0
430,AO2008A103,Angola,AO,Bie,none,Bie,Coffee,Main,2013,10,2014,4,All (PS),area,1314.0
431,AO2008A103,Angola,AO,Bie,none,Bie,Soybean,Main,2006,10,2007,4,All (PS),area,1927.0
432,AO2008A103,Angola,AO,Bie,none,Bie,Soybean,Main,2007,10,2008,4,All (PS),area,2854.0
433,AO2008A103,Angola,AO,Bie,none,Bie,Soybean,Main,2008,10,2009,4,All (PS),area,3175.0
434,AO2008A103,Angola,AO,Bie,none,Bie,Soybean,Main,2009,10,2010,4,All (PS),area,3188.0
435,AO2008A103,Angola,AO,Bie,none,Bie,Soybean,Main,2010,10,2011,4,All (PS),area,3334.0
436,AO2008A103,Angola,AO,Bie,none,Bie,Soybean,Main,2011,10,2012,4,All (PS),area,5040.0
437,AO2008A103,Angola,AO,Bie,none,Bie,Soybean,Main,2012,10,2013,4,All (PS),area,3849.0
438,AO2008A103,Angola,AO,Bie,none,Bie,Soybean,Main,2013,10,2014,4,All (PS),area,3681.0
439,AO2008A103,Angola,AO,Bie,none,Bie,Soybean,Main,2014,10,2015,4,All (PS),area,4217.0
440,AO2008A103,Angola,AO,Bie,none,Bie,Soybean,Main,2015,10,2016,4,All (PS),area,4217.0
441,AO2008A103,Angola,AO,Bie,none,Bie,Soybean,Main,2016,10,2017,4,All (PS),area,4910.7
442,AO2008A103,Angola,AO,Bie,none,Bie,Cabbage,Main,2014,10,2015,4,All (PS),area,680.0
443,AO2008A103,Angola,AO,Bie,none,Bie,Cabbage,Main,2015,10,2016,4,All (PS),area,680.0
444,AO2008A103,Angola,AO,Bie,none,Bie,Cabbage,Main,2016,10,2017,4,All (PS),area,727.8
445,AO2008A103,Angola,AO,Bie,none,Bie,Carrots,Main,2014,10,2015,4,All (PS),area,373.0
446,AO2008A103,Angola,AO,Bie,none,Bie,Carrots,Main,2015,10,2016,4,All (PS),area,373.0
447,AO2008A103,Angola,AO,Bie,none,Bie,Carrots,Main,2016,10,2017,4,All (PS),area,393.9
448,AO2008A103,Angola,AO,Bie,none,Bie,Millet,Main,2000,10,2001,4,All (PS),area,14043.0
449,AO2008A103,Angola,AO,Bie,none,Bie,Millet,Main,2001,10,2002,4,All (PS),area,14999.0
450,AO2008A103,Angola,AO,Bie,none,Bie,Millet,Main,2002,10,2003,4,All (PS),area,862.0
451,AO2008A103,Angola,AO,Bie,none,Bie,Millet,Main,2003,10,2004,4,All (PS),area,6183.0
452,AO2008A103,Angola,AO,Bie,none,Bie,Millet,Main,2004,10,2005,4,All (PS),area,6665.0
453,AO2008A103,Angola,AO,Bie,none,Bie,Millet,Main,2005,10,2006,4,All (PS),area,7858.0
454,AO2008A103,Angola,AO,Bie,none,Bie,Rice,Main,2004,10,2005,4,All (PS),area,83.0
455,AO2008A103,Angola,AO,Bie,none,Bie,Rice,Main,2005,10,2006,4,All (PS),area,96.0
456,AO2008A103,Angola,AO,Bie,none,Bie,Rice,Main,2006,10,2007,4,All (PS),area,605.0
457,AO2008A103,Angola,AO,Bie,none,Bie,Rice,Main,2007,10,2008,4,All (PS),area,8740.0
458,AO2008A103,Angola,AO,Bie,none,Bie,Rice,Main,2008,10,2009,4,All (PS),area,8742.0
459,AO2008A103,Angola,AO,Bie,none,Bie,Rice,Main,2009,10,2010,4,All (PS),area,9587.0
460,AO2008A103,Angola,AO,Bie,none,Bie,Rice,Main,2010,10,2011,4,All (PS),area,9874.0
461,AO2008A103,Angola,AO,Bie,none,Bie,Rice,Main,2011,10,2012,4,All (PS),area,10107.0
462,AO2008A103,Angola,AO,Bie,none,Bie,Rice,Main,2012,10,2013,4,All (PS),area,10130.0
463,AO2008A103,Angola,AO,Bie,none,Bie,Rice,Main,2013,10,2014,4,All (PS),area,10137.0
464,AO2008A103,Angola,AO,Bie,none,Bie,Rice,Main,2014,10,2015,4,All (PS),area,6230.0
465,AO2008A103,Angola,AO,Bie,none,Bie,Rice,Main,2015,10,2016,4,All (PS),area,6230.0
466,AO2008A103,Angola,AO,Bie,none,Bie,Rice,Main,2016,10,2017,4,All (PS),area,5435.6
467,AO2008A103,Angola,AO,Bie,none,Bie,Garlic,Main,2008,10,2009,4,All (PS),area,116.37
468,AO2008A103,Angola,AO,Bie,none,Bie,Garlic,Main,2009,10,2010,4,All (PS),area,140.58
469,AO2008A103,Angola,AO,Bie,none,Bie,Garlic,Main,2010,10,2011,4,All (PS),area,153.0
470,AO2008A103,Angola,AO,Bie,none,Bie,Garlic,Main,2011,10,2012,4,All (PS),area,171.29
471,AO2008A104,Angola,AO,Cabinda,none,Cabinda,Maize,Main,1996,10,1997,4,All (PS),area,99459.0
472,AO2008A104,Angola,AO,Cabinda,none,Cabinda,Maize,Main,1997,10,1998,4,All (PS),area,99000.0
473,AO2008A104,Angola,AO,Cabinda,none,Cabinda,Maize,Main,1998,10,1999,4,All (PS),area,2652.0
474,AO2008A104,Angola,AO,Cabinda,none,Cabinda,Maize,Main,1999,10,2000,4,All (PS),area,2950.0
475,AO2008A104,Angola,AO,Cabinda,none,Cabinda,Maize,Main,2000,10,2001,4,All (PS),area,5897.0
476,AO2008A104,Angola,AO,Cabinda,none,Cabinda,Maize,Main,2001,10,2002,4,All (PS),area,6015.0
477,AO2008A104,Angola,AO,Cabinda,none,Cabinda,Maize,Main,2002,10,2003,4,All (PS),area,6486.0
478,AO2008A104,Angola,AO,Cabinda,none,Cabinda,Maize,Main,2003,10,2004,4,All (PS),area,4013.0
479,AO2008A104,Angola,AO,Cabinda,none,Cabinda,Maize,Main,2004,10,2005,4,All (PS),area,2372.0
480,AO2008A104,Angola,AO,Cabinda,none,Cabinda,Maize,Main,2005,10,2006,4,All (PS),area,2206.0
481,AO2008A104,Angola,AO,Cabinda,none,Cabinda,Maize,Main,2006,10,2007,4,All (PS),area,3245.0
482,AO2008A104,Angola,AO,Cabinda,none,Cabinda,Maize,Main,2007,10,2008,4,All (PS),area,4160.0
483,AO2008A104,Angola,AO,Cabinda,none,Cabinda,Maize,Main,2008,10,2009,4,All (PS),area,6099.0
484,AO2008A104,Angola,AO,Cabinda,none,Cabinda,Maize,Main,2009,10,2010,4,All (PS),area,8363.0
485,AO2008A104,Angola,AO,Cabinda,none,Cabinda,Maize,Main,2010,10,2011,4,All (PS),area,8651.0
486,AO2008A104,Angola,AO,Cabinda,none,Cabinda,Maize,Main,2011,10,2012,4,All (PS),area,8666.0
487,AO2008A104,Angola,AO,Cabinda,none,Cabinda,Maize,Main,2012,10,2013,4,All (PS),area,8769.0
488,AO2008A104,Angola,AO,Cabinda,none,Cabinda,Maize,Main,2013,10,2014,4,All (PS),area,8794.0
489,AO2008A104,Angola,AO,Cabinda,none,Cabinda,Maize,Main,2014,10,2015,4,All (PS),area,8937.0
490,AO2008A104,Angola,AO,Cabinda,none,Cabinda,Maize,Main,2015,10,2016,4,All (PS),area,8937.0
491,AO2008A104,Angola,AO,Cabinda,none,Cabinda,Maize,Main,2016,10,2017,4,All (PS),area,5716.5
492,AO2008A104,Angola,AO,Cabinda,none,Cabinda,Sweet Potatoes,Main,2000,10,2001,4,All (PS),area,1862.0
493,AO2008A104,Angola,AO,Cabinda,none,Cabinda,Sweet Potatoes,Main,2001,10,2002,4,All (PS),area,1900.0
494,AO2008A104,Angola,AO,Cabinda,none,Cabinda,Sweet Potatoes,Main,2002,10,2003,4,All (PS),area,4160.0
495,AO2008A104,Angola,AO,Cabinda,none,Cabinda,Sweet Potatoes,Main,2003,10,2004,4,All (PS),area,1605.0
496,AO2008A104,Angola,AO,Cabinda,none,Cabinda,Sweet Potatoes,Main,2004,10,2005,4,All (PS),area,59.0
497,AO2008A104,Angola,AO,Cabinda,none,Cabinda,Sweet Potatoes,Main,2005,10,2006,4,All (PS),area,1103.0
498,AO2008A104,Angola,AO,Cabinda,none,Cabinda,Sweet Potatoes,Main,2006,10,2007,4,All (PS),area,22017.0
499,AO2008A104,Angola,AO,Cabinda,none,Cabinda,Sweet Potatoes,Main,2007,10,2008,4,All (PS),area,30684.0
500,AO2008A104,Angola,AO,Cabinda,none,Cabinda,Sweet Potatoes,Main,2008,10,2009,4,All (PS),area,24240.0
501,AO2008A104,Angola,AO,Cabinda,none,Cabinda,Sweet Potatoes,Main,2009,10,2010,4,All (PS),area,24316.0
502,AO2008A104,Angola,AO,Cabinda,none,Cabinda,Sweet Potatoes,Main,2010,10,2011,4,All (PS),area,20320.0
503,AO2008A104,Angola,AO,Cabinda,none,Cabinda,Sweet Potatoes,Main,2011,10,2012,4,All (PS),area,21515.0
504,AO2008A104,Angola,AO,Cabinda,none,Cabinda,Sweet Potatoes,Main,2012,10,2013,4,All (PS),area,21599.0
505,AO2008A104,Angola,AO,Cabinda,none,Cabinda,Sweet Potatoes,Main,2013,10,2014,4,All (PS),area,21766.0
506,AO2008A104,Angola,AO,Cabinda,none,Cabinda,Sweet Potatoes,Main,2014,10,2015,4,All (PS),area,21278.0
507,AO2008A104,Angola,AO,Cabinda,none,Cabinda,Sweet Potatoes,Main,2015,10,2016,4,All (PS),area,21278.0
508,AO2008A104,Angola,AO,Cabinda,none,Cabinda,Sweet Potatoes,Main,2016,10,2017,4,All (PS),area,18404.3
509,AO2008A104,Angola,AO,Cabinda,none,Cabinda,Banana,Main,2006,10,2007,4,All (PS),area,1325.0
510,AO2008A104,Angola,AO,Cabinda,none,Cabinda,Banana,Main,2007,10,2008,4,All (PS),area,15602.0
511,AO2008A104,Angola,AO,Cabinda,none,Cabinda,Banana,Main,2008,10,2009,4,All (PS),area,18809.0
512,AO2008A104,Angola,AO,Cabinda,none,Cabinda,Banana,Main,2009,10,2010,4,All (PS),area,18359.0
513,AO2008A104,Angola,AO,Cabinda,none,Cabinda,Banana,Main,2010,10,2011,4,All (PS),area,12432.0
514,AO2008A104,Angola,AO,Cabinda,none,Cabinda,Banana,Main,2011,10,2012,4,All (PS),area,15277.0
515,AO2008A104,Angola,AO,Cabinda,none,Cabinda,Banana,Main,2012,10,2013,4,All (PS),area,15383.0
516,AO2008A104,Angola,AO,Cabinda,none,Cabinda,Banana,Main,2013,10,2014,4,All (PS),area,15383.0
517,AO2008A104,Angola,AO,Cabinda,none,Cabinda,Banana,Main,2014,10,2015,4,All (PS),area,14359.0
518,AO2008A104,Angola,AO,Cabinda,none,Cabinda,Banana,Main,2015,10,2016,4,All (PS),area,14359.0
519,AO2008A104,Angola,AO,Cabinda,none,Cabinda,Banana,Main,2016,10,2017,4,All (PS),area,13375.6
520,AO2008A104,Angola,AO,Cabinda,none,Cabinda,Mango,Main,2015,10,2016,4,All (PS),area,364.0
521,AO2008A104,Angola,AO,Cabinda,none,Cabinda,Mango,Main,2016,10,2017,4,All (PS),area,369.0
522,AO2008A104,Angola,AO,Cabinda,none,Cabinda,Groundnuts (In Shell),Main,2000,10,2001,4,All (PS),area,3104.0
523,AO2008A104,Angola,AO,Cabinda,none,Cabinda,Groundnuts (In Shell),Main,2001,10,2002,4,All (PS),area,3166.0
524,AO2008A104,Angola,AO,Cabinda,none,Cabinda,Groundnuts (In Shell),Main,2002,10,2003,4,All (PS),area,7514.0
525,AO2008A104,Angola,AO,Cabinda,none,Cabinda,Groundnuts (In Shell),Main,2003,10,2004,4,All (PS),area,6742.0
526,AO2008A104,Angola,AO,Cabinda,none,Cabinda,Groundnuts (In Shell),Main,2004,10,2005,4,All (PS),area,4448.0
527,AO2008A104,Angola,AO,Cabinda,none,Cabinda,Groundnuts (In Shell),Main,2005,10,2006,4,All (PS),area,4246.0
528,AO2008A104,Angola,AO,Cabinda,none,Cabinda,Groundnuts (In Shell),Main,2006,10,2007,4,All (PS),area,4258.0
529,AO2008A104,Angola,AO,Cabinda,none,Cabinda,Groundnuts (In Shell),Main,2007,10,2008,4,All (PS),area,9361.0
530,AO2008A104,Angola,AO,Cabinda,none,Cabinda,Groundnuts (In Shell),Main,2008,10,2009,4,All (PS),area,19877.0
531,AO2008A104,Angola,AO,Cabinda,none,Cabinda,Groundnuts (In Shell),Main,2009,10,2010,4,All (PS),area,20140.0
532,AO2008A104,Angola,AO,Cabinda,none,Cabinda,Groundnuts (In Shell),Main,2010,10,2011,4,All (PS),area,22902.0
533,AO2008A104,Angola,AO,Cabinda,none,Cabinda,Groundnuts (In Shell),Main,2011,10,2012,4,All (PS),area,25800.0
534,AO2008A104,Angola,AO,Cabinda,none,Cabinda,Groundnuts (In Shell),Main,2012,10,2013,4,All (PS),area,26089.0
535,AO2008A104,Angola,AO,Cabinda,none,Cabinda,Groundnuts (In Shell),Main,2013,10,2014,4,All (PS),area,26152.0
536,AO2008A104,Angola,AO,Cabinda,none,Cabinda,Groundnuts (In Shell),Main,2014,10,2015,4,All (PS),area,27117.0
537,AO2008A104,Angola,AO,Cabinda,none,Cabinda,Groundnuts (In Shell),Main,2015,10,2016,4,All (PS),area,27117.0
538,AO2008A104,Angola,AO,Cabinda,none,Cabinda,Groundnuts (In Shell),Main,2016,10,2017,4,All (PS),area,19222.3
539,AO2008A104,Angola,AO,Cabinda,none,Cabinda,Lemon,Main,2015,10,2016,4,All (PS),area,1551.0
540,AO2008A104,Angola,AO,Cabinda,none,Cabinda,Lemon,Main,2016,10,2017,4,All (PS),area,1465.2
541,AO2008A104,Angola,AO,Cabinda,none,Cabinda,Beans (mixed),Main,2000,10,2001,4,All (PS),area,3725.0
542,AO2008A104,Angola,AO,Cabinda,none,Cabinda,Beans (mixed),Main,2001,10,2002,4,All (PS),area,3799.0
543,AO2008A104,Angola,AO,Cabinda,none,Cabinda,Beans (mixed),Main,2002,10,2003,4,All (PS),area,5010.0
544,AO2008A104,Angola,AO,Cabinda,none,Cabinda,Beans (mixed),Main,2003,10,2004,4,All (PS),area,4816.0
545,AO2008A104,Angola,AO,Cabinda,none,Cabinda,Beans (mixed),Main,2004,10,2005,4,All (PS),area,4448.0
546,AO2008A104,Angola,AO,Cabinda,none,Cabinda,Beans (mixed),Main,2005,10,2006,4,All (PS),area,4135.0
547,AO2008A104,Angola,AO,Cabinda,none,Cabinda,Beans (mixed),Main,2006,10,2007,4,All (PS),area,6217.0
548,AO2008A104,Angola,AO,Cabinda,none,Cabinda,Beans (mixed),Main,2007,10,2008,4,All (PS),area,11441.0
549,AO2008A104,Angola,AO,Cabinda,none,Cabinda,Beans (mixed),Main,2008,10,2009,4,All (PS),area,11670.0
550,AO2008A104,Angola,AO,Cabinda,none,Cabinda,Beans (mixed),Main,2009,10,2010,4,All (PS),area,11743.0
551,AO2008A104,Angola,AO,Cabinda,none,Cabinda,Beans (mixed),Main,2010,10,2011,4,All (PS),area,12186.0
552,AO2008A104,Angola,AO,Cabinda,none,Cabinda,Beans (mixed),Main,2011,10,2012,4,All (PS),area,13380.0
553,AO2008A104,Angola,AO,Cabinda,none,Cabinda,Beans (mixed),Main,2012,10,2013,4,All (PS),area,13609.0
554,AO2008A104,Angola,AO,Cabinda,none,Cabinda,Beans (mixed),Main,2013,10,2014,4,All (PS),area,13688.0
555,AO2008A104,Angola,AO,Cabinda,none,Cabinda,Beans (mixed),Main,2014,10,2015,4,All (PS),area,11613.0
556,AO2008A104,Angola,AO,Cabinda,none,Cabinda,Beans (mixed),Main,2015,10,2016,4,All (PS),area,11613.0
557,AO2008A104,Angola,AO,Cabinda,none,Cabinda,Beans (mixed),Main,2016,10,2017,4,All (PS),area,10357.199999999999
558,AO2008A104,Angola,AO,Cabinda,none,Cabinda,Cassava,Main,1996,10,1997,4,All (PS),area,9945.0
559,AO2008A104,Angola,AO,Cabinda,none,Cabinda,Cassava,Main,1997,10,1998,4,All (PS),area,10000.0
560,AO2008A104,Angola,AO,Cabinda,none,Cabinda,Cassava,Main,1998,10,1999,4,All (PS),area,6567.0
561,AO2008A104,Angola,AO,Cabinda,none,Cabinda,Cassava,Main,1999,10,2000,4,All (PS),area,7165.0
562,AO2008A104,Angola,AO,Cabinda,none,Cabinda,Cassava,Main,2000,10,2001,4,All (PS),area,15209.0
563,AO2008A104,Angola,AO,Cabinda,none,Cabinda,Cassava,Main,2001,10,2002,4,All (PS),area,15513.0
564,AO2008A104,Angola,AO,Cabinda,none,Cabinda,Cassava,Main,2002,10,2003,4,All (PS),area,10064.0
565,AO2008A104,Angola,AO,Cabinda,none,Cabinda,Cassava,Main,2003,10,2004,4,All (PS),area,16855.0
566,AO2008A104,Angola,AO,Cabinda,none,Cabinda,Cassava,Main,2004,10,2005,4,All (PS),area,15420.0
567,AO2008A104,Angola,AO,Cabinda,none,Cabinda,Cassava,Main,2005,10,2006,4,All (PS),area,14474.0
568,AO2008A104,Angola,AO,Cabinda,none,Cabinda,Cassava,Main,2006,10,2007,4,All (PS),area,15935.0
569,AO2008A104,Angola,AO,Cabinda,none,Cabinda,Cassava,Main,2007,10,2008,4,All (PS),area,45765.0
570,AO2008A104,Angola,AO,Cabinda,none,Cabinda,Cassava,Main,2008,10,2009,4,All (PS),area,53648.0
571,AO2008A104,Angola,AO,Cabinda,none,Cabinda,Cassava,Main,2009,10,2010,4,All (PS),area,55972.0
572,AO2008A104,Angola,AO,Cabinda,none,Cabinda,Cassava,Main,2010,10,2011,4,All (PS),area,58648.0
573,AO2008A104,Angola,AO,Cabinda,none,Cabinda,Cassava,Main,2011,10,2012,4,All (PS),area,62797.0
574,AO2008A104,Angola,AO,Cabinda,none,Cabinda,Cassava,Main,2012,10,2013,4,All (PS),area,65278.0
575,AO2008A104,Angola,AO,Cabinda,none,Cabinda,Cassava,Main,2013,10,2014,4,All (PS),area,65355.0
576,AO2008A104,Angola,AO,Cabinda,none,Cabinda,Cassava,Main,2015,10,2016,4,All (PS),area,67675.0
577,AO2008A104,Angola,AO,Cabinda,none,Cabinda,Cassava,Main,2016,10,2017,4,All (PS),area,46559.3
578,AO2008A104,Angola,AO,Cabinda,none,Cabinda,Potato,Main,2006,10,2007,4,All (PS),area,505.0
579,AO2008A104,Angola,AO,Cabinda,none,Cabinda,Potato,Main,2007,10,2008,4,All (PS),area,598.0
580,AO2008A104,Angola,AO,Cabinda,none,Cabinda,Potato,Main,2008,10,2009,4,All (PS),area,97.0
581,AO2008A104,Angola,AO,Cabinda,none,Cabinda,Potato,Main,2009,10,2010,4,All (PS),area,98.0
582,AO2008A104,Angola,AO,Cabinda,none,Cabinda,Potato,Main,2010,10,2011,4,All (PS),area,98.0
583,AO2008A104,Angola,AO,Cabinda,none,Cabinda,Potato,Main,2011,10,2012,4,All (PS),area,137.0
584,AO2008A104,Angola,AO,Cabinda,none,Cabinda,Potato,Main,2012,10,2013,4,All (PS),area,138.0
585,AO2008A104,Angola,AO,Cabinda,none,Cabinda,Potato,Main,2013,10,2014,4,All (PS),area,144.0
586,AO2008A104,Angola,AO,Cabinda,none,Cabinda,Potato,Main,2014,10,2015,4,All (PS),area,139.0
587,AO2008A104,Angola,AO,Cabinda,none,Cabinda,Potato,Main,2015,10,2016,4,All (PS),area,139.0
588,AO2008A104,Angola,AO,Cabinda,none,Cabinda,Pineapple,Main,2006,10,2007,4,All (PS),area,446.0
589,AO2008A104,Angola,AO,Cabinda,none,Cabinda,Pineapple,Main,2007,10,2008,4,All (PS),area,1040.0
590,AO2008A104,Angola,AO,Cabinda,none,Cabinda,Pineapple,Main,2014,10,2015,4,All (PS),area,2245.0
591,AO2008A104,Angola,AO,Cabinda,none,Cabinda,Pineapple,Main,2015,10,2016,4,All (PS),area,2245.0
592,AO2008A104,Angola,AO,Cabinda,none,Cabinda,Pineapple,Main,2016,10,2017,4,All (PS),area,1629.3
593,AO2008A104,Angola,AO,Cabinda,none,Cabinda,Sorghum,Main,1996,10,1997,4,All (PS),area,7471.0
594,AO2008A104,Angola,AO,Cabinda,none,Cabinda,Sorghum,Main,1997,10,1998,4,All (PS),area,25000.0
595,AO2008A104,Angola,AO,Cabinda,none,Cabinda,Coffee,Main,2008,10,2009,4,All (PS),area,2700.0
596,AO2008A104,Angola,AO,Cabinda,none,Cabinda,Coffee,Main,2012,10,2013,4,All (PS),area,2601.0
597,AO2008A104,Angola,AO,Cabinda,none,Cabinda,Coffee,Main,2013,10,2014,4,All (PS),area,2689.0
598,AO2008A104,Angola,AO,Cabinda,none,Cabinda,Millet,Main,1996,10,1997,4,All (PS),area,17291.0
599,AO2008A104,Angola,AO,Cabinda,none,Cabinda,Garlic,Main,2008,10,2009,4,All (PS),area,3.72
600,AO2008A104,Angola,AO,Cabinda,none,Cabinda,Garlic,Main,2009,10,2010,4,All (PS),area,4.0
601,AO2008A104,Angola,AO,Cabinda,none,Cabinda,Garlic,Main,2010,10,2011,4,All (PS),area,9.0
602,AO2008A104,Angola,AO,Cabinda,none,Cabinda,Garlic,Main,2011,10,2012,4,All (PS),area,10.05
603,AO2008A104,Angola,AO,Cabinda,none,Cabinda,Avocado,Main,2014,10,2015,4,All (PS),area,639.0
604,AO2008A104,Angola,AO,Cabinda,none,Cabinda,Avocado,Main,2015,10,2016,4,All (PS),area,639.0
605,AO2008A105,Angola,AO,Cunene,none,Cunene,Maize,Main,1996,10,1997,4,All (PS),area,26000.0
606,AO2008A105,Angola,AO,Cunene,none,Cunene,Maize,Main,1997,10,1998,4,All (PS),area,30000.0
607,AO2008A105,Angola,AO,Cunene,none,Cunene,Maize,Main,1998,10,1999,4,All (PS),area,13700.0
608,AO2008A105,Angola,AO,Cunene,none,Cunene,Maize,Main,1999,10,2000,4,All (PS),area,12664.0
609,AO2008A105,Angola,AO,Cunene,none,Cunene,Maize,Main,2000,10,2001,4,All (PS),area,13134.0
610,AO2008A105,Angola,AO,Cunene,none,Cunene,Maize,Main,2001,10,2002,4,All (PS),area,1526.0
611,AO2008A105,Angola,AO,Cunene,none,Cunene,Maize,Main,2002,10,2003,4,All (PS),area,9745.0
612,AO2008A105,Angola,AO,Cunene,none,Cunene,Maize,Main,2003,10,2004,4,All (PS),area,9308.0
613,AO2008A105,Angola,AO,Cunene,none,Cunene,Maize,Main,2004,10,2005,4,All (PS),area,9681.0
614,AO2008A105,Angola,AO,Cunene,none,Cunene,Maize,Main,2005,10,2006,4,All (PS),area,10514.0
615,AO2008A105,Angola,AO,Cunene,none,Cunene,Maize,Main,2006,10,2007,4,All (PS),area,15070.0
616,AO2008A105,Angola,AO,Cunene,none,Cunene,Maize,Main,2007,10,2008,4,All (PS),area,17155.0
617,AO2008A105,Angola,AO,Cunene,none,Cunene,Maize,Main,2008,10,2009,4,All (PS),area,17155.0
618,AO2008A105,Angola,AO,Cunene,none,Cunene,Maize,Main,2009,10,2010,4,All (PS),area,8277.0
619,AO2008A105,Angola,AO,Cunene,none,Cunene,Maize,Main,2010,10,2011,4,All (PS),area,9323.0
620,AO2008A105,Angola,AO,Cunene,none,Cunene,Maize,Main,2011,10,2012,4,All (PS),area,15544.0
621,AO2008A105,Angola,AO,Cunene,none,Cunene,Maize,Main,2012,10,2013,4,All (PS),area,15499.0
622,AO2008A105,Angola,AO,Cunene,none,Cunene,Maize,Main,2013,10,2014,4,All (PS),area,14628.0
623,AO2008A105,Angola,AO,Cunene,none,Cunene,Maize,Main,2014,10,2015,4,All (PS),area,13066.0
624,AO2008A105,Angola,AO,Cunene,none,Cunene,Maize,Main,2015,10,2016,4,All (PS),area,13066.0
625,AO2008A105,Angola,AO,Cunene,none,Cunene,Maize,Main,2016,10,2017,4,All (PS),area,10900.1
626,AO2008A105,Angola,AO,Cunene,none,Cunene,Sweet Potatoes,Main,2000,10,2001,4,All (PS),area,1459.0
627,AO2008A105,Angola,AO,Cunene,none,Cunene,Sweet Potatoes,Main,2011,10,2012,4,All (PS),area,5054.0
628,AO2008A105,Angola,AO,Cunene,none,Cunene,Sweet Potatoes,Main,2012,10,2013,4,All (PS),area,4192.0
629,AO2008A105,Angola,AO,Cunene,none,Cunene,Sweet Potatoes,Main,2013,10,2014,4,All (PS),area,4181.0
630,AO2008A105,Angola,AO,Cunene,none,Cunene,Sweet Potatoes,Main,2014,10,2015,4,All (PS),area,7915.0
631,AO2008A105,Angola,AO,Cunene,none,Cunene,Sweet Potatoes,Main,2015,10,2016,4,All (PS),area,7915.0
632,AO2008A105,Angola,AO,Cunene,none,Cunene,Sweet Potatoes,Main,2016,10,2017,4,All (PS),area,6082.6
633,AO2008A105,Angola,AO,Cunene,none,Cunene,Banana,Main,2006,10,2007,4,All (PS),area,840.0
634,AO2008A105,Angola,AO,Cunene,none,Cunene,Banana,Main,2009,10,2010,4,All (PS),area,1061.0
635,AO2008A105,Angola,AO,Cunene,none,Cunene,Banana,Main,2010,10,2011,4,All (PS),area,1125.0
636,AO2008A105,Angola,AO,Cunene,none,Cunene,Banana,Main,2011,10,2012,4,All (PS),area,1354.0
637,AO2008A105,Angola,AO,Cunene,none,Cunene,Banana,Main,2012,10,2013,4,All (PS),area,1375.0
638,AO2008A105,Angola,AO,Cunene,none,Cunene,Banana,Main,2013,10,2014,4,All (PS),area,1354.0
639,AO2008A105,Angola,AO,Cunene,none,Cunene,Banana,Main,2014,10,2015,4,All (PS),area,1290.0
640,AO2008A105,Angola,AO,Cunene,none,Cunene,Banana,Main,2015,10,2016,4,All (PS),area,1290.0
641,AO2008A105,Angola,AO,Cunene,none,Cunene,Banana,Main,2016,10,2017,4,All (PS),area,1463.5
642,AO2008A105,Angola,AO,Cunene,none,Cunene,Tomato,Main,2014,10,2015,4,All (PS),area,103.0
643,AO2008A105,Angola,AO,Cunene,none,Cunene,Tomato,Main,2015,10,2016,4,All (PS),area,103.0
644,AO2008A105,Angola,AO,Cunene,none,Cunene,Tomato,Main,2016,10,2017,4,All (PS),area,103.0
645,AO2008A105,Angola,AO,Cunene,none,Cunene,Onions,Main,2014,10,2015,4,All (PS),area,95.0
646,AO2008A105,Angola,AO,Cunene,none,Cunene,Onions,Main,2015,10,2016,4,All (PS),area,95.0
647,AO2008A105,Angola,AO,Cunene,none,Cunene,Onions,Main,2016,10,2017,4,All (PS),area,98.0
648,AO2008A105,Angola,AO,Cunene,none,Cunene,Mango,Main,2015,10,2016,4,All (PS),area,499.0
649,AO2008A105,Angola,AO,Cunene,none,Cunene,Mango,Main,2016,10,2017,4,All (PS),area,485.0
650,AO2008A105,Angola,AO,Cunene,none,Cunene,Groundnuts (In Shell),Main,2008,10,2009,4,All (PS),area,3234.0
651,AO2008A105,Angola,AO,Cunene,none,Cunene,Groundnuts (In Shell),Main,2011,10,2012,4,All (PS),area,1624.0
652,AO2008A105,Angola,AO,Cunene,none,Cunene,Groundnuts (In Shell),Main,2012,10,2013,4,All (PS),area,1638.0
653,AO2008A105,Angola,AO,Cunene,none,Cunene,Groundnuts (In Shell),Main,2013,10,2014,4,All (PS),area,1659.0
654,AO2008A105,Angola,AO,Cunene,none,Cunene,Lemon,Main,2015,10,2016,4,All (PS),area,1103.0
655,AO2008A105,Angola,AO,Cunene,none,Cunene,Lemon,Main,2016,10,2017,4,All (PS),area,1172.3
656,AO2008A105,Angola,AO,Cunene,none,Cunene,Beans (mixed),Main,2000,10,2001,4,All (PS),area,5108.0
657,AO2008A105,Angola,AO,Cunene,none,Cunene,Beans (mixed),Main,2001,10,2002,4,All (PS),area,1526.0
658,AO2008A105,Angola,AO,Cunene,none,Cunene,Beans (mixed),Main,2003,10,2004,4,All (PS),area,3103.0
659,AO2008A105,Angola,AO,Cunene,none,Cunene,Beans (mixed),Main,2004,10,2005,4,All (PS),area,3350.0
660,AO2008A105,Angola,AO,Cunene,none,Cunene,Beans (mixed),Main,2005,10,2006,4,All (PS),area,3413.0
661,AO2008A105,Angola,AO,Cunene,none,Cunene,Beans (mixed),Main,2006,10,2007,4,All (PS),area,5613.0
662,AO2008A105,Angola,AO,Cunene,none,Cunene,Beans (mixed),Main,2007,10,2008,4,All (PS),area,5952.0
663,AO2008A105,Angola,AO,Cunene,none,Cunene,Beans (mixed),Main,2009,10,2010,4,All (PS),area,3504.0
664,AO2008A105,Angola,AO,Cunene,none,Cunene,Beans (mixed),Main,2010,10,2011,4,All (PS),area,3567.0
665,AO2008A105,Angola,AO,Cunene,none,Cunene,Beans (mixed),Main,2011,10,2012,4,All (PS),area,3899.0
666,AO2008A105,Angola,AO,Cunene,none,Cunene,Beans (mixed),Main,2012,10,2013,4,All (PS),area,4712.0
667,AO2008A105,Angola,AO,Cunene,none,Cunene,Beans (mixed),Main,2013,10,2014,4,All (PS),area,4785.0
668,AO2008A105,Angola,AO,Cunene,none,Cunene,Beans (mixed),Main,2014,10,2015,4,All (PS),area,1116.0
669,AO2008A105,Angola,AO,Cunene,none,Cunene,Beans (mixed),Main,2015,10,2016,4,All (PS),area,1116.0
670,AO2008A105,Angola,AO,Cunene,none,Cunene,Beans (mixed),Main,2016,10,2017,4,All (PS),area,1423.7
671,AO2008A105,Angola,AO,Cunene,none,Cunene,Cassava,Main,1996,10,1997,4,All (PS),area,40400.0
672,AO2008A105,Angola,AO,Cunene,none,Cunene,Cassava,Main,1997,10,1998,4,All (PS),area,48000.0
673,AO2008A105,Angola,AO,Cunene,none,Cunene,Cassava,Main,2008,10,2009,4,All (PS),area,194.0
674,AO2008A105,Angola,AO,Cunene,none,Cunene,Cassava,Main,2009,10,2010,4,All (PS),area,3474.0
675,AO2008A105,Angola,AO,Cunene,none,Cunene,Cassava,Main,2010,10,2011,4,All (PS),area,3630.0
676,AO2008A105,Angola,AO,Cunene,none,Cunene,Cassava,Main,2011,10,2012,4,All (PS),area,3906.0
677,AO2008A105,Angola,AO,Cunene,none,Cunene,Cassava,Main,2012,10,2013,4,All (PS),area,3954.0
678,AO2008A105,Angola,AO,Cunene,none,Cunene,Cassava,Main,2013,10,2014,4,All (PS),area,4109.0
679,AO2008A105,Angola,AO,Cunene,none,Cunene,Cassava,Main,2015,10,2016,4,All (PS),area,4079.0
680,AO2008A105,Angola,AO,Cunene,none,Cunene,Cassava,Main,2016,10,2017,4,All (PS),area,1687.7
681,AO2008A105,Angola,AO,Cunene,none,Cunene,Sorghum,Main,2006,10,2007,4,All (PS),area,60773.0
682,AO2008A105,Angola,AO,Cunene,none,Cunene,Sorghum,Main,2007,10,2008,4,All (PS),area,41622.0
683,AO2008A105,Angola,AO,Cunene,none,Cunene,Sorghum,Main,2008,10,2009,4,All (PS),area,41569.0
684,AO2008A105,Angola,AO,Cunene,none,Cunene,Sorghum,Main,2009,10,2010,4,All (PS),area,42110.0
685,AO2008A105,Angola,AO,Cunene,none,Cunene,Sorghum,Main,2010,10,2011,4,All (PS),area,42197.0
686,AO2008A105,Angola,AO,Cunene,none,Cunene,Sorghum,Main,2011,10,2012,4,All (PS),area,57855.0
687,AO2008A105,Angola,AO,Cunene,none,Cunene,Sorghum,Main,2012,10,2013,4,All (PS),area,56231.0
688,AO2008A105,Angola,AO,Cunene,none,Cunene,Sorghum,Main,2013,10,2014,4,All (PS),area,56231.0
689,AO2008A105,Angola,AO,Cunene,none,Cunene,Sorghum,Main,2014,10,2015,4,All (PS),area,53640.0
690,AO2008A105,Angola,AO,Cunene,none,Cunene,Sorghum,Main,2015,10,2016,4,All (PS),area,53640.0
691,AO2008A105,Angola,AO,Cunene,none,Cunene,Sorghum,Main,2016,10,2017,4,All (PS),area,31128.1
692,AO2008A105,Angola,AO,Cunene,none,Cunene,Cabbage,Main,2014,10,2015,4,All (PS),area,74.0
693,AO2008A105,Angola,AO,Cunene,none,Cunene,Cabbage,Main,2015,10,2016,4,All (PS),area,74.0
694,AO2008A105,Angola,AO,Cunene,none,Cunene,Cabbage,Main,2016,10,2017,4,All (PS),area,74.0
695,AO2008A105,Angola,AO,Cunene,none,Cunene,Millet,Main,2014,10,2015,4,All (PS),area,119506.0
696,AO2008A105,Angola,AO,Cunene,none,Cunene,Millet,Main,2015,10,2016,4,All (PS),area,119506.0
697,AO2008A105,Angola,AO,Cunene,none,Cunene,Millet,Main,2016,10,2017,4,All (PS),area,83824.0
698,AO2008A105,Angola,AO,Cunene,none,Cunene,Millet,Main,2000,10,2001,4,All (PS),area,51806.0
699,AO2008A105,Angola,AO,Cunene,none,Cunene,Millet,Main,2001,10,2002,4,All (PS),area,72497.0
700,AO2008A105,Angola,AO,Cunene,none,Cunene,Millet,Main,2002,10,2003,4,All (PS),area,103539.0
701,AO2008A105,Angola,AO,Cunene,none,Cunene,Millet,Main,2003,10,2004,4,All (PS),area,133413.0
702,AO2008A105,Angola,AO,Cunene,none,Cunene,Millet,Main,2004,10,2005,4,All (PS),area,145217.0
703,AO2008A105,Angola,AO,Cunene,none,Cunene,Millet,Main,2005,10,2006,4,All (PS),area,147855.0
704,AO2008A105,Angola,AO,Cunene,none,Cunene,Millet,Main,2006,10,2007,4,All (PS),area,88100.0
705,AO2008A105,Angola,AO,Cunene,none,Cunene,Millet,Main,2007,10,2008,4,All (PS),area,71920.0
706,AO2008A105,Angola,AO,Cunene,none,Cunene,Millet,Main,2008,10,2009,4,All (PS),area,115792.0
707,AO2008A105,Angola,AO,Cunene,none,Cunene,Millet,Main,2009,10,2010,4,All (PS),area,111075.0
708,AO2008A105,Angola,AO,Cunene,none,Cunene,Millet,Main,2010,10,2011,4,All (PS),area,108085.0
709,AO2008A105,Angola,AO,Cunene,none,Cunene,Millet,Main,2011,10,2012,4,All (PS),area,115824.0
710,AO2008A105,Angola,AO,Cunene,none,Cunene,Millet,Main,2012,10,2013,4,All (PS),area,110733.0
711,AO2008A105,Angola,AO,Cunene,none,Cunene,Millet,Main,2013,10,2014,4,All (PS),area,108454.0
712,AO2008A105,Angola,AO,Cunene,none,Cunene,Rice,Main,1997,10,1998,4,All (PS),area,534.0
713,AO2008A106,Angola,AO,Huambo,none,Huambo,Maize,Main,1996,10,1997,4,All (PS),area,9136.0
714,AO2008A106,Angola,AO,Huambo,none,Huambo,Maize,Main,1997,10,1998,4,All (PS),area,9000.0
715,AO2008A106,Angola,AO,Huambo,none,Huambo,Maize,Main,1998,10,1999,4,All (PS),area,178446.0
716,AO2008A106,Angola,AO,Huambo,none,Huambo,Maize,Main,1999,10,2000,4,All (PS),area,194637.0
717,AO2008A106,Angola,AO,Huambo,none,Huambo,Maize,Main,2000,10,2001,4,All (PS),area,234388.0
718,AO2008A106,Angola,AO,Huambo,none,Huambo,Maize,Main,2001,10,2002,4,All (PS),area,285236.0
719,AO2008A106,Angola,AO,Huambo,none,Huambo,Maize,Main,2002,10,2003,4,All (PS),area,209508.0
720,AO2008A106,Angola,AO,Huambo,none,Huambo,Maize,Main,2003,10,2004,4,All (PS),area,334735.0
721,AO2008A106,Angola,AO,Huambo,none,Huambo,Maize,Main,2004,10,2005,4,All (PS),area,361549.0
722,AO2008A106,Angola,AO,Huambo,none,Huambo,Maize,Main,2005,10,2006,4,All (PS),area,368542.0
723,AO2008A106,Angola,AO,Huambo,none,Huambo,Maize,Main,2006,10,2007,4,All (PS),area,356110.0
724,AO2008A106,Angola,AO,Huambo,none,Huambo,Maize,Main,2007,10,2008,4,All (PS),area,166600.0
725,AO2008A106,Angola,AO,Huambo,none,Huambo,Maize,Main,2008,10,2009,4,All (PS),area,362467.0
726,AO2008A106,Angola,AO,Huambo,none,Huambo,Maize,Main,2009,10,2010,4,All (PS),area,385454.0
727,AO2008A106,Angola,AO,Huambo,none,Huambo,Maize,Main,2010,10,2011,4,All (PS),area,410008.0
728,AO2008A106,Angola,AO,Huambo,none,Huambo,Maize,Main,2011,10,2012,4,All (PS),area,422951.0
729,AO2008A106,Angola,AO,Huambo,none,Huambo,Maize,Main,2012,10,2013,4,All (PS),area,423906.0
730,AO2008A106,Angola,AO,Huambo,none,Huambo,Maize,Main,2013,10,2014,4,All (PS),area,424054.0
731,AO2008A106,Angola,AO,Huambo,none,Huambo,Maize,Main,2014,10,2015,4,All (PS),area,507503.0
732,AO2008A106,Angola,AO,Huambo,none,Huambo,Maize,Main,2015,10,2016,4,All (PS),area,507503.0
733,AO2008A106,Angola,AO,Huambo,none,Huambo,Maize,Main,2016,10,2017,4,All (PS),area,676934.7
734,AO2008A106,Angola,AO,Huambo,none,Huambo,Chili Pepper,Main,2014,10,2015,4,All (PS),area,273.0
735,AO2008A106,Angola,AO,Huambo,none,Huambo,Chili Pepper,Main,2015,10,2016,4,All (PS),area,273.0
736,AO2008A106,Angola,AO,Huambo,none,Huambo,Chili Pepper,Main,2016,10,2017,4,All (PS),area,289.0
737,AO2008A106,Angola,AO,Huambo,none,Huambo,Sweet Potatoes,Main,2000,10,2001,4,All (PS),area,12557.0
738,AO2008A106,Angola,AO,Huambo,none,Huambo,Sweet Potatoes,Main,2001,10,2002,4,All (PS),area,13165.0
739,AO2008A106,Angola,AO,Huambo,none,Huambo,Sweet Potatoes,Main,2002,10,2003,4,All (PS),area,30620.0
740,AO2008A106,Angola,AO,Huambo,none,Huambo,Sweet Potatoes,Main,2003,10,2004,4,All (PS),area,33473.0
741,AO2008A106,Angola,AO,Huambo,none,Huambo,Sweet Potatoes,Main,2004,10,2005,4,All (PS),area,30129.0
742,AO2008A106,Angola,AO,Huambo,none,Huambo,Sweet Potatoes,Main,2005,10,2006,4,All (PS),area,33722.0
743,AO2008A106,Angola,AO,Huambo,none,Huambo,Sweet Potatoes,Main,2006,10,2007,4,All (PS),area,19228.0
744,AO2008A106,Angola,AO,Huambo,none,Huambo,Sweet Potatoes,Main,2007,10,2008,4,All (PS),area,8272.0
745,AO2008A106,Angola,AO,Huambo,none,Huambo,Sweet Potatoes,Main,2008,10,2009,4,All (PS),area,8242.0
746,AO2008A106,Angola,AO,Huambo,none,Huambo,Sweet Potatoes,Main,2009,10,2010,4,All (PS),area,16371.0
747,AO2008A106,Angola,AO,Huambo,none,Huambo,Sweet Potatoes,Main,2010,10,2011,4,All (PS),area,16421.0
748,AO2008A106,Angola,AO,Huambo,none,Huambo,Sweet Potatoes,Main,2011,10,2012,4,All (PS),area,14303.0
749,AO2008A106,Angola,AO,Huambo,none,Huambo,Sweet Potatoes,Main,2012,10,2013,4,All (PS),area,14391.0
750,AO2008A106,Angola,AO,Huambo,none,Huambo,Sweet Potatoes,Main,2013,10,2014,4,All (PS),area,14772.0
751,AO2008A106,Angola,AO,Huambo,none,Huambo,Sweet Potatoes,Main,2014,10,2015,4,All (PS),area,14896.0
752,AO2008A106,Angola,AO,Huambo,none,Huambo,Sweet Potatoes,Main,2015,10,2016,4,All (PS),area,14896.0
753,AO2008A106,Angola,AO,Huambo,none,Huambo,Sweet Potatoes,Main,2016,10,2017,4,All (PS),area,13665.9
754,AO2008A106,Angola,AO,Huambo,none,Huambo,Banana,Main,2007,10,2008,4,All (PS),area,4136.0
755,AO2008A106,Angola,AO,Huambo,none,Huambo,Banana,Main,2008,10,2009,4,All (PS),area,4136.0
756,AO2008A106,Angola,AO,Huambo,none,Huambo,Banana,Main,2009,10,2010,4,All (PS),area,4271.0
757,AO2008A106,Angola,AO,Huambo,none,Huambo,Banana,Main,2010,10,2011,4,All (PS),area,4258.0
758,AO2008A106,Angola,AO,Huambo,none,Huambo,Banana,Main,2011,10,2012,4,All (PS),area,4637.0
759,AO2008A106,Angola,AO,Huambo,none,Huambo,Banana,Main,2012,10,2013,4,All (PS),area,17404.0
760,AO2008A106,Angola,AO,Huambo,none,Huambo,Banana,Main,2013,10,2014,4,All (PS),area,4766.0
761,AO2008A106,Angola,AO,Huambo,none,Huambo,Banana,Main,2014,10,2015,4,All (PS),area,4743.0
762,AO2008A106,Angola,AO,Huambo,none,Huambo,Banana,Main,2015,10,2016,4,All (PS),area,4743.0
763,AO2008A106,Angola,AO,Huambo,none,Huambo,Banana,Main,2016,10,2017,4,All (PS),area,5496.8
764,AO2008A106,Angola,AO,Huambo,none,Huambo,Tomato,Main,2014,10,2015,4,All (PS),area,6336.0
765,AO2008A106,Angola,AO,Huambo,none,Huambo,Tomato,Main,2015,10,2016,4,All (PS),area,6336.0
766,AO2008A106,Angola,AO,Huambo,none,Huambo,Tomato,Main,2016,10,2017,4,All (PS),area,6767.0
767,AO2008A106,Angola,AO,Huambo,none,Huambo,Onions,Main,2014,10,2015,4,All (PS),area,5472.0
768,AO2008A106,Angola,AO,Huambo,none,Huambo,Onions,Main,2015,10,2016,4,All (PS),area,5472.0
769,AO2008A106,Angola,AO,Huambo,none,Huambo,Onions,Main,2016,10,2017,4,All (PS),area,7296.4
770,AO2008A106,Angola,AO,Huambo,none,Huambo,Mango,Main,2015,10,2016,4,All (PS),area,2952.0
771,AO2008A106,Angola,AO,Huambo,none,Huambo,Mango,Main,2016,10,2017,4,All (PS),area,2953.3999999999996
772,AO2008A106,Angola,AO,Huambo,none,Huambo,Groundnuts (In Shell),Main,2000,10,2001,4,All (PS),area,4186.0
773,AO2008A106,Angola,AO,Huambo,none,Huambo,Groundnuts (In Shell),Main,2001,10,2002,4,All (PS),area,4388.0
774,AO2008A106,Angola,AO,Huambo,none,Huambo,Groundnuts (In Shell),Main,2002,10,2003,4,All (PS),area,3223.0
775,AO2008A106,Angola,AO,Huambo,none,Huambo,Groundnuts (In Shell),Main,2003,10,2004,4,All (PS),area,12274.0
776,AO2008A106,Angola,AO,Huambo,none,Huambo,Groundnuts (In Shell),Main,2004,10,2005,4,All (PS),area,24103.0
777,AO2008A106,Angola,AO,Huambo,none,Huambo,Groundnuts (In Shell),Main,2005,10,2006,4,All (PS),area,6142.0
778,AO2008A106,Angola,AO,Huambo,none,Huambo,Groundnuts (In Shell),Main,2006,10,2007,4,All (PS),area,5363.0
779,AO2008A106,Angola,AO,Huambo,none,Huambo,Groundnuts (In Shell),Main,2007,10,2008,4,All (PS),area,4136.0
780,AO2008A106,Angola,AO,Huambo,none,Huambo,Groundnuts (In Shell),Main,2008,10,2009,4,All (PS),area,3185.0
781,AO2008A106,Angola,AO,Huambo,none,Huambo,Groundnuts (In Shell),Main,2009,10,2010,4,All (PS),area,23513.0
782,AO2008A106,Angola,AO,Huambo,none,Huambo,Groundnuts (In Shell),Main,2010,10,2011,4,All (PS),area,23586.0
783,AO2008A106,Angola,AO,Huambo,none,Huambo,Groundnuts (In Shell),Main,2011,10,2012,4,All (PS),area,24870.0
784,AO2008A106,Angola,AO,Huambo,none,Huambo,Groundnuts (In Shell),Main,2012,10,2013,4,All (PS),area,24919.0
785,AO2008A106,Angola,AO,Huambo,none,Huambo,Groundnuts (In Shell),Main,2013,10,2014,4,All (PS),area,24988.0
786,AO2008A106,Angola,AO,Huambo,none,Huambo,Groundnuts (In Shell),Main,2014,10,2015,4,All (PS),area,24888.0
787,AO2008A106,Angola,AO,Huambo,none,Huambo,Groundnuts (In Shell),Main,2015,10,2016,4,All (PS),area,24888.0
788,AO2008A106,Angola,AO,Huambo,none,Huambo,Groundnuts (In Shell),Main,2016,10,2017,4,All (PS),area,9659.0
789,AO2008A106,Angola,AO,Huambo,none,Huambo,Lemon,Main,2015,10,2016,4,All (PS),area,2679.0
790,AO2008A106,Angola,AO,Huambo,none,Huambo,Lemon,Main,2016,10,2017,4,All (PS),area,2258.4
791,AO2008A106,Angola,AO,Huambo,none,Huambo,Beans (mixed),Main,2000,10,2001,4,All (PS),area,50226.0
792,AO2008A106,Angola,AO,Huambo,none,Huambo,Beans (mixed),Main,2001,10,2002,4,All (PS),area,53659.0
793,AO2008A106,Angola,AO,Huambo,none,Huambo,Beans (mixed),Main,2002,10,2003,4,All (PS),area,38678.0
794,AO2008A106,Angola,AO,Huambo,none,Huambo,Beans (mixed),Main,2003,10,2004,4,All (PS),area,72526.0
795,AO2008A106,Angola,AO,Huambo,none,Huambo,Beans (mixed),Main,2004,10,2005,4,All (PS),area,54232.0
796,AO2008A106,Angola,AO,Huambo,none,Huambo,Beans (mixed),Main,2005,10,2006,4,All (PS),area,30712.0
797,AO2008A106,Angola,AO,Huambo,none,Huambo,Beans (mixed),Main,2006,10,2007,4,All (PS),area,19626.0
798,AO2008A106,Angola,AO,Huambo,none,Huambo,Beans (mixed),Main,2007,10,2008,4,All (PS),area,13029.0
799,AO2008A106,Angola,AO,Huambo,none,Huambo,Beans (mixed),Main,2008,10,2009,4,All (PS),area,42017.0
800,AO2008A106,Angola,AO,Huambo,none,Huambo,Beans (mixed),Main,2009,10,2010,4,All (PS),area,107955.0
801,AO2008A106,Angola,AO,Huambo,none,Huambo,Beans (mixed),Main,2010,10,2011,4,All (PS),area,121352.0
802,AO2008A106,Angola,AO,Huambo,none,Huambo,Beans (mixed),Main,2011,10,2012,4,All (PS),area,127712.0
803,AO2008A106,Angola,AO,Huambo,none,Huambo,Beans (mixed),Main,2012,10,2013,4,All (PS),area,139229.0
804,AO2008A106,Angola,AO,Huambo,none,Huambo,Beans (mixed),Main,2013,10,2014,4,All (PS),area,139783.0
805,AO2008A106,Angola,AO,Huambo,none,Huambo,Beans (mixed),Main,2014,10,2015,4,All (PS),area,122384.0
806,AO2008A106,Angola,AO,Huambo,none,Huambo,Beans (mixed),Main,2015,10,2016,4,All (PS),area,122384.0
807,AO2008A106,Angola,AO,Huambo,none,Huambo,Beans (mixed),Main,2016,10,2017,4,All (PS),area,149587.5
808,AO2008A106,Angola,AO,Huambo,none,Huambo,Cassava,Main,1996,10,1997,4,All (PS),area,39000.0
809,AO2008A106,Angola,AO,Huambo,none,Huambo,Cassava,Main,1997,10,1998,4,All (PS),area,39000.0
810,AO2008A106,Angola,AO,Huambo,none,Huambo,Cassava,Main,1998,10,1999,4,All (PS),area,37416.0
811,AO2008A106,Angola,AO,Huambo,none,Huambo,Cassava,Main,1999,10,2000,4,All (PS),area,41480.0
812,AO2008A106,Angola,AO,Huambo,none,Huambo,Cassava,Main,2000,10,2001,4,All (PS),area,33484.0
813,AO2008A106,Angola,AO,Huambo,none,Huambo,Cassava,Main,2001,10,2002,4,All (PS),area,4388.0
814,AO2008A106,Angola,AO,Huambo,none,Huambo,Cassava,Main,2003,10,2004,4,All (PS),area,17295.0
815,AO2008A106,Angola,AO,Huambo,none,Huambo,Cassava,Main,2004,10,2005,4,All (PS),area,18680.0
816,AO2008A106,Angola,AO,Huambo,none,Huambo,Cassava,Main,2005,10,2006,4,All (PS),area,19041.0
817,AO2008A106,Angola,AO,Huambo,none,Huambo,Cassava,Main,2006,10,2007,4,All (PS),area,18177.0
818,AO2008A106,Angola,AO,Huambo,none,Huambo,Cassava,Main,2007,10,2008,4,All (PS),area,10340.0
819,AO2008A106,Angola,AO,Huambo,none,Huambo,Cassava,Main,2008,10,2009,4,All (PS),area,12710.0
820,AO2008A106,Angola,AO,Huambo,none,Huambo,Cassava,Main,2009,10,2010,4,All (PS),area,11240.0
821,AO2008A106,Angola,AO,Huambo,none,Huambo,Cassava,Main,2010,10,2011,4,All (PS),area,11846.0
822,AO2008A106,Angola,AO,Huambo,none,Huambo,Cassava,Main,2011,10,2012,4,All (PS),area,12096.0
823,AO2008A106,Angola,AO,Huambo,none,Huambo,Cassava,Main,2012,10,2013,4,All (PS),area,13952.0
824,AO2008A106,Angola,AO,Huambo,none,Huambo,Cassava,Main,2013,10,2014,4,All (PS),area,14241.0
825,AO2008A106,Angola,AO,Huambo,none,Huambo,Cassava,Main,2015,10,2016,4,All (PS),area,14528.0
826,AO2008A106,Angola,AO,Huambo,none,Huambo,Cassava,Main,2016,10,2017,4,All (PS),area,13573.3
827,AO2008A106,Angola,AO,Huambo,none,Huambo,Potato,Main,2000,10,2001,4,All (PS),area,16742.0
828,AO2008A106,Angola,AO,Huambo,none,Huambo,Potato,Main,2001,10,2002,4,All (PS),area,17553.0
829,AO2008A106,Angola,AO,Huambo,none,Huambo,Potato,Main,2002,10,2003,4,All (PS),area,16116.0
830,AO2008A106,Angola,AO,Huambo,none,Huambo,Potato,Main,2003,10,2004,4,All (PS),area,55789.0
831,AO2008A106,Angola,AO,Huambo,none,Huambo,Potato,Main,2004,10,2005,4,All (PS),area,57245.0
832,AO2008A106,Angola,AO,Huambo,none,Huambo,Potato,Main,2005,10,2006,4,All (PS),area,6142.0
833,AO2008A106,Angola,AO,Huambo,none,Huambo,Potato,Main,2006,10,2007,4,All (PS),area,7277.0
834,AO2008A106,Angola,AO,Huambo,none,Huambo,Potato,Main,2007,10,2008,4,All (PS),area,7747.0
835,AO2008A106,Angola,AO,Huambo,none,Huambo,Potato,Main,2008,10,2009,4,All (PS),area,4427.0
836,AO2008A106,Angola,AO,Huambo,none,Huambo,Potato,Main,2009,10,2010,4,All (PS),area,22876.0
837,AO2008A106,Angola,AO,Huambo,none,Huambo,Potato,Main,2010,10,2011,4,All (PS),area,22846.0
838,AO2008A106,Angola,AO,Huambo,none,Huambo,Potato,Main,2011,10,2012,4,All (PS),area,21666.0
839,AO2008A106,Angola,AO,Huambo,none,Huambo,Potato,Main,2012,10,2013,4,All (PS),area,21799.0
840,AO2008A106,Angola,AO,Huambo,none,Huambo,Potato,Main,2013,10,2014,4,All (PS),area,21969.0
841,AO2008A106,Angola,AO,Huambo,none,Huambo,Potato,Main,2014,10,2015,4,All (PS),area,21139.0
842,AO2008A106,Angola,AO,Huambo,none,Huambo,Potato,Main,2015,10,2016,4,All (PS),area,21139.0
843,AO2008A106,Angola,AO,Huambo,none,Huambo,Potato,Main,2016,10,2017,4,All (PS),area,14407.2
844,AO2008A106,Angola,AO,Huambo,none,Huambo,Pineapple,Main,2014,10,2015,4,All (PS),area,4267.0
845,AO2008A106,Angola,AO,Huambo,none,Huambo,Pineapple,Main,2015,10,2016,4,All (PS),area,4267.0
846,AO2008A106,Angola,AO,Huambo,none,Huambo,Pineapple,Main,2016,10,2017,4,All (PS),area,4286.8
847,AO2008A106,Angola,AO,Huambo,none,Huambo,Sorghum,Main,2006,10,2007,4,All (PS),area,10757.0
848,AO2008A106,Angola,AO,Huambo,none,Huambo,Sorghum,Main,2007,10,2008,4,All (PS),area,4136.0
849,AO2008A106,Angola,AO,Huambo,none,Huambo,Sorghum,Main,2008,10,2009,4,All (PS),area,4348.0
850,AO2008A106,Angola,AO,Huambo,none,Huambo,Sorghum,Main,2009,10,2010,4,All (PS),area,4452.0
851,AO2008A106,Angola,AO,Huambo,none,Huambo,Sorghum,Main,2010,10,2011,4,All (PS),area,3474.0
852,AO2008A106,Angola,AO,Huambo,none,Huambo,Sorghum,Main,2011,10,2012,4,All (PS),area,4104.0
853,AO2008A106,Angola,AO,Huambo,none,Huambo,Sorghum,Main,2012,10,2013,4,All (PS),area,4134.0
854,AO2008A106,Angola,AO,Huambo,none,Huambo,Sorghum,Main,2013,10,2014,4,All (PS),area,4125.0
855,AO2008A106,Angola,AO,Huambo,none,Huambo,Sorghum,Main,2014,10,2015,4,All (PS),area,4659.0
856,AO2008A106,Angola,AO,Huambo,none,Huambo,Sorghum,Main,2015,10,2016,4,All (PS),area,4659.0
857,AO2008A106,Angola,AO,Huambo,none,Huambo,Sorghum,Main,2016,10,2017,4,All (PS),area,13923.5
858,AO2008A106,Angola,AO,Huambo,none,Huambo,Coffee,Main,2009,10,2010,4,All (PS),area,1650.0
859,AO2008A106,Angola,AO,Huambo,none,Huambo,Coffee,Main,2012,10,2013,4,All (PS),area,1293.0
860,AO2008A106,Angola,AO,Huambo,none,Huambo,Coffee,Main,2013,10,2014,4,All (PS),area,1188.0
861,AO2008A106,Angola,AO,Huambo,none,Huambo,Soybean,Main,2006,10,2007,4,All (PS),area,8764.0
862,AO2008A106,Angola,AO,Huambo,none,Huambo,Soybean,Main,2007,10,2008,4,All (PS),area,14447.0
863,AO2008A106,Angola,AO,Huambo,none,Huambo,Soybean,Main,2008,10,2009,4,All (PS),area,6806.0
864,AO2008A106,Angola,AO,Huambo,none,Huambo,Soybean,Main,2009,10,2010,4,All (PS),area,6925.0
865,AO2008A106,Angola,AO,Huambo,none,Huambo,Soybean,Main,2010,10,2011,4,All (PS),area,7148.0
866,AO2008A106,Angola,AO,Huambo,none,Huambo,Soybean,Main,2011,10,2012,4,All (PS),area,42074.0
867,AO2008A106,Angola,AO,Huambo,none,Huambo,Soybean,Main,2012,10,2013,4,All (PS),area,10180.0
868,AO2008A106,Angola,AO,Huambo,none,Huambo,Soybean,Main,2013,10,2014,4,All (PS),area,10236.0
869,AO2008A106,Angola,AO,Huambo,none,Huambo,Soybean,Main,2014,10,2015,4,All (PS),area,10736.0
870,AO2008A106,Angola,AO,Huambo,none,Huambo,Soybean,Main,2015,10,2016,4,All (PS),area,10736.0
871,AO2008A106,Angola,AO,Huambo,none,Huambo,Soybean,Main,2016,10,2017,4,All (PS),area,28794.5
872,AO2008A106,Angola,AO,Huambo,none,Huambo,Cabbage,Main,2014,10,2015,4,All (PS),area,2974.0
873,AO2008A106,Angola,AO,Huambo,none,Huambo,Cabbage,Main,2015,10,2016,4,All (PS),area,2974.0
874,AO2008A106,Angola,AO,Huambo,none,Huambo,Cabbage,Main,2016,10,2017,4,All (PS),area,3262.3
875,AO2008A106,Angola,AO,Huambo,none,Huambo,Carrots,Main,2014,10,2015,4,All (PS),area,3483.0
876,AO2008A106,Angola,AO,Huambo,none,Huambo,Carrots,Main,2015,10,2016,4,All (PS),area,3483.0
877,AO2008A106,Angola,AO,Huambo,none,Huambo,Carrots,Main,2016,10,2017,4,All (PS),area,3751.1
878,AO2008A106,Angola,AO,Huambo,none,Huambo,Millet,Main,2014,10,2015,4,All (PS),area,575.0
879,AO2008A106,Angola,AO,Huambo,none,Huambo,Millet,Main,2015,10,2016,4,All (PS),area,575.0
880,AO2008A106,Angola,AO,Huambo,none,Huambo,Millet,Main,2000,10,2001,4,All (PS),area,33484.0
881,AO2008A106,Angola,AO,Huambo,none,Huambo,Millet,Main,2001,10,2002,4,All (PS),area,48271.0
882,AO2008A106,Angola,AO,Huambo,none,Huambo,Millet,Main,2002,10,2003,4,All (PS),area,967.0
883,AO2008A106,Angola,AO,Huambo,none,Huambo,Millet,Main,2003,10,2004,4,All (PS),area,19805.0
884,AO2008A106,Angola,AO,Huambo,none,Huambo,Millet,Main,2004,10,2005,4,All (PS),area,20488.0
885,AO2008A106,Angola,AO,Huambo,none,Huambo,Millet,Main,2005,10,2006,4,All (PS),area,20884.0
886,AO2008A106,Angola,AO,Huambo,none,Huambo,Millet,Main,2008,10,2009,4,All (PS),area,354.0
887,AO2008A106,Angola,AO,Huambo,none,Huambo,Millet,Main,2009,10,2010,4,All (PS),area,380.0
888,AO2008A106,Angola,AO,Huambo,none,Huambo,Millet,Main,2010,10,2011,4,All (PS),area,457.0
889,AO2008A106,Angola,AO,Huambo,none,Huambo,Millet,Main,2011,10,2012,4,All (PS),area,508.0
890,AO2008A106,Angola,AO,Huambo,none,Huambo,Millet,Main,2012,10,2013,4,All (PS),area,512.0
891,AO2008A106,Angola,AO,Huambo,none,Huambo,Millet,Main,2013,10,2014,4,All (PS),area,527.0
892,AO2008A106,Angola,AO,Huambo,none,Huambo,Rice,Main,1997,10,1998,4,All (PS),area,4896.0
893,AO2008A106,Angola,AO,Huambo,none,Huambo,Garlic,Main,2008,10,2009,4,All (PS),area,192.69
894,AO2008A106,Angola,AO,Huambo,none,Huambo,Garlic,Main,2009,10,2010,4,All (PS),area,253.96
895,AO2008A106,Angola,AO,Huambo,none,Huambo,Garlic,Main,2010,10,2011,4,All (PS),area,271.0
896,AO2008A106,Angola,AO,Huambo,none,Huambo,Garlic,Main,2011,10,2012,4,All (PS),area,280.63
897,AO2008A106,Angola,AO,Huambo,none,Huambo,Avocado,Main,2014,10,2015,4,All (PS),area,2477.0
898,AO2008A106,Angola,AO,Huambo,none,Huambo,Avocado,Main,2015,10,2016,4,All (PS),area,2477.0
899,AO2008A106,Angola,AO,Huambo,none,Huambo,Avocado,Main,2016,10,2017,4,All (PS),area,2879.1000000000004
900,AO2008A106,Angola,AO,Huambo,none,Huambo,Wheat,Main,2016,10,2017,4,All (PS),area,8037.8
901,AO2008A107,Angola,AO,Huila,none,Huila,Maize,Main,1996,10,1997,4,All (PS),area,2328.0
902,AO2008A107,Angola,AO,Huila,none,Huila,Maize,Main,1997,10,1998,4,All (PS),area,1164.0
903,AO2008A107,Angola,AO,Huila,none,Huila,Maize,Main,1998,10,1999,4,All (PS),area,83217.0
904,AO2008A107,Angola,AO,Huila,none,Huila,Maize,Main,1999,10,2000,4,All (PS),area,86014.0
905,AO2008A107,Angola,AO,Huila,none,Huila,Maize,Main,2000,10,2001,4,All (PS),area,92597.0
906,AO2008A107,Angola,AO,Huila,none,Huila,Maize,Main,2001,10,2002,4,All (PS),area,107093.0
907,AO2008A107,Angola,AO,Huila,none,Huila,Maize,Main,2002,10,2003,4,All (PS),area,213757.0
908,AO2008A107,Angola,AO,Huila,none,Huila,Maize,Main,2003,10,2004,4,All (PS),area,232336.0
909,AO2008A107,Angola,AO,Huila,none,Huila,Maize,Main,2004,10,2005,4,All (PS),area,213018.0
910,AO2008A107,Angola,AO,Huila,none,Huila,Maize,Main,2005,10,2006,4,All (PS),area,221643.0
911,AO2008A107,Angola,AO,Huila,none,Huila,Maize,Main,2006,10,2007,4,All (PS),area,236143.0
912,AO2008A107,Angola,AO,Huila,none,Huila,Maize,Main,2007,10,2008,4,All (PS),area,144924.0
913,AO2008A107,Angola,AO,Huila,none,Huila,Maize,Main,2008,10,2009,4,All (PS),area,446287.0
914,AO2008A107,Angola,AO,Huila,none,Huila,Maize,Main,2009,10,2010,4,All (PS),area,168265.0
915,AO2008A107,Angola,AO,Huila,none,Huila,Maize,Main,2010,10,2011,4,All (PS),area,202331.0
916,AO2008A107,Angola,AO,Huila,none,Huila,Maize,Main,2011,10,2012,4,All (PS),area,224479.0
917,AO2008A107,Angola,AO,Huila,none,Huila,Maize,Main,2012,10,2013,4,All (PS),area,229483.0
918,AO2008A107,Angola,AO,Huila,none,Huila,Maize,Main,2013,10,2014,4,All (PS),area,226876.0
919,AO2008A107,Angola,AO,Huila,none,Huila,Maize,Main,2014,10,2015,4,All (PS),area,250224.0
920,AO2008A107,Angola,AO,Huila,none,Huila,Maize,Main,2015,10,2016,4,All (PS),area,250224.0
921,AO2008A107,Angola,AO,Huila,none,Huila,Maize,Main,2016,10,2017,4,All (PS),area,312231.3
922,AO2008A107,Angola,AO,Huila,none,Huila,Chili Pepper,Main,2014,10,2015,4,All (PS),area,174.0
923,AO2008A107,Angola,AO,Huila,none,Huila,Chili Pepper,Main,2015,10,2016,4,All (PS),area,174.0
924,AO2008A107,Angola,AO,Huila,none,Huila,Chili Pepper,Main,2016,10,2017,4,All (PS),area,183.0
925,AO2008A107,Angola,AO,Huila,none,Huila,Sweet Potatoes,Main,2000,10,2001,4,All (PS),area,6775.0
926,AO2008A107,Angola,AO,Huila,none,Huila,Sweet Potatoes,Main,2001,10,2002,4,All (PS),area,7836.0
927,AO2008A107,Angola,AO,Huila,none,Huila,Sweet Potatoes,Main,2002,10,2003,4,All (PS),area,11745.0
928,AO2008A107,Angola,AO,Huila,none,Huila,Sweet Potatoes,Main,2003,10,2004,4,All (PS),area,16896.0
929,AO2008A107,Angola,AO,Huila,none,Huila,Sweet Potatoes,Main,2004,10,2005,4,All (PS),area,17515.0
930,AO2008A107,Angola,AO,Huila,none,Huila,Sweet Potatoes,Main,2005,10,2006,4,All (PS),area,21672.0
931,AO2008A107,Angola,AO,Huila,none,Huila,Sweet Potatoes,Main,2006,10,2007,4,All (PS),area,10848.0
932,AO2008A107,Angola,AO,Huila,none,Huila,Sweet Potatoes,Main,2007,10,2008,4,All (PS),area,20863.0
933,AO2008A107,Angola,AO,Huila,none,Huila,Sweet Potatoes,Main,2008,10,2009,4,All (PS),area,20869.0
934,AO2008A107,Angola,AO,Huila,none,Huila,Sweet Potatoes,Main,2009,10,2010,4,All (PS),area,17195.0
935,AO2008A107,Angola,AO,Huila,none,Huila,Sweet Potatoes,Main,2010,10,2011,4,All (PS),area,15218.0
936,AO2008A107,Angola,AO,Huila,none,Huila,Sweet Potatoes,Main,2011,10,2012,4,All (PS),area,15732.0
937,AO2008A107,Angola,AO,Huila,none,Huila,Sweet Potatoes,Main,2012,10,2013,4,All (PS),area,15647.0
938,AO2008A107,Angola,AO,Huila,none,Huila,Sweet Potatoes,Main,2013,10,2014,4,All (PS),area,16179.0
939,AO2008A107,Angola,AO,Huila,none,Huila,Sweet Potatoes,Main,2014,10,2015,4,All (PS),area,17385.0
940,AO2008A107,Angola,AO,Huila,none,Huila,Sweet Potatoes,Main,2015,10,2016,4,All (PS),area,16138.0
941,AO2008A107,Angola,AO,Huila,none,Huila,Sweet Potatoes,Main,2016,10,2017,4,All (PS),area,18743.6
942,AO2008A107,Angola,AO,Huila,none,Huila,Banana,Main,2009,10,2010,4,All (PS),area,2859.0
943,AO2008A107,Angola,AO,Huila,none,Huila,Banana,Main,2010,10,2011,4,All (PS),area,2939.0
944,AO2008A107,Angola,AO,Huila,none,Huila,Banana,Main,2011,10,2012,4,All (PS),area,3535.0
945,AO2008A107,Angola,AO,Huila,none,Huila,Banana,Main,2012,10,2013,4,All (PS),area,4766.0
946,AO2008A107,Angola,AO,Huila,none,Huila,Banana,Main,2013,10,2014,4,All (PS),area,3639.0
947,AO2008A107,Angola,AO,Huila,none,Huila,Banana,Main,2014,10,2015,4,All (PS),area,3805.0
948,AO2008A107,Angola,AO,Huila,none,Huila,Banana,Main,2015,10,2016,4,All (PS),area,3805.0
949,AO2008A107,Angola,AO,Huila,none,Huila,Banana,Main,2016,10,2017,4,All (PS),area,4074.2
950,AO2008A107,Angola,AO,Huila,none,Huila,Tomato,Main,2014,10,2015,4,All (PS),area,935.0
951,AO2008A107,Angola,AO,Huila,none,Huila,Tomato,Main,2015,10,2016,4,All (PS),area,935.0
952,AO2008A107,Angola,AO,Huila,none,Huila,Tomato,Main,2016,10,2017,4,All (PS),area,934.0
953,AO2008A107,Angola,AO,Huila,none,Huila,Onions,Main,2014,10,2015,4,All (PS),area,2510.0
954,AO2008A107,Angola,AO,Huila,none,Huila,Onions,Main,2015,10,2016,4,All (PS),area,2510.0
955,AO2008A107,Angola,AO,Huila,none,Huila,Onions,Main,2016,10,2017,4,All (PS),area,2534.1
956,AO2008A107,Angola,AO,Huila,none,Huila,Mango,Main,2015,10,2016,4,All (PS),area,1798.0
957,AO2008A107,Angola,AO,Huila,none,Huila,Mango,Main,2016,10,2017,4,All (PS),area,1067.0
958,AO2008A107,Angola,AO,Huila,none,Huila,Groundnuts (In Shell),Main,2000,10,2001,4,All (PS),area,2258.0
959,AO2008A107,Angola,AO,Huila,none,Huila,Groundnuts (In Shell),Main,2001,10,2002,4,All (PS),area,2612.0
960,AO2008A107,Angola,AO,Huila,none,Huila,Groundnuts (In Shell),Main,2002,10,2003,4,All (PS),area,1761.7
961,AO2008A107,Angola,AO,Huila,none,Huila,Groundnuts (In Shell),Main,2003,10,2004,4,All (PS),area,2112.0
962,AO2008A107,Angola,AO,Huila,none,Huila,Groundnuts (In Shell),Main,2004,10,2005,4,All (PS),area,2132.0
963,AO2008A107,Angola,AO,Huila,none,Huila,Groundnuts (In Shell),Main,2005,10,2006,4,All (PS),area,2216.0
964,AO2008A107,Angola,AO,Huila,none,Huila,Groundnuts (In Shell),Main,2006,10,2007,4,All (PS),area,7633.0
965,AO2008A107,Angola,AO,Huila,none,Huila,Groundnuts (In Shell),Main,2007,10,2008,4,All (PS),area,5216.0
966,AO2008A107,Angola,AO,Huila,none,Huila,Groundnuts (In Shell),Main,2008,10,2009,4,All (PS),area,4487.0
967,AO2008A107,Angola,AO,Huila,none,Huila,Groundnuts (In Shell),Main,2009,10,2010,4,All (PS),area,4891.0
968,AO2008A107,Angola,AO,Huila,none,Huila,Groundnuts (In Shell),Main,2010,10,2011,4,All (PS),area,4970.0
969,AO2008A107,Angola,AO,Huila,none,Huila,Groundnuts (In Shell),Main,2011,10,2012,4,All (PS),area,5586.0
970,AO2008A107,Angola,AO,Huila,none,Huila,Groundnuts (In Shell),Main,2012,10,2013,4,All (PS),area,5631.0
971,AO2008A107,Angola,AO,Huila,none,Huila,Groundnuts (In Shell),Main,2013,10,2014,4,All (PS),area,5656.0
972,AO2008A107,Angola,AO,Huila,none,Huila,Groundnuts (In Shell),Main,2014,10,2015,4,All (PS),area,3920.0
973,AO2008A107,Angola,AO,Huila,none,Huila,Groundnuts (In Shell),Main,2015,10,2016,4,All (PS),area,3920.0
974,AO2008A107,Angola,AO,Huila,none,Huila,Groundnuts (In Shell),Main,2016,10,2017,4,All (PS),area,12153.2
975,AO2008A107,Angola,AO,Huila,none,Huila,Lemon,Main,2015,10,2016,4,All (PS),area,16107.0
976,AO2008A107,Angola,AO,Huila,none,Huila,Lemon,Main,2016,10,2017,4,All (PS),area,16031.2
977,AO2008A107,Angola,AO,Huila,none,Huila,Beans (mixed),Main,2000,10,2001,4,All (PS),area,18068.0
978,AO2008A107,Angola,AO,Huila,none,Huila,Beans (mixed),Main,2001,10,2002,4,All (PS),area,26120.0
979,AO2008A107,Angola,AO,Huila,none,Huila,Beans (mixed),Main,2002,10,2003,4,All (PS),area,36018.0
980,AO2008A107,Angola,AO,Huila,none,Huila,Beans (mixed),Main,2003,10,2004,4,All (PS),area,50691.0
981,AO2008A107,Angola,AO,Huila,none,Huila,Beans (mixed),Main,2004,10,2005,4,All (PS),area,61538.0
982,AO2008A107,Angola,AO,Huila,none,Huila,Beans (mixed),Main,2005,10,2006,4,All (PS),area,66000.0
983,AO2008A107,Angola,AO,Huila,none,Huila,Beans (mixed),Main,2006,10,2007,4,All (PS),area,24043.0
984,AO2008A107,Angola,AO,Huila,none,Huila,Beans (mixed),Main,2007,10,2008,4,All (PS),area,52157.0
985,AO2008A107,Angola,AO,Huila,none,Huila,Beans (mixed),Main,2008,10,2009,4,All (PS),area,62663.0
986,AO2008A107,Angola,AO,Huila,none,Huila,Beans (mixed),Main,2009,10,2010,4,All (PS),area,63512.0
987,AO2008A107,Angola,AO,Huila,none,Huila,Beans (mixed),Main,2010,10,2011,4,All (PS),area,68749.0
988,AO2008A107,Angola,AO,Huila,none,Huila,Beans (mixed),Main,2011,10,2012,4,All (PS),area,83709.0
989,AO2008A107,Angola,AO,Huila,none,Huila,Beans (mixed),Main,2012,10,2013,4,All (PS),area,92870.0
990,AO2008A107,Angola,AO,Huila,none,Huila,Beans (mixed),Main,2013,10,2014,4,All (PS),area,93060.0
991,AO2008A107,Angola,AO,Huila,none,Huila,Beans (mixed),Main,2014,10,2015,4,All (PS),area,63924.0
992,AO2008A107,Angola,AO,Huila,none,Huila,Beans (mixed),Main,2015,10,2016,4,All (PS),area,63924.0
993,AO2008A107,Angola,AO,Huila,none,Huila,Beans (mixed),Main,2016,10,2017,4,All (PS),area,59058.4
994,AO2008A107,Angola,AO,Huila,none,Huila,Cassava,Main,1998,10,1999,4,All (PS),area,15130.0
995,AO2008A107,Angola,AO,Huila,none,Huila,Cassava,Main,1999,10,2000,4,All (PS),area,15639.0
996,AO2008A107,Angola,AO,Huila,none,Huila,Cassava,Main,2000,10,2001,4,All (PS),area,18068.0
997,AO2008A107,Angola,AO,Huila,none,Huila,Cassava,Main,2001,10,2002,4,All (PS),area,20896.0
998,AO2008A107,Angola,AO,Huila,none,Huila,Cassava,Main,2004,10,2005,4,All (PS),area,2367.0
999,AO2008A107,Angola,AO,Huila,none,Huila,Cassava,Main,2005,10,2006,4,All (PS),area,4339.0
1000,AO2008A107,Angola,AO,Huila,none,Huila,Cassava,Main,2006,10,2007,4,All (PS),area,2911.0
1001,AO2008A107,Angola,AO,Huila,none,Huila,Cassava,Main,2007,10,2008,4,All (PS),area,26635.0
1002,AO2008A107,Angola,AO,Huila,none,Huila,Cassava,Main,2008,10,2009,4,All (PS),area,52714.0
1003,AO2008A107,Angola,AO,Huila,none,Huila,Cassava,Main,2009,10,2010,4,All (PS),area,33719.0
1004,AO2008A107,Angola,AO,Huila,none,Huila,Cassava,Main,2010,10,2011,4,All (PS),area,36895.0
1005,AO2008A107,Angola,AO,Huila,none,Huila,Cassava,Main,2011,10,2012,4,All (PS),area,37697.0
1006,AO2008A107,Angola,AO,Huila,none,Huila,Cassava,Main,2012,10,2013,4,All (PS),area,38492.0
1007,AO2008A107,Angola,AO,Huila,none,Huila,Cassava,Main,2013,10,2014,4,All (PS),area,38843.0
1008,AO2008A107,Angola,AO,Huila,none,Huila,Cassava,Main,2015,10,2016,4,All (PS),area,39672.0
1009,AO2008A107,Angola,AO,Huila,none,Huila,Cassava,Main,2016,10,2017,4,All (PS),area,35828.2
1010,AO2008A107,Angola,AO,Huila,none,Huila,Potato,Main,2000,10,2001,4,All (PS),area,2258.0
1011,AO2008A107,Angola,AO,Huila,none,Huila,Potato,Main,2001,10,2002,4,All (PS),area,5224.0
1012,AO2008A107,Angola,AO,Huila,none,Huila,Potato,Main,2002,10,2003,4,All (PS),area,22727.0
1013,AO2008A107,Angola,AO,Huila,none,Huila,Potato,Main,2003,10,2004,4,All (PS),area,25346.0
1014,AO2008A107,Angola,AO,Huila,none,Huila,Potato,Main,2004,10,2005,4,All (PS),area,25562.0
1015,AO2008A107,Angola,AO,Huila,none,Huila,Potato,Main,2005,10,2006,4,All (PS),area,24627.0
1016,AO2008A107,Angola,AO,Huila,none,Huila,Potato,Main,2006,10,2007,4,All (PS),area,31195.0
1017,AO2008A107,Angola,AO,Huila,none,Huila,Potato,Main,2007,10,2008,4,All (PS),area,24255.0
1018,AO2008A107,Angola,AO,Huila,none,Huila,Potato,Main,2008,10,2009,4,All (PS),area,20477.0
1019,AO2008A107,Angola,AO,Huila,none,Huila,Potato,Main,2009,10,2010,4,All (PS),area,13115.0
1020,AO2008A107,Angola,AO,Huila,none,Huila,Potato,Main,2010,10,2011,4,All (PS),area,14159.0
1021,AO2008A107,Angola,AO,Huila,none,Huila,Potato,Main,2011,10,2012,4,All (PS),area,15146.0
1022,AO2008A107,Angola,AO,Huila,none,Huila,Potato,Main,2012,10,2013,4,All (PS),area,15335.0
1023,AO2008A107,Angola,AO,Huila,none,Huila,Potato,Main,2013,10,2014,4,All (PS),area,15194.0
1024,AO2008A107,Angola,AO,Huila,none,Huila,Potato,Main,2014,10,2015,4,All (PS),area,15215.0
1025,AO2008A107,Angola,AO,Huila,none,Huila,Potato,Main,2015,10,2016,4,All (PS),area,15215.0
1026,AO2008A107,Angola,AO,Huila,none,Huila,Potato,Main,2016,10,2017,4,All (PS),area,6278.0
1027,AO2008A107,Angola,AO,Huila,none,Huila,Pineapple,Main,2014,10,2015,4,All (PS),area,2854.0
1028,AO2008A107,Angola,AO,Huila,none,Huila,Pineapple,Main,2015,10,2016,4,All (PS),area,2854.0
1029,AO2008A107,Angola,AO,Huila,none,Huila,Pineapple,Main,2016,10,2017,4,All (PS),area,2311.0
1030,AO2008A107,Angola,AO,Huila,none,Huila,Sorghum,Main,1996,10,1997,4,All (PS),area,3134.0
1031,AO2008A107,Angola,AO,Huila,none,Huila,Sorghum,Main,2006,10,2007,4,All (PS),area,51293.0
1032,AO2008A107,Angola,AO,Huila,none,Huila,Sorghum,Main,2007,10,2008,4,All (PS),area,78236.0
1033,AO2008A107,Angola,AO,Huila,none,Huila,Sorghum,Main,2008,10,2009,4,All (PS),area,78004.0
1034,AO2008A107,Angola,AO,Huila,none,Huila,Sorghum,Main,2009,10,2010,4,All (PS),area,70415.0
1035,AO2008A107,Angola,AO,Huila,none,Huila,Sorghum,Main,2010,10,2011,4,All (PS),area,70998.0
1036,AO2008A107,Angola,AO,Huila,none,Huila,Sorghum,Main,2011,10,2012,4,All (PS),area,75738.0
1037,AO2008A107,Angola,AO,Huila,none,Huila,Sorghum,Main,2012,10,2013,4,All (PS),area,75816.0
1038,AO2008A107,Angola,AO,Huila,none,Huila,Sorghum,Main,2013,10,2014,4,All (PS),area,75782.0
1039,AO2008A107,Angola,AO,Huila,none,Huila,Sorghum,Main,2014,10,2015,4,All (PS),area,83664.0
1040,AO2008A107,Angola,AO,Huila,none,Huila,Sorghum,Main,2015,10,2016,4,All (PS),area,83664.0
1041,AO2008A107,Angola,AO,Huila,none,Huila,Sorghum,Main,2016,10,2017,4,All (PS),area,77786.9
1042,AO2008A107,Angola,AO,Huila,none,Huila,Coffee,Main,2012,10,2013,4,All (PS),area,1188.0
1043,AO2008A107,Angola,AO,Huila,none,Huila,Coffee,Main,2013,10,2014,4,All (PS),area,590.0
1044,AO2008A107,Angola,AO,Huila,none,Huila,Soybean,Main,2016,10,2017,4,All (PS),area,1171.5
1045,AO2008A107,Angola,AO,Huila,none,Huila,Cabbage,Main,2014,10,2015,4,All (PS),area,4229.0
1046,AO2008A107,Angola,AO,Huila,none,Huila,Cabbage,Main,2015,10,2016,4,All (PS),area,4229.0
1047,AO2008A107,Angola,AO,Huila,none,Huila,Cabbage,Main,2016,10,2017,4,All (PS),area,4442.7
1048,AO2008A107,Angola,AO,Huila,none,Huila,Carrots,Main,2014,10,2015,4,All (PS),area,6879.0
1049,AO2008A107,Angola,AO,Huila,none,Huila,Carrots,Main,2015,10,2016,4,All (PS),area,6879.0
1050,AO2008A107,Angola,AO,Huila,none,Huila,Carrots,Main,2016,10,2017,4,All (PS),area,6089.6
1051,AO2008A107,Angola,AO,Huila,none,Huila,Millet,Main,2014,10,2015,4,All (PS),area,72546.0
1052,AO2008A107,Angola,AO,Huila,none,Huila,Millet,Main,2015,10,2016,4,All (PS),area,72546.0
1053,AO2008A107,Angola,AO,Huila,none,Huila,Millet,Main,2016,10,2017,4,All (PS),area,136201.80000000002
1054,AO2008A107,Angola,AO,Huila,none,Huila,Green Bean,Main,2015,10,2016,4,All (PS),area,76.0
1055,AO2008A107,Angola,AO,Huila,none,Huila,Millet,Main,1996,10,1997,4,All (PS),area,2560.0
1056,AO2008A107,Angola,AO,Huila,none,Huila,Millet,Main,1997,10,1998,4,All (PS),area,1000.0
1057,AO2008A107,Angola,AO,Huila,none,Huila,Millet,Main,2000,10,2001,4,All (PS),area,72271.0
1058,AO2008A107,Angola,AO,Huila,none,Huila,Millet,Main,2001,10,2002,4,All (PS),area,83585.0
1059,AO2008A107,Angola,AO,Huila,none,Huila,Millet,Main,2002,10,2003,4,All (PS),area,62639.0
1060,AO2008A107,Angola,AO,Huila,none,Huila,Millet,Main,2003,10,2004,4,All (PS),area,69701.0
1061,AO2008A107,Angola,AO,Huila,none,Huila,Millet,Main,2004,10,2005,4,All (PS),area,85207.0
1062,AO2008A107,Angola,AO,Huila,none,Huila,Millet,Main,2005,10,2006,4,All (PS),area,88657.0
1063,AO2008A107,Angola,AO,Huila,none,Huila,Millet,Main,2006,10,2007,4,All (PS),area,29545.0
1064,AO2008A107,Angola,AO,Huila,none,Huila,Millet,Main,2007,10,2008,4,All (PS),area,26079.0
1065,AO2008A107,Angola,AO,Huila,none,Huila,Millet,Main,2008,10,2009,4,All (PS),area,118171.0
1066,AO2008A107,Angola,AO,Huila,none,Huila,Millet,Main,2009,10,2010,4,All (PS),area,52795.0
1067,AO2008A107,Angola,AO,Huila,none,Huila,Millet,Main,2010,10,2011,4,All (PS),area,56585.0
1068,AO2008A107,Angola,AO,Huila,none,Huila,Millet,Main,2011,10,2012,4,All (PS),area,67293.0
1069,AO2008A107,Angola,AO,Huila,none,Huila,Millet,Main,2012,10,2013,4,All (PS),area,68913.0
1070,AO2008A107,Angola,AO,Huila,none,Huila,Millet,Main,2013,10,2014,4,All (PS),area,68947.0
1071,AO2008A107,Angola,AO,Huila,none,Huila,Garlic,Main,2008,10,2009,4,All (PS),area,219.87
1072,AO2008A107,Angola,AO,Huila,none,Huila,Garlic,Main,2009,10,2010,4,All (PS),area,255.06
1073,AO2008A107,Angola,AO,Huila,none,Huila,Garlic,Main,2010,10,2011,4,All (PS),area,281.0
1074,AO2008A107,Angola,AO,Huila,none,Huila,Garlic,Main,2011,10,2012,4,All (PS),area,342.49
1075,AO2008A107,Angola,AO,Huila,none,Huila,Wheat,Main,2016,10,2017,4,All (PS),area,3514.4
1076,AO2008A107,Angola,AO,Huila,none,Huila,Cowpea,Main,2006,10,2007,4,All (PS),area,8393.0
1077,AO2008A108,Angola,AO,Kuando Kubango,none,Kuando Kubango,Maize,Main,1996,10,1997,4,All (PS),area,11010.0
1078,AO2008A108,Angola,AO,Kuando Kubango,none,Kuando Kubango,Maize,Main,1997,10,1998,4,All (PS),area,13000.0
1079,AO2008A108,Angola,AO,Kuando Kubango,none,Kuando Kubango,Maize,Main,1998,10,1999,4,All (PS),area,23626.0
1080,AO2008A108,Angola,AO,Kuando Kubango,none,Kuando Kubango,Maize,Main,1999,10,2000,4,All (PS),area,19126.0
1081,AO2008A108,Angola,AO,Kuando Kubango,none,Kuando Kubango,Maize,Main,2000,10,2001,4,All (PS),area,15291.0
1082,AO2008A108,Angola,AO,Kuando Kubango,none,Kuando Kubango,Maize,Main,2001,10,2002,4,All (PS),area,26149.0
1083,AO2008A108,Angola,AO,Kuando Kubango,none,Kuando Kubango,Maize,Main,2002,10,2003,4,All (PS),area,29030.0
1084,AO2008A108,Angola,AO,Kuando Kubango,none,Kuando Kubango,Maize,Main,2003,10,2004,4,All (PS),area,27106.0
1085,AO2008A108,Angola,AO,Kuando Kubango,none,Kuando Kubango,Maize,Main,2004,10,2005,4,All (PS),area,34548.0
1086,AO2008A108,Angola,AO,Kuando Kubango,none,Kuando Kubango,Maize,Main,2005,10,2006,4,All (PS),area,43546.0
1087,AO2008A108,Angola,AO,Kuando Kubango,none,Kuando Kubango,Maize,Main,2006,10,2007,4,All (PS),area,47073.0
1088,AO2008A108,Angola,AO,Kuando Kubango,none,Kuando Kubango,Maize,Main,2007,10,2008,4,All (PS),area,21579.0
1089,AO2008A108,Angola,AO,Kuando Kubango,none,Kuando Kubango,Maize,Main,2008,10,2009,4,All (PS),area,86577.0
1090,AO2008A108,Angola,AO,Kuando Kubango,none,Kuando Kubango,Maize,Main,2009,10,2010,4,All (PS),area,58516.0
1091,AO2008A108,Angola,AO,Kuando Kubango,none,Kuando Kubango,Maize,Main,2010,10,2011,4,All (PS),area,61884.0
1092,AO2008A108,Angola,AO,Kuando Kubango,none,Kuando Kubango,Maize,Main,2011,10,2012,4,All (PS),area,65169.0
1093,AO2008A108,Angola,AO,Kuando Kubango,none,Kuando Kubango,Maize,Main,2012,10,2013,4,All (PS),area,65174.0
1094,AO2008A108,Angola,AO,Kuando Kubango,none,Kuando Kubango,Maize,Main,2013,10,2014,4,All (PS),area,65447.0
1095,AO2008A108,Angola,AO,Kuando Kubango,none,Kuando Kubango,Maize,Main,2014,10,2015,4,All (PS),area,42268.0
1096,AO2008A108,Angola,AO,Kuando Kubango,none,Kuando Kubango,Maize,Main,2015,10,2016,4,All (PS),area,42268.0
1097,AO2008A108,Angola,AO,Kuando Kubango,none,Kuando Kubango,Maize,Main,2016,10,2017,4,All (PS),area,41632.0
1098,AO2008A108,Angola,AO,Kuando Kubango,none,Kuando Kubango,Sweet Potatoes,Main,2000,10,2001,4,All (PS),area,2039.0
1099,AO2008A108,Angola,AO,Kuando Kubango,none,Kuando Kubango,Sweet Potatoes,Main,2001,10,2002,4,All (PS),area,3487.0
1100,AO2008A108,Angola,AO,Kuando Kubango,none,Kuando Kubango,Sweet Potatoes,Main,2002,10,2003,4,All (PS),area,3871.0
1101,AO2008A108,Angola,AO,Kuando Kubango,none,Kuando Kubango,Sweet Potatoes,Main,2004,10,2005,4,All (PS),area,8291.0
1102,AO2008A108,Angola,AO,Kuando Kubango,none,Kuando Kubango,Sweet Potatoes,Main,2005,10,2006,4,All (PS),area,5357.0
1103,AO2008A108,Angola,AO,Kuando Kubango,none,Kuando Kubango,Sweet Potatoes,Main,2006,10,2007,4,All (PS),area,3501.0
1104,AO2008A108,Angola,AO,Kuando Kubango,none,Kuando Kubango,Sweet Potatoes,Main,2007,10,2008,4,All (PS),area,3535.0
1105,AO2008A108,Angola,AO,Kuando Kubango,none,Kuando Kubango,Sweet Potatoes,Main,2008,10,2009,4,All (PS),area,3535.0
1106,AO2008A108,Angola,AO,Kuando Kubango,none,Kuando Kubango,Sweet Potatoes,Main,2009,10,2010,4,All (PS),area,3701.0
1107,AO2008A108,Angola,AO,Kuando Kubango,none,Kuando Kubango,Sweet Potatoes,Main,2010,10,2011,4,All (PS),area,3755.0
1108,AO2008A108,Angola,AO,Kuando Kubango,none,Kuando Kubango,Sweet Potatoes,Main,2011,10,2012,4,All (PS),area,4366.0
1109,AO2008A108,Angola,AO,Kuando Kubango,none,Kuando Kubango,Sweet Potatoes,Main,2012,10,2013,4,All (PS),area,4444.0
1110,AO2008A108,Angola,AO,Kuando Kubango,none,Kuando Kubango,Sweet Potatoes,Main,2013,10,2014,4,All (PS),area,4610.0
1111,AO2008A108,Angola,AO,Kuando Kubango,none,Kuando Kubango,Sweet Potatoes,Main,2014,10,2015,4,All (PS),area,4570.0
1112,AO2008A108,Angola,AO,Kuando Kubango,none,Kuando Kubango,Sweet Potatoes,Main,2015,10,2016,4,All (PS),area,4570.0
1113,AO2008A108,Angola,AO,Kuando Kubango,none,Kuando Kubango,Sweet Potatoes,Main,2016,10,2017,4,All (PS),area,315.0
1114,AO2008A108,Angola,AO,Kuando Kubango,none,Kuando Kubango,Banana,Main,2006,10,2007,4,All (PS),area,916.0
1115,AO2008A108,Angola,AO,Kuando Kubango,none,Kuando Kubango,Banana,Main,2007,10,2008,4,All (PS),area,8152.0
1116,AO2008A108,Angola,AO,Kuando Kubango,none,Kuando Kubango,Banana,Main,2008,10,2009,4,All (PS),area,8152.0
1117,AO2008A108,Angola,AO,Kuando Kubango,none,Kuando Kubango,Banana,Main,2009,10,2010,4,All (PS),area,5233.0
1118,AO2008A108,Angola,AO,Kuando Kubango,none,Kuando Kubango,Banana,Main,2010,10,2011,4,All (PS),area,5262.0
1119,AO2008A108,Angola,AO,Kuando Kubango,none,Kuando Kubango,Banana,Main,2011,10,2012,4,All (PS),area,5933.0
1120,AO2008A108,Angola,AO,Kuando Kubango,none,Kuando Kubango,Banana,Main,2012,10,2013,4,All (PS),area,5933.0
1121,AO2008A108,Angola,AO,Kuando Kubango,none,Kuando Kubango,Banana,Main,2013,10,2014,4,All (PS),area,5933.0
1122,AO2008A108,Angola,AO,Kuando Kubango,none,Kuando Kubango,Banana,Main,2014,10,2015,4,All (PS),area,6214.0
1123,AO2008A108,Angola,AO,Kuando Kubango,none,Kuando Kubango,Banana,Main,2015,10,2016,4,All (PS),area,6214.0
1124,AO2008A108,Angola,AO,Kuando Kubango,none,Kuando Kubango,Banana,Main,2016,10,2017,4,All (PS),area,5712.7
1125,AO2008A108,Angola,AO,Kuando Kubango,none,Kuando Kubango,Mango,Main,2015,10,2016,4,All (PS),area,260.0
1126,AO2008A108,Angola,AO,Kuando Kubango,none,Kuando Kubango,Mango,Main,2016,10,2017,4,All (PS),area,272.0
1127,AO2008A108,Angola,AO,Kuando Kubango,none,Kuando Kubango,Groundnuts (In Shell),Main,2000,10,2001,4,All (PS),area,510.0
1128,AO2008A108,Angola,AO,Kuando Kubango,none,Kuando Kubango,Groundnuts (In Shell),Main,2001,10,2002,4,All (PS),area,872.0
1129,AO2008A108,Angola,AO,Kuando Kubango,none,Kuando Kubango,Groundnuts (In Shell),Main,2002,10,2003,4,All (PS),area,1935.0
1130,AO2008A108,Angola,AO,Kuando Kubango,none,Kuando Kubango,Groundnuts (In Shell),Main,2003,10,2004,4,All (PS),area,2169.0
1131,AO2008A108,Angola,AO,Kuando Kubango,none,Kuando Kubango,Groundnuts (In Shell),Main,2004,10,2005,4,All (PS),area,2764.0
1132,AO2008A108,Angola,AO,Kuando Kubango,none,Kuando Kubango,Groundnuts (In Shell),Main,2005,10,2006,4,All (PS),area,2865.0
1133,AO2008A108,Angola,AO,Kuando Kubango,none,Kuando Kubango,Groundnuts (In Shell),Main,2006,10,2007,4,All (PS),area,4007.0
1134,AO2008A108,Angola,AO,Kuando Kubango,none,Kuando Kubango,Groundnuts (In Shell),Main,2007,10,2008,4,All (PS),area,28772.0
1135,AO2008A108,Angola,AO,Kuando Kubango,none,Kuando Kubango,Groundnuts (In Shell),Main,2008,10,2009,4,All (PS),area,19277.0
1136,AO2008A108,Angola,AO,Kuando Kubango,none,Kuando Kubango,Groundnuts (In Shell),Main,2009,10,2010,4,All (PS),area,19787.0
1137,AO2008A108,Angola,AO,Kuando Kubango,none,Kuando Kubango,Groundnuts (In Shell),Main,2010,10,2011,4,All (PS),area,19945.0
1138,AO2008A108,Angola,AO,Kuando Kubango,none,Kuando Kubango,Groundnuts (In Shell),Main,2011,10,2012,4,All (PS),area,20787.0
1139,AO2008A108,Angola,AO,Kuando Kubango,none,Kuando Kubango,Groundnuts (In Shell),Main,2012,10,2013,4,All (PS),area,20795.0
1140,AO2008A108,Angola,AO,Kuando Kubango,none,Kuando Kubango,Groundnuts (In Shell),Main,2013,10,2014,4,All (PS),area,20904.0
1141,AO2008A108,Angola,AO,Kuando Kubango,none,Kuando Kubango,Groundnuts (In Shell),Main,2014,10,2015,4,All (PS),area,17620.0
1142,AO2008A108,Angola,AO,Kuando Kubango,none,Kuando Kubango,Groundnuts (In Shell),Main,2015,10,2016,4,All (PS),area,17620.0
1143,AO2008A108,Angola,AO,Kuando Kubango,none,Kuando Kubango,Groundnuts (In Shell),Main,2016,10,2017,4,All (PS),area,17027.600000000002
1144,AO2008A108,Angola,AO,Kuando Kubango,none,Kuando Kubango,Lemon,Main,2015,10,2016,4,All (PS),area,993.0
1145,AO2008A108,Angola,AO,Kuando Kubango,none,Kuando Kubango,Lemon,Main,2016,10,2017,4,All (PS),area,830.6
1146,AO2008A108,Angola,AO,Kuando Kubango,none,Kuando Kubango,Beans (mixed),Main,2000,10,2001,4,All (PS),area,2549.0
1147,AO2008A108,Angola,AO,Kuando Kubango,none,Kuando Kubango,Beans (mixed),Main,2001,10,2002,4,All (PS),area,4358.0
1148,AO2008A108,Angola,AO,Kuando Kubango,none,Kuando Kubango,Beans (mixed),Main,2002,10,2003,4,All (PS),area,4838.0
1149,AO2008A108,Angola,AO,Kuando Kubango,none,Kuando Kubango,Beans (mixed),Main,2003,10,2004,4,All (PS),area,8674.0
1150,AO2008A108,Angola,AO,Kuando Kubango,none,Kuando Kubango,Beans (mixed),Main,2004,10,2005,4,All (PS),area,11055.0
1151,AO2008A108,Angola,AO,Kuando Kubango,none,Kuando Kubango,Beans (mixed),Main,2005,10,2006,4,All (PS),area,7162.0
1152,AO2008A108,Angola,AO,Kuando Kubango,none,Kuando Kubango,Beans (mixed),Main,2006,10,2007,4,All (PS),area,11370.0
1153,AO2008A108,Angola,AO,Kuando Kubango,none,Kuando Kubango,Beans (mixed),Main,2007,10,2008,4,All (PS),area,9111.0
1154,AO2008A108,Angola,AO,Kuando Kubango,none,Kuando Kubango,Beans (mixed),Main,2008,10,2009,4,All (PS),area,4738.0
1155,AO2008A108,Angola,AO,Kuando Kubango,none,Kuando Kubango,Beans (mixed),Main,2009,10,2010,4,All (PS),area,5097.0
1156,AO2008A108,Angola,AO,Kuando Kubango,none,Kuando Kubango,Beans (mixed),Main,2010,10,2011,4,All (PS),area,5200.0
1157,AO2008A108,Angola,AO,Kuando Kubango,none,Kuando Kubango,Beans (mixed),Main,2011,10,2012,4,All (PS),area,5988.0
1158,AO2008A108,Angola,AO,Kuando Kubango,none,Kuando Kubango,Beans (mixed),Main,2012,10,2013,4,All (PS),area,6629.0
1159,AO2008A108,Angola,AO,Kuando Kubango,none,Kuando Kubango,Beans (mixed),Main,2013,10,2014,4,All (PS),area,6762.0
1160,AO2008A108,Angola,AO,Kuando Kubango,none,Kuando Kubango,Beans (mixed),Main,2014,10,2015,4,All (PS),area,5183.0
1161,AO2008A108,Angola,AO,Kuando Kubango,none,Kuando Kubango,Beans (mixed),Main,2015,10,2016,4,All (PS),area,5183.0
1162,AO2008A108,Angola,AO,Kuando Kubango,none,Kuando Kubango,Beans (mixed),Main,2016,10,2017,4,All (PS),area,5691.299999999999
1163,AO2008A108,Angola,AO,Kuando Kubango,none,Kuando Kubango,Cassava,Main,1996,10,1997,4,All (PS),area,128000.0
1164,AO2008A108,Angola,AO,Kuando Kubango,none,Kuando Kubango,Cassava,Main,1997,10,1998,4,All (PS),area,135000.0
1165,AO2008A108,Angola,AO,Kuando Kubango,none,Kuando Kubango,Cassava,Main,1998,10,1999,4,All (PS),area,3831.0
1166,AO2008A108,Angola,AO,Kuando Kubango,none,Kuando Kubango,Cassava,Main,1999,10,2000,4,All (PS),area,5553.0
1167,AO2008A108,Angola,AO,Kuando Kubango,none,Kuando Kubango,Cassava,Main,2000,10,2001,4,All (PS),area,3568.0
1168,AO2008A108,Angola,AO,Kuando Kubango,none,Kuando Kubango,Cassava,Main,2001,10,2002,4,All (PS),area,6102.0
1169,AO2008A108,Angola,AO,Kuando Kubango,none,Kuando Kubango,Cassava,Main,2002,10,2003,4,All (PS),area,6774.0
1170,AO2008A108,Angola,AO,Kuando Kubango,none,Kuando Kubango,Cassava,Main,2003,10,2004,4,All (PS),area,8774.0
1171,AO2008A108,Angola,AO,Kuando Kubango,none,Kuando Kubango,Cassava,Main,2004,10,2005,4,All (PS),area,8982.0
1172,AO2008A108,Angola,AO,Kuando Kubango,none,Kuando Kubango,Cassava,Main,2005,10,2006,4,All (PS),area,9454.0
1173,AO2008A108,Angola,AO,Kuando Kubango,none,Kuando Kubango,Cassava,Main,2006,10,2007,4,All (PS),area,14790.0
1174,AO2008A108,Angola,AO,Kuando Kubango,none,Kuando Kubango,Cassava,Main,2007,10,2008,4,All (PS),area,11988.0
1175,AO2008A108,Angola,AO,Kuando Kubango,none,Kuando Kubango,Cassava,Main,2008,10,2009,4,All (PS),area,16923.0
1176,AO2008A108,Angola,AO,Kuando Kubango,none,Kuando Kubango,Cassava,Main,2009,10,2010,4,All (PS),area,17016.0
1177,AO2008A108,Angola,AO,Kuando Kubango,none,Kuando Kubango,Cassava,Main,2010,10,2011,4,All (PS),area,18859.0
1178,AO2008A108,Angola,AO,Kuando Kubango,none,Kuando Kubango,Cassava,Main,2011,10,2012,4,All (PS),area,19644.0
1179,AO2008A108,Angola,AO,Kuando Kubango,none,Kuando Kubango,Cassava,Main,2012,10,2013,4,All (PS),area,20104.0
1180,AO2008A108,Angola,AO,Kuando Kubango,none,Kuando Kubango,Cassava,Main,2013,10,2014,4,All (PS),area,20480.0
1181,AO2008A108,Angola,AO,Kuando Kubango,none,Kuando Kubango,Cassava,Main,2015,10,2016,4,All (PS),area,22944.0
1182,AO2008A108,Angola,AO,Kuando Kubango,none,Kuando Kubango,Cassava,Main,2016,10,2017,4,All (PS),area,18769.7
1183,AO2008A108,Angola,AO,Kuando Kubango,none,Kuando Kubango,Potato,Main,2002,10,2003,4,All (PS),area,97.0
1184,AO2008A108,Angola,AO,Kuando Kubango,none,Kuando Kubango,Potato,Main,2003,10,2004,4,All (PS),area,217.0
1185,AO2008A108,Angola,AO,Kuando Kubango,none,Kuando Kubango,Potato,Main,2004,10,2005,4,All (PS),area,221.0
1186,AO2008A108,Angola,AO,Kuando Kubango,none,Kuando Kubango,Potato,Main,2008,10,2009,4,All (PS),area,279.0
1187,AO2008A108,Angola,AO,Kuando Kubango,none,Kuando Kubango,Potato,Main,2009,10,2010,4,All (PS),area,282.0
1188,AO2008A108,Angola,AO,Kuando Kubango,none,Kuando Kubango,Potato,Main,2010,10,2011,4,All (PS),area,294.0
1189,AO2008A108,Angola,AO,Kuando Kubango,none,Kuando Kubango,Potato,Main,2011,10,2012,4,All (PS),area,310.0
1190,AO2008A108,Angola,AO,Kuando Kubango,none,Kuando Kubango,Potato,Main,2012,10,2013,4,All (PS),area,310.0
1191,AO2008A108,Angola,AO,Kuando Kubango,none,Kuando Kubango,Potato,Main,2013,10,2014,4,All (PS),area,321.0
1192,AO2008A108,Angola,AO,Kuando Kubango,none,Kuando Kubango,Potato,Main,2014,10,2015,4,All (PS),area,317.0
1193,AO2008A108,Angola,AO,Kuando Kubango,none,Kuando Kubango,Potato,Main,2015,10,2016,4,All (PS),area,317.0
1194,AO2008A108,Angola,AO,Kuando Kubango,none,Kuando Kubango,Sorghum,Main,1997,10,1998,4,All (PS),area,97000.0
1195,AO2008A108,Angola,AO,Kuando Kubango,none,Kuando Kubango,Sorghum,Main,2006,10,2007,4,All (PS),area,21572.0
1196,AO2008A108,Angola,AO,Kuando Kubango,none,Kuando Kubango,Sorghum,Main,2007,10,2008,4,All (PS),area,10550.0
1197,AO2008A108,Angola,AO,Kuando Kubango,none,Kuando Kubango,Sorghum,Main,2008,10,2009,4,All (PS),area,44096.0
1198,AO2008A108,Angola,AO,Kuando Kubango,none,Kuando Kubango,Sorghum,Main,2009,10,2010,4,All (PS),area,45000.0
1199,AO2008A108,Angola,AO,Kuando Kubango,none,Kuando Kubango,Sorghum,Main,2010,10,2011,4,All (PS),area,43851.0
1200,AO2008A108,Angola,AO,Kuando Kubango,none,Kuando Kubango,Sorghum,Main,2011,10,2012,4,All (PS),area,55804.0
1201,AO2008A108,Angola,AO,Kuando Kubango,none,Kuando Kubango,Sorghum,Main,2012,10,2013,4,All (PS),area,55826.0
1202,AO2008A108,Angola,AO,Kuando Kubango,none,Kuando Kubango,Sorghum,Main,2013,10,2014,4,All (PS),area,55831.0
1203,AO2008A108,Angola,AO,Kuando Kubango,none,Kuando Kubango,Sorghum,Main,2014,10,2015,4,All (PS),area,73290.0
1204,AO2008A108,Angola,AO,Kuando Kubango,none,Kuando Kubango,Sorghum,Main,2015,10,2016,4,All (PS),area,73290.0
1205,AO2008A108,Angola,AO,Kuando Kubango,none,Kuando Kubango,Millet,Main,2014,10,2015,4,All (PS),area,24303.0
1206,AO2008A108,Angola,AO,Kuando Kubango,none,Kuando Kubango,Millet,Main,2015,10,2016,4,All (PS),area,24303.0
1207,AO2008A108,Angola,AO,Kuando Kubango,none,Kuando Kubango,Millet,Main,2016,10,2017,4,All (PS),area,26164.399999999998
1208,AO2008A108,Angola,AO,Kuando Kubango,none,Kuando Kubango,Millet,Main,2000,10,2001,4,All (PS),area,24975.0
1209,AO2008A108,Angola,AO,Kuando Kubango,none,Kuando Kubango,Millet,Main,2001,10,2002,4,All (PS),area,42711.0
1210,AO2008A108,Angola,AO,Kuando Kubango,none,Kuando Kubango,Millet,Main,2002,10,2003,4,All (PS),area,47416.0
1211,AO2008A108,Angola,AO,Kuando Kubango,none,Kuando Kubango,Millet,Main,2003,10,2004,4,All (PS),area,53129.0
1212,AO2008A108,Angola,AO,Kuando Kubango,none,Kuando Kubango,Millet,Main,2004,10,2005,4,All (PS),area,67714.0
1213,AO2008A108,Angola,AO,Kuando Kubango,none,Kuando Kubango,Millet,Main,2005,10,2006,4,All (PS),area,69329.0
1214,AO2008A108,Angola,AO,Kuando Kubango,none,Kuando Kubango,Millet,Main,2006,10,2007,4,All (PS),area,44655.0
1215,AO2008A108,Angola,AO,Kuando Kubango,none,Kuando Kubango,Millet,Main,2007,10,2008,4,All (PS),area,16784.0
1216,AO2008A108,Angola,AO,Kuando Kubango,none,Kuando Kubango,Millet,Main,2008,10,2009,4,All (PS),area,3525.0
1217,AO2008A108,Angola,AO,Kuando Kubango,none,Kuando Kubango,Millet,Main,2009,10,2010,4,All (PS),area,22261.0
1218,AO2008A108,Angola,AO,Kuando Kubango,none,Kuando Kubango,Millet,Main,2010,10,2011,4,All (PS),area,22334.0
1219,AO2008A108,Angola,AO,Kuando Kubango,none,Kuando Kubango,Millet,Main,2011,10,2012,4,All (PS),area,24831.0
1220,AO2008A108,Angola,AO,Kuando Kubango,none,Kuando Kubango,Millet,Main,2012,10,2013,4,All (PS),area,24439.0
1221,AO2008A108,Angola,AO,Kuando Kubango,none,Kuando Kubango,Millet,Main,2013,10,2014,4,All (PS),area,24439.0
1222,AO2008A108,Angola,AO,Kuando Kubango,none,Kuando Kubango,Rice,Main,2012,10,2013,4,All (PS),area,1000.0
1223,AO2008A108,Angola,AO,Kuando Kubango,none,Kuando Kubango,Rice,Main,2013,10,2014,4,All (PS),area,1500.0
1224,AO2008A108,Angola,AO,Kuando Kubango,none,Kuando Kubango,Rice,Main,2014,10,2015,4,All (PS),area,694.0
1225,AO2008A108,Angola,AO,Kuando Kubango,none,Kuando Kubango,Rice,Main,2015,10,2016,4,All (PS),area,694.0
1226,AO2008A109,Angola,AO,Kuanza Norte,none,Kuanza Norte,Maize,Main,1996,10,1997,4,All (PS),area,115000.0
1227,AO2008A109,Angola,AO,Kuanza Norte,none,Kuanza Norte,Maize,Main,1997,10,1998,4,All (PS),area,126000.0
1228,AO2008A109,Angola,AO,Kuanza Norte,none,Kuanza Norte,Maize,Main,1998,10,1999,4,All (PS),area,9510.0
1229,AO2008A109,Angola,AO,Kuanza Norte,none,Kuanza Norte,Maize,Main,1999,10,2000,4,All (PS),area,9006.0
1230,AO2008A109,Angola,AO,Kuanza Norte,none,Kuanza Norte,Maize,Main,2000,10,2001,4,All (PS),area,10959.0
1231,AO2008A109,Angola,AO,Kuanza Norte,none,Kuanza Norte,Maize,Main,2001,10,2002,4,All (PS),area,10235.0
1232,AO2008A109,Angola,AO,Kuanza Norte,none,Kuanza Norte,Maize,Main,2002,10,2003,4,All (PS),area,11415.0
1233,AO2008A109,Angola,AO,Kuanza Norte,none,Kuanza Norte,Maize,Main,2003,10,2004,4,All (PS),area,17739.0
1234,AO2008A109,Angola,AO,Kuanza Norte,none,Kuanza Norte,Maize,Main,2004,10,2005,4,All (PS),area,17008.0
1235,AO2008A109,Angola,AO,Kuanza Norte,none,Kuanza Norte,Maize,Main,2005,10,2006,4,All (PS),area,16110.0
1236,AO2008A109,Angola,AO,Kuanza Norte,none,Kuanza Norte,Maize,Main,2006,10,2007,4,All (PS),area,13645.0
1237,AO2008A109,Angola,AO,Kuanza Norte,none,Kuanza Norte,Maize,Main,2007,10,2008,4,All (PS),area,9963.0
1238,AO2008A109,Angola,AO,Kuanza Norte,none,Kuanza Norte,Maize,Main,2008,10,2009,4,All (PS),area,6581.0
1239,AO2008A109,Angola,AO,Kuanza Norte,none,Kuanza Norte,Maize,Main,2009,10,2010,4,All (PS),area,11788.0
1240,AO2008A109,Angola,AO,Kuanza Norte,none,Kuanza Norte,Maize,Main,2010,10,2011,4,All (PS),area,12683.0
1241,AO2008A109,Angola,AO,Kuanza Norte,none,Kuanza Norte,Maize,Main,2011,10,2012,4,All (PS),area,15069.0
1242,AO2008A109,Angola,AO,Kuanza Norte,none,Kuanza Norte,Maize,Main,2012,10,2013,4,All (PS),area,15428.0
1243,AO2008A109,Angola,AO,Kuanza Norte,none,Kuanza Norte,Maize,Main,2013,10,2014,4,All (PS),area,15542.0
1244,AO2008A109,Angola,AO,Kuanza Norte,none,Kuanza Norte,Maize,Main,2014,10,2015,4,All (PS),area,18812.0
1245,AO2008A109,Angola,AO,Kuanza Norte,none,Kuanza Norte,Maize,Main,2015,10,2016,4,All (PS),area,18812.0
1246,AO2008A109,Angola,AO,Kuanza Norte,none,Kuanza Norte,Maize,Main,2016,10,2017,4,All (PS),area,19197.800000000003
1247,AO2008A109,Angola,AO,Kuanza Norte,none,Kuanza Norte,Chili Pepper,Main,2014,10,2015,4,All (PS),area,46.0
1248,AO2008A109,Angola,AO,Kuanza Norte,none,Kuanza Norte,Chili Pepper,Main,2015,10,2016,4,All (PS),area,46.0
1249,AO2008A109,Angola,AO,Kuanza Norte,none,Kuanza Norte,Chili Pepper,Main,2016,10,2017,4,All (PS),area,64.0
1250,AO2008A109,Angola,AO,Kuanza Norte,none,Kuanza Norte,Sweet Potatoes,Main,2000,10,2001,4,All (PS),area,5901.0
1251,AO2008A109,Angola,AO,Kuanza Norte,none,Kuanza Norte,Sweet Potatoes,Main,2001,10,2002,4,All (PS),area,5511.0
1252,AO2008A109,Angola,AO,Kuanza Norte,none,Kuanza Norte,Sweet Potatoes,Main,2002,10,2003,4,All (PS),area,2399.0
1253,AO2008A109,Angola,AO,Kuanza Norte,none,Kuanza Norte,Sweet Potatoes,Main,2003,10,2004,4,All (PS),area,2444.0
1254,AO2008A109,Angola,AO,Kuanza Norte,none,Kuanza Norte,Sweet Potatoes,Main,2004,10,2005,4,All (PS),area,3780.0
1255,AO2008A109,Angola,AO,Kuanza Norte,none,Kuanza Norte,Sweet Potatoes,Main,2005,10,2006,4,All (PS),area,3878.0
1256,AO2008A109,Angola,AO,Kuanza Norte,none,Kuanza Norte,Sweet Potatoes,Main,2006,10,2007,4,All (PS),area,2565.0
1257,AO2008A109,Angola,AO,Kuanza Norte,none,Kuanza Norte,Sweet Potatoes,Main,2007,10,2008,4,All (PS),area,5182.0
1258,AO2008A109,Angola,AO,Kuanza Norte,none,Kuanza Norte,Sweet Potatoes,Main,2008,10,2009,4,All (PS),area,5174.0
1259,AO2008A109,Angola,AO,Kuanza Norte,none,Kuanza Norte,Sweet Potatoes,Main,2009,10,2010,4,All (PS),area,5198.0
1260,AO2008A109,Angola,AO,Kuanza Norte,none,Kuanza Norte,Sweet Potatoes,Main,2010,10,2011,4,All (PS),area,5223.0
1261,AO2008A109,Angola,AO,Kuanza Norte,none,Kuanza Norte,Sweet Potatoes,Main,2011,10,2012,4,All (PS),area,4692.0
1262,AO2008A109,Angola,AO,Kuanza Norte,none,Kuanza Norte,Sweet Potatoes,Main,2012,10,2013,4,All (PS),area,4764.0
1263,AO2008A109,Angola,AO,Kuanza Norte,none,Kuanza Norte,Sweet Potatoes,Main,2013,10,2014,4,All (PS),area,5060.0
1264,AO2008A109,Angola,AO,Kuanza Norte,none,Kuanza Norte,Sweet Potatoes,Main,2014,10,2015,4,All (PS),area,5586.0
1265,AO2008A109,Angola,AO,Kuanza Norte,none,Kuanza Norte,Sweet Potatoes,Main,2015,10,2016,4,All (PS),area,5586.0
1266,AO2008A109,Angola,AO,Kuanza Norte,none,Kuanza Norte,Sweet Potatoes,Main,2016,10,2017,4,All (PS),area,8577.6
1267,AO2008A109,Angola,AO,Kuanza Norte,none,Kuanza Norte,Banana,Main,2006,10,2007,4,All (PS),area,3263.0
1268,AO2008A109,Angola,AO,Kuanza Norte,none,Kuanza Norte,Banana,Main,2007,10,2008,4,All (PS),area,4031.0
1269,AO2008A109,Angola,AO,Kuanza Norte,none,Kuanza Norte,Banana,Main,2008,10,2009,4,All (PS),area,4031.0
1270,AO2008A109,Angola,AO,Kuanza Norte,none,Kuanza Norte,Banana,Main,2009,10,2010,4,All (PS),area,3079.0
1271,AO2008A109,Angola,AO,Kuanza Norte,none,Kuanza Norte,Banana,Main,2010,10,2011,4,All (PS),area,3159.0
1272,AO2008A109,Angola,AO,Kuanza Norte,none,Kuanza Norte,Banana,Main,2011,10,2012,4,All (PS),area,3927.0
1273,AO2008A109,Angola,AO,Kuanza Norte,none,Kuanza Norte,Banana,Main,2012,10,2013,4,All (PS),area,4033.0
1274,AO2008A109,Angola,AO,Kuanza Norte,none,Kuanza Norte,Banana,Main,2013,10,2014,4,All (PS),area,4033.0
1275,AO2008A109,Angola,AO,Kuanza Norte,none,Kuanza Norte,Banana,Main,2014,10,2015,4,All (PS),area,4346.0
1276,AO2008A109,Angola,AO,Kuanza Norte,none,Kuanza Norte,Banana,Main,2015,10,2016,4,All (PS),area,4346.0
1277,AO2008A109,Angola,AO,Kuanza Norte,none,Kuanza Norte,Banana,Main,2016,10,2017,4,All (PS),area,4412.9
1278,AO2008A109,Angola,AO,Kuanza Norte,none,Kuanza Norte,Tomato,Main,2014,10,2015,4,All (PS),area,623.0
1279,AO2008A109,Angola,AO,Kuanza Norte,none,Kuanza Norte,Tomato,Main,2015,10,2016,4,All (PS),area,623.0
1280,AO2008A109,Angola,AO,Kuanza Norte,none,Kuanza Norte,Tomato,Main,2016,10,2017,4,All (PS),area,655.0
1281,AO2008A109,Angola,AO,Kuanza Norte,none,Kuanza Norte,Onions,Main,2014,10,2015,4,All (PS),area,653.0
1282,AO2008A109,Angola,AO,Kuanza Norte,none,Kuanza Norte,Onions,Main,2015,10,2016,4,All (PS),area,653.0
1283,AO2008A109,Angola,AO,Kuanza Norte,none,Kuanza Norte,Onions,Main,2016,10,2017,4,All (PS),area,680.0
1284,AO2008A109,Angola,AO,Kuanza Norte,none,Kuanza Norte,Mango,Main,2015,10,2016,4,All (PS),area,225.0
1285,AO2008A109,Angola,AO,Kuanza Norte,none,Kuanza Norte,Mango,Main,2016,10,2017,4,All (PS),area,242.0
1286,AO2008A109,Angola,AO,Kuanza Norte,none,Kuanza Norte,Groundnuts (In Shell),Main,2000,10,2001,4,All (PS),area,7587.0
1287,AO2008A109,Angola,AO,Kuanza Norte,none,Kuanza Norte,Groundnuts (In Shell),Main,2001,10,2002,4,All (PS),area,7873.0
1288,AO2008A109,Angola,AO,Kuanza Norte,none,Kuanza Norte,Groundnuts (In Shell),Main,2002,10,2003,4,All (PS),area,4871.0
1289,AO2008A109,Angola,AO,Kuanza Norte,none,Kuanza Norte,Groundnuts (In Shell),Main,2003,10,2004,4,All (PS),area,4883.0
1290,AO2008A109,Angola,AO,Kuanza Norte,none,Kuanza Norte,Groundnuts (In Shell),Main,2004,10,2005,4,All (PS),area,5102.0
1291,AO2008A109,Angola,AO,Kuanza Norte,none,Kuanza Norte,Groundnuts (In Shell),Main,2005,10,2006,4,All (PS),area,4751.0
1292,AO2008A109,Angola,AO,Kuanza Norte,none,Kuanza Norte,Groundnuts (In Shell),Main,2006,10,2007,4,All (PS),area,13250.0
1293,AO2008A109,Angola,AO,Kuanza Norte,none,Kuanza Norte,Groundnuts (In Shell),Main,2007,10,2008,4,All (PS),area,8265.0
1294,AO2008A109,Angola,AO,Kuanza Norte,none,Kuanza Norte,Groundnuts (In Shell),Main,2008,10,2009,4,All (PS),area,20262.0
1295,AO2008A109,Angola,AO,Kuanza Norte,none,Kuanza Norte,Groundnuts (In Shell),Main,2009,10,2010,4,All (PS),area,22830.0
1296,AO2008A109,Angola,AO,Kuanza Norte,none,Kuanza Norte,Groundnuts (In Shell),Main,2010,10,2011,4,All (PS),area,23185.0
1297,AO2008A109,Angola,AO,Kuanza Norte,none,Kuanza Norte,Groundnuts (In Shell),Main,2011,10,2012,4,All (PS),area,24895.0
1298,AO2008A109,Angola,AO,Kuanza Norte,none,Kuanza Norte,Groundnuts (In Shell),Main,2012,10,2013,4,All (PS),area,25034.0
1299,AO2008A109,Angola,AO,Kuanza Norte,none,Kuanza Norte,Groundnuts (In Shell),Main,2013,10,2014,4,All (PS),area,25088.0
1300,AO2008A109,Angola,AO,Kuanza Norte,none,Kuanza Norte,Groundnuts (In Shell),Main,2014,10,2015,4,All (PS),area,26026.0
1301,AO2008A109,Angola,AO,Kuanza Norte,none,Kuanza Norte,Groundnuts (In Shell),Main,2015,10,2016,4,All (PS),area,26026.0
1302,AO2008A109,Angola,AO,Kuanza Norte,none,Kuanza Norte,Groundnuts (In Shell),Main,2016,10,2017,4,All (PS),area,23189.4
1303,AO2008A109,Angola,AO,Kuanza Norte,none,Kuanza Norte,Lemon,Main,2015,10,2016,4,All (PS),area,771.0
1304,AO2008A109,Angola,AO,Kuanza Norte,none,Kuanza Norte,Lemon,Main,2016,10,2017,4,All (PS),area,800.0
1305,AO2008A109,Angola,AO,Kuanza Norte,none,Kuanza Norte,Beans (mixed),Main,2000,10,2001,4,All (PS),area,9273.0
1306,AO2008A109,Angola,AO,Kuanza Norte,none,Kuanza Norte,Beans (mixed),Main,2001,10,2002,4,All (PS),area,9447.0
1307,AO2008A109,Angola,AO,Kuanza Norte,none,Kuanza Norte,Beans (mixed),Main,2002,10,2003,4,All (PS),area,10688.0
1308,AO2008A109,Angola,AO,Kuanza Norte,none,Kuanza Norte,Beans (mixed),Main,2003,10,2004,4,All (PS),area,12901.0
1309,AO2008A109,Angola,AO,Kuanza Norte,none,Kuanza Norte,Beans (mixed),Main,2004,10,2005,4,All (PS),area,11339.0
1310,AO2008A109,Angola,AO,Kuanza Norte,none,Kuanza Norte,Beans (mixed),Main,2005,10,2006,4,All (PS),area,10831.0
1311,AO2008A109,Angola,AO,Kuanza Norte,none,Kuanza Norte,Beans (mixed),Main,2006,10,2007,4,All (PS),area,10261.0
1312,AO2008A109,Angola,AO,Kuanza Norte,none,Kuanza Norte,Beans (mixed),Main,2007,10,2008,4,All (PS),area,15578.0
1313,AO2008A109,Angola,AO,Kuanza Norte,none,Kuanza Norte,Beans (mixed),Main,2008,10,2009,4,All (PS),area,15839.0
1314,AO2008A109,Angola,AO,Kuanza Norte,none,Kuanza Norte,Beans (mixed),Main,2009,10,2010,4,All (PS),area,15863.0
1315,AO2008A109,Angola,AO,Kuanza Norte,none,Kuanza Norte,Beans (mixed),Main,2010,10,2011,4,All (PS),area,17650.0
1316,AO2008A109,Angola,AO,Kuanza Norte,none,Kuanza Norte,Beans (mixed),Main,2011,10,2012,4,All (PS),area,18665.0
1317,AO2008A109,Angola,AO,Kuanza Norte,none,Kuanza Norte,Beans (mixed),Main,2012,10,2013,4,All (PS),area,21160.0
1318,AO2008A109,Angola,AO,Kuanza Norte,none,Kuanza Norte,Beans (mixed),Main,2013,10,2014,4,All (PS),area,21293.0
1319,AO2008A109,Angola,AO,Kuanza Norte,none,Kuanza Norte,Beans (mixed),Main,2014,10,2015,4,All (PS),area,18566.0
1320,AO2008A109,Angola,AO,Kuanza Norte,none,Kuanza Norte,Beans (mixed),Main,2015,10,2016,4,All (PS),area,18566.0
1321,AO2008A109,Angola,AO,Kuanza Norte,none,Kuanza Norte,Beans (mixed),Main,2016,10,2017,4,All (PS),area,21693.9
1322,AO2008A109,Angola,AO,Kuanza Norte,none,Kuanza Norte,Cassava,Main,1996,10,1997,4,All (PS),area,41270.0
1323,AO2008A109,Angola,AO,Kuanza Norte,none,Kuanza Norte,Cassava,Main,1997,10,1998,4,All (PS),area,42000.0
1324,AO2008A109,Angola,AO,Kuanza Norte,none,Kuanza Norte,Cassava,Main,1998,10,1999,4,All (PS),area,31699.0
1325,AO2008A109,Angola,AO,Kuanza Norte,none,Kuanza Norte,Cassava,Main,1999,10,2000,4,All (PS),area,30019.0
1326,AO2008A109,Angola,AO,Kuanza Norte,none,Kuanza Norte,Cassava,Main,2000,10,2001,4,All (PS),area,43836.0
1327,AO2008A109,Angola,AO,Kuanza Norte,none,Kuanza Norte,Cassava,Main,2001,10,2002,4,All (PS),area,43300.0
1328,AO2008A109,Angola,AO,Kuanza Norte,none,Kuanza Norte,Cassava,Main,2002,10,2003,4,All (PS),area,37516.0
1329,AO2008A109,Angola,AO,Kuanza Norte,none,Kuanza Norte,Cassava,Main,2003,10,2004,4,All (PS),area,40316.0
1330,AO2008A109,Angola,AO,Kuanza Norte,none,Kuanza Norte,Cassava,Main,2004,10,2005,4,All (PS),area,49135.0
1331,AO2008A109,Angola,AO,Kuanza Norte,none,Kuanza Norte,Cassava,Main,2005,10,2006,4,All (PS),area,48039.0
1332,AO2008A109,Angola,AO,Kuanza Norte,none,Kuanza Norte,Cassava,Main,2006,10,2007,4,All (PS),area,48825.0
1333,AO2008A109,Angola,AO,Kuanza Norte,none,Kuanza Norte,Cassava,Main,2007,10,2008,4,All (PS),area,34550.0
1334,AO2008A109,Angola,AO,Kuanza Norte,none,Kuanza Norte,Cassava,Main,2008,10,2009,4,All (PS),area,61325.0
1335,AO2008A109,Angola,AO,Kuanza Norte,none,Kuanza Norte,Cassava,Main,2009,10,2010,4,All (PS),area,65019.0
1336,AO2008A109,Angola,AO,Kuanza Norte,none,Kuanza Norte,Cassava,Main,2010,10,2011,4,All (PS),area,67853.0
1337,AO2008A109,Angola,AO,Kuanza Norte,none,Kuanza Norte,Cassava,Main,2011,10,2012,4,All (PS),area,72309.5
1338,AO2008A109,Angola,AO,Kuanza Norte,none,Kuanza Norte,Cassava,Main,2012,10,2013,4,All (PS),area,76294.0
1339,AO2008A109,Angola,AO,Kuanza Norte,none,Kuanza Norte,Cassava,Main,2013,10,2014,4,All (PS),area,76528.0
1340,AO2008A109,Angola,AO,Kuanza Norte,none,Kuanza Norte,Cassava,Main,2015,10,2016,4,All (PS),area,46713.0
1341,AO2008A109,Angola,AO,Kuanza Norte,none,Kuanza Norte,Cassava,Main,2016,10,2017,4,All (PS),area,42779.4
1342,AO2008A109,Angola,AO,Kuanza Norte,none,Kuanza Norte,Potato,Main,2000,10,2001,4,All (PS),area,843.0
1343,AO2008A109,Angola,AO,Kuanza Norte,none,Kuanza Norte,Potato,Main,2001,10,2002,4,All (PS),area,787.0
1344,AO2008A109,Angola,AO,Kuanza Norte,none,Kuanza Norte,Potato,Main,2002,10,2003,4,All (PS),area,73.0
1345,AO2008A109,Angola,AO,Kuanza Norte,none,Kuanza Norte,Potato,Main,2004,10,2005,4,All (PS),area,94.0
1346,AO2008A109,Angola,AO,Kuanza Norte,none,Kuanza Norte,Potato,Main,2005,10,2006,4,All (PS),area,87.0
1347,AO2008A109,Angola,AO,Kuanza Norte,none,Kuanza Norte,Potato,Main,2006,10,2007,4,All (PS),area,1683.0
1348,AO2008A109,Angola,AO,Kuanza Norte,none,Kuanza Norte,Potato,Main,2007,10,2008,4,All (PS),area,1152.0
1349,AO2008A109,Angola,AO,Kuanza Norte,none,Kuanza Norte,Potato,Main,2008,10,2009,4,All (PS),area,1992.0
1350,AO2008A109,Angola,AO,Kuanza Norte,none,Kuanza Norte,Potato,Main,2009,10,2010,4,All (PS),area,2062.0
1351,AO2008A109,Angola,AO,Kuanza Norte,none,Kuanza Norte,Potato,Main,2010,10,2011,4,All (PS),area,2057.0
1352,AO2008A109,Angola,AO,Kuanza Norte,none,Kuanza Norte,Potato,Main,2011,10,2012,4,All (PS),area,2022.0
1353,AO2008A109,Angola,AO,Kuanza Norte,none,Kuanza Norte,Potato,Main,2012,10,2013,4,All (PS),area,2033.0
1354,AO2008A109,Angola,AO,Kuanza Norte,none,Kuanza Norte,Potato,Main,2013,10,2014,4,All (PS),area,2070.0
1355,AO2008A109,Angola,AO,Kuanza Norte,none,Kuanza Norte,Potato,Main,2014,10,2015,4,All (PS),area,1325.0
1356,AO2008A109,Angola,AO,Kuanza Norte,none,Kuanza Norte,Potato,Main,2015,10,2016,4,All (PS),area,1325.0
1357,AO2008A109,Angola,AO,Kuanza Norte,none,Kuanza Norte,Potato,Main,2016,10,2017,4,All (PS),area,1470.4
1358,AO2008A109,Angola,AO,Kuanza Norte,none,Kuanza Norte,Pineapple,Main,2007,10,2008,4,All (PS),area,576.0
1359,AO2008A109,Angola,AO,Kuanza Norte,none,Kuanza Norte,Pineapple,Main,2014,10,2015,4,All (PS),area,924.0
1360,AO2008A109,Angola,AO,Kuanza Norte,none,Kuanza Norte,Pineapple,Main,2015,10,2016,4,All (PS),area,924.0
1361,AO2008A109,Angola,AO,Kuanza Norte,none,Kuanza Norte,Pineapple,Main,2016,10,2017,4,All (PS),area,483.0
1362,AO2008A109,Angola,AO,Kuanza Norte,none,Kuanza Norte,Sorghum,Main,1996,10,1997,4,All (PS),area,2150.0
1363,AO2008A109,Angola,AO,Kuanza Norte,none,Kuanza Norte,Sorghum,Main,1997,10,1998,4,All (PS),area,3000.0
1364,AO2008A109,Angola,AO,Kuanza Norte,none,Kuanza Norte,Coffee,Main,2006,10,2007,4,All (PS),area,6214.0
1365,AO2008A109,Angola,AO,Kuanza Norte,none,Kuanza Norte,Coffee,Main,2008,10,2009,4,All (PS),area,10127.0
1366,AO2008A109,Angola,AO,Kuanza Norte,none,Kuanza Norte,Coffee,Main,2012,10,2013,4,All (PS),area,530.0
1367,AO2008A109,Angola,AO,Kuanza Norte,none,Kuanza Norte,Coffee,Main,2013,10,2014,4,All (PS),area,530.0
1368,AO2008A109,Angola,AO,Kuanza Norte,none,Kuanza Norte,Soybean,Main,2011,10,2012,4,All (PS),area,504.0
1369,AO2008A109,Angola,AO,Kuanza Norte,none,Kuanza Norte,Soybean,Main,2012,10,2013,4,All (PS),area,516.0
1370,AO2008A109,Angola,AO,Kuanza Norte,none,Kuanza Norte,Soybean,Main,2013,10,2014,4,All (PS),area,527.0
1371,AO2008A109,Angola,AO,Kuanza Norte,none,Kuanza Norte,Soybean,Main,2014,10,2015,4,All (PS),area,579.0
1372,AO2008A109,Angola,AO,Kuanza Norte,none,Kuanza Norte,Soybean,Main,2015,10,2016,4,All (PS),area,579.0
1373,AO2008A109,Angola,AO,Kuanza Norte,none,Kuanza Norte,Okras,Main,2014,10,2015,4,All (PS),area,104.0
1374,AO2008A109,Angola,AO,Kuanza Norte,none,Kuanza Norte,Okras,Main,2015,10,2016,4,All (PS),area,104.0
1375,AO2008A109,Angola,AO,Kuanza Norte,none,Kuanza Norte,Okras,Main,2016,10,2017,4,All (PS),area,117.0
1376,AO2008A109,Angola,AO,Kuanza Norte,none,Kuanza Norte,Cabbage,Main,2014,10,2015,4,All (PS),area,505.0
1377,AO2008A109,Angola,AO,Kuanza Norte,none,Kuanza Norte,Cabbage,Main,2015,10,2016,4,All (PS),area,505.0
1378,AO2008A109,Angola,AO,Kuanza Norte,none,Kuanza Norte,Cabbage,Main,2016,10,2017,4,All (PS),area,534.0
1379,AO2008A109,Angola,AO,Kuanza Norte,none,Kuanza Norte,Carrots,Main,2014,10,2015,4,All (PS),area,152.0
1380,AO2008A109,Angola,AO,Kuanza Norte,none,Kuanza Norte,Carrots,Main,2015,10,2016,4,All (PS),area,152.0
1381,AO2008A109,Angola,AO,Kuanza Norte,none,Kuanza Norte,Carrots,Main,2016,10,2017,4,All (PS),area,128.0
1382,AO2008A109,Angola,AO,Kuanza Norte,none,Kuanza Norte,Millet,Main,1996,10,1997,4,All (PS),area,3170.0
1383,AO2008A109,Angola,AO,Kuanza Norte,none,Kuanza Norte,Millet,Main,1997,10,1998,4,All (PS),area,2000.0
1384,AO2008A109,Angola,AO,Kuanza Norte,none,Kuanza Norte,Garlic,Main,2008,10,2009,4,All (PS),area,37.58
1385,AO2008A109,Angola,AO,Kuanza Norte,none,Kuanza Norte,Garlic,Main,2009,10,2010,4,All (PS),area,43.87
1386,AO2008A109,Angola,AO,Kuanza Norte,none,Kuanza Norte,Garlic,Main,2010,10,2011,4,All (PS),area,48.0
1387,AO2008A109,Angola,AO,Kuanza Norte,none,Kuanza Norte,Garlic,Main,2011,10,2012,4,All (PS),area,55.38
1388,AO2008A110,Angola,AO,Kuanza Sul,none,Kuanza Sul,Maize,Main,1996,10,1997,4,All (PS),area,500.0
1389,AO2008A110,Angola,AO,Kuanza Sul,none,Kuanza Sul,Maize,Main,1997,10,1998,4,All (PS),area,500.0
1390,AO2008A110,Angola,AO,Kuanza Sul,none,Kuanza Sul,Maize,Main,1998,10,1999,4,All (PS),area,64344.0
1391,AO2008A110,Angola,AO,Kuanza Sul,none,Kuanza Sul,Maize,Main,1999,10,2000,4,All (PS),area,61420.0
1392,AO2008A110,Angola,AO,Kuanza Sul,none,Kuanza Sul,Maize,Main,2000,10,2001,4,All (PS),area,67121.0
1393,AO2008A110,Angola,AO,Kuanza Sul,none,Kuanza Sul,Maize,Main,2001,10,2002,4,All (PS),area,50443.0
1394,AO2008A110,Angola,AO,Kuanza Sul,none,Kuanza Sul,Maize,Main,2002,10,2003,4,All (PS),area,87642.0
1395,AO2008A110,Angola,AO,Kuanza Sul,none,Kuanza Sul,Maize,Main,2003,10,2004,4,All (PS),area,79359.0
1396,AO2008A110,Angola,AO,Kuanza Sul,none,Kuanza Sul,Maize,Main,2004,10,2005,4,All (PS),area,80496.0
1397,AO2008A110,Angola,AO,Kuanza Sul,none,Kuanza Sul,Maize,Main,2005,10,2006,4,All (PS),area,76471.0
1398,AO2008A110,Angola,AO,Kuanza Sul,none,Kuanza Sul,Maize,Main,2006,10,2007,4,All (PS),area,85507.0
1399,AO2008A110,Angola,AO,Kuanza Sul,none,Kuanza Sul,Maize,Main,2007,10,2008,4,All (PS),area,183134.0
1400,AO2008A110,Angola,AO,Kuanza Sul,none,Kuanza Sul,Maize,Main,2008,10,2009,4,All (PS),area,311947.0
1401,AO2008A110,Angola,AO,Kuanza Sul,none,Kuanza Sul,Maize,Main,2009,10,2010,4,All (PS),area,305717.0
1402,AO2008A110,Angola,AO,Kuanza Sul,none,Kuanza Sul,Maize,Main,2010,10,2011,4,All (PS),area,354395.0
1403,AO2008A110,Angola,AO,Kuanza Sul,none,Kuanza Sul,Maize,Main,2011,10,2012,4,All (PS),area,428910.0
1404,AO2008A110,Angola,AO,Kuanza Sul,none,Kuanza Sul,Maize,Main,2012,10,2013,4,All (PS),area,430892.0
1405,AO2008A110,Angola,AO,Kuanza Sul,none,Kuanza Sul,Maize,Main,2013,10,2014,4,All (PS),area,431186.0
1406,AO2008A110,Angola,AO,Kuanza Sul,none,Kuanza Sul,Maize,Main,2014,10,2015,4,All (PS),area,516286.0
1407,AO2008A110,Angola,AO,Kuanza Sul,none,Kuanza Sul,Maize,Main,2015,10,2016,4,All (PS),area,516286.0
1408,AO2008A110,Angola,AO,Kuanza Sul,none,Kuanza Sul,Maize,Main,2016,10,2017,4,All (PS),area,486643.89999999997
1409,AO2008A110,Angola,AO,Kuanza Sul,none,Kuanza Sul,Chili Pepper,Main,2014,10,2015,4,All (PS),area,239.0
1410,AO2008A110,Angola,AO,Kuanza Sul,none,Kuanza Sul,Chili Pepper,Main,2015,10,2016,4,All (PS),area,239.0
1411,AO2008A110,Angola,AO,Kuanza Sul,none,Kuanza Sul,Chili Pepper,Main,2016,10,2017,4,All (PS),area,251.0
1412,AO2008A110,Angola,AO,Kuanza Sul,none,Kuanza Sul,Sweet Potatoes,Main,2000,10,2001,4,All (PS),area,8755.0
1413,AO2008A110,Angola,AO,Kuanza Sul,none,Kuanza Sul,Sweet Potatoes,Main,2001,10,2002,4,All (PS),area,6440.0
1414,AO2008A110,Angola,AO,Kuanza Sul,none,Kuanza Sul,Sweet Potatoes,Main,2002,10,2003,4,All (PS),area,11951.0
1415,AO2008A110,Angola,AO,Kuanza Sul,none,Kuanza Sul,Sweet Potatoes,Main,2003,10,2004,4,All (PS),area,5291.0
1416,AO2008A110,Angola,AO,Kuanza Sul,none,Kuanza Sul,Sweet Potatoes,Main,2004,10,2005,4,All (PS),area,5366.0
1417,AO2008A110,Angola,AO,Kuanza Sul,none,Kuanza Sul,Sweet Potatoes,Main,2005,10,2006,4,All (PS),area,8184.0
1418,AO2008A110,Angola,AO,Kuanza Sul,none,Kuanza Sul,Sweet Potatoes,Main,2006,10,2007,4,All (PS),area,4743.0
1419,AO2008A110,Angola,AO,Kuanza Sul,none,Kuanza Sul,Sweet Potatoes,Main,2007,10,2008,4,All (PS),area,4072.0
1420,AO2008A110,Angola,AO,Kuanza Sul,none,Kuanza Sul,Sweet Potatoes,Main,2008,10,2009,4,All (PS),area,4821.0
1421,AO2008A110,Angola,AO,Kuanza Sul,none,Kuanza Sul,Sweet Potatoes,Main,2009,10,2010,4,All (PS),area,5289.0
1422,AO2008A110,Angola,AO,Kuanza Sul,none,Kuanza Sul,Sweet Potatoes,Main,2010,10,2011,4,All (PS),area,5325.0
1423,AO2008A110,Angola,AO,Kuanza Sul,none,Kuanza Sul,Sweet Potatoes,Main,2011,10,2012,4,All (PS),area,5842.0
1424,AO2008A110,Angola,AO,Kuanza Sul,none,Kuanza Sul,Sweet Potatoes,Main,2012,10,2013,4,All (PS),area,5916.0
1425,AO2008A110,Angola,AO,Kuanza Sul,none,Kuanza Sul,Sweet Potatoes,Main,2013,10,2014,4,All (PS),area,6279.0
1426,AO2008A110,Angola,AO,Kuanza Sul,none,Kuanza Sul,Sweet Potatoes,Main,2014,10,2015,4,All (PS),area,6344.0
1427,AO2008A110,Angola,AO,Kuanza Sul,none,Kuanza Sul,Sweet Potatoes,Main,2015,10,2016,4,All (PS),area,4346.0
1428,AO2008A110,Angola,AO,Kuanza Sul,none,Kuanza Sul,Sweet Potatoes,Main,2016,10,2017,4,All (PS),area,4089.1
1429,AO2008A110,Angola,AO,Kuanza Sul,none,Kuanza Sul,Banana,Main,2006,10,2007,4,All (PS),area,2380.0
1430,AO2008A110,Angola,AO,Kuanza Sul,none,Kuanza Sul,Banana,Main,2007,10,2008,4,All (PS),area,2028.0
1431,AO2008A110,Angola,AO,Kuanza Sul,none,Kuanza Sul,Banana,Main,2008,10,2009,4,All (PS),area,2974.0
1432,AO2008A110,Angola,AO,Kuanza Sul,none,Kuanza Sul,Banana,Main,2009,10,2010,4,All (PS),area,4767.0
1433,AO2008A110,Angola,AO,Kuanza Sul,none,Kuanza Sul,Banana,Main,2010,10,2011,4,All (PS),area,13971.0
1434,AO2008A110,Angola,AO,Kuanza Sul,none,Kuanza Sul,Banana,Main,2011,10,2012,4,All (PS),area,16087.0
1435,AO2008A110,Angola,AO,Kuanza Sul,none,Kuanza Sul,Banana,Main,2012,10,2013,4,All (PS),area,17690.0
1436,AO2008A110,Angola,AO,Kuanza Sul,none,Kuanza Sul,Banana,Main,2013,10,2014,4,All (PS),area,17414.0
1437,AO2008A110,Angola,AO,Kuanza Sul,none,Kuanza Sul,Banana,Main,2014,10,2015,4,All (PS),area,19045.0
1438,AO2008A110,Angola,AO,Kuanza Sul,none,Kuanza Sul,Banana,Main,2015,10,2016,4,All (PS),area,19045.0
1439,AO2008A110,Angola,AO,Kuanza Sul,none,Kuanza Sul,Banana,Main,2016,10,2017,4,All (PS),area,18886.699999999997
1440,AO2008A110,Angola,AO,Kuanza Sul,none,Kuanza Sul,Tomato,Main,2014,10,2015,4,All (PS),area,2944.0
1441,AO2008A110,Angola,AO,Kuanza Sul,none,Kuanza Sul,Tomato,Main,2015,10,2016,4,All (PS),area,2944.0
1442,AO2008A110,Angola,AO,Kuanza Sul,none,Kuanza Sul,Tomato,Main,2016,10,2017,4,All (PS),area,3012.0
1443,AO2008A110,Angola,AO,Kuanza Sul,none,Kuanza Sul,Onions,Main,2014,10,2015,4,All (PS),area,2422.0
1444,AO2008A110,Angola,AO,Kuanza Sul,none,Kuanza Sul,Onions,Main,2015,10,2016,4,All (PS),area,2422.0
1445,AO2008A110,Angola,AO,Kuanza Sul,none,Kuanza Sul,Onions,Main,2016,10,2017,4,All (PS),area,2622.0
1446,AO2008A110,Angola,AO,Kuanza Sul,none,Kuanza Sul,Mango,Main,2015,10,2016,4,All (PS),area,2390.0
1447,AO2008A110,Angola,AO,Kuanza Sul,none,Kuanza Sul,Mango,Main,2016,10,2017,4,All (PS),area,1511.9
1448,AO2008A110,Angola,AO,Kuanza Sul,none,Kuanza Sul,Groundnuts (In Shell),Main,2000,10,2001,4,All (PS),area,10214.0
1449,AO2008A110,Angola,AO,Kuanza Sul,none,Kuanza Sul,Groundnuts (In Shell),Main,2001,10,2002,4,All (PS),area,7513.0
1450,AO2008A110,Angola,AO,Kuanza Sul,none,Kuanza Sul,Groundnuts (In Shell),Main,2002,10,2003,4,All (PS),area,17927.0
1451,AO2008A110,Angola,AO,Kuanza Sul,none,Kuanza Sul,Groundnuts (In Shell),Main,2003,10,2004,4,All (PS),area,8818.0
1452,AO2008A110,Angola,AO,Kuanza Sul,none,Kuanza Sul,Groundnuts (In Shell),Main,2004,10,2005,4,All (PS),area,8944.0
1453,AO2008A110,Angola,AO,Kuanza Sul,none,Kuanza Sul,Groundnuts (In Shell),Main,2005,10,2006,4,All (PS),area,14566.0
1454,AO2008A110,Angola,AO,Kuanza Sul,none,Kuanza Sul,Groundnuts (In Shell),Main,2006,10,2007,4,All (PS),area,8939.0
1455,AO2008A110,Angola,AO,Kuanza Sul,none,Kuanza Sul,Groundnuts (In Shell),Main,2007,10,2008,4,All (PS),area,34671.0
1456,AO2008A110,Angola,AO,Kuanza Sul,none,Kuanza Sul,Groundnuts (In Shell),Main,2008,10,2009,4,All (PS),area,36174.0
1457,AO2008A110,Angola,AO,Kuanza Sul,none,Kuanza Sul,Groundnuts (In Shell),Main,2009,10,2010,4,All (PS),area,41863.0
1458,AO2008A110,Angola,AO,Kuanza Sul,none,Kuanza Sul,Groundnuts (In Shell),Main,2010,10,2011,4,All (PS),area,43821.0
1459,AO2008A110,Angola,AO,Kuanza Sul,none,Kuanza Sul,Groundnuts (In Shell),Main,2011,10,2012,4,All (PS),area,52116.0
1460,AO2008A110,Angola,AO,Kuanza Sul,none,Kuanza Sul,Groundnuts (In Shell),Main,2012,10,2013,4,All (PS),area,52174.0
1461,AO2008A110,Angola,AO,Kuanza Sul,none,Kuanza Sul,Groundnuts (In Shell),Main,2013,10,2014,4,All (PS),area,52383.0
1462,AO2008A110,Angola,AO,Kuanza Sul,none,Kuanza Sul,Groundnuts (In Shell),Main,2014,10,2015,4,All (PS),area,53361.0
1463,AO2008A110,Angola,AO,Kuanza Sul,none,Kuanza Sul,Groundnuts (In Shell),Main,2015,10,2016,4,All (PS),area,53361.0
1464,AO2008A110,Angola,AO,Kuanza Sul,none,Kuanza Sul,Groundnuts (In Shell),Main,2016,10,2017,4,All (PS),area,50692.5
1465,AO2008A110,Angola,AO,Kuanza Sul,none,Kuanza Sul,Lemon,Main,2015,10,2016,4,All (PS),area,8977.0
1466,AO2008A110,Angola,AO,Kuanza Sul,none,Kuanza Sul,Lemon,Main,2016,10,2017,4,All (PS),area,1366.7
1467,AO2008A110,Angola,AO,Kuanza Sul,none,Kuanza Sul,Beans (mixed),Main,2000,10,2001,4,All (PS),area,18969.0
1468,AO2008A110,Angola,AO,Kuanza Sul,none,Kuanza Sul,Beans (mixed),Main,2001,10,2002,4,All (PS),area,13952.0
1469,AO2008A110,Angola,AO,Kuanza Sul,none,Kuanza Sul,Beans (mixed),Main,2002,10,2003,4,All (PS),area,29878.0
1470,AO2008A110,Angola,AO,Kuanza Sul,none,Kuanza Sul,Beans (mixed),Main,2003,10,2004,4,All (PS),area,26806.0
1471,AO2008A110,Angola,AO,Kuanza Sul,none,Kuanza Sul,Beans (mixed),Main,2004,10,2005,4,All (PS),area,21645.0
1472,AO2008A110,Angola,AO,Kuanza Sul,none,Kuanza Sul,Beans (mixed),Main,2005,10,2006,4,All (PS),area,22031.0
1473,AO2008A110,Angola,AO,Kuanza Sul,none,Kuanza Sul,Beans (mixed),Main,2006,10,2007,4,All (PS),area,36208.0
1474,AO2008A110,Angola,AO,Kuanza Sul,none,Kuanza Sul,Beans (mixed),Main,2007,10,2008,4,All (PS),area,59089.0
1475,AO2008A110,Angola,AO,Kuanza Sul,none,Kuanza Sul,Beans (mixed),Main,2008,10,2009,4,All (PS),area,93148.0
1476,AO2008A110,Angola,AO,Kuanza Sul,none,Kuanza Sul,Beans (mixed),Main,2009,10,2010,4,All (PS),area,93891.0
1477,AO2008A110,Angola,AO,Kuanza Sul,none,Kuanza Sul,Beans (mixed),Main,2010,10,2011,4,All (PS),area,104652.0
1478,AO2008A110,Angola,AO,Kuanza Sul,none,Kuanza Sul,Beans (mixed),Main,2011,10,2012,4,All (PS),area,109517.0
1479,AO2008A110,Angola,AO,Kuanza Sul,none,Kuanza Sul,Beans (mixed),Main,2012,10,2013,4,All (PS),area,120090.0
1480,AO2008A110,Angola,AO,Kuanza Sul,none,Kuanza Sul,Beans (mixed),Main,2013,10,2014,4,All (PS),area,120425.0
1481,AO2008A110,Angola,AO,Kuanza Sul,none,Kuanza Sul,Beans (mixed),Main,2014,10,2015,4,All (PS),area,105239.0
1482,AO2008A110,Angola,AO,Kuanza Sul,none,Kuanza Sul,Beans (mixed),Main,2015,10,2016,4,All (PS),area,105239.0
1483,AO2008A110,Angola,AO,Kuanza Sul,none,Kuanza Sul,Beans (mixed),Main,2016,10,2017,4,All (PS),area,92876.90000000001
1484,AO2008A110,Angola,AO,Kuanza Sul,none,Kuanza Sul,Cassava,Main,1997,10,1998,4,All (PS),area,2000.0
1485,AO2008A110,Angola,AO,Kuanza Sul,none,Kuanza Sul,Cassava,Main,1998,10,1999,4,All (PS),area,23831.0
1486,AO2008A110,Angola,AO,Kuanza Sul,none,Kuanza Sul,Cassava,Main,1999,10,2000,4,All (PS),area,24336.0
1487,AO2008A110,Angola,AO,Kuanza Sul,none,Kuanza Sul,Cassava,Main,2000,10,2001,4,All (PS),area,27724.0
1488,AO2008A110,Angola,AO,Kuanza Sul,none,Kuanza Sul,Cassava,Main,2001,10,2002,4,All (PS),area,20392.0
1489,AO2008A110,Angola,AO,Kuanza Sul,none,Kuanza Sul,Cassava,Main,2002,10,2003,4,All (PS),area,37845.0
1490,AO2008A110,Angola,AO,Kuanza Sul,none,Kuanza Sul,Cassava,Main,2003,10,2004,4,All (PS),area,38798.0
1491,AO2008A110,Angola,AO,Kuanza Sul,none,Kuanza Sul,Cassava,Main,2004,10,2005,4,All (PS),area,39354.0
1492,AO2008A110,Angola,AO,Kuanza Sul,none,Kuanza Sul,Cassava,Main,2005,10,2006,4,All (PS),area,45518.0
1493,AO2008A110,Angola,AO,Kuanza Sul,none,Kuanza Sul,Cassava,Main,2006,10,2007,4,All (PS),area,48111.0
1494,AO2008A110,Angola,AO,Kuanza Sul,none,Kuanza Sul,Cassava,Main,2007,10,2008,4,All (PS),area,81100.0
1495,AO2008A110,Angola,AO,Kuanza Sul,none,Kuanza Sul,Cassava,Main,2008,10,2009,4,All (PS),area,103400.0
1496,AO2008A110,Angola,AO,Kuanza Sul,none,Kuanza Sul,Cassava,Main,2009,10,2010,4,All (PS),area,101701.0
1497,AO2008A110,Angola,AO,Kuanza Sul,none,Kuanza Sul,Cassava,Main,2010,10,2011,4,All (PS),area,102579.0
1498,AO2008A110,Angola,AO,Kuanza Sul,none,Kuanza Sul,Cassava,Main,2011,10,2012,4,All (PS),area,105219.0
1499,AO2008A110,Angola,AO,Kuanza Sul,none,Kuanza Sul,Cassava,Main,2012,10,2013,4,All (PS),area,107531.0
1500,AO2008A110,Angola,AO,Kuanza Sul,none,Kuanza Sul,Cassava,Main,2013,10,2014,4,All (PS),area,107770.0
1501,AO2008A110,Angola,AO,Kuanza Sul,none,Kuanza Sul,Cassava,Main,2015,10,2016,4,All (PS),area,113359.0
1502,AO2008A110,Angola,AO,Kuanza Sul,none,Kuanza Sul,Cassava,Main,2016,10,2017,4,All (PS),area,116575.3
1503,AO2008A110,Angola,AO,Kuanza Sul,none,Kuanza Sul,Potato,Main,2000,10,2001,4,All (PS),area,2918.0
1504,AO2008A110,Angola,AO,Kuanza Sul,none,Kuanza Sul,Potato,Main,2001,10,2002,4,All (PS),area,2147.0
1505,AO2008A110,Angola,AO,Kuanza Sul,none,Kuanza Sul,Potato,Main,2002,10,2003,4,All (PS),area,3984.0
1506,AO2008A110,Angola,AO,Kuanza Sul,none,Kuanza Sul,Potato,Main,2003,10,2004,4,All (PS),area,13579.0
1507,AO2008A110,Angola,AO,Kuanza Sul,none,Kuanza Sul,Potato,Main,2004,10,2005,4,All (PS),area,13953.0
1508,AO2008A110,Angola,AO,Kuanza Sul,none,Kuanza Sul,Potato,Main,2005,10,2006,4,All (PS),area,3641.0
1509,AO2008A110,Angola,AO,Kuanza Sul,none,Kuanza Sul,Potato,Main,2006,10,2007,4,All (PS),area,251.0
1510,AO2008A110,Angola,AO,Kuanza Sul,none,Kuanza Sul,Potato,Main,2007,10,2008,4,All (PS),area,2340.0
1511,AO2008A110,Angola,AO,Kuanza Sul,none,Kuanza Sul,Potato,Main,2008,10,2009,4,All (PS),area,12437.0
1512,AO2008A110,Angola,AO,Kuanza Sul,none,Kuanza Sul,Potato,Main,2009,10,2010,4,All (PS),area,12550.0
1513,AO2008A110,Angola,AO,Kuanza Sul,none,Kuanza Sul,Potato,Main,2010,10,2011,4,All (PS),area,12693.0
1514,AO2008A110,Angola,AO,Kuanza Sul,none,Kuanza Sul,Potato,Main,2011,10,2012,4,All (PS),area,11996.0
1515,AO2008A110,Angola,AO,Kuanza Sul,none,Kuanza Sul,Potato,Main,2012,10,2013,4,All (PS),area,12051.0
1516,AO2008A110,Angola,AO,Kuanza Sul,none,Kuanza Sul,Potato,Main,2013,10,2014,4,All (PS),area,12254.0
1517,AO2008A110,Angola,AO,Kuanza Sul,none,Kuanza Sul,Potato,Main,2014,10,2015,4,All (PS),area,12093.0
1518,AO2008A110,Angola,AO,Kuanza Sul,none,Kuanza Sul,Potato,Main,2015,10,2016,4,All (PS),area,12093.0
1519,AO2008A110,Angola,AO,Kuanza Sul,none,Kuanza Sul,Potato,Main,2016,10,2017,4,All (PS),area,8516.9
1520,AO2008A110,Angola,AO,Kuanza Sul,none,Kuanza Sul,Pineapple,Main,2006,10,2007,4,All (PS),area,2972.0
1521,AO2008A110,Angola,AO,Kuanza Sul,none,Kuanza Sul,Pineapple,Main,2007,10,2008,4,All (PS),area,2028.0
1522,AO2008A110,Angola,AO,Kuanza Sul,none,Kuanza Sul,Pineapple,Main,2014,10,2015,4,All (PS),area,4628.0
1523,AO2008A110,Angola,AO,Kuanza Sul,none,Kuanza Sul,Pineapple,Main,2015,10,2016,4,All (PS),area,4628.0
1524,AO2008A110,Angola,AO,Kuanza Sul,none,Kuanza Sul,Pineapple,Main,2016,10,2017,4,All (PS),area,5527.9
1525,AO2008A110,Angola,AO,Kuanza Sul,none,Kuanza Sul,Coffee,Main,2006,10,2007,4,All (PS),area,8140.0
1526,AO2008A110,Angola,AO,Kuanza Sul,none,Kuanza Sul,Coffee,Main,2008,10,2009,4,All (PS),area,22560.0
1527,AO2008A110,Angola,AO,Kuanza Sul,none,Kuanza Sul,Coffee,Main,2009,10,2010,4,All (PS),area,19100.0
1528,AO2008A110,Angola,AO,Kuanza Sul,none,Kuanza Sul,Coffee,Main,2012,10,2013,4,All (PS),area,11293.0
1529,AO2008A110,Angola,AO,Kuanza Sul,none,Kuanza Sul,Coffee,Main,2013,10,2014,4,All (PS),area,18297.0
1530,AO2008A110,Angola,AO,Kuanza Sul,none,Kuanza Sul,Watermelon,Main,2014,10,2015,4,All (PS),area,70.0
1531,AO2008A110,Angola,AO,Kuanza Sul,none,Kuanza Sul,Watermelon,Main,2015,10,2016,4,All (PS),area,70.0
1532,AO2008A110,Angola,AO,Kuanza Sul,none,Kuanza Sul,Watermelon,Main,2016,10,2017,4,All (PS),area,87.0
1533,AO2008A110,Angola,AO,Kuanza Sul,none,Kuanza Sul,Okras,Main,2014,10,2015,4,All (PS),area,262.0
1534,AO2008A110,Angola,AO,Kuanza Sul,none,Kuanza Sul,Okras,Main,2015,10,2016,4,All (PS),area,262.0
1535,AO2008A110,Angola,AO,Kuanza Sul,none,Kuanza Sul,Okras,Main,2016,10,2017,4,All (PS),area,250.0
1536,AO2008A110,Angola,AO,Kuanza Sul,none,Kuanza Sul,Cabbage,Main,2014,10,2015,4,All (PS),area,3011.0
1537,AO2008A110,Angola,AO,Kuanza Sul,none,Kuanza Sul,Cabbage,Main,2015,10,2016,4,All (PS),area,3011.0
1538,AO2008A110,Angola,AO,Kuanza Sul,none,Kuanza Sul,Cabbage,Main,2016,10,2017,4,All (PS),area,3138.1
1539,AO2008A110,Angola,AO,Kuanza Sul,none,Kuanza Sul,Carrots,Main,2014,10,2015,4,All (PS),area,163.0
1540,AO2008A110,Angola,AO,Kuanza Sul,none,Kuanza Sul,Carrots,Main,2015,10,2016,4,All (PS),area,163.0
1541,AO2008A110,Angola,AO,Kuanza Sul,none,Kuanza Sul,Carrots,Main,2016,10,2017,4,All (PS),area,165.0
1542,AO2008A110,Angola,AO,Kuanza Sul,none,Kuanza Sul,Melon,Main,2014,10,2015,4,All (PS),area,99.0
1543,AO2008A110,Angola,AO,Kuanza Sul,none,Kuanza Sul,Melon,Main,2015,10,2016,4,All (PS),area,99.0
1544,AO2008A110,Angola,AO,Kuanza Sul,none,Kuanza Sul,Melon,Main,2016,10,2017,4,All (PS),area,99.0
1545,AO2008A110,Angola,AO,Kuanza Sul,none,Kuanza Sul,Green Bean,Main,2015,10,2016,4,All (PS),area,184.0
1546,AO2008A110,Angola,AO,Kuanza Sul,none,Kuanza Sul,Millet,Main,2000,10,2001,4,All (PS),area,1459.0
1547,AO2008A110,Angola,AO,Kuanza Sul,none,Kuanza Sul,Millet,Main,2001,10,2002,4,All (PS),area,1073.0
1548,AO2008A110,Angola,AO,Kuanza Sul,none,Kuanza Sul,Millet,Main,2002,10,2003,4,All (PS),area,1992.0
1549,AO2008A110,Angola,AO,Kuanza Sul,none,Kuanza Sul,Garlic,Main,2008,10,2009,4,All (PS),area,120.12
1550,AO2008A110,Angola,AO,Kuanza Sul,none,Kuanza Sul,Garlic,Main,2009,10,2010,4,All (PS),area,177.62
1551,AO2008A110,Angola,AO,Kuanza Sul,none,Kuanza Sul,Garlic,Main,2010,10,2011,4,All (PS),area,164.0
1552,AO2008A110,Angola,AO,Kuanza Sul,none,Kuanza Sul,Garlic,Main,2011,10,2012,4,All (PS),area,210.36
1553,AO2008A110,Angola,AO,Kuanza Sul,none,Kuanza Sul,Avocado,Main,2014,10,2015,4,All (PS),area,2031.0
1554,AO2008A110,Angola,AO,Kuanza Sul,none,Kuanza Sul,Avocado,Main,2015,10,2016,4,All (PS),area,2031.0
1555,AO2008A111,Angola,AO,Luanda,none,Luanda,Maize,Main,1996,10,1997,4,All (PS),area,2500.0
1556,AO2008A111,Angola,AO,Luanda,none,Luanda,Maize,Main,1997,10,1998,4,All (PS),area,2500.0
1557,AO2008A111,Angola,AO,Luanda,none,Luanda,Maize,Main,1998,10,1999,4,All (PS),area,1617.0
1558,AO2008A111,Angola,AO,Luanda,none,Luanda,Maize,Main,1999,10,2000,4,All (PS),area,1780.0
1559,AO2008A111,Angola,AO,Luanda,none,Luanda,Maize,Main,2000,10,2001,4,All (PS),area,1604.0
1560,AO2008A111,Angola,AO,Luanda,none,Luanda,Maize,Main,2001,10,2002,4,All (PS),area,9283.0
1561,AO2008A111,Angola,AO,Luanda,none,Luanda,Maize,Main,2002,10,2003,4,All (PS),area,3637.0
1562,AO2008A111,Angola,AO,Luanda,none,Luanda,Maize,Main,2003,10,2004,4,All (PS),area,1610.0
1563,AO2008A111,Angola,AO,Luanda,none,Luanda,Maize,Main,2004,10,2005,4,All (PS),area,1669.0
1564,AO2008A111,Angola,AO,Luanda,none,Luanda,Maize,Main,2005,10,2006,4,All (PS),area,2587.0
1565,AO2008A111,Angola,AO,Luanda,none,Luanda,Maize,Main,2006,10,2007,4,All (PS),area,2889.0
1566,AO2008A111,Angola,AO,Luanda,none,Luanda,Maize,Main,2007,10,2008,4,All (PS),area,2904.0
1567,AO2008A111,Angola,AO,Luanda,none,Luanda,Maize,Main,2008,10,2009,4,All (PS),area,3586.0
1568,AO2008A111,Angola,AO,Luanda,none,Luanda,Maize,Main,2009,10,2010,4,All (PS),area,1399.0
1569,AO2008A111,Angola,AO,Luanda,none,Luanda,Maize,Main,2010,10,2011,4,All (PS),area,953.0
1570,AO2008A111,Angola,AO,Luanda,none,Luanda,Maize,Main,2011,10,2012,4,All (PS),area,897.0
1571,AO2008A111,Angola,AO,Luanda,none,Luanda,Maize,Main,2012,10,2013,4,All (PS),area,1297.0
1572,AO2008A111,Angola,AO,Luanda,none,Luanda,Maize,Main,2013,10,2014,4,All (PS),area,1321.0
1573,AO2008A111,Angola,AO,Luanda,none,Luanda,Maize,Main,2014,10,2015,4,All (PS),area,1656.0
1574,AO2008A111,Angola,AO,Luanda,none,Luanda,Maize,Main,2015,10,2016,4,All (PS),area,1656.0
1575,AO2008A111,Angola,AO,Luanda,none,Luanda,Maize,Main,2016,10,2017,4,All (PS),area,1739.3
1576,AO2008A111,Angola,AO,Luanda,none,Luanda,Chili Pepper,Main,2014,10,2015,4,All (PS),area,306.0
1577,AO2008A111,Angola,AO,Luanda,none,Luanda,Chili Pepper,Main,2015,10,2016,4,All (PS),area,306.0
1578,AO2008A111,Angola,AO,Luanda,none,Luanda,Chili Pepper,Main,2016,10,2017,4,All (PS),area,298.0
1579,AO2008A111,Angola,AO,Luanda,none,Luanda,Sweet Potatoes,Main,2000,10,2001,4,All (PS),area,755.0
1580,AO2008A111,Angola,AO,Luanda,none,Luanda,Sweet Potatoes,Main,2001,10,2002,4,All (PS),area,1344.0
1581,AO2008A111,Angola,AO,Luanda,none,Luanda,Sweet Potatoes,Main,2002,10,2003,4,All (PS),area,1164.0
1582,AO2008A111,Angola,AO,Luanda,none,Luanda,Sweet Potatoes,Main,2004,10,2005,4,All (PS),area,111.0
1583,AO2008A111,Angola,AO,Luanda,none,Luanda,Sweet Potatoes,Main,2005,10,2006,4,All (PS),area,172.0
1584,AO2008A111,Angola,AO,Luanda,none,Luanda,Sweet Potatoes,Main,2006,10,2007,4,All (PS),area,151.0
1585,AO2008A111,Angola,AO,Luanda,none,Luanda,Sweet Potatoes,Main,2007,10,2008,4,All (PS),area,652.0
1586,AO2008A111,Angola,AO,Luanda,none,Luanda,Sweet Potatoes,Main,2009,10,2010,4,All (PS),area,87.0
1587,AO2008A111,Angola,AO,Luanda,none,Luanda,Sweet Potatoes,Main,2010,10,2011,4,All (PS),area,105.0
1588,AO2008A111,Angola,AO,Luanda,none,Luanda,Sweet Potatoes,Main,2012,10,2013,4,All (PS),area,4846.0
1589,AO2008A111,Angola,AO,Luanda,none,Luanda,Sweet Potatoes,Main,2013,10,2014,4,All (PS),area,4783.0
1590,AO2008A111,Angola,AO,Luanda,none,Luanda,Sweet Potatoes,Main,2014,10,2015,4,All (PS),area,4855.0
1591,AO2008A111,Angola,AO,Luanda,none,Luanda,Sweet Potatoes,Main,2015,10,2016,4,All (PS),area,4855.0
1592,AO2008A111,Angola,AO,Luanda,none,Luanda,Sweet Potatoes,Main,2016,10,2017,4,All (PS),area,4936.0
1593,AO2008A111,Angola,AO,Luanda,none,Luanda,Banana,Main,2006,10,2007,4,All (PS),area,2245.0
1594,AO2008A111,Angola,AO,Luanda,none,Luanda,Banana,Main,2007,10,2008,4,All (PS),area,434.0
1595,AO2008A111,Angola,AO,Luanda,none,Luanda,Banana,Main,2008,10,2009,4,All (PS),area,875.0
1596,AO2008A111,Angola,AO,Luanda,none,Luanda,Banana,Main,2009,10,2010,4,All (PS),area,743.0
1597,AO2008A111,Angola,AO,Luanda,none,Luanda,Banana,Main,2010,10,2011,4,All (PS),area,708.0
1598,AO2008A111,Angola,AO,Luanda,none,Luanda,Banana,Main,2011,10,2012,4,All (PS),area,481.0
1599,AO2008A111,Angola,AO,Luanda,none,Luanda,Banana,Main,2012,10,2013,4,All (PS),area,661.0
1600,AO2008A111,Angola,AO,Luanda,none,Luanda,Banana,Main,2013,10,2014,4,All (PS),area,661.0
1601,AO2008A111,Angola,AO,Luanda,none,Luanda,Banana,Main,2014,10,2015,4,All (PS),area,993.0
1602,AO2008A111,Angola,AO,Luanda,none,Luanda,Banana,Main,2015,10,2016,4,All (PS),area,993.0
1603,AO2008A111,Angola,AO,Luanda,none,Luanda,Banana,Main,2016,10,2017,4,All (PS),area,956.0
1604,AO2008A111,Angola,AO,Luanda,none,Luanda,Tomato,Main,2014,10,2015,4,All (PS),area,1149.0
1605,AO2008A111,Angola,AO,Luanda,none,Luanda,Tomato,Main,2015,10,2016,4,All (PS),area,1149.0
1606,AO2008A111,Angola,AO,Luanda,none,Luanda,Tomato,Main,2016,10,2017,4,All (PS),area,1306.6
1607,AO2008A111,Angola,AO,Luanda,none,Luanda,Onions,Main,2014,10,2015,4,All (PS),area,1215.0
1608,AO2008A111,Angola,AO,Luanda,none,Luanda,Onions,Main,2015,10,2016,4,All (PS),area,1215.0
1609,AO2008A111,Angola,AO,Luanda,none,Luanda,Onions,Main,2016,10,2017,4,All (PS),area,1201.0
1610,AO2008A111,Angola,AO,Luanda,none,Luanda,Mango,Main,2015,10,2016,4,All (PS),area,536.0
1611,AO2008A111,Angola,AO,Luanda,none,Luanda,Mango,Main,2016,10,2017,4,All (PS),area,623.0
1612,AO2008A111,Angola,AO,Luanda,none,Luanda,Groundnuts (In Shell),Main,2006,10,2007,4,All (PS),area,135.0
1613,AO2008A111,Angola,AO,Luanda,none,Luanda,Lemon,Main,2015,10,2016,4,All (PS),area,394.0
1614,AO2008A111,Angola,AO,Luanda,none,Luanda,Lemon,Main,2016,10,2017,4,All (PS),area,203.0
1615,AO2008A111,Angola,AO,Luanda,none,Luanda,Beans (mixed),Main,2000,10,2001,4,All (PS),area,1698.0
1616,AO2008A111,Angola,AO,Luanda,none,Luanda,Beans (mixed),Main,2001,10,2002,4,All (PS),area,1693.0
1617,AO2008A111,Angola,AO,Luanda,none,Luanda,Beans (mixed),Main,2002,10,2003,4,All (PS),area,1455.0
1618,AO2008A111,Angola,AO,Luanda,none,Luanda,Beans (mixed),Main,2003,10,2004,4,All (PS),area,429.0
1619,AO2008A111,Angola,AO,Luanda,none,Luanda,Beans (mixed),Main,2004,10,2005,4,All (PS),area,278.0
1620,AO2008A111,Angola,AO,Luanda,none,Luanda,Beans (mixed),Main,2005,10,2006,4,All (PS),area,431.0
1621,AO2008A111,Angola,AO,Luanda,none,Luanda,Beans (mixed),Main,2006,10,2007,4,All (PS),area,520.0
1622,AO2008A111,Angola,AO,Luanda,none,Luanda,Beans (mixed),Main,2007,10,2008,4,All (PS),area,434.0
1623,AO2008A111,Angola,AO,Luanda,none,Luanda,Beans (mixed),Main,2008,10,2009,4,All (PS),area,440.0
1624,AO2008A111,Angola,AO,Luanda,none,Luanda,Beans (mixed),Main,2009,10,2010,4,All (PS),area,283.0
1625,AO2008A111,Angola,AO,Luanda,none,Luanda,Beans (mixed),Main,2010,10,2011,4,All (PS),area,280.0
1626,AO2008A111,Angola,AO,Luanda,none,Luanda,Beans (mixed),Main,2011,10,2012,4,All (PS),area,286.0
1627,AO2008A111,Angola,AO,Luanda,none,Luanda,Beans (mixed),Main,2012,10,2013,4,All (PS),area,520.0
1628,AO2008A111,Angola,AO,Luanda,none,Luanda,Beans (mixed),Main,2013,10,2014,4,All (PS),area,553.0
1629,AO2008A111,Angola,AO,Luanda,none,Luanda,Beans (mixed),Main,2014,10,2015,4,All (PS),area,360.0
1630,AO2008A111,Angola,AO,Luanda,none,Luanda,Beans (mixed),Main,2015,10,2016,4,All (PS),area,360.0
1631,AO2008A111,Angola,AO,Luanda,none,Luanda,Beans (mixed),Main,2016,10,2017,4,All (PS),area,363.0
1632,AO2008A111,Angola,AO,Luanda,none,Luanda,Cassava,Main,1996,10,1997,4,All (PS),area,5000.0
1633,AO2008A111,Angola,AO,Luanda,none,Luanda,Cassava,Main,1997,10,1998,4,All (PS),area,5000.0
1634,AO2008A111,Angola,AO,Luanda,none,Luanda,Cassava,Main,1998,10,1999,4,All (PS),area,4086.0
1635,AO2008A111,Angola,AO,Luanda,none,Luanda,Cassava,Main,1999,10,2000,4,All (PS),area,4498.0
1636,AO2008A111,Angola,AO,Luanda,none,Luanda,Cassava,Main,2000,10,2001,4,All (PS),area,4529.0
1637,AO2008A111,Angola,AO,Luanda,none,Luanda,Cassava,Main,2001,10,2002,4,All (PS),area,5280.0
1638,AO2008A111,Angola,AO,Luanda,none,Luanda,Cassava,Main,2002,10,2003,4,All (PS),area,7273.0
1639,AO2008A111,Angola,AO,Luanda,none,Luanda,Cassava,Main,2003,10,2004,4,All (PS),area,2898.0
1640,AO2008A111,Angola,AO,Luanda,none,Luanda,Cassava,Main,2004,10,2005,4,All (PS),area,3227.0
1641,AO2008A111,Angola,AO,Luanda,none,Luanda,Cassava,Main,2005,10,2006,4,All (PS),area,5001.0
1642,AO2008A111,Angola,AO,Luanda,none,Luanda,Cassava,Main,2006,10,2007,4,All (PS),area,4751.0
1643,AO2008A111,Angola,AO,Luanda,none,Luanda,Cassava,Main,2007,10,2008,4,All (PS),area,1671.0
1644,AO2008A111,Angola,AO,Luanda,none,Luanda,Cassava,Main,2008,10,2009,4,All (PS),area,4934.0
1645,AO2008A111,Angola,AO,Luanda,none,Luanda,Cassava,Main,2009,10,2010,4,All (PS),area,4420.0
1646,AO2008A111,Angola,AO,Luanda,none,Luanda,Cassava,Main,2010,10,2011,4,All (PS),area,3180.0
1647,AO2008A111,Angola,AO,Luanda,none,Luanda,Cassava,Main,2011,10,2012,4,All (PS),area,2112.0
1648,AO2008A111,Angola,AO,Luanda,none,Luanda,Cassava,Main,2012,10,2013,4,All (PS),area,2928.0
1649,AO2008A111,Angola,AO,Luanda,none,Luanda,Cassava,Main,2013,10,2014,4,All (PS),area,2968.0
1650,AO2008A111,Angola,AO,Luanda,none,Luanda,Cassava,Main,2015,10,2016,4,All (PS),area,2878.0
1651,AO2008A111,Angola,AO,Luanda,none,Luanda,Cassava,Main,2016,10,2017,4,All (PS),area,3015.8
1652,AO2008A111,Angola,AO,Luanda,none,Luanda,Watermelon,Main,2014,10,2015,4,All (PS),area,53.0
1653,AO2008A111,Angola,AO,Luanda,none,Luanda,Watermelon,Main,2015,10,2016,4,All (PS),area,53.0
1654,AO2008A111,Angola,AO,Luanda,none,Luanda,Watermelon,Main,2016,10,2017,4,All (PS),area,57.0
1655,AO2008A111,Angola,AO,Luanda,none,Luanda,Cabbage,Main,2014,10,2015,4,All (PS),area,548.0
1656,AO2008A111,Angola,AO,Luanda,none,Luanda,Cabbage,Main,2015,10,2016,4,All (PS),area,548.0
1657,AO2008A111,Angola,AO,Luanda,none,Luanda,Cabbage,Main,2016,10,2017,4,All (PS),area,674.0
1658,AO2008A111,Angola,AO,Luanda,none,Luanda,Carrots,Main,2014,10,2015,4,All (PS),area,12.0
1659,AO2008A111,Angola,AO,Luanda,none,Luanda,Carrots,Main,2015,10,2016,4,All (PS),area,12.0
1660,AO2008A111,Angola,AO,Luanda,none,Luanda,Carrots,Main,2016,10,2017,4,All (PS),area,12.0
1661,AO2008A111,Angola,AO,Luanda,none,Luanda,Green Bean,Main,2015,10,2016,4,All (PS),area,76.0
1662,AO2008A111,Angola,AO,Luanda,none,Luanda,Green Bean,Main,2016,10,2017,4,All (PS),area,79.0
1663,AO2008A112,Angola,AO,Lunda Norte,none,Lunda Norte,Maize,Main,1996,10,1997,4,All (PS),area,16500.0
1664,AO2008A112,Angola,AO,Lunda Norte,none,Lunda Norte,Maize,Main,1997,10,1998,4,All (PS),area,11000.0
1665,AO2008A112,Angola,AO,Lunda Norte,none,Lunda Norte,Maize,Main,1998,10,1999,4,All (PS),area,6241.0
1666,AO2008A112,Angola,AO,Lunda Norte,none,Lunda Norte,Maize,Main,1999,10,2000,4,All (PS),area,8583.0
1667,AO2008A112,Angola,AO,Lunda Norte,none,Lunda Norte,Maize,Main,2000,10,2001,4,All (PS),area,6044.0
1668,AO2008A112,Angola,AO,Lunda Norte,none,Lunda Norte,Maize,Main,2001,10,2002,4,All (PS),area,8418.0
1669,AO2008A112,Angola,AO,Lunda Norte,none,Lunda Norte,Maize,Main,2002,10,2003,4,All (PS),area,10958.0
1670,AO2008A112,Angola,AO,Lunda Norte,none,Lunda Norte,Maize,Main,2003,10,2004,4,All (PS),area,5793.0
1671,AO2008A112,Angola,AO,Lunda Norte,none,Lunda Norte,Maize,Main,2004,10,2005,4,All (PS),area,2715.0
1672,AO2008A112,Angola,AO,Lunda Norte,none,Lunda Norte,Maize,Main,2005,10,2006,4,All (PS),area,2716.0
1673,AO2008A112,Angola,AO,Lunda Norte,none,Lunda Norte,Maize,Main,2006,10,2007,4,All (PS),area,4298.0
1674,AO2008A112,Angola,AO,Lunda Norte,none,Lunda Norte,Maize,Main,2007,10,2008,4,All (PS),area,8286.0
1675,AO2008A112,Angola,AO,Lunda Norte,none,Lunda Norte,Maize,Main,2008,10,2009,4,All (PS),area,11688.0
1676,AO2008A112,Angola,AO,Lunda Norte,none,Lunda Norte,Maize,Main,2009,10,2010,4,All (PS),area,17371.0
1677,AO2008A112,Angola,AO,Lunda Norte,none,Lunda Norte,Maize,Main,2010,10,2011,4,All (PS),area,18054.0
1678,AO2008A112,Angola,AO,Lunda Norte,none,Lunda Norte,Maize,Main,2011,10,2012,4,All (PS),area,24801.0
1679,AO2008A112,Angola,AO,Lunda Norte,none,Lunda Norte,Maize,Main,2012,10,2013,4,All (PS),area,24801.0
1680,AO2008A112,Angola,AO,Lunda Norte,none,Lunda Norte,Maize,Main,2013,10,2014,4,All (PS),area,24924.0
1681,AO2008A112,Angola,AO,Lunda Norte,none,Lunda Norte,Maize,Main,2014,10,2015,4,All (PS),area,30413.0
1682,AO2008A112,Angola,AO,Lunda Norte,none,Lunda Norte,Maize,Main,2015,10,2016,4,All (PS),area,30413.0
1683,AO2008A112,Angola,AO,Lunda Norte,none,Lunda Norte,Maize,Main,2016,10,2017,4,All (PS),area,31728.0
1684,AO2008A112,Angola,AO,Lunda Norte,none,Lunda Norte,Sweet Potatoes,Main,2000,10,2001,4,All (PS),area,2158.0
1685,AO2008A112,Angola,AO,Lunda Norte,none,Lunda Norte,Sweet Potatoes,Main,2001,10,2002,4,All (PS),area,3006.0
1686,AO2008A112,Angola,AO,Lunda Norte,none,Lunda Norte,Sweet Potatoes,Main,2002,10,2003,4,All (PS),area,10005.0
1687,AO2008A112,Angola,AO,Lunda Norte,none,Lunda Norte,Sweet Potatoes,Main,2003,10,2004,4,All (PS),area,6952.0
1688,AO2008A112,Angola,AO,Lunda Norte,none,Lunda Norte,Sweet Potatoes,Main,2004,10,2005,4,All (PS),area,2207.0
1689,AO2008A112,Angola,AO,Lunda Norte,none,Lunda Norte,Sweet Potatoes,Main,2005,10,2006,4,All (PS),area,2208.0
1690,AO2008A112,Angola,AO,Lunda Norte,none,Lunda Norte,Sweet Potatoes,Main,2006,10,2007,4,All (PS),area,1950.0
1691,AO2008A112,Angola,AO,Lunda Norte,none,Lunda Norte,Sweet Potatoes,Main,2007,10,2008,4,All (PS),area,16310.0
1692,AO2008A112,Angola,AO,Lunda Norte,none,Lunda Norte,Sweet Potatoes,Main,2008,10,2009,4,All (PS),area,16549.0
1693,AO2008A112,Angola,AO,Lunda Norte,none,Lunda Norte,Sweet Potatoes,Main,2009,10,2010,4,All (PS),area,16827.0
1694,AO2008A112,Angola,AO,Lunda Norte,none,Lunda Norte,Sweet Potatoes,Main,2010,10,2011,4,All (PS),area,10774.0
1695,AO2008A112,Angola,AO,Lunda Norte,none,Lunda Norte,Sweet Potatoes,Main,2011,10,2012,4,All (PS),area,11318.0
1696,AO2008A112,Angola,AO,Lunda Norte,none,Lunda Norte,Sweet Potatoes,Main,2012,10,2013,4,All (PS),area,11363.0
1697,AO2008A112,Angola,AO,Lunda Norte,none,Lunda Norte,Sweet Potatoes,Main,2013,10,2014,4,All (PS),area,11576.0
1698,AO2008A112,Angola,AO,Lunda Norte,none,Lunda Norte,Sweet Potatoes,Main,2014,10,2015,4,All (PS),area,11406.0
1699,AO2008A112,Angola,AO,Lunda Norte,none,Lunda Norte,Sweet Potatoes,Main,2015,10,2016,4,All (PS),area,11406.0
1700,AO2008A112,Angola,AO,Lunda Norte,none,Lunda Norte,Sweet Potatoes,Main,2016,10,2017,4,All (PS),area,11656.6
1701,AO2008A112,Angola,AO,Lunda Norte,none,Lunda Norte,Banana,Main,2006,10,2007,4,All (PS),area,19.0
1702,AO2008A112,Angola,AO,Lunda Norte,none,Lunda Norte,Banana,Main,2008,10,2009,4,All (PS),area,1671.0
1703,AO2008A112,Angola,AO,Lunda Norte,none,Lunda Norte,Banana,Main,2009,10,2010,4,All (PS),area,1176.0
1704,AO2008A112,Angola,AO,Lunda Norte,none,Lunda Norte,Banana,Main,2010,10,2011,4,All (PS),area,2287.0
1705,AO2008A112,Angola,AO,Lunda Norte,none,Lunda Norte,Banana,Main,2011,10,2012,4,All (PS),area,2569.0
1706,AO2008A112,Angola,AO,Lunda Norte,none,Lunda Norte,Banana,Main,2012,10,2013,4,All (PS),area,3639.0
1707,AO2008A112,Angola,AO,Lunda Norte,none,Lunda Norte,Banana,Main,2013,10,2014,4,All (PS),area,2669.0
1708,AO2008A112,Angola,AO,Lunda Norte,none,Lunda Norte,Banana,Main,2014,10,2015,4,All (PS),area,3107.0
1709,AO2008A112,Angola,AO,Lunda Norte,none,Lunda Norte,Banana,Main,2015,10,2016,4,All (PS),area,3107.0
1710,AO2008A112,Angola,AO,Lunda Norte,none,Lunda Norte,Banana,Main,2016,10,2017,4,All (PS),area,3761.2
1711,AO2008A112,Angola,AO,Lunda Norte,none,Lunda Norte,Tomato,Main,2014,10,2015,4,All (PS),area,420.0
1712,AO2008A112,Angola,AO,Lunda Norte,none,Lunda Norte,Tomato,Main,2015,10,2016,4,All (PS),area,420.0
1713,AO2008A112,Angola,AO,Lunda Norte,none,Lunda Norte,Tomato,Main,2016,10,2017,4,All (PS),area,437.0
1714,AO2008A112,Angola,AO,Lunda Norte,none,Lunda Norte,Onions,Main,2014,10,2015,4,All (PS),area,369.0
1715,AO2008A112,Angola,AO,Lunda Norte,none,Lunda Norte,Onions,Main,2015,10,2016,4,All (PS),area,369.0
1716,AO2008A112,Angola,AO,Lunda Norte,none,Lunda Norte,Onions,Main,2016,10,2017,4,All (PS),area,410.0
1717,AO2008A112,Angola,AO,Lunda Norte,none,Lunda Norte,Mango,Main,2015,10,2016,4,All (PS),area,590.0
1718,AO2008A112,Angola,AO,Lunda Norte,none,Lunda Norte,Mango,Main,2016,10,2017,4,All (PS),area,624.0
1719,AO2008A112,Angola,AO,Lunda Norte,none,Lunda Norte,Groundnuts (In Shell),Main,2000,10,2001,4,All (PS),area,1295.0
1720,AO2008A112,Angola,AO,Lunda Norte,none,Lunda Norte,Groundnuts (In Shell),Main,2001,10,2002,4,All (PS),area,1804.0
1721,AO2008A112,Angola,AO,Lunda Norte,none,Lunda Norte,Groundnuts (In Shell),Main,2002,10,2003,4,All (PS),area,5717.0
1722,AO2008A112,Angola,AO,Lunda Norte,none,Lunda Norte,Groundnuts (In Shell),Main,2003,10,2004,4,All (PS),area,3476.0
1723,AO2008A112,Angola,AO,Lunda Norte,none,Lunda Norte,Groundnuts (In Shell),Main,2004,10,2005,4,All (PS),area,1628.0
1724,AO2008A112,Angola,AO,Lunda Norte,none,Lunda Norte,Groundnuts (In Shell),Main,2005,10,2006,4,All (PS),area,1628.0
1725,AO2008A112,Angola,AO,Lunda Norte,none,Lunda Norte,Groundnuts (In Shell),Main,2006,10,2007,4,All (PS),area,1705.0
1726,AO2008A112,Angola,AO,Lunda Norte,none,Lunda Norte,Groundnuts (In Shell),Main,2007,10,2008,4,All (PS),area,8155.0
1727,AO2008A112,Angola,AO,Lunda Norte,none,Lunda Norte,Groundnuts (In Shell),Main,2008,10,2009,4,All (PS),area,8424.0
1728,AO2008A112,Angola,AO,Lunda Norte,none,Lunda Norte,Groundnuts (In Shell),Main,2009,10,2010,4,All (PS),area,6303.0
1729,AO2008A112,Angola,AO,Lunda Norte,none,Lunda Norte,Groundnuts (In Shell),Main,2010,10,2011,4,All (PS),area,6394.0
1730,AO2008A112,Angola,AO,Lunda Norte,none,Lunda Norte,Groundnuts (In Shell),Main,2011,10,2012,4,All (PS),area,6793.0
1731,AO2008A112,Angola,AO,Lunda Norte,none,Lunda Norte,Groundnuts (In Shell),Main,2012,10,2013,4,All (PS),area,6797.0
1732,AO2008A112,Angola,AO,Lunda Norte,none,Lunda Norte,Groundnuts (In Shell),Main,2013,10,2014,4,All (PS),area,6851.0
1733,AO2008A112,Angola,AO,Lunda Norte,none,Lunda Norte,Groundnuts (In Shell),Main,2014,10,2015,4,All (PS),area,6965.0
1734,AO2008A112,Angola,AO,Lunda Norte,none,Lunda Norte,Groundnuts (In Shell),Main,2015,10,2016,4,All (PS),area,6965.0
1735,AO2008A112,Angola,AO,Lunda Norte,none,Lunda Norte,Groundnuts (In Shell),Main,2016,10,2017,4,All (PS),area,9449.9
1736,AO2008A112,Angola,AO,Lunda Norte,none,Lunda Norte,Lemon,Main,2015,10,2016,4,All (PS),area,778.0
1737,AO2008A112,Angola,AO,Lunda Norte,none,Lunda Norte,Lemon,Main,2016,10,2017,4,All (PS),area,475.70000000000005
1738,AO2008A112,Angola,AO,Lunda Norte,none,Lunda Norte,Beans (mixed),Main,2000,10,2001,4,All (PS),area,5180.0
1739,AO2008A112,Angola,AO,Lunda Norte,none,Lunda Norte,Beans (mixed),Main,2001,10,2002,4,All (PS),area,7215.0
1740,AO2008A112,Angola,AO,Lunda Norte,none,Lunda Norte,Beans (mixed),Main,2002,10,2003,4,All (PS),area,4288.0
1741,AO2008A112,Angola,AO,Lunda Norte,none,Lunda Norte,Beans (mixed),Main,2003,10,2004,4,All (PS),area,4055.0
1742,AO2008A112,Angola,AO,Lunda Norte,none,Lunda Norte,Beans (mixed),Main,2004,10,2005,4,All (PS),area,1931.0
1743,AO2008A112,Angola,AO,Lunda Norte,none,Lunda Norte,Beans (mixed),Main,2005,10,2006,4,All (PS),area,1932.0
1744,AO2008A112,Angola,AO,Lunda Norte,none,Lunda Norte,Beans (mixed),Main,2006,10,2007,4,All (PS),area,2707.0
1745,AO2008A112,Angola,AO,Lunda Norte,none,Lunda Norte,Beans (mixed),Main,2007,10,2008,4,All (PS),area,2491.0
1746,AO2008A112,Angola,AO,Lunda Norte,none,Lunda Norte,Beans (mixed),Main,2008,10,2009,4,All (PS),area,1791.0
1747,AO2008A112,Angola,AO,Lunda Norte,none,Lunda Norte,Beans (mixed),Main,2009,10,2010,4,All (PS),area,1814.0
1748,AO2008A112,Angola,AO,Lunda Norte,none,Lunda Norte,Beans (mixed),Main,2010,10,2011,4,All (PS),area,1970.0
1749,AO2008A112,Angola,AO,Lunda Norte,none,Lunda Norte,Beans (mixed),Main,2011,10,2012,4,All (PS),area,2293.0
1750,AO2008A112,Angola,AO,Lunda Norte,none,Lunda Norte,Beans (mixed),Main,2012,10,2013,4,All (PS),area,2521.0
1751,AO2008A112,Angola,AO,Lunda Norte,none,Lunda Norte,Beans (mixed),Main,2013,10,2014,4,All (PS),area,2593.0
1752,AO2008A112,Angola,AO,Lunda Norte,none,Lunda Norte,Beans (mixed),Main,2014,10,2015,4,All (PS),area,2245.0
1753,AO2008A112,Angola,AO,Lunda Norte,none,Lunda Norte,Beans (mixed),Main,2015,10,2016,4,All (PS),area,2245.0
1754,AO2008A112,Angola,AO,Lunda Norte,none,Lunda Norte,Beans (mixed),Main,2016,10,2017,4,All (PS),area,3627.3
1755,AO2008A112,Angola,AO,Lunda Norte,none,Lunda Norte,Cassava,Main,1998,10,1999,4,All (PS),area,38015.0
1756,AO2008A112,Angola,AO,Lunda Norte,none,Lunda Norte,Cassava,Main,1999,10,2000,4,All (PS),area,39235.0
1757,AO2008A112,Angola,AO,Lunda Norte,none,Lunda Norte,Cassava,Main,2000,10,2001,4,All (PS),area,26334.0
1758,AO2008A112,Angola,AO,Lunda Norte,none,Lunda Norte,Cassava,Main,2001,10,2002,4,All (PS),area,36677.0
1759,AO2008A112,Angola,AO,Lunda Norte,none,Lunda Norte,Cassava,Main,2002,10,2003,4,All (PS),area,190572.0
1760,AO2008A112,Angola,AO,Lunda Norte,none,Lunda Norte,Cassava,Main,2003,10,2004,4,All (PS),area,92689.0
1761,AO2008A112,Angola,AO,Lunda Norte,none,Lunda Norte,Cassava,Main,2004,10,2005,4,All (PS),area,44148.0
1762,AO2008A112,Angola,AO,Lunda Norte,none,Lunda Norte,Cassava,Main,2005,10,2006,4,All (PS),area,44161.0
1763,AO2008A112,Angola,AO,Lunda Norte,none,Lunda Norte,Cassava,Main,2006,10,2007,4,All (PS),area,54204.0
1764,AO2008A112,Angola,AO,Lunda Norte,none,Lunda Norte,Cassava,Main,2007,10,2008,4,All (PS),area,49247.0
1765,AO2008A112,Angola,AO,Lunda Norte,none,Lunda Norte,Cassava,Main,2008,10,2009,4,All (PS),area,72740.0
1766,AO2008A112,Angola,AO,Lunda Norte,none,Lunda Norte,Cassava,Main,2009,10,2010,4,All (PS),area,75271.0
1767,AO2008A112,Angola,AO,Lunda Norte,none,Lunda Norte,Cassava,Main,2010,10,2011,4,All (PS),area,79265.0
1768,AO2008A112,Angola,AO,Lunda Norte,none,Lunda Norte,Cassava,Main,2011,10,2012,4,All (PS),area,81005.0
1769,AO2008A112,Angola,AO,Lunda Norte,none,Lunda Norte,Cassava,Main,2012,10,2013,4,All (PS),area,82811.0
1770,AO2008A112,Angola,AO,Lunda Norte,none,Lunda Norte,Cassava,Main,2013,10,2014,4,All (PS),area,83124.0
1771,AO2008A112,Angola,AO,Lunda Norte,none,Lunda Norte,Cassava,Main,2015,10,2016,4,All (PS),area,85970.0
1772,AO2008A112,Angola,AO,Lunda Norte,none,Lunda Norte,Cassava,Main,2016,10,2017,4,All (PS),area,74276.4
1773,AO2008A112,Angola,AO,Lunda Norte,none,Lunda Norte,Potato,Main,2002,10,2003,4,All (PS),area,476.0
1774,AO2008A112,Angola,AO,Lunda Norte,none,Lunda Norte,Potato,Main,2008,10,2009,4,All (PS),area,277.0
1775,AO2008A112,Angola,AO,Lunda Norte,none,Lunda Norte,Potato,Main,2009,10,2010,4,All (PS),area,279.0
1776,AO2008A112,Angola,AO,Lunda Norte,none,Lunda Norte,Potato,Main,2010,10,2011,4,All (PS),area,288.0
1777,AO2008A112,Angola,AO,Lunda Norte,none,Lunda Norte,Potato,Main,2011,10,2012,4,All (PS),area,396.0
1778,AO2008A112,Angola,AO,Lunda Norte,none,Lunda Norte,Potato,Main,2012,10,2013,4,All (PS),area,396.0
1779,AO2008A112,Angola,AO,Lunda Norte,none,Lunda Norte,Potato,Main,2013,10,2014,4,All (PS),area,417.0
1780,AO2008A112,Angola,AO,Lunda Norte,none,Lunda Norte,Potato,Main,2014,10,2015,4,All (PS),area,404.0
1781,AO2008A112,Angola,AO,Lunda Norte,none,Lunda Norte,Potato,Main,2015,10,2016,4,All (PS),area,404.0
1782,AO2008A112,Angola,AO,Lunda Norte,none,Lunda Norte,Pineapple,Main,2006,10,2007,4,All (PS),area,9.0
1783,AO2008A112,Angola,AO,Lunda Norte,none,Lunda Norte,Pineapple,Main,2014,10,2015,4,All (PS),area,2225.0
1784,AO2008A112,Angola,AO,Lunda Norte,none,Lunda Norte,Pineapple,Main,2015,10,2016,4,All (PS),area,2225.0
1785,AO2008A112,Angola,AO,Lunda Norte,none,Lunda Norte,Pineapple,Main,2016,10,2017,4,All (PS),area,3198.0
1786,AO2008A112,Angola,AO,Lunda Norte,none,Lunda Norte,Sorghum,Main,1996,10,1997,4,All (PS),area,19186.0
1787,AO2008A112,Angola,AO,Lunda Norte,none,Lunda Norte,Sorghum,Main,1997,10,1998,4,All (PS),area,10000.0
1788,AO2008A112,Angola,AO,Lunda Norte,none,Lunda Norte,Coffee,Main,2012,10,2013,4,All (PS),area,490.0
1789,AO2008A112,Angola,AO,Lunda Norte,none,Lunda Norte,Soybean,Main,2008,10,2009,4,All (PS),area,2.0
1790,AO2008A112,Angola,AO,Lunda Norte,none,Lunda Norte,Cabbage,Main,2014,10,2015,4,All (PS),area,252.0
1791,AO2008A112,Angola,AO,Lunda Norte,none,Lunda Norte,Cabbage,Main,2015,10,2016,4,All (PS),area,252.0
1792,AO2008A112,Angola,AO,Lunda Norte,none,Lunda Norte,Cabbage,Main,2016,10,2017,4,All (PS),area,241.0
1793,AO2008A112,Angola,AO,Lunda Norte,none,Lunda Norte,Millet,Main,1996,10,1997,4,All (PS),area,19186.0
1794,AO2008A112,Angola,AO,Lunda Norte,none,Lunda Norte,Millet,Main,1997,10,1998,4,All (PS),area,39000.0
1795,AO2008A112,Angola,AO,Lunda Norte,none,Lunda Norte,Rice,Main,2000,10,2001,4,All (PS),area,863.0
1796,AO2008A112,Angola,AO,Lunda Norte,none,Lunda Norte,Rice,Main,2001,10,2002,4,All (PS),area,1203.0
1797,AO2008A112,Angola,AO,Lunda Norte,none,Lunda Norte,Rice,Main,2002,10,2003,4,All (PS),area,2859.0
1798,AO2008A112,Angola,AO,Lunda Norte,none,Lunda Norte,Rice,Main,2003,10,2004,4,All (PS),area,1159.0
1799,AO2008A112,Angola,AO,Lunda Norte,none,Lunda Norte,Rice,Main,2004,10,2005,4,All (PS),area,607.0
1800,AO2008A112,Angola,AO,Lunda Norte,none,Lunda Norte,Rice,Main,2006,10,2007,4,All (PS),area,895.0
1801,AO2008A112,Angola,AO,Lunda Norte,none,Lunda Norte,Rice,Main,2007,10,2008,4,All (PS),area,1713.0
1802,AO2008A112,Angola,AO,Lunda Norte,none,Lunda Norte,Rice,Main,2008,10,2009,4,All (PS),area,1724.0
1803,AO2008A112,Angola,AO,Lunda Norte,none,Lunda Norte,Rice,Main,2009,10,2010,4,All (PS),area,1789.0
1804,AO2008A112,Angola,AO,Lunda Norte,none,Lunda Norte,Rice,Main,2010,10,2011,4,All (PS),area,1862.0
1805,AO2008A112,Angola,AO,Lunda Norte,none,Lunda Norte,Rice,Main,2011,10,2012,4,All (PS),area,2373.0
1806,AO2008A112,Angola,AO,Lunda Norte,none,Lunda Norte,Rice,Main,2012,10,2013,4,All (PS),area,2372.0
1807,AO2008A112,Angola,AO,Lunda Norte,none,Lunda Norte,Rice,Main,2013,10,2014,4,All (PS),area,2374.0
1808,AO2008A112,Angola,AO,Lunda Norte,none,Lunda Norte,Rice,Main,2014,10,2015,4,All (PS),area,993.0
1809,AO2008A112,Angola,AO,Lunda Norte,none,Lunda Norte,Rice,Main,2015,10,2016,4,All (PS),area,993.0
1810,AO2008A112,Angola,AO,Lunda Norte,none,Lunda Norte,Garlic,Main,2008,10,2009,4,All (PS),area,22.73
1811,AO2008A112,Angola,AO,Lunda Norte,none,Lunda Norte,Garlic,Main,2009,10,2010,4,All (PS),area,32.33
1812,AO2008A112,Angola,AO,Lunda Norte,none,Lunda Norte,Garlic,Main,2010,10,2011,4,All (PS),area,27.0
1813,AO2008A112,Angola,AO,Lunda Norte,none,Lunda Norte,Garlic,Main,2011,10,2012,4,All (PS),area,63.17
1814,AO2008A112,Angola,AO,Lunda Norte,none,Lunda Norte,Avocado,Main,2014,10,2015,4,All (PS),area,749.0
1815,AO2008A112,Angola,AO,Lunda Norte,none,Lunda Norte,Avocado,Main,2015,10,2016,4,All (PS),area,749.0
1816,AO2008A113,Angola,AO,Lunda Sul,none,Lunda Sul,Maize,Main,1996,10,1997,4,All (PS),area,163959.0
1817,AO2008A113,Angola,AO,Lunda Sul,none,Lunda Sul,Maize,Main,1997,10,1998,4,All (PS),area,200000.0
1818,AO2008A113,Angola,AO,Lunda Sul,none,Lunda Sul,Maize,Main,1998,10,1999,4,All (PS),area,7248.0
1819,AO2008A113,Angola,AO,Lunda Sul,none,Lunda Sul,Maize,Main,1999,10,2000,4,All (PS),area,7366.0
1820,AO2008A113,Angola,AO,Lunda Sul,none,Lunda Sul,Maize,Main,2000,10,2001,4,All (PS),area,5772.0
1821,AO2008A113,Angola,AO,Lunda Sul,none,Lunda Sul,Maize,Main,2001,10,2002,4,All (PS),area,7154.0
1822,AO2008A113,Angola,AO,Lunda Sul,none,Lunda Sul,Maize,Main,2002,10,2003,4,All (PS),area,9273.0
1823,AO2008A113,Angola,AO,Lunda Sul,none,Lunda Sul,Maize,Main,2003,10,2004,4,All (PS),area,5983.0
1824,AO2008A113,Angola,AO,Lunda Sul,none,Lunda Sul,Maize,Main,2004,10,2005,4,All (PS),area,3525.0
1825,AO2008A113,Angola,AO,Lunda Sul,none,Lunda Sul,Maize,Main,2005,10,2006,4,All (PS),area,3598.0
1826,AO2008A113,Angola,AO,Lunda Sul,none,Lunda Sul,Maize,Main,2006,10,2007,4,All (PS),area,4222.0
1827,AO2008A113,Angola,AO,Lunda Sul,none,Lunda Sul,Maize,Main,2007,10,2008,4,All (PS),area,3733.0
1828,AO2008A113,Angola,AO,Lunda Sul,none,Lunda Sul,Maize,Main,2008,10,2009,4,All (PS),area,23881.0
1829,AO2008A113,Angola,AO,Lunda Sul,none,Lunda Sul,Maize,Main,2009,10,2010,4,All (PS),area,29978.0
1830,AO2008A113,Angola,AO,Lunda Sul,none,Lunda Sul,Maize,Main,2010,10,2011,4,All (PS),area,30747.0
1831,AO2008A113,Angola,AO,Lunda Sul,none,Lunda Sul,Maize,Main,2011,10,2012,4,All (PS),area,31635.0
1832,AO2008A113,Angola,AO,Lunda Sul,none,Lunda Sul,Maize,Main,2012,10,2013,4,All (PS),area,31726.0
1833,AO2008A113,Angola,AO,Lunda Sul,none,Lunda Sul,Maize,Main,2013,10,2014,4,All (PS),area,31626.0
1834,AO2008A113,Angola,AO,Lunda Sul,none,Lunda Sul,Maize,Main,2014,10,2015,4,All (PS),area,39235.0
1835,AO2008A113,Angola,AO,Lunda Sul,none,Lunda Sul,Maize,Main,2015,10,2016,4,All (PS),area,39235.0
1836,AO2008A113,Angola,AO,Lunda Sul,none,Lunda Sul,Maize,Main,2016,10,2017,4,All (PS),area,40160.200000000004
1837,AO2008A113,Angola,AO,Lunda Sul,none,Lunda Sul,Chili Pepper,Main,2014,10,2015,4,All (PS),area,44.0
1838,AO2008A113,Angola,AO,Lunda Sul,none,Lunda Sul,Chili Pepper,Main,2015,10,2016,4,All (PS),area,44.0
1839,AO2008A113,Angola,AO,Lunda Sul,none,Lunda Sul,Chili Pepper,Main,2016,10,2017,4,All (PS),area,47.0
1840,AO2008A113,Angola,AO,Lunda Sul,none,Lunda Sul,Sweet Potatoes,Main,2000,10,2001,4,All (PS),area,3711.0
1841,AO2008A113,Angola,AO,Lunda Sul,none,Lunda Sul,Sweet Potatoes,Main,2001,10,2002,4,All (PS),area,4599.0
1842,AO2008A113,Angola,AO,Lunda Sul,none,Lunda Sul,Sweet Potatoes,Main,2002,10,2003,4,All (PS),area,14202.0
1843,AO2008A113,Angola,AO,Lunda Sul,none,Lunda Sul,Sweet Potatoes,Main,2003,10,2004,4,All (PS),area,4706.0
1844,AO2008A113,Angola,AO,Lunda Sul,none,Lunda Sul,Sweet Potatoes,Main,2004,10,2005,4,All (PS),area,4935.0
1845,AO2008A113,Angola,AO,Lunda Sul,none,Lunda Sul,Sweet Potatoes,Main,2005,10,2006,4,All (PS),area,5038.0
1846,AO2008A113,Angola,AO,Lunda Sul,none,Lunda Sul,Sweet Potatoes,Main,2006,10,2007,4,All (PS),area,3942.0
1847,AO2008A113,Angola,AO,Lunda Sul,none,Lunda Sul,Sweet Potatoes,Main,2007,10,2008,4,All (PS),area,4166.0
1848,AO2008A113,Angola,AO,Lunda Sul,none,Lunda Sul,Sweet Potatoes,Main,2008,10,2009,4,All (PS),area,4167.0
1849,AO2008A113,Angola,AO,Lunda Sul,none,Lunda Sul,Sweet Potatoes,Main,2009,10,2010,4,All (PS),area,3556.0
1850,AO2008A113,Angola,AO,Lunda Sul,none,Lunda Sul,Sweet Potatoes,Main,2010,10,2011,4,All (PS),area,3594.0
1851,AO2008A113,Angola,AO,Lunda Sul,none,Lunda Sul,Sweet Potatoes,Main,2011,10,2012,4,All (PS),area,2743.0
1852,AO2008A113,Angola,AO,Lunda Sul,none,Lunda Sul,Sweet Potatoes,Main,2012,10,2013,4,All (PS),area,2784.0
1853,AO2008A113,Angola,AO,Lunda Sul,none,Lunda Sul,Sweet Potatoes,Main,2013,10,2014,4,All (PS),area,2925.0
1854,AO2008A113,Angola,AO,Lunda Sul,none,Lunda Sul,Sweet Potatoes,Main,2014,10,2015,4,All (PS),area,2913.0
1855,AO2008A113,Angola,AO,Lunda Sul,none,Lunda Sul,Sweet Potatoes,Main,2015,10,2016,4,All (PS),area,2748.0
1856,AO2008A113,Angola,AO,Lunda Sul,none,Lunda Sul,Sweet Potatoes,Main,2016,10,2017,4,All (PS),area,4622.0
1857,AO2008A113,Angola,AO,Lunda Sul,none,Lunda Sul,Banana,Main,2006,10,2007,4,All (PS),area,31.0
1858,AO2008A113,Angola,AO,Lunda Sul,none,Lunda Sul,Banana,Main,2009,10,2010,4,All (PS),area,570.0
1859,AO2008A113,Angola,AO,Lunda Sul,none,Lunda Sul,Banana,Main,2010,10,2011,4,All (PS),area,1651.0
1860,AO2008A113,Angola,AO,Lunda Sul,none,Lunda Sul,Banana,Main,2011,10,2012,4,All (PS),area,1906.0
1861,AO2008A113,Angola,AO,Lunda Sul,none,Lunda Sul,Banana,Main,2012,10,2013,4,All (PS),area,3790.0
1862,AO2008A113,Angola,AO,Lunda Sul,none,Lunda Sul,Banana,Main,2013,10,2014,4,All (PS),area,1991.0
1863,AO2008A113,Angola,AO,Lunda Sul,none,Lunda Sul,Banana,Main,2014,10,2015,4,All (PS),area,2236.0
1864,AO2008A113,Angola,AO,Lunda Sul,none,Lunda Sul,Banana,Main,2015,10,2016,4,All (PS),area,2236.0
1865,AO2008A113,Angola,AO,Lunda Sul,none,Lunda Sul,Banana,Main,2016,10,2017,4,All (PS),area,2498.1
1866,AO2008A113,Angola,AO,Lunda Sul,none,Lunda Sul,Tomato,Main,2014,10,2015,4,All (PS),area,398.0
1867,AO2008A113,Angola,AO,Lunda Sul,none,Lunda Sul,Tomato,Main,2015,10,2016,4,All (PS),area,398.0
1868,AO2008A113,Angola,AO,Lunda Sul,none,Lunda Sul,Tomato,Main,2016,10,2017,4,All (PS),area,429.0
1869,AO2008A113,Angola,AO,Lunda Sul,none,Lunda Sul,Onions,Main,2014,10,2015,4,All (PS),area,357.0
1870,AO2008A113,Angola,AO,Lunda Sul,none,Lunda Sul,Onions,Main,2015,10,2016,4,All (PS),area,357.0
1871,AO2008A113,Angola,AO,Lunda Sul,none,Lunda Sul,Onions,Main,2016,10,2017,4,All (PS),area,368.0
1872,AO2008A113,Angola,AO,Lunda Sul,none,Lunda Sul,Mango,Main,2015,10,2016,4,All (PS),area,259.0
1873,AO2008A113,Angola,AO,Lunda Sul,none,Lunda Sul,Mango,Main,2016,10,2017,4,All (PS),area,401.9
1874,AO2008A113,Angola,AO,Lunda Sul,none,Lunda Sul,Groundnuts (In Shell),Main,2000,10,2001,4,All (PS),area,2062.0
1875,AO2008A113,Angola,AO,Lunda Sul,none,Lunda Sul,Groundnuts (In Shell),Main,2001,10,2002,4,All (PS),area,3066.0
1876,AO2008A113,Angola,AO,Lunda Sul,none,Lunda Sul,Groundnuts (In Shell),Main,2002,10,2003,4,All (PS),area,5047.0
1877,AO2008A113,Angola,AO,Lunda Sul,none,Lunda Sul,Groundnuts (In Shell),Main,2003,10,2004,4,All (PS),area,2891.0
1878,AO2008A113,Angola,AO,Lunda Sul,none,Lunda Sul,Groundnuts (In Shell),Main,2004,10,2005,4,All (PS),area,3172.0
1879,AO2008A113,Angola,AO,Lunda Sul,none,Lunda Sul,Groundnuts (In Shell),Main,2005,10,2006,4,All (PS),area,3238.0
1880,AO2008A113,Angola,AO,Lunda Sul,none,Lunda Sul,Groundnuts (In Shell),Main,2006,10,2007,4,All (PS),area,120.0
1881,AO2008A113,Angola,AO,Lunda Sul,none,Lunda Sul,Groundnuts (In Shell),Main,2007,10,2008,4,All (PS),area,2074.0
1882,AO2008A113,Angola,AO,Lunda Sul,none,Lunda Sul,Groundnuts (In Shell),Main,2008,10,2009,4,All (PS),area,2092.0
1883,AO2008A113,Angola,AO,Lunda Sul,none,Lunda Sul,Groundnuts (In Shell),Main,2009,10,2010,4,All (PS),area,2310.0
1884,AO2008A113,Angola,AO,Lunda Sul,none,Lunda Sul,Groundnuts (In Shell),Main,2010,10,2011,4,All (PS),area,2399.0
1885,AO2008A113,Angola,AO,Lunda Sul,none,Lunda Sul,Groundnuts (In Shell),Main,2011,10,2012,4,All (PS),area,2591.0
1886,AO2008A113,Angola,AO,Lunda Sul,none,Lunda Sul,Groundnuts (In Shell),Main,2012,10,2013,4,All (PS),area,2602.0
1887,AO2008A113,Angola,AO,Lunda Sul,none,Lunda Sul,Groundnuts (In Shell),Main,2013,10,2014,4,All (PS),area,2634.0
1888,AO2008A113,Angola,AO,Lunda Sul,none,Lunda Sul,Groundnuts (In Shell),Main,2014,10,2015,4,All (PS),area,2619.0
1889,AO2008A113,Angola,AO,Lunda Sul,none,Lunda Sul,Groundnuts (In Shell),Main,2015,10,2016,4,All (PS),area,2619.0
1890,AO2008A113,Angola,AO,Lunda Sul,none,Lunda Sul,Groundnuts (In Shell),Main,2016,10,2017,4,All (PS),area,3843.8999999999996
1891,AO2008A113,Angola,AO,Lunda Sul,none,Lunda Sul,Lemon,Main,2015,10,2016,4,All (PS),area,349.0
1892,AO2008A113,Angola,AO,Lunda Sul,none,Lunda Sul,Lemon,Main,2016,10,2017,4,All (PS),area,315.2
1893,AO2008A113,Angola,AO,Lunda Sul,none,Lunda Sul,Beans (mixed),Main,2000,10,2001,4,All (PS),area,2474.0
1894,AO2008A113,Angola,AO,Lunda Sul,none,Lunda Sul,Beans (mixed),Main,2001,10,2002,4,All (PS),area,3577.0
1895,AO2008A113,Angola,AO,Lunda Sul,none,Lunda Sul,Beans (mixed),Main,2002,10,2003,4,All (PS),area,8920.0
1896,AO2008A113,Angola,AO,Lunda Sul,none,Lunda Sul,Beans (mixed),Main,2003,10,2004,4,All (PS),area,6050.0
1897,AO2008A113,Angola,AO,Lunda Sul,none,Lunda Sul,Beans (mixed),Main,2004,10,2005,4,All (PS),area,8459.0
1898,AO2008A113,Angola,AO,Lunda Sul,none,Lunda Sul,Beans (mixed),Main,2005,10,2006,4,All (PS),area,8636.0
1899,AO2008A113,Angola,AO,Lunda Sul,none,Lunda Sul,Beans (mixed),Main,2006,10,2007,4,All (PS),area,5775.0
1900,AO2008A113,Angola,AO,Lunda Sul,none,Lunda Sul,Beans (mixed),Main,2007,10,2008,4,All (PS),area,3779.0
1901,AO2008A113,Angola,AO,Lunda Sul,none,Lunda Sul,Beans (mixed),Main,2008,10,2009,4,All (PS),area,3102.0
1902,AO2008A113,Angola,AO,Lunda Sul,none,Lunda Sul,Beans (mixed),Main,2009,10,2010,4,All (PS),area,2203.0
1903,AO2008A113,Angola,AO,Lunda Sul,none,Lunda Sul,Beans (mixed),Main,2010,10,2011,4,All (PS),area,2344.0
1904,AO2008A113,Angola,AO,Lunda Sul,none,Lunda Sul,Beans (mixed),Main,2011,10,2012,4,All (PS),area,2541.0
1905,AO2008A113,Angola,AO,Lunda Sul,none,Lunda Sul,Beans (mixed),Main,2012,10,2013,4,All (PS),area,2997.0
1906,AO2008A113,Angola,AO,Lunda Sul,none,Lunda Sul,Beans (mixed),Main,2013,10,2014,4,All (PS),area,3169.0
1907,AO2008A113,Angola,AO,Lunda Sul,none,Lunda Sul,Beans (mixed),Main,2014,10,2015,4,All (PS),area,2421.0
1908,AO2008A113,Angola,AO,Lunda Sul,none,Lunda Sul,Beans (mixed),Main,2015,10,2016,4,All (PS),area,2421.0
1909,AO2008A113,Angola,AO,Lunda Sul,none,Lunda Sul,Beans (mixed),Main,2016,10,2017,4,All (PS),area,3031.6
1910,AO2008A113,Angola,AO,Lunda Sul,none,Lunda Sul,Cassava,Main,1996,10,1997,4,All (PS),area,40000.0
1911,AO2008A113,Angola,AO,Lunda Sul,none,Lunda Sul,Cassava,Main,1997,10,1998,4,All (PS),area,44000.0
1912,AO2008A113,Angola,AO,Lunda Sul,none,Lunda Sul,Cassava,Main,1998,10,1999,4,All (PS),area,30803.0
1913,AO2008A113,Angola,AO,Lunda Sul,none,Lunda Sul,Cassava,Main,1999,10,2000,4,All (PS),area,33391.0
1914,AO2008A113,Angola,AO,Lunda Sul,none,Lunda Sul,Cassava,Main,2000,10,2001,4,All (PS),area,24327.0
1915,AO2008A113,Angola,AO,Lunda Sul,none,Lunda Sul,Cassava,Main,2001,10,2002,4,All (PS),area,30147.0
1916,AO2008A113,Angola,AO,Lunda Sul,none,Lunda Sul,Cassava,Main,2002,10,2003,4,All (PS),area,72772.0
1917,AO2008A113,Angola,AO,Lunda Sul,none,Lunda Sul,Cassava,Main,2003,10,2004,4,All (PS),area,44636.0
1918,AO2008A113,Angola,AO,Lunda Sul,none,Lunda Sul,Cassava,Main,2004,10,2005,4,All (PS),area,45117.0
1919,AO2008A113,Angola,AO,Lunda Sul,none,Lunda Sul,Cassava,Main,2005,10,2006,4,All (PS),area,46058.0
1920,AO2008A113,Angola,AO,Lunda Sul,none,Lunda Sul,Cassava,Main,2006,10,2007,4,All (PS),area,59403.0
1921,AO2008A113,Angola,AO,Lunda Sul,none,Lunda Sul,Cassava,Main,2007,10,2008,4,All (PS),area,39012.0
1922,AO2008A113,Angola,AO,Lunda Sul,none,Lunda Sul,Cassava,Main,2008,10,2009,4,All (PS),area,70826.0
1923,AO2008A113,Angola,AO,Lunda Sul,none,Lunda Sul,Cassava,Main,2009,10,2010,4,All (PS),area,75767.0
1924,AO2008A113,Angola,AO,Lunda Sul,none,Lunda Sul,Cassava,Main,2010,10,2011,4,All (PS),area,77000.0
1925,AO2008A113,Angola,AO,Lunda Sul,none,Lunda Sul,Cassava,Main,2011,10,2012,4,All (PS),area,90596.0
1926,AO2008A113,Angola,AO,Lunda Sul,none,Lunda Sul,Cassava,Main,2012,10,2013,4,All (PS),area,92222.0
1927,AO2008A113,Angola,AO,Lunda Sul,none,Lunda Sul,Cassava,Main,2013,10,2014,4,All (PS),area,92317.0
1928,AO2008A113,Angola,AO,Lunda Sul,none,Lunda Sul,Cassava,Main,2015,10,2016,4,All (PS),area,99108.0
1929,AO2008A113,Angola,AO,Lunda Sul,none,Lunda Sul,Cassava,Main,2016,10,2017,4,All (PS),area,69274.90000000001
1930,AO2008A113,Angola,AO,Lunda Sul,none,Lunda Sul,Potato,Main,2008,10,2009,4,All (PS),area,2082.0
1931,AO2008A113,Angola,AO,Lunda Sul,none,Lunda Sul,Potato,Main,2009,10,2010,4,All (PS),area,2301.0
1932,AO2008A113,Angola,AO,Lunda Sul,none,Lunda Sul,Potato,Main,2010,10,2011,4,All (PS),area,2210.0
1933,AO2008A113,Angola,AO,Lunda Sul,none,Lunda Sul,Potato,Main,2011,10,2012,4,All (PS),area,2174.0
1934,AO2008A113,Angola,AO,Lunda Sul,none,Lunda Sul,Potato,Main,2012,10,2013,4,All (PS),area,2180.0
1935,AO2008A113,Angola,AO,Lunda Sul,none,Lunda Sul,Potato,Main,2013,10,2014,4,All (PS),area,2097.0
1936,AO2008A113,Angola,AO,Lunda Sul,none,Lunda Sul,Potato,Main,2014,10,2015,4,All (PS),area,2185.0
1937,AO2008A113,Angola,AO,Lunda Sul,none,Lunda Sul,Potato,Main,2015,10,2016,4,All (PS),area,2185.0
1938,AO2008A113,Angola,AO,Lunda Sul,none,Lunda Sul,Potato,Main,2016,10,2017,4,All (PS),area,1854.6
1939,AO2008A113,Angola,AO,Lunda Sul,none,Lunda Sul,Pineapple,Main,2006,10,2007,4,All (PS),area,23.0
1940,AO2008A113,Angola,AO,Lunda Sul,none,Lunda Sul,Pineapple,Main,2014,10,2015,4,All (PS),area,1013.0
1941,AO2008A113,Angola,AO,Lunda Sul,none,Lunda Sul,Pineapple,Main,2015,10,2016,4,All (PS),area,1013.0
1942,AO2008A113,Angola,AO,Lunda Sul,none,Lunda Sul,Pineapple,Main,2016,10,2017,4,All (PS),area,913.4
1943,AO2008A113,Angola,AO,Lunda Sul,none,Lunda Sul,Sorghum,Main,1997,10,1998,4,All (PS),area,13000.0
1944,AO2008A113,Angola,AO,Lunda Sul,none,Lunda Sul,Okras,Main,2014,10,2015,4,All (PS),area,39.0
1945,AO2008A113,Angola,AO,Lunda Sul,none,Lunda Sul,Okras,Main,2015,10,2016,4,All (PS),area,39.0
1946,AO2008A113,Angola,AO,Lunda Sul,none,Lunda Sul,Okras,Main,2016,10,2017,4,All (PS),area,44.0
1947,AO2008A113,Angola,AO,Lunda Sul,none,Lunda Sul,Cabbage,Main,2014,10,2015,4,All (PS),area,220.0
1948,AO2008A113,Angola,AO,Lunda Sul,none,Lunda Sul,Cabbage,Main,2015,10,2016,4,All (PS),area,220.0
1949,AO2008A113,Angola,AO,Lunda Sul,none,Lunda Sul,Cabbage,Main,2016,10,2017,4,All (PS),area,232.0
1950,AO2008A113,Angola,AO,Lunda Sul,none,Lunda Sul,Carrots,Main,2014,10,2015,4,All (PS),area,87.0
1951,AO2008A113,Angola,AO,Lunda Sul,none,Lunda Sul,Carrots,Main,2015,10,2016,4,All (PS),area,87.0
1952,AO2008A113,Angola,AO,Lunda Sul,none,Lunda Sul,Carrots,Main,2016,10,2017,4,All (PS),area,89.0
1953,AO2008A113,Angola,AO,Lunda Sul,none,Lunda Sul,Millet,Main,2014,10,2015,4,All (PS),area,1566.0
1954,AO2008A113,Angola,AO,Lunda Sul,none,Lunda Sul,Millet,Main,2015,10,2016,4,All (PS),area,1566.0
1955,AO2008A113,Angola,AO,Lunda Sul,none,Lunda Sul,Green Bean,Main,2015,10,2016,4,All (PS),area,21.0
1956,AO2008A113,Angola,AO,Lunda Sul,none,Lunda Sul,Millet,Main,1996,10,1997,4,All (PS),area,12895.0
1957,AO2008A113,Angola,AO,Lunda Sul,none,Lunda Sul,Millet,Main,2008,10,2009,4,All (PS),area,1329.0
1958,AO2008A113,Angola,AO,Lunda Sul,none,Lunda Sul,Millet,Main,2009,10,2010,4,All (PS),area,1403.0
1959,AO2008A113,Angola,AO,Lunda Sul,none,Lunda Sul,Millet,Main,2010,10,2011,4,All (PS),area,1430.0
1960,AO2008A113,Angola,AO,Lunda Sul,none,Lunda Sul,Millet,Main,2011,10,2012,4,All (PS),area,1552.0
1961,AO2008A113,Angola,AO,Lunda Sul,none,Lunda Sul,Millet,Main,2012,10,2013,4,All (PS),area,1430.0
1962,AO2008A113,Angola,AO,Lunda Sul,none,Lunda Sul,Millet,Main,2013,10,2014,4,All (PS),area,1552.0
1963,AO2008A113,Angola,AO,Lunda Sul,none,Lunda Sul,Rice,Main,2000,10,2001,4,All (PS),area,825.0
1964,AO2008A113,Angola,AO,Lunda Sul,none,Lunda Sul,Rice,Main,2001,10,2002,4,All (PS),area,1022.0
1965,AO2008A113,Angola,AO,Lunda Sul,none,Lunda Sul,Rice,Main,2002,10,2003,4,All (PS),area,12.0
1966,AO2008A113,Angola,AO,Lunda Sul,none,Lunda Sul,Rice,Main,2003,10,2004,4,All (PS),area,9.0
1967,AO2008A113,Angola,AO,Lunda Sul,none,Lunda Sul,Rice,Main,2004,10,2005,4,All (PS),area,76.0
1968,AO2008A113,Angola,AO,Lunda Sul,none,Lunda Sul,Rice,Main,2005,10,2006,4,All (PS),area,77.0
1969,AO2008A113,Angola,AO,Lunda Sul,none,Lunda Sul,Rice,Main,2006,10,2007,4,All (PS),area,98.0
1970,AO2008A113,Angola,AO,Lunda Sul,none,Lunda Sul,Rice,Main,2007,10,2008,4,All (PS),area,3756.0
1971,AO2008A113,Angola,AO,Lunda Sul,none,Lunda Sul,Rice,Main,2008,10,2009,4,All (PS),area,3727.0
1972,AO2008A113,Angola,AO,Lunda Sul,none,Lunda Sul,Rice,Main,2009,10,2010,4,All (PS),area,3820.0
1973,AO2008A113,Angola,AO,Lunda Sul,none,Lunda Sul,Rice,Main,2010,10,2011,4,All (PS),area,3928.0
1974,AO2008A113,Angola,AO,Lunda Sul,none,Lunda Sul,Rice,Main,2011,10,2012,4,All (PS),area,4370.0
1975,AO2008A113,Angola,AO,Lunda Sul,none,Lunda Sul,Rice,Main,2012,10,2013,4,All (PS),area,4409.0
1976,AO2008A113,Angola,AO,Lunda Sul,none,Lunda Sul,Rice,Main,2013,10,2014,4,All (PS),area,4399.0
1977,AO2008A113,Angola,AO,Lunda Sul,none,Lunda Sul,Rice,Main,2014,10,2015,4,All (PS),area,1845.0
1978,AO2008A113,Angola,AO,Lunda Sul,none,Lunda Sul,Rice,Main,2015,10,2016,4,All (PS),area,1845.0
1979,AO2008A113,Angola,AO,Lunda Sul,none,Lunda Sul,Garlic,Main,2008,10,2009,4,All (PS),area,14.72
1980,AO2008A113,Angola,AO,Lunda Sul,none,Lunda Sul,Garlic,Main,2009,10,2010,4,All (PS),area,23.21
1981,AO2008A113,Angola,AO,Lunda Sul,none,Lunda Sul,Garlic,Main,2010,10,2011,4,All (PS),area,22.0
1982,AO2008A113,Angola,AO,Lunda Sul,none,Lunda Sul,Garlic,Main,2011,10,2012,4,All (PS),area,29.53
1983,AO2008A114,Angola,AO,Malanje,none,Malanje,Maize,Main,1996,10,1997,4,All (PS),area,56600.0
1984,AO2008A114,Angola,AO,Malanje,none,Malanje,Maize,Main,1997,10,1998,4,All (PS),area,60000.0
1985,AO2008A114,Angola,AO,Malanje,none,Malanje,Maize,Main,1998,10,1999,4,All (PS),area,20651.0
1986,AO2008A114,Angola,AO,Malanje,none,Malanje,Maize,Main,1999,10,2000,4,All (PS),area,19076.0
1987,AO2008A114,Angola,AO,Malanje,none,Malanje,Maize,Main,2000,10,2001,4,All (PS),area,24459.0
1988,AO2008A114,Angola,AO,Malanje,none,Malanje,Maize,Main,2001,10,2002,4,All (PS),area,23564.0
1989,AO2008A114,Angola,AO,Malanje,none,Malanje,Maize,Main,2002,10,2003,4,All (PS),area,35925.0
1990,AO2008A114,Angola,AO,Malanje,none,Malanje,Maize,Main,2003,10,2004,4,All (PS),area,51140.0
1991,AO2008A114,Angola,AO,Malanje,none,Malanje,Maize,Main,2004,10,2005,4,All (PS),area,65142.0
1992,AO2008A114,Angola,AO,Malanje,none,Malanje,Maize,Main,2005,10,2006,4,All (PS),area,65973.0
1993,AO2008A114,Angola,AO,Malanje,none,Malanje,Maize,Main,2006,10,2007,4,All (PS),area,70245.0
1994,AO2008A114,Angola,AO,Malanje,none,Malanje,Maize,Main,2007,10,2008,4,All (PS),area,48996.0
1995,AO2008A114,Angola,AO,Malanje,none,Malanje,Maize,Main,2008,10,2009,4,All (PS),area,11639.0
1996,AO2008A114,Angola,AO,Malanje,none,Malanje,Maize,Main,2009,10,2010,4,All (PS),area,55719.0
1997,AO2008A114,Angola,AO,Malanje,none,Malanje,Maize,Main,2010,10,2011,4,All (PS),area,60188.0
1998,AO2008A114,Angola,AO,Malanje,none,Malanje,Maize,Main,2011,10,2012,4,All (PS),area,67556.0
1999,AO2008A114,Angola,AO,Malanje,none,Malanje,Maize,Main,2012,10,2013,4,All (PS),area,69784.0
2000,AO2008A114,Angola,AO,Malanje,none,Malanje,Maize,Main,2013,10,2014,4,All (PS),area,70045.0
2001,AO2008A114,Angola,AO,Malanje,none,Malanje,Maize,Main,2014,10,2015,4,All (PS),area,87332.0
2002,AO2008A114,Angola,AO,Malanje,none,Malanje,Maize,Main,2015,10,2016,4,All (PS),area,87332.0
2003,AO2008A114,Angola,AO,Malanje,none,Malanje,Maize,Main,2016,10,2017,4,All (PS),area,62008.3
2004,AO2008A114,Angola,AO,Malanje,none,Malanje,Chili Pepper,Main,2014,10,2015,4,All (PS),area,426.0
2005,AO2008A114,Angola,AO,Malanje,none,Malanje,Chili Pepper,Main,2015,10,2016,4,All (PS),area,426.0
2006,AO2008A114,Angola,AO,Malanje,none,Malanje,Chili Pepper,Main,2016,10,2017,4,All (PS),area,491.0
2007,AO2008A114,Angola,AO,Malanje,none,Malanje,Sweet Potatoes,Main,2000,10,2001,4,All (PS),area,8153.0
2008,AO2008A114,Angola,AO,Malanje,none,Malanje,Sweet Potatoes,Main,2001,10,2002,4,All (PS),area,7855.0
2009,AO2008A114,Angola,AO,Malanje,none,Malanje,Sweet Potatoes,Main,2002,10,2003,4,All (PS),area,5316.0
2010,AO2008A114,Angola,AO,Malanje,none,Malanje,Sweet Potatoes,Main,2003,10,2004,4,All (PS),area,11060.0
2011,AO2008A114,Angola,AO,Malanje,none,Malanje,Sweet Potatoes,Main,2004,10,2005,4,All (PS),area,13028.0
2012,AO2008A114,Angola,AO,Malanje,none,Malanje,Sweet Potatoes,Main,2005,10,2006,4,All (PS),area,13195.0
2013,AO2008A114,Angola,AO,Malanje,none,Malanje,Sweet Potatoes,Main,2006,10,2007,4,All (PS),area,2273.0
2014,AO2008A114,Angola,AO,Malanje,none,Malanje,Sweet Potatoes,Main,2007,10,2008,4,All (PS),area,3917.0
2015,AO2008A114,Angola,AO,Malanje,none,Malanje,Sweet Potatoes,Main,2008,10,2009,4,All (PS),area,3839.0
2016,AO2008A114,Angola,AO,Malanje,none,Malanje,Sweet Potatoes,Main,2009,10,2010,4,All (PS),area,15706.0
2017,AO2008A114,Angola,AO,Malanje,none,Malanje,Sweet Potatoes,Main,2010,10,2011,4,All (PS),area,16723.0
2018,AO2008A114,Angola,AO,Malanje,none,Malanje,Sweet Potatoes,Main,2011,10,2012,4,All (PS),area,16642.0
2019,AO2008A114,Angola,AO,Malanje,none,Malanje,Sweet Potatoes,Main,2012,10,2013,4,All (PS),area,16810.0
2020,AO2008A114,Angola,AO,Malanje,none,Malanje,Sweet Potatoes,Main,2013,10,2014,4,All (PS),area,17207.0
2021,AO2008A114,Angola,AO,Malanje,none,Malanje,Sweet Potatoes,Main,2014,10,2015,4,All (PS),area,16408.0
2022,AO2008A114,Angola,AO,Malanje,none,Malanje,Banana,Main,2006,10,2007,4,All (PS),area,89.0
2023,AO2008A114,Angola,AO,Malanje,none,Malanje,Banana,Main,2007,10,2008,4,All (PS),area,979.0
2024,AO2008A114,Angola,AO,Malanje,none,Malanje,Banana,Main,2008,10,2009,4,All (PS),area,1086.0
2025,AO2008A114,Angola,AO,Malanje,none,Malanje,Banana,Main,2009,10,2010,4,All (PS),area,2090.0
2026,AO2008A114,Angola,AO,Malanje,none,Malanje,Banana,Main,2010,10,2011,4,All (PS),area,2191.0
2027,AO2008A114,Angola,AO,Malanje,none,Malanje,Banana,Main,2011,10,2012,4,All (PS),area,3013.0
2028,AO2008A114,Angola,AO,Malanje,none,Malanje,Banana,Main,2012,10,2013,4,All (PS),area,3198.0
2029,AO2008A114,Angola,AO,Malanje,none,Malanje,Banana,Main,2013,10,2014,4,All (PS),area,3198.0
2030,AO2008A114,Angola,AO,Malanje,none,Malanje,Banana,Main,2014,10,2015,4,All (PS),area,3124.0
2031,AO2008A114,Angola,AO,Malanje,none,Malanje,Banana,Main,2015,10,2016,4,All (PS),area,3124.0
2032,AO2008A114,Angola,AO,Malanje,none,Malanje,Banana,Main,2016,10,2017,4,All (PS),area,2346.6000000000004
2033,AO2008A114,Angola,AO,Malanje,none,Malanje,Tomato,Main,2014,10,2015,4,All (PS),area,1952.0
2034,AO2008A114,Angola,AO,Malanje,none,Malanje,Tomato,Main,2015,10,2016,4,All (PS),area,1952.0
2035,AO2008A114,Angola,AO,Malanje,none,Malanje,Tomato,Main,2016,10,2017,4,All (PS),area,2792.8
2036,AO2008A114,Angola,AO,Malanje,none,Malanje,Onions,Main,2014,10,2015,4,All (PS),area,1604.0
2037,AO2008A114,Angola,AO,Malanje,none,Malanje,Onions,Main,2015,10,2016,4,All (PS),area,1604.0
2038,AO2008A114,Angola,AO,Malanje,none,Malanje,Onions,Main,2016,10,2017,4,All (PS),area,1687.0
2039,AO2008A114,Angola,AO,Malanje,none,Malanje,Mango,Main,2015,10,2016,4,All (PS),area,714.0
2040,AO2008A114,Angola,AO,Malanje,none,Malanje,Mango,Main,2016,10,2017,4,All (PS),area,780.0
2041,AO2008A114,Angola,AO,Malanje,none,Malanje,Groundnuts (In Shell),Main,2000,10,2001,4,All (PS),area,11414.0
2042,AO2008A114,Angola,AO,Malanje,none,Malanje,Groundnuts (In Shell),Main,2001,10,2002,4,All (PS),area,10960.0
2043,AO2008A114,Angola,AO,Malanje,none,Malanje,Groundnuts (In Shell),Main,2002,10,2003,4,All (PS),area,15304.0
2044,AO2008A114,Angola,AO,Malanje,none,Malanje,Groundnuts (In Shell),Main,2003,10,2004,4,All (PS),area,12274.0
2045,AO2008A114,Angola,AO,Malanje,none,Malanje,Groundnuts (In Shell),Main,2004,10,2005,4,All (PS),area,19054.0
2046,AO2008A114,Angola,AO,Malanje,none,Malanje,Groundnuts (In Shell),Main,2005,10,2006,4,All (PS),area,19297.0
2047,AO2008A114,Angola,AO,Malanje,none,Malanje,Groundnuts (In Shell),Main,2006,10,2007,4,All (PS),area,70230.0
2048,AO2008A114,Angola,AO,Malanje,none,Malanje,Groundnuts (In Shell),Main,2007,10,2008,4,All (PS),area,42106.0
2049,AO2008A114,Angola,AO,Malanje,none,Malanje,Groundnuts (In Shell),Main,2008,10,2009,4,All (PS),area,42186.0
2050,AO2008A114,Angola,AO,Malanje,none,Malanje,Groundnuts (In Shell),Main,2009,10,2010,4,All (PS),area,23218.0
2051,AO2008A114,Angola,AO,Malanje,none,Malanje,Groundnuts (In Shell),Main,2010,10,2011,4,All (PS),area,25748.0
2052,AO2008A114,Angola,AO,Malanje,none,Malanje,Groundnuts (In Shell),Main,2011,10,2012,4,All (PS),area,26877.0
2053,AO2008A114,Angola,AO,Malanje,none,Malanje,Groundnuts (In Shell),Main,2012,10,2013,4,All (PS),area,27066.0
2054,AO2008A114,Angola,AO,Malanje,none,Malanje,Groundnuts (In Shell),Main,2013,10,2014,4,All (PS),area,27151.0
2055,AO2008A114,Angola,AO,Malanje,none,Malanje,Groundnuts (In Shell),Main,2014,10,2015,4,All (PS),area,28129.0
2056,AO2008A114,Angola,AO,Malanje,none,Malanje,Groundnuts (In Shell),Main,2015,10,2016,4,All (PS),area,28129.0
2057,AO2008A114,Angola,AO,Malanje,none,Malanje,Groundnuts (In Shell),Main,2016,10,2017,4,All (PS),area,33007.3
2058,AO2008A114,Angola,AO,Malanje,none,Malanje,Lemon,Main,2015,10,2016,4,All (PS),area,2292.0
2059,AO2008A114,Angola,AO,Malanje,none,Malanje,Lemon,Main,2016,10,2017,4,All (PS),area,2375.5
2060,AO2008A114,Angola,AO,Malanje,none,Malanje,Beans (mixed),Main,2000,10,2001,4,All (PS),area,16306.0
2061,AO2008A114,Angola,AO,Malanje,none,Malanje,Beans (mixed),Main,2001,10,2002,4,All (PS),area,15790.0
2062,AO2008A114,Angola,AO,Malanje,none,Malanje,Beans (mixed),Main,2002,10,2003,4,All (PS),area,17721.0
2063,AO2008A114,Angola,AO,Malanje,none,Malanje,Beans (mixed),Main,2003,10,2004,4,All (PS),area,24547.0
2064,AO2008A114,Angola,AO,Malanje,none,Malanje,Beans (mixed),Main,2004,10,2005,4,All (PS),area,39085.0
2065,AO2008A114,Angola,AO,Malanje,none,Malanje,Beans (mixed),Main,2005,10,2006,4,All (PS),area,39584.0
2066,AO2008A114,Angola,AO,Malanje,none,Malanje,Beans (mixed),Main,2006,10,2007,4,All (PS),area,51550.0
2067,AO2008A114,Angola,AO,Malanje,none,Malanje,Beans (mixed),Main,2007,10,2008,4,All (PS),area,28423.0
2068,AO2008A114,Angola,AO,Malanje,none,Malanje,Beans (mixed),Main,2008,10,2009,4,All (PS),area,28722.0
2069,AO2008A114,Angola,AO,Malanje,none,Malanje,Beans (mixed),Main,2009,10,2010,4,All (PS),area,29059.0
2070,AO2008A114,Angola,AO,Malanje,none,Malanje,Beans (mixed),Main,2010,10,2011,4,All (PS),area,39846.0
2071,AO2008A114,Angola,AO,Malanje,none,Malanje,Beans (mixed),Main,2011,10,2012,4,All (PS),area,42067.0
2072,AO2008A114,Angola,AO,Malanje,none,Malanje,Beans (mixed),Main,2012,10,2013,4,All (PS),area,51270.0
2073,AO2008A114,Angola,AO,Malanje,none,Malanje,Beans (mixed),Main,2013,10,2014,4,All (PS),area,51465.0
2074,AO2008A114,Angola,AO,Malanje,none,Malanje,Beans (mixed),Main,2014,10,2015,4,All (PS),area,39584.0
2075,AO2008A114,Angola,AO,Malanje,none,Malanje,Beans (mixed),Main,2015,10,2016,4,All (PS),area,39584.0
2076,AO2008A114,Angola,AO,Malanje,none,Malanje,Beans (mixed),Main,2016,10,2017,4,All (PS),area,31483.6
2077,AO2008A114,Angola,AO,Malanje,none,Malanje,Cassava,Main,1997,10,1998,4,All (PS),area,10000.0
2078,AO2008A114,Angola,AO,Malanje,none,Malanje,Cassava,Main,1998,10,1999,4,All (PS),area,82603.0
2079,AO2008A114,Angola,AO,Malanje,none,Malanje,Cassava,Main,1999,10,2000,4,All (PS),area,75182.0
2080,AO2008A114,Angola,AO,Malanje,none,Malanje,Cassava,Main,2000,10,2001,4,All (PS),area,94574.0
2081,AO2008A114,Angola,AO,Malanje,none,Malanje,Cassava,Main,2001,10,2002,4,All (PS),area,91112.0
2082,AO2008A114,Angola,AO,Malanje,none,Malanje,Cassava,Main,2002,10,2003,4,All (PS),area,80226.0
2083,AO2008A114,Angola,AO,Malanje,none,Malanje,Cassava,Main,2003,10,2004,4,All (PS),area,102280.0
2084,AO2008A114,Angola,AO,Malanje,none,Malanje,Cassava,Main,2004,10,2005,4,All (PS),area,159598.0
2085,AO2008A114,Angola,AO,Malanje,none,Malanje,Cassava,Main,2005,10,2006,4,All (PS),area,161634.0
2086,AO2008A114,Angola,AO,Malanje,none,Malanje,Cassava,Main,2006,10,2007,4,All (PS),area,184611.0
2087,AO2008A114,Angola,AO,Malanje,none,Malanje,Cassava,Main,2007,10,2008,4,All (PS),area,113660.0
2088,AO2008A114,Angola,AO,Malanje,none,Malanje,Cassava,Main,2008,10,2009,4,All (PS),area,132909.0
2089,AO2008A114,Angola,AO,Malanje,none,Malanje,Cassava,Main,2009,10,2010,4,All (PS),area,136416.0
2090,AO2008A114,Angola,AO,Malanje,none,Malanje,Cassava,Main,2010,10,2011,4,All (PS),area,142073.0
2091,AO2008A114,Angola,AO,Malanje,none,Malanje,Cassava,Main,2011,10,2012,4,All (PS),area,149345.0
2092,AO2008A114,Angola,AO,Malanje,none,Malanje,Cassava,Main,2012,10,2013,4,All (PS),area,152995.0
2093,AO2008A114,Angola,AO,Malanje,none,Malanje,Cassava,Main,2013,10,2014,4,All (PS),area,153081.0
2094,AO2008A114,Angola,AO,Malanje,none,Malanje,Cassava,Main,2015,10,2016,4,All (PS),area,101277.0
2095,AO2008A114,Angola,AO,Malanje,none,Malanje,Cassava,Main,2016,10,2017,4,All (PS),area,100892.3
2096,AO2008A114,Angola,AO,Malanje,none,Malanje,Potato,Main,2000,10,2001,4,All (PS),area,1631.0
2097,AO2008A114,Angola,AO,Malanje,none,Malanje,Potato,Main,2001,10,2002,4,All (PS),area,1571.0
2098,AO2008A114,Angola,AO,Malanje,none,Malanje,Potato,Main,2006,10,2007,4,All (PS),area,69.0
2099,AO2008A114,Angola,AO,Malanje,none,Malanje,Potato,Main,2007,10,2008,4,All (PS),area,1072.0
2100,AO2008A114,Angola,AO,Malanje,none,Malanje,Potato,Main,2008,10,2009,4,All (PS),area,1823.0
2101,AO2008A114,Angola,AO,Malanje,none,Malanje,Potato,Main,2009,10,2010,4,All (PS),area,8955.0
2102,AO2008A114,Angola,AO,Malanje,none,Malanje,Potato,Main,2010,10,2011,4,All (PS),area,9747.0
2103,AO2008A114,Angola,AO,Malanje,none,Malanje,Potato,Main,2011,10,2012,4,All (PS),area,9407.0
2104,AO2008A114,Angola,AO,Malanje,none,Malanje,Potato,Main,2012,10,2013,4,All (PS),area,9546.0
2105,AO2008A114,Angola,AO,Malanje,none,Malanje,Potato,Main,2013,10,2014,4,All (PS),area,9651.0
2106,AO2008A114,Angola,AO,Malanje,none,Malanje,Potato,Main,2014,10,2015,4,All (PS),area,9567.0
2107,AO2008A114,Angola,AO,Malanje,none,Malanje,Potato,Main,2015,10,2016,4,All (PS),area,9567.0
2108,AO2008A114,Angola,AO,Malanje,none,Malanje,Potato,Main,2016,10,2017,4,All (PS),area,6868.5
2109,AO2008A114,Angola,AO,Malanje,none,Malanje,Pineapple,Main,2014,10,2015,4,All (PS),area,3095.0
2110,AO2008A114,Angola,AO,Malanje,none,Malanje,Pineapple,Main,2015,10,2016,4,All (PS),area,3095.0
2111,AO2008A114,Angola,AO,Malanje,none,Malanje,Pineapple,Main,2016,10,2017,4,All (PS),area,3172.5
2112,AO2008A114,Angola,AO,Malanje,none,Malanje,Sorghum,Main,1996,10,1997,4,All (PS),area,32628.0
2113,AO2008A114,Angola,AO,Malanje,none,Malanje,Sorghum,Main,1997,10,1998,4,All (PS),area,32000.0
2114,AO2008A114,Angola,AO,Malanje,none,Malanje,Sorghum,Main,2016,10,2017,4,All (PS),area,625.3
2115,AO2008A114,Angola,AO,Malanje,none,Malanje,Coffee,Main,2012,10,2013,4,All (PS),area,6964.0
2116,AO2008A114,Angola,AO,Malanje,none,Malanje,Coffee,Main,2013,10,2014,4,All (PS),area,6964.0
2117,AO2008A114,Angola,AO,Malanje,none,Malanje,Soybean,Main,2009,10,2010,4,All (PS),area,227.0
2118,AO2008A114,Angola,AO,Malanje,none,Malanje,Soybean,Main,2010,10,2011,4,All (PS),area,245.0
2119,AO2008A114,Angola,AO,Malanje,none,Malanje,Soybean,Main,2011,10,2012,4,All (PS),area,257.0
2120,AO2008A114,Angola,AO,Malanje,none,Malanje,Soybean,Main,2012,10,2013,4,All (PS),area,257.0
2121,AO2008A114,Angola,AO,Malanje,none,Malanje,Soybean,Main,2013,10,2014,4,All (PS),area,272.0
2122,AO2008A114,Angola,AO,Malanje,none,Malanje,Soybean,Main,2014,10,2015,4,All (PS),area,301.0
2123,AO2008A114,Angola,AO,Malanje,none,Malanje,Soybean,Main,2015,10,2016,4,All (PS),area,301.0
2124,AO2008A114,Angola,AO,Malanje,none,Malanje,Okras,Main,2014,10,2015,4,All (PS),area,151.0
2125,AO2008A114,Angola,AO,Malanje,none,Malanje,Okras,Main,2015,10,2016,4,All (PS),area,151.0
2126,AO2008A114,Angola,AO,Malanje,none,Malanje,Okras,Main,2016,10,2017,4,All (PS),area,144.0
2127,AO2008A114,Angola,AO,Malanje,none,Malanje,Cabbage,Main,2014,10,2015,4,All (PS),area,1398.0
2128,AO2008A114,Angola,AO,Malanje,none,Malanje,Cabbage,Main,2015,10,2016,4,All (PS),area,1398.0
2129,AO2008A114,Angola,AO,Malanje,none,Malanje,Cabbage,Main,2016,10,2017,4,All (PS),area,1547.0
2130,AO2008A114,Angola,AO,Malanje,none,Malanje,Carrots,Main,2014,10,2015,4,All (PS),area,368.0
2131,AO2008A114,Angola,AO,Malanje,none,Malanje,Carrots,Main,2015,10,2016,4,All (PS),area,368.0
2132,AO2008A114,Angola,AO,Malanje,none,Malanje,Carrots,Main,2016,10,2017,4,All (PS),area,360.0
2133,AO2008A114,Angola,AO,Malanje,none,Malanje,Millet,Main,2016,10,2017,4,All (PS),area,347.4
2134,AO2008A114,Angola,AO,Malanje,none,Malanje,Green Bean,Main,2015,10,2016,4,All (PS),area,78.0
2135,AO2008A114,Angola,AO,Malanje,none,Malanje,Millet,Main,1996,10,1997,4,All (PS),area,21857.0
2136,AO2008A114,Angola,AO,Malanje,none,Malanje,Millet,Main,1997,10,1998,4,All (PS),area,21000.0
2137,AO2008A114,Angola,AO,Malanje,none,Malanje,Rice,Main,2004,10,2005,4,All (PS),area,364.0
2138,AO2008A114,Angola,AO,Malanje,none,Malanje,Rice,Main,2005,10,2006,4,All (PS),area,44.0
2139,AO2008A114,Angola,AO,Malanje,none,Malanje,Rice,Main,2009,10,2010,4,All (PS),area,242.0
2140,AO2008A114,Angola,AO,Malanje,none,Malanje,Rice,Main,2010,10,2011,4,All (PS),area,398.0
2141,AO2008A114,Angola,AO,Malanje,none,Malanje,Rice,Main,2011,10,2012,4,All (PS),area,802.0
2142,AO2008A114,Angola,AO,Malanje,none,Malanje,Rice,Main,2012,10,2013,4,All (PS),area,804.0
2143,AO2008A114,Angola,AO,Malanje,none,Malanje,Rice,Main,2013,10,2014,4,All (PS),area,855.0
2144,AO2008A114,Angola,AO,Malanje,none,Malanje,Rice,Main,2014,10,2015,4,All (PS),area,348.0
2145,AO2008A114,Angola,AO,Malanje,none,Malanje,Rice,Main,2015,10,2016,4,All (PS),area,348.0
2146,AO2008A114,Angola,AO,Malanje,none,Malanje,Rice,Main,2016,10,2017,4,All (PS),area,436.79999999999995
2147,AO2008A114,Angola,AO,Malanje,none,Malanje,Garlic,Main,2008,10,2009,4,All (PS),area,115.1
2148,AO2008A114,Angola,AO,Malanje,none,Malanje,Garlic,Main,2009,10,2010,4,All (PS),area,95.71
2149,AO2008A114,Angola,AO,Malanje,none,Malanje,Garlic,Main,2010,10,2011,4,All (PS),area,48.0
2150,AO2008A114,Angola,AO,Malanje,none,Malanje,Garlic,Main,2011,10,2012,4,All (PS),area,92.83
2151,AO2008A114,Angola,AO,Malanje,none,Malanje,Avocado,Main,2014,10,2015,4,All (PS),area,117.0
2152,AO2008A114,Angola,AO,Malanje,none,Malanje,Avocado,Main,2015,10,2016,4,All (PS),area,117.0
2153,AO2008A115,Angola,AO,Moxico,none,Moxico,Maize,Main,1996,10,1997,4,All (PS),area,22702.0
2154,AO2008A115,Angola,AO,Moxico,none,Moxico,Maize,Main,1997,10,1998,4,All (PS),area,26400.0
2155,AO2008A115,Angola,AO,Moxico,none,Moxico,Maize,Main,1998,10,1999,4,All (PS),area,21343.0
2156,AO2008A115,Angola,AO,Moxico,none,Moxico,Maize,Main,1999,10,2000,4,All (PS),area,23623.0
2157,AO2008A115,Angola,AO,Moxico,none,Moxico,Maize,Main,2000,10,2001,4,All (PS),area,25003.0
2158,AO2008A115,Angola,AO,Moxico,none,Moxico,Maize,Main,2001,10,2002,4,All (PS),area,16781.0
2159,AO2008A115,Angola,AO,Moxico,none,Moxico,Maize,Main,2002,10,2003,4,All (PS),area,13927.0
2160,AO2008A115,Angola,AO,Moxico,none,Moxico,Maize,Main,2003,10,2004,4,All (PS),area,17876.0
2161,AO2008A115,Angola,AO,Moxico,none,Moxico,Maize,Main,2004,10,2005,4,All (PS),area,12728.0
2162,AO2008A115,Angola,AO,Moxico,none,Moxico,Maize,Main,2005,10,2006,4,All (PS),area,10382.0
2163,AO2008A115,Angola,AO,Moxico,none,Moxico,Maize,Main,2006,10,2007,4,All (PS),area,9501.0
2164,AO2008A115,Angola,AO,Moxico,none,Moxico,Maize,Main,2007,10,2008,4,All (PS),area,20502.0
2165,AO2008A115,Angola,AO,Moxico,none,Moxico,Maize,Main,2008,10,2009,4,All (PS),area,35841.0
2166,AO2008A115,Angola,AO,Moxico,none,Moxico,Maize,Main,2009,10,2010,4,All (PS),area,36240.0
2167,AO2008A115,Angola,AO,Moxico,none,Moxico,Maize,Main,2010,10,2011,4,All (PS),area,37087.0
2168,AO2008A115,Angola,AO,Moxico,none,Moxico,Maize,Main,2011,10,2012,4,All (PS),area,45882.0
2169,AO2008A115,Angola,AO,Moxico,none,Moxico,Maize,Main,2012,10,2013,4,All (PS),area,45882.0
2170,AO2008A115,Angola,AO,Moxico,none,Moxico,Maize,Main,2013,10,2014,4,All (PS),area,47662.0
2171,AO2008A115,Angola,AO,Moxico,none,Moxico,Maize,Main,2014,10,2015,4,All (PS),area,57588.0
2172,AO2008A115,Angola,AO,Moxico,none,Moxico,Maize,Main,2015,10,2016,4,All (PS),area,57588.0
2173,AO2008A115,Angola,AO,Moxico,none,Moxico,Maize,Main,2016,10,2017,4,All (PS),area,71991.9
2174,AO2008A115,Angola,AO,Moxico,none,Moxico,Chili Pepper,Main,2014,10,2015,4,All (PS),area,81.0
2175,AO2008A115,Angola,AO,Moxico,none,Moxico,Chili Pepper,Main,2015,10,2016,4,All (PS),area,81.0
2176,AO2008A115,Angola,AO,Moxico,none,Moxico,Chili Pepper,Main,2016,10,2017,4,All (PS),area,86.0
2177,AO2008A115,Angola,AO,Moxico,none,Moxico,Sweet Potatoes,Main,2000,10,2001,4,All (PS),area,2206.0
2178,AO2008A115,Angola,AO,Moxico,none,Moxico,Sweet Potatoes,Main,2001,10,2002,4,All (PS),area,1481.0
2179,AO2008A115,Angola,AO,Moxico,none,Moxico,Sweet Potatoes,Main,2002,10,2003,4,All (PS),area,9091.0
2180,AO2008A115,Angola,AO,Moxico,none,Moxico,Sweet Potatoes,Main,2003,10,2004,4,All (PS),area,11918.0
2181,AO2008A115,Angola,AO,Moxico,none,Moxico,Sweet Potatoes,Main,2004,10,2005,4,All (PS),area,12728.0
2182,AO2008A115,Angola,AO,Moxico,none,Moxico,Sweet Potatoes,Main,2005,10,2006,4,All (PS),area,12977.0
2183,AO2008A115,Angola,AO,Moxico,none,Moxico,Sweet Potatoes,Main,2006,10,2007,4,All (PS),area,12359.0
2184,AO2008A115,Angola,AO,Moxico,none,Moxico,Sweet Potatoes,Main,2007,10,2008,4,All (PS),area,6104.0
2185,AO2008A115,Angola,AO,Moxico,none,Moxico,Sweet Potatoes,Main,2008,10,2009,4,All (PS),area,6080.0
2186,AO2008A115,Angola,AO,Moxico,none,Moxico,Sweet Potatoes,Main,2009,10,2010,4,All (PS),area,6216.0
2187,AO2008A115,Angola,AO,Moxico,none,Moxico,Sweet Potatoes,Main,2010,10,2011,4,All (PS),area,6252.0
2188,AO2008A115,Angola,AO,Moxico,none,Moxico,Sweet Potatoes,Main,2011,10,2012,4,All (PS),area,5945.0
2189,AO2008A115,Angola,AO,Moxico,none,Moxico,Sweet Potatoes,Main,2012,10,2013,4,All (PS),area,6003.0
2190,AO2008A115,Angola,AO,Moxico,none,Moxico,Sweet Potatoes,Main,2013,10,2014,4,All (PS),area,5995.0
2191,AO2008A115,Angola,AO,Moxico,none,Moxico,Sweet Potatoes,Main,2014,10,2015,4,All (PS),area,6050.0
2192,AO2008A115,Angola,AO,Moxico,none,Moxico,Sweet Potatoes,Main,2015,10,2016,4,All (PS),area,6050.0
2193,AO2008A115,Angola,AO,Moxico,none,Moxico,Sweet Potatoes,Main,2016,10,2017,4,All (PS),area,4596.0
2194,AO2008A115,Angola,AO,Moxico,none,Moxico,Banana,Main,2006,10,2007,4,All (PS),area,894.0
2195,AO2008A115,Angola,AO,Moxico,none,Moxico,Banana,Main,2009,10,2010,4,All (PS),area,1869.0
2196,AO2008A115,Angola,AO,Moxico,none,Moxico,Banana,Main,2010,10,2011,4,All (PS),area,1926.0
2197,AO2008A115,Angola,AO,Moxico,none,Moxico,Banana,Main,2011,10,2012,4,All (PS),area,2255.0
2198,AO2008A115,Angola,AO,Moxico,none,Moxico,Banana,Main,2012,10,2013,4,All (PS),area,1354.0
2199,AO2008A115,Angola,AO,Moxico,none,Moxico,Banana,Main,2013,10,2014,4,All (PS),area,2375.0
2200,AO2008A115,Angola,AO,Moxico,none,Moxico,Banana,Main,2014,10,2015,4,All (PS),area,2642.0
2201,AO2008A115,Angola,AO,Moxico,none,Moxico,Banana,Main,2015,10,2016,4,All (PS),area,2642.0
2202,AO2008A115,Angola,AO,Moxico,none,Moxico,Banana,Main,2016,10,2017,4,All (PS),area,3254.1000000000004
2203,AO2008A115,Angola,AO,Moxico,none,Moxico,Tomato,Main,2014,10,2015,4,All (PS),area,332.0
2204,AO2008A115,Angola,AO,Moxico,none,Moxico,Tomato,Main,2015,10,2016,4,All (PS),area,332.0
2205,AO2008A115,Angola,AO,Moxico,none,Moxico,Tomato,Main,2016,10,2017,4,All (PS),area,377.0
2206,AO2008A115,Angola,AO,Moxico,none,Moxico,Onions,Main,2014,10,2015,4,All (PS),area,361.0
2207,AO2008A115,Angola,AO,Moxico,none,Moxico,Onions,Main,2015,10,2016,4,All (PS),area,361.0
2208,AO2008A115,Angola,AO,Moxico,none,Moxico,Onions,Main,2016,10,2017,4,All (PS),area,359.0
2209,AO2008A115,Angola,AO,Moxico,none,Moxico,Mango,Main,2015,10,2016,4,All (PS),area,2518.0
2210,AO2008A115,Angola,AO,Moxico,none,Moxico,Mango,Main,2016,10,2017,4,All (PS),area,3898.0
2211,AO2008A115,Angola,AO,Moxico,none,Moxico,Groundnuts (In Shell),Main,2000,10,2001,4,All (PS),area,3677.0
2212,AO2008A115,Angola,AO,Moxico,none,Moxico,Groundnuts (In Shell),Main,2001,10,2002,4,All (PS),area,2468.0
2213,AO2008A115,Angola,AO,Moxico,none,Moxico,Groundnuts (In Shell),Main,2002,10,2003,4,All (PS),area,11606.0
2214,AO2008A115,Angola,AO,Moxico,none,Moxico,Groundnuts (In Shell),Main,2003,10,2004,4,All (PS),area,14301.0
2215,AO2008A115,Angola,AO,Moxico,none,Moxico,Groundnuts (In Shell),Main,2004,10,2005,4,All (PS),area,12728.0
2216,AO2008A115,Angola,AO,Moxico,none,Moxico,Groundnuts (In Shell),Main,2005,10,2006,4,All (PS),area,12977.0
2217,AO2008A115,Angola,AO,Moxico,none,Moxico,Groundnuts (In Shell),Main,2006,10,2007,4,All (PS),area,11132.0
2218,AO2008A115,Angola,AO,Moxico,none,Moxico,Groundnuts (In Shell),Main,2007,10,2008,4,All (PS),area,20010.0
2219,AO2008A115,Angola,AO,Moxico,none,Moxico,Groundnuts (In Shell),Main,2008,10,2009,4,All (PS),area,19952.0
2220,AO2008A115,Angola,AO,Moxico,none,Moxico,Groundnuts (In Shell),Main,2009,10,2010,4,All (PS),area,20083.0
2221,AO2008A115,Angola,AO,Moxico,none,Moxico,Groundnuts (In Shell),Main,2010,10,2011,4,All (PS),area,22910.0
2222,AO2008A115,Angola,AO,Moxico,none,Moxico,Groundnuts (In Shell),Main,2011,10,2012,4,All (PS),area,24181.0
2223,AO2008A115,Angola,AO,Moxico,none,Moxico,Groundnuts (In Shell),Main,2012,10,2013,4,All (PS),area,24397.0
2224,AO2008A115,Angola,AO,Moxico,none,Moxico,Groundnuts (In Shell),Main,2013,10,2014,4,All (PS),area,24548.0
2225,AO2008A115,Angola,AO,Moxico,none,Moxico,Groundnuts (In Shell),Main,2014,10,2015,4,All (PS),area,24475.0
2226,AO2008A115,Angola,AO,Moxico,none,Moxico,Groundnuts (In Shell),Main,2015,10,2016,4,All (PS),area,24475.0
2227,AO2008A115,Angola,AO,Moxico,none,Moxico,Groundnuts (In Shell),Main,2016,10,2017,4,All (PS),area,35391.9
2228,AO2008A115,Angola,AO,Moxico,none,Moxico,Lemon,Main,2015,10,2016,4,All (PS),area,834.0
2229,AO2008A115,Angola,AO,Moxico,none,Moxico,Lemon,Main,2016,10,2017,4,All (PS),area,324.7
2230,AO2008A115,Angola,AO,Moxico,none,Moxico,Beans (mixed),Main,2000,10,2001,4,All (PS),area,5148.0
2231,AO2008A115,Angola,AO,Moxico,none,Moxico,Beans (mixed),Main,2001,10,2002,4,All (PS),area,3455.0
2232,AO2008A115,Angola,AO,Moxico,none,Moxico,Beans (mixed),Main,2002,10,2003,4,All (PS),area,8511.0
2233,AO2008A115,Angola,AO,Moxico,none,Moxico,Beans (mixed),Main,2003,10,2004,4,All (PS),area,11322.0
2234,AO2008A115,Angola,AO,Moxico,none,Moxico,Beans (mixed),Main,2004,10,2005,4,All (PS),area,12091.0
2235,AO2008A115,Angola,AO,Moxico,none,Moxico,Beans (mixed),Main,2005,10,2006,4,All (PS),area,12328.0
2236,AO2008A115,Angola,AO,Moxico,none,Moxico,Beans (mixed),Main,2006,10,2007,4,All (PS),area,18430.0
2237,AO2008A115,Angola,AO,Moxico,none,Moxico,Beans (mixed),Main,2007,10,2008,4,All (PS),area,22184.0
2238,AO2008A115,Angola,AO,Moxico,none,Moxico,Beans (mixed),Main,2008,10,2009,4,All (PS),area,13352.0
2239,AO2008A115,Angola,AO,Moxico,none,Moxico,Beans (mixed),Main,2009,10,2010,4,All (PS),area,13673.0
2240,AO2008A115,Angola,AO,Moxico,none,Moxico,Beans (mixed),Main,2010,10,2011,4,All (PS),area,18239.0
2241,AO2008A115,Angola,AO,Moxico,none,Moxico,Beans (mixed),Main,2011,10,2012,4,All (PS),area,19518.0
2242,AO2008A115,Angola,AO,Moxico,none,Moxico,Beans (mixed),Main,2012,10,2013,4,All (PS),area,20348.0
2243,AO2008A115,Angola,AO,Moxico,none,Moxico,Beans (mixed),Main,2013,10,2014,4,All (PS),area,20524.0
2244,AO2008A115,Angola,AO,Moxico,none,Moxico,Beans (mixed),Main,2014,10,2015,4,All (PS),area,19410.0
2245,AO2008A115,Angola,AO,Moxico,none,Moxico,Beans (mixed),Main,2015,10,2016,4,All (PS),area,19410.0
2246,AO2008A115,Angola,AO,Moxico,none,Moxico,Beans (mixed),Main,2016,10,2017,4,All (PS),area,20480.600000000002
2247,AO2008A115,Angola,AO,Moxico,none,Moxico,Cassava,Main,1996,10,1997,4,All (PS),area,81236.0
2248,AO2008A115,Angola,AO,Moxico,none,Moxico,Cassava,Main,1997,10,1998,4,All (PS),area,84623.0
2249,AO2008A115,Angola,AO,Moxico,none,Moxico,Cassava,Main,1998,10,1999,4,All (PS),area,26679.0
2250,AO2008A115,Angola,AO,Moxico,none,Moxico,Cassava,Main,1999,10,2000,4,All (PS),area,31266.0
2251,AO2008A115,Angola,AO,Moxico,none,Moxico,Cassava,Main,2000,10,2001,4,All (PS),area,30151.0
2252,AO2008A115,Angola,AO,Moxico,none,Moxico,Cassava,Main,2001,10,2002,4,All (PS),area,20236.0
2253,AO2008A115,Angola,AO,Moxico,none,Moxico,Cassava,Main,2002,10,2003,4,All (PS),area,43521.0
2254,AO2008A115,Angola,AO,Moxico,none,Moxico,Cassava,Main,2003,10,2004,4,All (PS),area,50054.0
2255,AO2008A115,Angola,AO,Moxico,none,Moxico,Cassava,Main,2004,10,2005,4,All (PS),area,59821.0
2256,AO2008A115,Angola,AO,Moxico,none,Moxico,Cassava,Main,2005,10,2006,4,All (PS),area,60993.0
2257,AO2008A115,Angola,AO,Moxico,none,Moxico,Cassava,Main,2006,10,2007,4,All (PS),area,72340.0
2258,AO2008A115,Angola,AO,Moxico,none,Moxico,Cassava,Main,2007,10,2008,4,All (PS),area,40669.0
2259,AO2008A115,Angola,AO,Moxico,none,Moxico,Cassava,Main,2008,10,2009,4,All (PS),area,78431.0
2260,AO2008A115,Angola,AO,Moxico,none,Moxico,Cassava,Main,2009,10,2010,4,All (PS),area,88884.0
2261,AO2008A115,Angola,AO,Moxico,none,Moxico,Cassava,Main,2010,10,2011,4,All (PS),area,91001.0
2262,AO2008A115,Angola,AO,Moxico,none,Moxico,Cassava,Main,2011,10,2012,4,All (PS),area,91808.0
2263,AO2008A115,Angola,AO,Moxico,none,Moxico,Cassava,Main,2012,10,2013,4,All (PS),area,93235.0
2264,AO2008A115,Angola,AO,Moxico,none,Moxico,Cassava,Main,2013,10,2014,4,All (PS),area,93498.0
2265,AO2008A115,Angola,AO,Moxico,none,Moxico,Cassava,Main,2015,10,2016,4,All (PS),area,96850.0
2266,AO2008A115,Angola,AO,Moxico,none,Moxico,Cassava,Main,2016,10,2017,4,All (PS),area,68533.4
2267,AO2008A115,Angola,AO,Moxico,none,Moxico,Potato,Main,2003,10,2004,4,All (PS),area,358.0
2268,AO2008A115,Angola,AO,Moxico,none,Moxico,Potato,Main,2004,10,2005,4,All (PS),area,359.0
2269,AO2008A115,Angola,AO,Moxico,none,Moxico,Potato,Main,2005,10,2006,4,All (PS),area,366.0
2270,AO2008A115,Angola,AO,Moxico,none,Moxico,Potato,Main,2008,10,2009,4,All (PS),area,162.0
2271,AO2008A115,Angola,AO,Moxico,none,Moxico,Potato,Main,2009,10,2010,4,All (PS),area,163.0
2272,AO2008A115,Angola,AO,Moxico,none,Moxico,Potato,Main,2010,10,2011,4,All (PS),area,165.0
2273,AO2008A115,Angola,AO,Moxico,none,Moxico,Potato,Main,2011,10,2012,4,All (PS),area,179.0
2274,AO2008A115,Angola,AO,Moxico,none,Moxico,Potato,Main,2012,10,2013,4,All (PS),area,179.0
2275,AO2008A115,Angola,AO,Moxico,none,Moxico,Potato,Main,2013,10,2014,4,All (PS),area,179.0
2276,AO2008A115,Angola,AO,Moxico,none,Moxico,Potato,Main,2014,10,2015,4,All (PS),area,186.0
2277,AO2008A115,Angola,AO,Moxico,none,Moxico,Potato,Main,2015,10,2016,4,All (PS),area,186.0
2278,AO2008A115,Angola,AO,Moxico,none,Moxico,Potato,Main,2016,10,2017,4,All (PS),area,189.0
2279,AO2008A115,Angola,AO,Moxico,none,Moxico,Pineapple,Main,2014,10,2015,4,All (PS),area,848.0
2280,AO2008A115,Angola,AO,Moxico,none,Moxico,Pineapple,Main,2015,10,2016,4,All (PS),area,848.0
2281,AO2008A115,Angola,AO,Moxico,none,Moxico,Sorghum,Main,1997,10,1998,4,All (PS),area,1000.0
2282,AO2008A115,Angola,AO,Moxico,none,Moxico,Sorghum,Main,2006,10,2007,4,All (PS),area,1448.0
2283,AO2008A115,Angola,AO,Moxico,none,Moxico,Sorghum,Main,2009,10,2010,4,All (PS),area,1249.0
2284,AO2008A115,Angola,AO,Moxico,none,Moxico,Sorghum,Main,2010,10,2011,4,All (PS),area,1264.0
2285,AO2008A115,Angola,AO,Moxico,none,Moxico,Sorghum,Main,2011,10,2012,4,All (PS),area,2270.0
2286,AO2008A115,Angola,AO,Moxico,none,Moxico,Sorghum,Main,2012,10,2013,4,All (PS),area,2270.0
2287,AO2008A115,Angola,AO,Moxico,none,Moxico,Sorghum,Main,2013,10,2014,4,All (PS),area,2285.0
2288,AO2008A115,Angola,AO,Moxico,none,Moxico,Sorghum,Main,2014,10,2015,4,All (PS),area,2609.0
2289,AO2008A115,Angola,AO,Moxico,none,Moxico,Sorghum,Main,2015,10,2016,4,All (PS),area,2609.0
2290,AO2008A115,Angola,AO,Moxico,none,Moxico,Sorghum,Main,2016,10,2017,4,All (PS),area,2922.6
2291,AO2008A115,Angola,AO,Moxico,none,Moxico,Soybean,Main,2008,10,2009,4,All (PS),area,719.0
2292,AO2008A115,Angola,AO,Moxico,none,Moxico,Soybean,Main,2009,10,2010,4,All (PS),area,725.0
2293,AO2008A115,Angola,AO,Moxico,none,Moxico,Soybean,Main,2010,10,2011,4,All (PS),area,753.0
2294,AO2008A115,Angola,AO,Moxico,none,Moxico,Soybean,Main,2011,10,2012,4,All (PS),area,1362.0
2295,AO2008A115,Angola,AO,Moxico,none,Moxico,Soybean,Main,2012,10,2013,4,All (PS),area,800.0
2296,AO2008A115,Angola,AO,Moxico,none,Moxico,Soybean,Main,2013,10,2014,4,All (PS),area,820.0
2297,AO2008A115,Angola,AO,Moxico,none,Moxico,Soybean,Main,2014,10,2015,4,All (PS),area,892.0
2298,AO2008A115,Angola,AO,Moxico,none,Moxico,Soybean,Main,2015,10,2016,4,All (PS),area,892.0
2299,AO2008A115,Angola,AO,Moxico,none,Moxico,Soybean,Main,2016,10,2017,4,All (PS),area,764.0
2300,AO2008A115,Angola,AO,Moxico,none,Moxico,Okras,Main,2014,10,2015,4,All (PS),area,12.0
2301,AO2008A115,Angola,AO,Moxico,none,Moxico,Okras,Main,2015,10,2016,4,All (PS),area,12.0
2302,AO2008A115,Angola,AO,Moxico,none,Moxico,Okras,Main,2016,10,2017,4,All (PS),area,12.0
2303,AO2008A115,Angola,AO,Moxico,none,Moxico,Cabbage,Main,2014,10,2015,4,All (PS),area,160.0
2304,AO2008A115,Angola,AO,Moxico,none,Moxico,Cabbage,Main,2015,10,2016,4,All (PS),area,160.0
2305,AO2008A115,Angola,AO,Moxico,none,Moxico,Cabbage,Main,2016,10,2017,4,All (PS),area,133.0
2306,AO2008A115,Angola,AO,Moxico,none,Moxico,Millet,Main,2014,10,2015,4,All (PS),area,7543.0
2307,AO2008A115,Angola,AO,Moxico,none,Moxico,Millet,Main,2015,10,2016,4,All (PS),area,7543.0
2308,AO2008A115,Angola,AO,Moxico,none,Moxico,Millet,Main,2016,10,2017,4,All (PS),area,8767.7
2309,AO2008A115,Angola,AO,Moxico,none,Moxico,Millet,Main,2000,10,2001,4,All (PS),area,2206.0
2310,AO2008A115,Angola,AO,Moxico,none,Moxico,Millet,Main,2001,10,2002,4,All (PS),area,1481.0
2311,AO2008A115,Angola,AO,Moxico,none,Moxico,Millet,Main,2002,10,2003,4,All (PS),area,193.0
2312,AO2008A115,Angola,AO,Moxico,none,Moxico,Millet,Main,2003,10,2004,4,All (PS),area,1192.0
2313,AO2008A115,Angola,AO,Moxico,none,Moxico,Millet,Main,2004,10,2005,4,All (PS),area,1273.0
2314,AO2008A115,Angola,AO,Moxico,none,Moxico,Millet,Main,2005,10,2006,4,All (PS),area,1298.0
2315,AO2008A115,Angola,AO,Moxico,none,Moxico,Millet,Main,2008,10,2009,4,All (PS),area,5846.0
2316,AO2008A115,Angola,AO,Moxico,none,Moxico,Millet,Main,2009,10,2010,4,All (PS),area,5900.0
2317,AO2008A115,Angola,AO,Moxico,none,Moxico,Millet,Main,2010,10,2011,4,All (PS),area,6301.0
2318,AO2008A115,Angola,AO,Moxico,none,Moxico,Millet,Main,2011,10,2012,4,All (PS),area,6811.0
2319,AO2008A115,Angola,AO,Moxico,none,Moxico,Millet,Main,2012,10,2013,4,All (PS),area,6811.0
2320,AO2008A115,Angola,AO,Moxico,none,Moxico,Millet,Main,2013,10,2014,4,All (PS),area,6816.0
2321,AO2008A115,Angola,AO,Moxico,none,Moxico,Rice,Main,2000,10,2001,4,All (PS),area,2206.0
2322,AO2008A115,Angola,AO,Moxico,none,Moxico,Rice,Main,2001,10,2002,4,All (PS),area,1481.0
2323,AO2008A115,Angola,AO,Moxico,none,Moxico,Rice,Main,2002,10,2003,4,All (PS),area,4836.0
2324,AO2008A115,Angola,AO,Moxico,none,Moxico,Rice,Main,2003,10,2004,4,All (PS),area,6912.0
2325,AO2008A115,Angola,AO,Moxico,none,Moxico,Rice,Main,2004,10,2005,4,All (PS),area,7382.0
2326,AO2008A115,Angola,AO,Moxico,none,Moxico,Rice,Main,2005,10,2006,4,All (PS),area,7527.0
2327,AO2008A115,Angola,AO,Moxico,none,Moxico,Rice,Main,2006,10,2007,4,All (PS),area,7414.0
2328,AO2008A115,Angola,AO,Moxico,none,Moxico,Rice,Main,2007,10,2008,4,All (PS),area,2380.0
2329,AO2008A115,Angola,AO,Moxico,none,Moxico,Rice,Main,2008,10,2009,4,All (PS),area,6882.0
2330,AO2008A115,Angola,AO,Moxico,none,Moxico,Rice,Main,2009,10,2010,4,All (PS),area,4607.0
2331,AO2008A115,Angola,AO,Moxico,none,Moxico,Rice,Main,2010,10,2011,4,All (PS),area,5024.0
2332,AO2008A115,Angola,AO,Moxico,none,Moxico,Rice,Main,2011,10,2012,4,All (PS),area,5286.0
2333,AO2008A115,Angola,AO,Moxico,none,Moxico,Rice,Main,2012,10,2013,4,All (PS),area,5309.0
2334,AO2008A115,Angola,AO,Moxico,none,Moxico,Rice,Main,2013,10,2014,4,All (PS),area,5365.0
2335,AO2008A115,Angola,AO,Moxico,none,Moxico,Rice,Main,2014,10,2015,4,All (PS),area,2460.0
2336,AO2008A115,Angola,AO,Moxico,none,Moxico,Rice,Main,2015,10,2016,4,All (PS),area,2460.0
2337,AO2008A115,Angola,AO,Moxico,none,Moxico,Rice,Main,2016,10,2017,4,All (PS),area,3293.6
2338,AO2008A115,Angola,AO,Moxico,none,Moxico,Garlic,Main,2008,10,2009,4,All (PS),area,11.16
2339,AO2008A115,Angola,AO,Moxico,none,Moxico,Garlic,Main,2009,10,2010,4,All (PS),area,16.72
2340,AO2008A115,Angola,AO,Moxico,none,Moxico,Garlic,Main,2010,10,2011,4,All (PS),area,26.0
2341,AO2008A115,Angola,AO,Moxico,none,Moxico,Garlic,Main,2011,10,2012,4,All (PS),area,47.18
2342,AO2008A116,Angola,AO,Namibe,none,Namibe,Maize,Main,1996,10,1997,4,All (PS),area,5292.0
2343,AO2008A116,Angola,AO,Namibe,none,Namibe,Maize,Main,1997,10,1998,4,All (PS),area,5200.0
2344,AO2008A116,Angola,AO,Namibe,none,Namibe,Maize,Main,1998,10,1999,4,All (PS),area,7817.0
2345,AO2008A116,Angola,AO,Namibe,none,Namibe,Maize,Main,1999,10,2000,4,All (PS),area,6741.0
2346,AO2008A116,Angola,AO,Namibe,none,Namibe,Maize,Main,2000,10,2001,4,All (PS),area,6039.0
2347,AO2008A116,Angola,AO,Namibe,none,Namibe,Maize,Main,2001,10,2002,4,All (PS),area,4569.0
2348,AO2008A116,Angola,AO,Namibe,none,Namibe,Maize,Main,2002,10,2003,4,All (PS),area,5612.0
2349,AO2008A116,Angola,AO,Namibe,none,Namibe,Maize,Main,2003,10,2004,4,All (PS),area,4665.0
2350,AO2008A116,Angola,AO,Namibe,none,Namibe,Maize,Main,2004,10,2005,4,All (PS),area,5026.0
2351,AO2008A116,Angola,AO,Namibe,none,Namibe,Maize,Main,2005,10,2006,4,All (PS),area,5051.0
2352,AO2008A116,Angola,AO,Namibe,none,Namibe,Maize,Main,2006,10,2007,4,All (PS),area,8666.0
2353,AO2008A116,Angola,AO,Namibe,none,Namibe,Maize,Main,2007,10,2008,4,All (PS),area,10577.0
2354,AO2008A116,Angola,AO,Namibe,none,Namibe,Maize,Main,2008,10,2009,4,All (PS),area,18651.0
2355,AO2008A116,Angola,AO,Namibe,none,Namibe,Maize,Main,2009,10,2010,4,All (PS),area,24972.0
2356,AO2008A116,Angola,AO,Namibe,none,Namibe,Maize,Main,2010,10,2011,4,All (PS),area,25484.0
2357,AO2008A116,Angola,AO,Namibe,none,Namibe,Maize,Main,2011,10,2012,4,All (PS),area,31881.0
2358,AO2008A116,Angola,AO,Namibe,none,Namibe,Maize,Main,2012,10,2013,4,All (PS),area,32580.0
2359,AO2008A116,Angola,AO,Namibe,none,Namibe,Maize,Main,2013,10,2014,4,All (PS),area,32245.0
2360,AO2008A116,Angola,AO,Namibe,none,Namibe,Maize,Main,2014,10,2015,4,All (PS),area,33908.0
2361,AO2008A116,Angola,AO,Namibe,none,Namibe,Maize,Main,2015,10,2016,4,All (PS),area,33908.0
2362,AO2008A116,Angola,AO,Namibe,none,Namibe,Maize,Main,2016,10,2017,4,All (PS),area,31533.2
2363,AO2008A116,Angola,AO,Namibe,none,Namibe,Chili Pepper,Main,2014,10,2015,4,All (PS),area,123.0
2364,AO2008A116,Angola,AO,Namibe,none,Namibe,Chili Pepper,Main,2015,10,2016,4,All (PS),area,123.0
2365,AO2008A116,Angola,AO,Namibe,none,Namibe,Chili Pepper,Main,2016,10,2017,4,All (PS),area,139.0
2366,AO2008A116,Angola,AO,Namibe,none,Namibe,Sweet Potatoes,Main,2000,10,2001,4,All (PS),area,1264.0
2367,AO2008A116,Angola,AO,Namibe,none,Namibe,Sweet Potatoes,Main,2001,10,2002,4,All (PS),area,956.0
2368,AO2008A116,Angola,AO,Namibe,none,Namibe,Sweet Potatoes,Main,2002,10,2003,4,All (PS),area,1175.0
2369,AO2008A116,Angola,AO,Namibe,none,Namibe,Sweet Potatoes,Main,2004,10,2005,4,All (PS),area,1292.0
2370,AO2008A116,Angola,AO,Namibe,none,Namibe,Sweet Potatoes,Main,2005,10,2006,4,All (PS),area,1299.0
2371,AO2008A116,Angola,AO,Namibe,none,Namibe,Sweet Potatoes,Main,2007,10,2008,4,All (PS),area,965.0
2372,AO2008A116,Angola,AO,Namibe,none,Namibe,Sweet Potatoes,Main,2008,10,2009,4,All (PS),area,2929.0
2373,AO2008A116,Angola,AO,Namibe,none,Namibe,Sweet Potatoes,Main,2009,10,2010,4,All (PS),area,2982.0
2374,AO2008A116,Angola,AO,Namibe,none,Namibe,Sweet Potatoes,Main,2010,10,2011,4,All (PS),area,3052.0
2375,AO2008A116,Angola,AO,Namibe,none,Namibe,Sweet Potatoes,Main,2011,10,2012,4,All (PS),area,3170.0
2376,AO2008A116,Angola,AO,Namibe,none,Namibe,Sweet Potatoes,Main,2012,10,2013,4,All (PS),area,3209.0
2377,AO2008A116,Angola,AO,Namibe,none,Namibe,Sweet Potatoes,Main,2013,10,2014,4,All (PS),area,3372.0
2378,AO2008A116,Angola,AO,Namibe,none,Namibe,Sweet Potatoes,Main,2014,10,2015,4,All (PS),area,3495.0
2379,AO2008A116,Angola,AO,Namibe,none,Namibe,Sweet Potatoes,Main,2015,10,2016,4,All (PS),area,2855.0
2380,AO2008A116,Angola,AO,Namibe,none,Namibe,Sweet Potatoes,Main,2016,10,2017,4,All (PS),area,2505.0
2381,AO2008A116,Angola,AO,Namibe,none,Namibe,Banana,Main,2006,10,2007,4,All (PS),area,2535.0
2382,AO2008A116,Angola,AO,Namibe,none,Namibe,Banana,Main,2007,10,2008,4,All (PS),area,8038.0
2383,AO2008A116,Angola,AO,Namibe,none,Namibe,Banana,Main,2008,10,2009,4,All (PS),area,8122.0
2384,AO2008A116,Angola,AO,Namibe,none,Namibe,Banana,Main,2009,10,2010,4,All (PS),area,2199.0
2385,AO2008A116,Angola,AO,Namibe,none,Namibe,Banana,Main,2010,10,2011,4,All (PS),area,3175.0
2386,AO2008A116,Angola,AO,Namibe,none,Namibe,Banana,Main,2011,10,2012,4,All (PS),area,3453.0
2387,AO2008A116,Angola,AO,Namibe,none,Namibe,Banana,Main,2012,10,2013,4,All (PS),area,4284.0
2388,AO2008A116,Angola,AO,Namibe,none,Namibe,Banana,Main,2013,10,2014,4,All (PS),area,3790.0
2389,AO2008A116,Angola,AO,Namibe,none,Namibe,Banana,Main,2014,10,2015,4,All (PS),area,4787.0
2390,AO2008A116,Angola,AO,Namibe,none,Namibe,Banana,Main,2015,10,2016,4,All (PS),area,4787.0
2391,AO2008A116,Angola,AO,Namibe,none,Namibe,Banana,Main,2016,10,2017,4,All (PS),area,4469.9
2392,AO2008A116,Angola,AO,Namibe,none,Namibe,Tomato,Main,2014,10,2015,4,All (PS),area,3368.0
2393,AO2008A116,Angola,AO,Namibe,none,Namibe,Tomato,Main,2015,10,2016,4,All (PS),area,3368.0
2394,AO2008A116,Angola,AO,Namibe,none,Namibe,Tomato,Main,2016,10,2017,4,All (PS),area,3285.4
2395,AO2008A116,Angola,AO,Namibe,none,Namibe,Onions,Main,2014,10,2015,4,All (PS),area,1024.0
2396,AO2008A116,Angola,AO,Namibe,none,Namibe,Onions,Main,2015,10,2016,4,All (PS),area,1024.0
2397,AO2008A116,Angola,AO,Namibe,none,Namibe,Onions,Main,2016,10,2017,4,All (PS),area,1140.6
2398,AO2008A116,Angola,AO,Namibe,none,Namibe,Mango,Main,2015,10,2016,4,All (PS),area,522.0
2399,AO2008A116,Angola,AO,Namibe,none,Namibe,Mango,Main,2016,10,2017,4,All (PS),area,495.0
2400,AO2008A116,Angola,AO,Namibe,none,Namibe,Groundnuts (In Shell),Main,2007,10,2008,4,All (PS),area,322.0
2401,AO2008A116,Angola,AO,Namibe,none,Namibe,Groundnuts (In Shell),Main,2008,10,2009,4,All (PS),area,209.0
2402,AO2008A116,Angola,AO,Namibe,none,Namibe,Groundnuts (In Shell),Main,2009,10,2010,4,All (PS),area,880.0
2403,AO2008A116,Angola,AO,Namibe,none,Namibe,Groundnuts (In Shell),Main,2010,10,2011,4,All (PS),area,1026.0
2404,AO2008A116,Angola,AO,Namibe,none,Namibe,Groundnuts (In Shell),Main,2011,10,2012,4,All (PS),area,1525.0
2405,AO2008A116,Angola,AO,Namibe,none,Namibe,Groundnuts (In Shell),Main,2012,10,2013,4,All (PS),area,1542.0
2406,AO2008A116,Angola,AO,Namibe,none,Namibe,Groundnuts (In Shell),Main,2013,10,2014,4,All (PS),area,1554.0
2407,AO2008A116,Angola,AO,Namibe,none,Namibe,Groundnuts (In Shell),Main,2014,10,2015,4,All (PS),area,1150.0
2408,AO2008A116,Angola,AO,Namibe,none,Namibe,Groundnuts (In Shell),Main,2015,10,2016,4,All (PS),area,1150.0
2409,AO2008A116,Angola,AO,Namibe,none,Namibe,Groundnuts (In Shell),Main,2016,10,2017,4,All (PS),area,1723.1
2410,AO2008A116,Angola,AO,Namibe,none,Namibe,Lemon,Main,2015,10,2016,4,All (PS),area,3064.0
2411,AO2008A116,Angola,AO,Namibe,none,Namibe,Lemon,Main,2016,10,2017,4,All (PS),area,3610.9
2412,AO2008A116,Angola,AO,Namibe,none,Namibe,Beans (mixed),Main,2000,10,2001,4,All (PS),area,983.0
2413,AO2008A116,Angola,AO,Namibe,none,Namibe,Beans (mixed),Main,2001,10,2002,4,All (PS),area,850.0
2414,AO2008A116,Angola,AO,Namibe,none,Namibe,Beans (mixed),Main,2002,10,2003,4,All (PS),area,1305.0
2415,AO2008A116,Angola,AO,Namibe,none,Namibe,Beans (mixed),Main,2003,10,2004,4,All (PS),area,1085.0
2416,AO2008A116,Angola,AO,Namibe,none,Namibe,Beans (mixed),Main,2004,10,2005,4,All (PS),area,1436.0
2417,AO2008A116,Angola,AO,Namibe,none,Namibe,Beans (mixed),Main,2005,10,2006,4,All (PS),area,1443.0
2418,AO2008A116,Angola,AO,Namibe,none,Namibe,Beans (mixed),Main,2006,10,2007,4,All (PS),area,2230.0
2419,AO2008A116,Angola,AO,Namibe,none,Namibe,Beans (mixed),Main,2007,10,2008,4,All (PS),area,2900.0
2420,AO2008A116,Angola,AO,Namibe,none,Namibe,Beans (mixed),Main,2008,10,2009,4,All (PS),area,2245.0
2421,AO2008A116,Angola,AO,Namibe,none,Namibe,Beans (mixed),Main,2009,10,2010,4,All (PS),area,2306.0
2422,AO2008A116,Angola,AO,Namibe,none,Namibe,Beans (mixed),Main,2010,10,2011,4,All (PS),area,2715.0
2423,AO2008A116,Angola,AO,Namibe,none,Namibe,Beans (mixed),Main,2011,10,2012,4,All (PS),area,3657.0
2424,AO2008A116,Angola,AO,Namibe,none,Namibe,Beans (mixed),Main,2012,10,2013,4,All (PS),area,4399.0
2425,AO2008A116,Angola,AO,Namibe,none,Namibe,Beans (mixed),Main,2013,10,2014,4,All (PS),area,4631.0
2426,AO2008A116,Angola,AO,Namibe,none,Namibe,Beans (mixed),Main,2014,10,2015,4,All (PS),area,3074.0
2427,AO2008A116,Angola,AO,Namibe,none,Namibe,Beans (mixed),Main,2015,10,2016,4,All (PS),area,3074.0
2428,AO2008A116,Angola,AO,Namibe,none,Namibe,Beans (mixed),Main,2016,10,2017,4,All (PS),area,2869.8999999999996
2429,AO2008A116,Angola,AO,Namibe,none,Namibe,Cassava,Main,1996,10,1997,4,All (PS),area,34398.0
2430,AO2008A116,Angola,AO,Namibe,none,Namibe,Cassava,Main,1997,10,1998,4,All (PS),area,34400.0
2431,AO2008A116,Angola,AO,Namibe,none,Namibe,Cassava,Main,2007,10,2008,4,All (PS),area,352.0
2432,AO2008A116,Angola,AO,Namibe,none,Namibe,Cassava,Main,2008,10,2009,4,All (PS),area,4087.0
2433,AO2008A116,Angola,AO,Namibe,none,Namibe,Cassava,Main,2009,10,2010,4,All (PS),area,4100.0
2434,AO2008A116,Angola,AO,Namibe,none,Namibe,Cassava,Main,2010,10,2011,4,All (PS),area,4498.0
2435,AO2008A116,Angola,AO,Namibe,none,Namibe,Cassava,Main,2011,10,2012,4,All (PS),area,4955.0
2436,AO2008A116,Angola,AO,Namibe,none,Namibe,Cassava,Main,2012,10,2013,4,All (PS),area,5052.0
2437,AO2008A116,Angola,AO,Namibe,none,Namibe,Cassava,Main,2013,10,2014,4,All (PS),area,5208.0
2438,AO2008A116,Angola,AO,Namibe,none,Namibe,Cassava,Main,2015,10,2016,4,All (PS),area,5544.0
2439,AO2008A116,Angola,AO,Namibe,none,Namibe,Cassava,Main,2016,10,2017,4,All (PS),area,4068.6
2440,AO2008A116,Angola,AO,Namibe,none,Namibe,Potato,Main,2001,10,2002,4,All (PS),area,638.0
2441,AO2008A116,Angola,AO,Namibe,none,Namibe,Potato,Main,2002,10,2003,4,All (PS),area,131.0
2442,AO2008A116,Angola,AO,Namibe,none,Namibe,Potato,Main,2003,10,2004,4,All (PS),area,108.0
2443,AO2008A116,Angola,AO,Namibe,none,Namibe,Potato,Main,2004,10,2005,4,All (PS),area,108.0
2444,AO2008A116,Angola,AO,Namibe,none,Namibe,Potato,Main,2006,10,2007,4,All (PS),area,908.0
2445,AO2008A116,Angola,AO,Namibe,none,Namibe,Potato,Main,2007,10,2008,4,All (PS),area,1040.0
2446,AO2008A116,Angola,AO,Namibe,none,Namibe,Potato,Main,2008,10,2009,4,All (PS),area,1862.0
2447,AO2008A116,Angola,AO,Namibe,none,Namibe,Potato,Main,2009,10,2010,4,All (PS),area,1970.0
2448,AO2008A116,Angola,AO,Namibe,none,Namibe,Potato,Main,2010,10,2011,4,All (PS),area,1975.0
2449,AO2008A116,Angola,AO,Namibe,none,Namibe,Potato,Main,2011,10,2012,4,All (PS),area,2126.0
2450,AO2008A116,Angola,AO,Namibe,none,Namibe,Potato,Main,2012,10,2013,4,All (PS),area,2143.0
2451,AO2008A116,Angola,AO,Namibe,none,Namibe,Potato,Main,2013,10,2014,4,All (PS),area,2098.0
2452,AO2008A116,Angola,AO,Namibe,none,Namibe,Potato,Main,2014,10,2015,4,All (PS),area,2153.0
2453,AO2008A116,Angola,AO,Namibe,none,Namibe,Potato,Main,2015,10,2016,4,All (PS),area,2153.0
2454,AO2008A116,Angola,AO,Namibe,none,Namibe,Potato,Main,2016,10,2017,4,All (PS),area,1308.0
2455,AO2008A116,Angola,AO,Namibe,none,Namibe,Pineapple,Main,2007,10,2008,4,All (PS),area,3537.0
2456,AO2008A116,Angola,AO,Namibe,none,Namibe,Sorghum,Main,2006,10,2007,4,All (PS),area,15165.0
2457,AO2008A116,Angola,AO,Namibe,none,Namibe,Sorghum,Main,2007,10,2008,4,All (PS),area,8360.0
2458,AO2008A116,Angola,AO,Namibe,none,Namibe,Sorghum,Main,2008,10,2009,4,All (PS),area,8486.0
2459,AO2008A116,Angola,AO,Namibe,none,Namibe,Sorghum,Main,2009,10,2010,4,All (PS),area,8981.0
2460,AO2008A116,Angola,AO,Namibe,none,Namibe,Sorghum,Main,2010,10,2011,4,All (PS),area,9286.0
2461,AO2008A116,Angola,AO,Namibe,none,Namibe,Sorghum,Main,2011,10,2012,4,All (PS),area,10910.0
2462,AO2008A116,Angola,AO,Namibe,none,Namibe,Sorghum,Main,2012,10,2013,4,All (PS),area,10917.0
2463,AO2008A116,Angola,AO,Namibe,none,Namibe,Sorghum,Main,2013,10,2014,4,All (PS),area,10915.0
2464,AO2008A116,Angola,AO,Namibe,none,Namibe,Sorghum,Main,2014,10,2015,4,All (PS),area,2807.0
2465,AO2008A116,Angola,AO,Namibe,none,Namibe,Sorghum,Main,2015,10,2016,4,All (PS),area,2807.0
2466,AO2008A116,Angola,AO,Namibe,none,Namibe,Sorghum,Main,2016,10,2017,4,All (PS),area,2542.9
2467,AO2008A116,Angola,AO,Namibe,none,Namibe,Coffee,Main,2012,10,2013,4,All (PS),area,1314.0
2468,AO2008A116,Angola,AO,Namibe,none,Namibe,Cabbage,Main,2014,10,2015,4,All (PS),area,986.0
2469,AO2008A116,Angola,AO,Namibe,none,Namibe,Cabbage,Main,2015,10,2016,4,All (PS),area,986.0
2470,AO2008A116,Angola,AO,Namibe,none,Namibe,Cabbage,Main,2016,10,2017,4,All (PS),area,966.9
2471,AO2008A116,Angola,AO,Namibe,none,Namibe,Millet,Main,2014,10,2015,4,All (PS),area,3406.0
2472,AO2008A116,Angola,AO,Namibe,none,Namibe,Millet,Main,2015,10,2016,4,All (PS),area,3406.0
2473,AO2008A116,Angola,AO,Namibe,none,Namibe,Millet,Main,2016,10,2017,4,All (PS),area,3043.6
2474,AO2008A116,Angola,AO,Namibe,none,Namibe,Millet,Main,2000,10,2001,4,All (PS),area,3792.0
2475,AO2008A116,Angola,AO,Namibe,none,Namibe,Millet,Main,2001,10,2002,4,All (PS),area,3400.0
2476,AO2008A116,Angola,AO,Namibe,none,Namibe,Millet,Main,2002,10,2003,4,All (PS),area,4568.0
2477,AO2008A116,Angola,AO,Namibe,none,Namibe,Millet,Main,2003,10,2004,4,All (PS),area,3797.0
2478,AO2008A116,Angola,AO,Namibe,none,Namibe,Millet,Main,2004,10,2005,4,All (PS),area,5170.0
2479,AO2008A116,Angola,AO,Namibe,none,Namibe,Millet,Main,2005,10,2006,4,All (PS),area,5196.0
2480,AO2008A116,Angola,AO,Namibe,none,Namibe,Millet,Main,2006,10,2007,4,All (PS),area,8398.0
2481,AO2008A116,Angola,AO,Namibe,none,Namibe,Millet,Main,2007,10,2008,4,All (PS),area,3215.0
2482,AO2008A116,Angola,AO,Namibe,none,Namibe,Millet,Main,2008,10,2009,4,All (PS),area,549.0
2483,AO2008A116,Angola,AO,Namibe,none,Namibe,Millet,Main,2009,10,2010,4,All (PS),area,2595.0
2484,AO2008A116,Angola,AO,Namibe,none,Namibe,Millet,Main,2010,10,2011,4,All (PS),area,2628.0
2485,AO2008A116,Angola,AO,Namibe,none,Namibe,Millet,Main,2011,10,2012,4,All (PS),area,3061.0
2486,AO2008A116,Angola,AO,Namibe,none,Namibe,Millet,Main,2012,10,2013,4,All (PS),area,3131.0
2487,AO2008A116,Angola,AO,Namibe,none,Namibe,Millet,Main,2013,10,2014,4,All (PS),area,3094.0
2488,AO2008A116,Angola,AO,Namibe,none,Namibe,Garlic,Main,2008,10,2009,4,All (PS),area,91.68
2489,AO2008A116,Angola,AO,Namibe,none,Namibe,Garlic,Main,2009,10,2010,4,All (PS),area,88.82
2490,AO2008A116,Angola,AO,Namibe,none,Namibe,Garlic,Main,2010,10,2011,4,All (PS),area,121.0
2491,AO2008A116,Angola,AO,Namibe,none,Namibe,Garlic,Main,2011,10,2012,4,All (PS),area,189.35
2492,AO2008A117,Angola,AO,Uige,none,Uige,Maize,Main,1996,10,1997,4,All (PS),area,13000.0
2493,AO2008A117,Angola,AO,Uige,none,Uige,Maize,Main,1997,10,1998,4,All (PS),area,6000.0
2494,AO2008A117,Angola,AO,Uige,none,Uige,Maize,Main,1998,10,1999,4,All (PS),area,16219.0
2495,AO2008A117,Angola,AO,Uige,none,Uige,Maize,Main,1999,10,2000,4,All (PS),area,16786.0
2496,AO2008A117,Angola,AO,Uige,none,Uige,Maize,Main,2000,10,2001,4,All (PS),area,23742.0
2497,AO2008A117,Angola,AO,Uige,none,Uige,Maize,Main,2001,10,2002,4,All (PS),area,34919.0
2498,AO2008A117,Angola,AO,Uige,none,Uige,Maize,Main,2002,10,2003,4,All (PS),area,12484.0
2499,AO2008A117,Angola,AO,Uige,none,Uige,Maize,Main,2003,10,2004,4,All (PS),area,17992.0
2500,AO2008A117,Angola,AO,Uige,none,Uige,Maize,Main,2004,10,2005,4,All (PS),area,19429.0
2501,AO2008A117,Angola,AO,Uige,none,Uige,Maize,Main,2005,10,2006,4,All (PS),area,19925.0
2502,AO2008A117,Angola,AO,Uige,none,Uige,Maize,Main,2006,10,2007,4,All (PS),area,21247.0
2503,AO2008A117,Angola,AO,Uige,none,Uige,Maize,Main,2007,10,2008,4,All (PS),area,35286.0
2504,AO2008A117,Angola,AO,Uige,none,Uige,Maize,Main,2008,10,2009,4,All (PS),area,7053.0
2505,AO2008A117,Angola,AO,Uige,none,Uige,Maize,Main,2009,10,2010,4,All (PS),area,36747.0
2506,AO2008A117,Angola,AO,Uige,none,Uige,Maize,Main,2010,10,2011,4,All (PS),area,40104.0
2507,AO2008A117,Angola,AO,Uige,none,Uige,Maize,Main,2011,10,2012,4,All (PS),area,41741.0
2508,AO2008A117,Angola,AO,Uige,none,Uige,Maize,Main,2012,10,2013,4,All (PS),area,43009.0
2509,AO2008A117,Angola,AO,Uige,none,Uige,Maize,Main,2013,10,2014,4,All (PS),area,43243.0
2510,AO2008A117,Angola,AO,Uige,none,Uige,Maize,Main,2014,10,2015,4,All (PS),area,55107.0
2511,AO2008A117,Angola,AO,Uige,none,Uige,Maize,Main,2015,10,2016,4,All (PS),area,55107.0
2512,AO2008A117,Angola,AO,Uige,none,Uige,Maize,Main,2016,10,2017,4,All (PS),area,52594.8
2513,AO2008A117,Angola,AO,Uige,none,Uige,Chili Pepper,Main,2014,10,2015,4,All (PS),area,142.0
2514,AO2008A117,Angola,AO,Uige,none,Uige,Chili Pepper,Main,2015,10,2016,4,All (PS),area,142.0
2515,AO2008A117,Angola,AO,Uige,none,Uige,Chili Pepper,Main,2016,10,2017,4,All (PS),area,148.7
2516,AO2008A117,Angola,AO,Uige,none,Uige,Sweet Potatoes,Main,2000,10,2001,4,All (PS),area,14245.0
2517,AO2008A117,Angola,AO,Uige,none,Uige,Sweet Potatoes,Main,2001,10,2002,4,All (PS),area,17459.0
2518,AO2008A117,Angola,AO,Uige,none,Uige,Sweet Potatoes,Main,2002,10,2003,4,All (PS),area,12762.0
2519,AO2008A117,Angola,AO,Uige,none,Uige,Sweet Potatoes,Main,2003,10,2004,4,All (PS),area,17272.0
2520,AO2008A117,Angola,AO,Uige,none,Uige,Sweet Potatoes,Main,2004,10,2005,4,All (PS),area,20206.0
2521,AO2008A117,Angola,AO,Uige,none,Uige,Sweet Potatoes,Main,2005,10,2006,4,All (PS),area,20722.0
2522,AO2008A117,Angola,AO,Uige,none,Uige,Sweet Potatoes,Main,2006,10,2007,4,All (PS),area,9415.0
2523,AO2008A117,Angola,AO,Uige,none,Uige,Sweet Potatoes,Main,2007,10,2008,4,All (PS),area,10513.0
2524,AO2008A117,Angola,AO,Uige,none,Uige,Sweet Potatoes,Main,2008,10,2009,4,All (PS),area,10550.0
2525,AO2008A117,Angola,AO,Uige,none,Uige,Sweet Potatoes,Main,2009,10,2010,4,All (PS),area,12565.0
2526,AO2008A117,Angola,AO,Uige,none,Uige,Sweet Potatoes,Main,2010,10,2011,4,All (PS),area,14550.0
2527,AO2008A117,Angola,AO,Uige,none,Uige,Sweet Potatoes,Main,2011,10,2012,4,All (PS),area,15356.0
2528,AO2008A117,Angola,AO,Uige,none,Uige,Sweet Potatoes,Main,2012,10,2013,4,All (PS),area,15452.0
2529,AO2008A117,Angola,AO,Uige,none,Uige,Sweet Potatoes,Main,2013,10,2014,4,All (PS),area,15878.0
2530,AO2008A117,Angola,AO,Uige,none,Uige,Sweet Potatoes,Main,2014,10,2015,4,All (PS),area,15752.0
2531,AO2008A117,Angola,AO,Uige,none,Uige,Sweet Potatoes,Main,2015,10,2016,4,All (PS),area,15752.0
2532,AO2008A117,Angola,AO,Uige,none,Uige,Sweet Potatoes,Main,2016,10,2017,4,All (PS),area,18074.0
2533,AO2008A117,Angola,AO,Uige,none,Uige,Banana,Main,2006,10,2007,4,All (PS),area,1812.0
2534,AO2008A117,Angola,AO,Uige,none,Uige,Banana,Main,2007,10,2008,4,All (PS),area,12265.0
2535,AO2008A117,Angola,AO,Uige,none,Uige,Banana,Main,2008,10,2009,4,All (PS),area,19018.0
2536,AO2008A117,Angola,AO,Uige,none,Uige,Banana,Main,2009,10,2010,4,All (PS),area,19056.0
2537,AO2008A117,Angola,AO,Uige,none,Uige,Banana,Main,2010,10,2011,4,All (PS),area,13650.0
2538,AO2008A117,Angola,AO,Uige,none,Uige,Banana,Main,2011,10,2012,4,All (PS),area,17985.0
2539,AO2008A117,Angola,AO,Uige,none,Uige,Banana,Main,2012,10,2013,4,All (PS),area,17995.0
2540,AO2008A117,Angola,AO,Uige,none,Uige,Banana,Main,2013,10,2014,4,All (PS),area,17995.0
2541,AO2008A117,Angola,AO,Uige,none,Uige,Banana,Main,2014,10,2015,4,All (PS),area,18300.0
2542,AO2008A117,Angola,AO,Uige,none,Uige,Banana,Main,2015,10,2016,4,All (PS),area,18300.0
2543,AO2008A117,Angola,AO,Uige,none,Uige,Banana,Main,2016,10,2017,4,All (PS),area,14574.400000000001
2544,AO2008A117,Angola,AO,Uige,none,Uige,Tomato,Main,2014,10,2015,4,All (PS),area,672.0
2545,AO2008A117,Angola,AO,Uige,none,Uige,Tomato,Main,2015,10,2016,4,All (PS),area,672.0
2546,AO2008A117,Angola,AO,Uige,none,Uige,Tomato,Main,2016,10,2017,4,All (PS),area,803.3
2547,AO2008A117,Angola,AO,Uige,none,Uige,Onions,Main,2014,10,2015,4,All (PS),area,124.0
2548,AO2008A117,Angola,AO,Uige,none,Uige,Onions,Main,2015,10,2016,4,All (PS),area,124.0
2549,AO2008A117,Angola,AO,Uige,none,Uige,Onions,Main,2016,10,2017,4,All (PS),area,151.7
2550,AO2008A117,Angola,AO,Uige,none,Uige,Mango,Main,2015,10,2016,4,All (PS),area,1674.0
2551,AO2008A117,Angola,AO,Uige,none,Uige,Mango,Main,2016,10,2017,4,All (PS),area,1295.0
2552,AO2008A117,Angola,AO,Uige,none,Uige,Groundnuts (In Shell),Main,2000,10,2001,4,All (PS),area,16619.0
2553,AO2008A117,Angola,AO,Uige,none,Uige,Groundnuts (In Shell),Main,2001,10,2002,4,All (PS),area,20369.0
2554,AO2008A117,Angola,AO,Uige,none,Uige,Groundnuts (In Shell),Main,2002,10,2003,4,All (PS),area,45220.0
2555,AO2008A117,Angola,AO,Uige,none,Uige,Groundnuts (In Shell),Main,2003,10,2004,4,All (PS),area,64770.0
2556,AO2008A117,Angola,AO,Uige,none,Uige,Groundnuts (In Shell),Main,2004,10,2005,4,All (PS),area,58286.0
2557,AO2008A117,Angola,AO,Uige,none,Uige,Groundnuts (In Shell),Main,2005,10,2006,4,All (PS),area,59774.0
2558,AO2008A117,Angola,AO,Uige,none,Uige,Groundnuts (In Shell),Main,2006,10,2007,4,All (PS),area,77272.0
2559,AO2008A117,Angola,AO,Uige,none,Uige,Groundnuts (In Shell),Main,2007,10,2008,4,All (PS),area,51165.0
2560,AO2008A117,Angola,AO,Uige,none,Uige,Groundnuts (In Shell),Main,2008,10,2009,4,All (PS),area,50949.0
2561,AO2008A117,Angola,AO,Uige,none,Uige,Groundnuts (In Shell),Main,2009,10,2010,4,All (PS),area,50578.0
2562,AO2008A117,Angola,AO,Uige,none,Uige,Groundnuts (In Shell),Main,2010,10,2011,4,All (PS),area,56827.0
2563,AO2008A117,Angola,AO,Uige,none,Uige,Groundnuts (In Shell),Main,2011,10,2012,4,All (PS),area,59639.0
2564,AO2008A117,Angola,AO,Uige,none,Uige,Groundnuts (In Shell),Main,2012,10,2013,4,All (PS),area,59913.0
2565,AO2008A117,Angola,AO,Uige,none,Uige,Groundnuts (In Shell),Main,2013,10,2014,4,All (PS),area,60068.0
2566,AO2008A117,Angola,AO,Uige,none,Uige,Groundnuts (In Shell),Main,2014,10,2015,4,All (PS),area,60319.0
2567,AO2008A117,Angola,AO,Uige,none,Uige,Groundnuts (In Shell),Main,2015,10,2016,4,All (PS),area,60319.0
2568,AO2008A117,Angola,AO,Uige,none,Uige,Groundnuts (In Shell),Main,2016,10,2017,4,All (PS),area,48431.3
2569,AO2008A117,Angola,AO,Uige,none,Uige,Lemon,Main,2015,10,2016,4,All (PS),area,1039.0
2570,AO2008A117,Angola,AO,Uige,none,Uige,Lemon,Main,2016,10,2017,4,All (PS),area,878.3
2571,AO2008A117,Angola,AO,Uige,none,Uige,Beans (mixed),Main,2000,10,2001,4,All (PS),area,21368.0
2572,AO2008A117,Angola,AO,Uige,none,Uige,Beans (mixed),Main,2001,10,2002,4,All (PS),area,26189.0
2573,AO2008A117,Angola,AO,Uige,none,Uige,Beans (mixed),Main,2002,10,2003,4,All (PS),area,17062.0
2574,AO2008A117,Angola,AO,Uige,none,Uige,Beans (mixed),Main,2003,10,2004,4,All (PS),area,35984.0
2575,AO2008A117,Angola,AO,Uige,none,Uige,Beans (mixed),Main,2004,10,2005,4,All (PS),area,38858.0
2576,AO2008A117,Angola,AO,Uige,none,Uige,Beans (mixed),Main,2005,10,2006,4,All (PS),area,39849.0
2577,AO2008A117,Angola,AO,Uige,none,Uige,Beans (mixed),Main,2006,10,2007,4,All (PS),area,55913.0
2578,AO2008A117,Angola,AO,Uige,none,Uige,Beans (mixed),Main,2007,10,2008,4,All (PS),area,50068.0
2579,AO2008A117,Angola,AO,Uige,none,Uige,Beans (mixed),Main,2008,10,2009,4,All (PS),area,49198.0
2580,AO2008A117,Angola,AO,Uige,none,Uige,Beans (mixed),Main,2009,10,2010,4,All (PS),area,49817.0
2581,AO2008A117,Angola,AO,Uige,none,Uige,Beans (mixed),Main,2010,10,2011,4,All (PS),area,55005.0
2582,AO2008A117,Angola,AO,Uige,none,Uige,Beans (mixed),Main,2011,10,2012,4,All (PS),area,58028.0
2583,AO2008A117,Angola,AO,Uige,none,Uige,Beans (mixed),Main,2012,10,2013,4,All (PS),area,64917.0
2584,AO2008A117,Angola,AO,Uige,none,Uige,Beans (mixed),Main,2013,10,2014,4,All (PS),area,65085.0
2585,AO2008A117,Angola,AO,Uige,none,Uige,Beans (mixed),Main,2014,10,2015,4,All (PS),area,52153.0
2586,AO2008A117,Angola,AO,Uige,none,Uige,Beans (mixed),Main,2015,10,2016,4,All (PS),area,52153.0
2587,AO2008A117,Angola,AO,Uige,none,Uige,Beans (mixed),Main,2016,10,2017,4,All (PS),area,27518.8
2588,AO2008A117,Angola,AO,Uige,none,Uige,Cassava,Main,1997,10,1998,4,All (PS),area,4000.0
2589,AO2008A117,Angola,AO,Uige,none,Uige,Cassava,Main,1998,10,1999,4,All (PS),area,115153.0
2590,AO2008A117,Angola,AO,Uige,none,Uige,Cassava,Main,1999,10,2000,4,All (PS),area,117505.0
2591,AO2008A117,Angola,AO,Uige,none,Uige,Cassava,Main,2000,10,2001,4,All (PS),area,154323.0
2592,AO2008A117,Angola,AO,Uige,none,Uige,Cassava,Main,2001,10,2002,4,All (PS),area,183324.0
2593,AO2008A117,Angola,AO,Uige,none,Uige,Cassava,Main,2002,10,2003,4,All (PS),area,163681.0
2594,AO2008A117,Angola,AO,Uige,none,Uige,Cassava,Main,2003,10,2004,4,All (PS),area,197910.0
2595,AO2008A117,Angola,AO,Uige,none,Uige,Cassava,Main,2004,10,2005,4,All (PS),area,225374.0
2596,AO2008A117,Angola,AO,Uige,none,Uige,Cassava,Main,2005,10,2006,4,All (PS),area,231126.0
2597,AO2008A117,Angola,AO,Uige,none,Uige,Cassava,Main,2006,10,2007,4,All (PS),area,225421.0
2598,AO2008A117,Angola,AO,Uige,none,Uige,Cassava,Main,2007,10,2008,4,All (PS),area,145640.0
2599,AO2008A117,Angola,AO,Uige,none,Uige,Cassava,Main,2008,10,2009,4,All (PS),area,169782.0
2600,AO2008A117,Angola,AO,Uige,none,Uige,Cassava,Main,2009,10,2010,4,All (PS),area,179048.0
2601,AO2008A117,Angola,AO,Uige,none,Uige,Cassava,Main,2010,10,2011,4,All (PS),area,183150.0
2602,AO2008A117,Angola,AO,Uige,none,Uige,Cassava,Main,2011,10,2012,4,All (PS),area,192028.0
2603,AO2008A117,Angola,AO,Uige,none,Uige,Cassava,Main,2012,10,2013,4,All (PS),area,198464.0
2604,AO2008A117,Angola,AO,Uige,none,Uige,Cassava,Main,2013,10,2014,4,All (PS),area,198791.0
2605,AO2008A117,Angola,AO,Uige,none,Uige,Cassava,Main,2015,10,2016,4,All (PS),area,208145.0
2606,AO2008A117,Angola,AO,Uige,none,Uige,Cassava,Main,2016,10,2017,4,All (PS),area,204411.9
2607,AO2008A117,Angola,AO,Uige,none,Uige,Potato,Main,2000,10,2001,4,All (PS),area,2374.0
2608,AO2008A117,Angola,AO,Uige,none,Uige,Potato,Main,2001,10,2002,4,All (PS),area,2910.0
2609,AO2008A117,Angola,AO,Uige,none,Uige,Potato,Main,2003,10,2004,4,All (PS),area,1799.0
2610,AO2008A117,Angola,AO,Uige,none,Uige,Potato,Main,2004,10,2005,4,All (PS),area,1807.0
2611,AO2008A117,Angola,AO,Uige,none,Uige,Potato,Main,2005,10,2006,4,All (PS),area,1853.0
2612,AO2008A117,Angola,AO,Uige,none,Uige,Potato,Main,2006,10,2007,4,All (PS),area,1718.0
2613,AO2008A117,Angola,AO,Uige,none,Uige,Potato,Main,2007,10,2008,4,All (PS),area,3504.0
2614,AO2008A117,Angola,AO,Uige,none,Uige,Potato,Main,2008,10,2009,4,All (PS),area,4421.0
2615,AO2008A117,Angola,AO,Uige,none,Uige,Potato,Main,2009,10,2010,4,All (PS),area,12390.0
2616,AO2008A117,Angola,AO,Uige,none,Uige,Potato,Main,2010,10,2011,4,All (PS),area,12411.0
2617,AO2008A117,Angola,AO,Uige,none,Uige,Potato,Main,2011,10,2012,4,All (PS),area,12419.0
2618,AO2008A117,Angola,AO,Uige,none,Uige,Potato,Main,2012,10,2013,4,All (PS),area,12532.0
2619,AO2008A117,Angola,AO,Uige,none,Uige,Potato,Main,2013,10,2014,4,All (PS),area,12498.0
2620,AO2008A117,Angola,AO,Uige,none,Uige,Potato,Main,2014,10,2015,4,All (PS),area,12208.0
2621,AO2008A117,Angola,AO,Uige,none,Uige,Potato,Main,2015,10,2016,4,All (PS),area,12208.0
2622,AO2008A117,Angola,AO,Uige,none,Uige,Potato,Main,2016,10,2017,4,All (PS),area,6524.799999999999
2623,AO2008A117,Angola,AO,Uige,none,Uige,Pineapple,Main,2006,10,2007,4,All (PS),area,19.0
2624,AO2008A117,Angola,AO,Uige,none,Uige,Pineapple,Main,2014,10,2015,4,All (PS),area,1895.0
2625,AO2008A117,Angola,AO,Uige,none,Uige,Pineapple,Main,2015,10,2016,4,All (PS),area,1895.0
2626,AO2008A117,Angola,AO,Uige,none,Uige,Pineapple,Main,2016,10,2017,4,All (PS),area,1786.0
2627,AO2008A117,Angola,AO,Uige,none,Uige,Sorghum,Main,1996,10,1997,4,All (PS),area,14000.0
2628,AO2008A117,Angola,AO,Uige,none,Uige,Sorghum,Main,1997,10,1998,4,All (PS),area,12000.0
2629,AO2008A117,Angola,AO,Uige,none,Uige,Coffee,Main,2006,10,2007,4,All (PS),area,8692.0
2630,AO2008A117,Angola,AO,Uige,none,Uige,Coffee,Main,2008,10,2009,4,All (PS),area,8430.0
2631,AO2008A117,Angola,AO,Uige,none,Uige,Coffee,Main,2012,10,2013,4,All (PS),area,11592.0
2632,AO2008A117,Angola,AO,Uige,none,Uige,Coffee,Main,2013,10,2014,4,All (PS),area,14842.0
2633,AO2008A117,Angola,AO,Uige,none,Uige,Soybean,Main,2011,10,2012,4,All (PS),area,5181.0
2634,AO2008A117,Angola,AO,Uige,none,Uige,Soybean,Main,2012,10,2013,4,All (PS),area,5180.0
2635,AO2008A117,Angola,AO,Uige,none,Uige,Soybean,Main,2013,10,2014,4,All (PS),area,5180.0
2636,AO2008A117,Angola,AO,Uige,none,Uige,Soybean,Main,2014,10,2015,4,All (PS),area,5285.0
2637,AO2008A117,Angola,AO,Uige,none,Uige,Soybean,Main,2015,10,2016,4,All (PS),area,5285.0
2638,AO2008A117,Angola,AO,Uige,none,Uige,Okras,Main,2014,10,2015,4,All (PS),area,84.0
2639,AO2008A117,Angola,AO,Uige,none,Uige,Okras,Main,2015,10,2016,4,All (PS),area,84.0
2640,AO2008A117,Angola,AO,Uige,none,Uige,Okras,Main,2016,10,2017,4,All (PS),area,115.7
2641,AO2008A117,Angola,AO,Uige,none,Uige,Cabbage,Main,2014,10,2015,4,All (PS),area,315.0
2642,AO2008A117,Angola,AO,Uige,none,Uige,Cabbage,Main,2015,10,2016,4,All (PS),area,315.0
2643,AO2008A117,Angola,AO,Uige,none,Uige,Cabbage,Main,2016,10,2017,4,All (PS),area,354.1
2644,AO2008A117,Angola,AO,Uige,none,Uige,Carrots,Main,2014,10,2015,4,All (PS),area,106.0
2645,AO2008A117,Angola,AO,Uige,none,Uige,Carrots,Main,2015,10,2016,4,All (PS),area,106.0
2646,AO2008A117,Angola,AO,Uige,none,Uige,Carrots,Main,2016,10,2017,4,All (PS),area,124.3
2647,AO2008A117,Angola,AO,Uige,none,Uige,Millet,Main,1996,10,1997,4,All (PS),area,6000.0
2648,AO2008A117,Angola,AO,Uige,none,Uige,Millet,Main,1997,10,1998,4,All (PS),area,18000.0
2649,AO2008A117,Angola,AO,Uige,none,Uige,Rice,Main,2002,10,2003,4,All (PS),area,166.0
2650,AO2008A117,Angola,AO,Uige,none,Uige,Rice,Main,2003,10,2004,4,All (PS),area,3094.0
2651,AO2008A117,Angola,AO,Uige,none,Uige,Rice,Main,2004,10,2005,4,All (PS),area,3886.0
2652,AO2008A117,Angola,AO,Uige,none,Uige,Rice,Main,2009,10,2010,4,All (PS),area,5100.0
2653,AO2008A117,Angola,AO,Uige,none,Uige,Rice,Main,2010,10,2011,4,All (PS),area,5077.0
2654,AO2008A117,Angola,AO,Uige,none,Uige,Rice,Main,2011,10,2012,4,All (PS),area,5910.0
2655,AO2008A117,Angola,AO,Uige,none,Uige,Rice,Main,2012,10,2013,4,All (PS),area,5935.0
2656,AO2008A117,Angola,AO,Uige,none,Uige,Rice,Main,2013,10,2014,4,All (PS),area,5976.0
2657,AO2008A117,Angola,AO,Uige,none,Uige,Rice,Main,2014,10,2015,4,All (PS),area,3742.0
2658,AO2008A117,Angola,AO,Uige,none,Uige,Rice,Main,2015,10,2016,4,All (PS),area,3742.0
2659,AO2008A117,Angola,AO,Uige,none,Uige,Rice,Main,2016,10,2017,4,All (PS),area,1746.0
2660,AO2008A117,Angola,AO,Uige,none,Uige,Garlic,Main,2008,10,2009,4,All (PS),area,23.59
2661,AO2008A117,Angola,AO,Uige,none,Uige,Garlic,Main,2009,10,2010,4,All (PS),area,41.3
2662,AO2008A117,Angola,AO,Uige,none,Uige,Garlic,Main,2010,10,2011,4,All (PS),area,36.0
2663,AO2008A117,Angola,AO,Uige,none,Uige,Garlic,Main,2011,10,2012,4,All (PS),area,49.04
2664,AO2008A117,Angola,AO,Uige,none,Uige,Avocado,Main,2016,10,2017,4,All (PS),area,582.8
2665,AO2008A118,Angola,AO,Zaire,none,Zaire,Maize,Main,1996,10,1997,4,All (PS),area,14140.0
2666,AO2008A118,Angola,AO,Zaire,none,Zaire,Maize,Main,1997,10,1998,4,All (PS),area,16738.0
2667,AO2008A118,Angola,AO,Zaire,none,Zaire,Maize,Main,1998,10,1999,4,All (PS),area,6149.0
2668,AO2008A118,Angola,AO,Zaire,none,Zaire,Maize,Main,1999,10,2000,4,All (PS),area,6356.0
2669,AO2008A118,Angola,AO,Zaire,none,Zaire,Maize,Main,2000,10,2001,4,All (PS),area,6828.0
2670,AO2008A118,Angola,AO,Zaire,none,Zaire,Maize,Main,2001,10,2002,4,All (PS),area,7901.0
2671,AO2008A118,Angola,AO,Zaire,none,Zaire,Maize,Main,2002,10,2003,4,All (PS),area,4111.0
2672,AO2008A118,Angola,AO,Zaire,none,Zaire,Maize,Main,2003,10,2004,4,All (PS),area,2741.0
2673,AO2008A118,Angola,AO,Zaire,none,Zaire,Maize,Main,2004,10,2005,4,All (PS),area,1210.0
2674,AO2008A118,Angola,AO,Zaire,none,Zaire,Maize,Main,2005,10,2006,4,All (PS),area,1352.0
2675,AO2008A118,Angola,AO,Zaire,none,Zaire,Maize,Main,2006,10,2007,4,All (PS),area,1393.0
2676,AO2008A118,Angola,AO,Zaire,none,Zaire,Maize,Main,2007,10,2008,4,All (PS),area,1433.0
2677,AO2008A118,Angola,AO,Zaire,none,Zaire,Maize,Main,2008,10,2009,4,All (PS),area,8029.0
2678,AO2008A118,Angola,AO,Zaire,none,Zaire,Maize,Main,2009,10,2010,4,All (PS),area,9295.0
2679,AO2008A118,Angola,AO,Zaire,none,Zaire,Maize,Main,2010,10,2011,4,All (PS),area,9389.0
2680,AO2008A118,Angola,AO,Zaire,none,Zaire,Maize,Main,2011,10,2012,4,All (PS),area,9591.0
2681,AO2008A118,Angola,AO,Zaire,none,Zaire,Maize,Main,2012,10,2013,4,All (PS),area,9731.0
2682,AO2008A118,Angola,AO,Zaire,none,Zaire,Maize,Main,2013,10,2014,4,All (PS),area,9760.0
2683,AO2008A118,Angola,AO,Zaire,none,Zaire,Maize,Main,2014,10,2015,4,All (PS),area,12418.0
2684,AO2008A118,Angola,AO,Zaire,none,Zaire,Maize,Main,2015,10,2016,4,All (PS),area,12418.0
2685,AO2008A118,Angola,AO,Zaire,none,Zaire,Maize,Main,2016,10,2017,4,All (PS),area,9564.3
2686,AO2008A118,Angola,AO,Zaire,none,Zaire,Sweet Potatoes,Main,2000,10,2001,4,All (PS),area,3983.0
2687,AO2008A118,Angola,AO,Zaire,none,Zaire,Sweet Potatoes,Main,2001,10,2002,4,All (PS),area,4609.0
2688,AO2008A118,Angola,AO,Zaire,none,Zaire,Sweet Potatoes,Main,2002,10,2003,4,All (PS),area,1644.0
2689,AO2008A118,Angola,AO,Zaire,none,Zaire,Sweet Potatoes,Main,2003,10,2004,4,All (PS),area,2055.0
2690,AO2008A118,Angola,AO,Zaire,none,Zaire,Sweet Potatoes,Main,2004,10,2005,4,All (PS),area,1210.0
2691,AO2008A118,Angola,AO,Zaire,none,Zaire,Sweet Potatoes,Main,2005,10,2006,4,All (PS),area,1352.0
2692,AO2008A118,Angola,AO,Zaire,none,Zaire,Sweet Potatoes,Main,2006,10,2007,4,All (PS),area,780.0
2693,AO2008A118,Angola,AO,Zaire,none,Zaire,Sweet Potatoes,Main,2007,10,2008,4,All (PS),area,955.0
2694,AO2008A118,Angola,AO,Zaire,none,Zaire,Sweet Potatoes,Main,2008,10,2009,4,All (PS),area,7797.0
2695,AO2008A118,Angola,AO,Zaire,none,Zaire,Sweet Potatoes,Main,2009,10,2010,4,All (PS),area,7822.0
2696,AO2008A118,Angola,AO,Zaire,none,Zaire,Sweet Potatoes,Main,2010,10,2011,4,All (PS),area,7849.0
2697,AO2008A118,Angola,AO,Zaire,none,Zaire,Sweet Potatoes,Main,2011,10,2012,4,All (PS),area,7925.0
2698,AO2008A118,Angola,AO,Zaire,none,Zaire,Sweet Potatoes,Main,2012,10,2013,4,All (PS),area,7987.0
2699,AO2008A118,Angola,AO,Zaire,none,Zaire,Sweet Potatoes,Main,2013,10,2014,4,All (PS),area,8312.0
2700,AO2008A118,Angola,AO,Zaire,none,Zaire,Sweet Potatoes,Main,2014,10,2015,4,All (PS),area,8352.0
2701,AO2008A118,Angola,AO,Zaire,none,Zaire,Sweet Potatoes,Main,2015,10,2016,4,All (PS),area,8352.0
2702,AO2008A118,Angola,AO,Zaire,none,Zaire,Sweet Potatoes,Main,2016,10,2017,4,All (PS),area,7448.5
2703,AO2008A118,Angola,AO,Zaire,none,Zaire,Banana,Main,2006,10,2007,4,All (PS),area,1115.0
2704,AO2008A118,Angola,AO,Zaire,none,Zaire,Banana,Main,2007,10,2008,4,All (PS),area,2388.0
2705,AO2008A118,Angola,AO,Zaire,none,Zaire,Banana,Main,2008,10,2009,4,All (PS),area,9832.0
2706,AO2008A118,Angola,AO,Zaire,none,Zaire,Banana,Main,2009,10,2010,4,All (PS),area,10165.0
2707,AO2008A118,Angola,AO,Zaire,none,Zaire,Banana,Main,2010,10,2011,4,All (PS),area,9244.0
2708,AO2008A118,Angola,AO,Zaire,none,Zaire,Banana,Main,2011,10,2012,4,All (PS),area,10535.0
2709,AO2008A118,Angola,AO,Zaire,none,Zaire,Banana,Main,2012,10,2013,4,All (PS),area,10581.0
2710,AO2008A118,Angola,AO,Zaire,none,Zaire,Banana,Main,2013,10,2014,4,All (PS),area,10581.0
2711,AO2008A118,Angola,AO,Zaire,none,Zaire,Banana,Main,2014,10,2015,4,All (PS),area,8951.0
2712,AO2008A118,Angola,AO,Zaire,none,Zaire,Banana,Main,2015,10,2016,4,All (PS),area,8951.0
2713,AO2008A118,Angola,AO,Zaire,none,Zaire,Banana,Main,2016,10,2017,4,All (PS),area,10875.5
2714,AO2008A118,Angola,AO,Zaire,none,Zaire,Tomato,Main,2016,10,2017,4,All (PS),area,657.4
2715,AO2008A118,Angola,AO,Zaire,none,Zaire,Mango,Main,2015,10,2016,4,All (PS),area,526.0
2716,AO2008A118,Angola,AO,Zaire,none,Zaire,Mango,Main,2016,10,2017,4,All (PS),area,42.0
2717,AO2008A118,Angola,AO,Zaire,none,Zaire,Groundnuts (In Shell),Main,2000,10,2001,4,All (PS),area,4552.0
2718,AO2008A118,Angola,AO,Zaire,none,Zaire,Groundnuts (In Shell),Main,2001,10,2002,4,All (PS),area,5268.0
2719,AO2008A118,Angola,AO,Zaire,none,Zaire,Groundnuts (In Shell),Main,2002,10,2003,4,All (PS),area,4111.0
2720,AO2008A118,Angola,AO,Zaire,none,Zaire,Groundnuts (In Shell),Main,2003,10,2004,4,All (PS),area,2295.0
2721,AO2008A118,Angola,AO,Zaire,none,Zaire,Groundnuts (In Shell),Main,2004,10,2005,4,All (PS),area,2347.0
2722,AO2008A118,Angola,AO,Zaire,none,Zaire,Groundnuts (In Shell),Main,2005,10,2006,4,All (PS),area,2623.0
2723,AO2008A118,Angola,AO,Zaire,none,Zaire,Groundnuts (In Shell),Main,2006,10,2007,4,All (PS),area,3313.0
2724,AO2008A118,Angola,AO,Zaire,none,Zaire,Groundnuts (In Shell),Main,2007,10,2008,4,All (PS),area,3343.0
2725,AO2008A118,Angola,AO,Zaire,none,Zaire,Groundnuts (In Shell),Main,2008,10,2009,4,All (PS),area,6598.0
2726,AO2008A118,Angola,AO,Zaire,none,Zaire,Groundnuts (In Shell),Main,2009,10,2010,4,All (PS),area,6645.0
2727,AO2008A118,Angola,AO,Zaire,none,Zaire,Groundnuts (In Shell),Main,2010,10,2011,4,All (PS),area,6848.0
2728,AO2008A118,Angola,AO,Zaire,none,Zaire,Groundnuts (In Shell),Main,2011,10,2012,4,All (PS),area,6673.0
2729,AO2008A118,Angola,AO,Zaire,none,Zaire,Groundnuts (In Shell),Main,2012,10,2013,4,All (PS),area,6882.0
2730,AO2008A118,Angola,AO,Zaire,none,Zaire,Groundnuts (In Shell),Main,2013,10,2014,4,All (PS),area,6952.0
2731,AO2008A118,Angola,AO,Zaire,none,Zaire,Groundnuts (In Shell),Main,2014,10,2015,4,All (PS),area,7201.0
2732,AO2008A118,Angola,AO,Zaire,none,Zaire,Groundnuts (In Shell),Main,2015,10,2016,4,All (PS),area,7201.0
2733,AO2008A118,Angola,AO,Zaire,none,Zaire,Groundnuts (In Shell),Main,2016,10,2017,4,All (PS),area,6314.1
2734,AO2008A118,Angola,AO,Zaire,none,Zaire,Lemon,Main,2015,10,2016,4,All (PS),area,140.0
2735,AO2008A118,Angola,AO,Zaire,none,Zaire,Lemon,Main,2016,10,2017,4,All (PS),area,121.8
2736,AO2008A118,Angola,AO,Zaire,none,Zaire,Beans (mixed),Main,2000,10,2001,4,All (PS),area,6259.0
2737,AO2008A118,Angola,AO,Zaire,none,Zaire,Beans (mixed),Main,2001,10,2002,4,All (PS),area,7242.0
2738,AO2008A118,Angola,AO,Zaire,none,Zaire,Beans (mixed),Main,2002,10,2003,4,All (PS),area,514.0
2739,AO2008A118,Angola,AO,Zaire,none,Zaire,Beans (mixed),Main,2003,10,2004,4,All (PS),area,4111.0
2740,AO2008A118,Angola,AO,Zaire,none,Zaire,Beans (mixed),Main,2004,10,2005,4,All (PS),area,2420.0
2741,AO2008A118,Angola,AO,Zaire,none,Zaire,Beans (mixed),Main,2005,10,2006,4,All (PS),area,2704.0
2742,AO2008A118,Angola,AO,Zaire,none,Zaire,Beans (mixed),Main,2006,10,2007,4,All (PS),area,3120.0
2743,AO2008A118,Angola,AO,Zaire,none,Zaire,Beans (mixed),Main,2007,10,2008,4,All (PS),area,3820.0
2744,AO2008A118,Angola,AO,Zaire,none,Zaire,Beans (mixed),Main,2008,10,2009,4,All (PS),area,3817.0
2745,AO2008A118,Angola,AO,Zaire,none,Zaire,Beans (mixed),Main,2009,10,2010,4,All (PS),area,5668.0
2746,AO2008A118,Angola,AO,Zaire,none,Zaire,Beans (mixed),Main,2010,10,2011,4,All (PS),area,6409.0
2747,AO2008A118,Angola,AO,Zaire,none,Zaire,Beans (mixed),Main,2011,10,2012,4,All (PS),area,6584.0
2748,AO2008A118,Angola,AO,Zaire,none,Zaire,Beans (mixed),Main,2012,10,2013,4,All (PS),area,7462.0
2749,AO2008A118,Angola,AO,Zaire,none,Zaire,Beans (mixed),Main,2013,10,2014,4,All (PS),area,7598.0
2750,AO2008A118,Angola,AO,Zaire,none,Zaire,Beans (mixed),Main,2014,10,2015,4,All (PS),area,6055.0
2751,AO2008A118,Angola,AO,Zaire,none,Zaire,Beans (mixed),Main,2015,10,2016,4,All (PS),area,6055.0
2752,AO2008A118,Angola,AO,Zaire,none,Zaire,Beans (mixed),Main,2016,10,2017,4,All (PS),area,6837.0
2753,AO2008A118,Angola,AO,Zaire,none,Zaire,Cassava,Main,1996,10,1997,4,All (PS),area,29000.0
2754,AO2008A118,Angola,AO,Zaire,none,Zaire,Cassava,Main,1997,10,1998,4,All (PS),area,33340.0
2755,AO2008A118,Angola,AO,Zaire,none,Zaire,Cassava,Main,1998,10,1999,4,All (PS),area,35357.0
2756,AO2008A118,Angola,AO,Zaire,none,Zaire,Cassava,Main,1999,10,2000,4,All (PS),area,7165.0
2757,AO2008A118,Angola,AO,Zaire,none,Zaire,Cassava,Main,2000,10,2001,4,All (PS),area,34140.0
2758,AO2008A118,Angola,AO,Zaire,none,Zaire,Cassava,Main,2001,10,2002,4,All (PS),area,39503.0
2759,AO2008A118,Angola,AO,Zaire,none,Zaire,Cassava,Main,2002,10,2003,4,All (PS),area,18259.0
2760,AO2008A118,Angola,AO,Zaire,none,Zaire,Cassava,Main,2003,10,2004,4,All (PS),area,17814.0
2761,AO2008A118,Angola,AO,Zaire,none,Zaire,Cassava,Main,2004,10,2005,4,All (PS),area,15243.0
2762,AO2008A118,Angola,AO,Zaire,none,Zaire,Cassava,Main,2005,10,2006,4,All (PS),area,17035.0
2763,AO2008A118,Angola,AO,Zaire,none,Zaire,Cassava,Main,2006,10,2007,4,All (PS),area,17655.0
2764,AO2008A118,Angola,AO,Zaire,none,Zaire,Cassava,Main,2007,10,2008,4,All (PS),area,28810.0
2765,AO2008A118,Angola,AO,Zaire,none,Zaire,Cassava,Main,2008,10,2009,4,All (PS),area,32227.0
2766,AO2008A118,Angola,AO,Zaire,none,Zaire,Cassava,Main,2009,10,2010,4,All (PS),area,32229.0
2767,AO2008A118,Angola,AO,Zaire,none,Zaire,Cassava,Main,2010,10,2011,4,All (PS),area,34350.0
2768,AO2008A118,Angola,AO,Zaire,none,Zaire,Cassava,Main,2011,10,2012,4,All (PS),area,35807.0
2769,AO2008A118,Angola,AO,Zaire,none,Zaire,Cassava,Main,2012,10,2013,4,All (PS),area,36876.0
2770,AO2008A118,Angola,AO,Zaire,none,Zaire,Cassava,Main,2013,10,2014,4,All (PS),area,37044.0
2771,AO2008A118,Angola,AO,Zaire,none,Zaire,Cassava,Main,2015,10,2016,4,All (PS),area,41659.0
2772,AO2008A118,Angola,AO,Zaire,none,Zaire,Cassava,Main,2016,10,2017,4,All (PS),area,20584.4
2773,AO2008A118,Angola,AO,Zaire,none,Zaire,Potato,Main,2008,10,2009,4,All (PS),area,1349.0
2774,AO2008A118,Angola,AO,Zaire,none,Zaire,Potato,Main,2009,10,2010,4,All (PS),area,1355.0
2775,AO2008A118,Angola,AO,Zaire,none,Zaire,Potato,Main,2010,10,2011,4,All (PS),area,1802.0
2776,AO2008A118,Angola,AO,Zaire,none,Zaire,Potato,Main,2011,10,2012,4,All (PS),area,1881.0
2777,AO2008A118,Angola,AO,Zaire,none,Zaire,Potato,Main,2012,10,2013,4,All (PS),area,1978.0
2778,AO2008A118,Angola,AO,Zaire,none,Zaire,Potato,Main,2013,10,2014,4,All (PS),area,2000.0
2779,AO2008A118,Angola,AO,Zaire,none,Zaire,Potato,Main,2014,10,2015,4,All (PS),area,1989.0
2780,AO2008A118,Angola,AO,Zaire,none,Zaire,Potato,Main,2015,10,2016,4,All (PS),area,1989.0
2781,AO2008A118,Angola,AO,Zaire,none,Zaire,Pineapple,Main,2006,10,2007,4,All (PS),area,385.0
2782,AO2008A118,Angola,AO,Zaire,none,Zaire,Pineapple,Main,2007,10,2008,4,All (PS),area,955.0
2783,AO2008A118,Angola,AO,Zaire,none,Zaire,Pineapple,Main,2014,10,2015,4,All (PS),area,1806.0
2784,AO2008A118,Angola,AO,Zaire,none,Zaire,Pineapple,Main,2015,10,2016,4,All (PS),area,1806.0
2785,AO2008A118,Angola,AO,Zaire,none,Zaire,Sorghum,Main,1997,10,1998,4,All (PS),area,1000.0
2786,AO2008A118,Angola,AO,Zaire,none,Zaire,Garlic,Main,2008,10,2009,4,All (PS),area,3.77
2787,AO2008A118,Angola,AO,Zaire,none,Zaire,Garlic,Main,2009,10,2010,4,All (PS),area,4.73
2788,AO2008A118,Angola,AO,Zaire,none,Zaire,Garlic,Main,2010,10,2011,4,All (PS),area,4.0
2789,AO2008A118,Angola,AO,Zaire,none,Zaire,Garlic,Main,2011,10,2012,4,All (PS),area,5.85
2790,AO2008A101,Angola,AO,Bengo,none,Bengo,Maize,Main,1996,10,1997,4,All (PS),production,6710.0
2791,AO2008A101,Angola,AO,Bengo,none,Bengo,Maize,Main,1997,10,1998,4,All (PS),production,9800.0
2792,AO2008A101,Angola,AO,Bengo,none,Bengo,Maize,Main,1998,10,1999,4,All (PS),production,8258.0
2793,AO2008A101,Angola,AO,Bengo,none,Bengo,Maize,Main,1999,10,2000,4,All (PS),production,12002.0
2794,AO2008A101,Angola,AO,Bengo,none,Bengo,Maize,Main,2000,10,2001,4,All (PS),production,3821.0
2795,AO2008A101,Angola,AO,Bengo,none,Bengo,Maize,Main,2001,10,2002,4,All (PS),production,4024.0
2796,AO2008A101,Angola,AO,Bengo,none,Bengo,Maize,Main,2002,10,2003,4,All (PS),production,4691.0
2797,AO2008A101,Angola,AO,Bengo,none,Bengo,Maize,Main,2003,10,2004,4,All (PS),production,8542.0
2798,AO2008A101,Angola,AO,Bengo,none,Bengo,Maize,Main,2004,10,2005,4,All (PS),production,3872.0
2799,AO2008A101,Angola,AO,Bengo,none,Bengo,Maize,Main,2005,10,2006,4,All (PS),production,2656.0
2800,AO2008A101,Angola,AO,Bengo,none,Bengo,Maize,Main,2006,10,2007,4,All (PS),production,2842.0
2801,AO2008A101,Angola,AO,Bengo,none,Bengo,Maize,Main,2007,10,2008,4,All (PS),production,4216.0
2802,AO2008A101,Angola,AO,Bengo,none,Bengo,Maize,Main,2008,10,2009,4,All (PS),production,2330.0
2803,AO2008A101,Angola,AO,Bengo,none,Bengo,Maize,Main,2009,10,2010,4,All (PS),production,8506.0
2804,AO2008A101,Angola,AO,Bengo,none,Bengo,Maize,Main,2010,10,2011,4,All (PS),production,11034.0
2805,AO2008A101,Angola,AO,Bengo,none,Bengo,Maize,Main,2011,10,2012,4,All (PS),production,4368.0
2806,AO2008A101,Angola,AO,Bengo,none,Bengo,Maize,Main,2012,10,2013,4,All (PS),production,12999.0
2807,AO2008A101,Angola,AO,Bengo,none,Bengo,Maize,Main,2013,10,2014,4,All (PS),production,13570.0
2808,AO2008A101,Angola,AO,Bengo,none,Bengo,Maize,Main,2014,10,2015,4,All (PS),production,18419.0
2809,AO2008A101,Angola,AO,Bengo,none,Bengo,Maize,Main,2015,10,2016,4,All (PS),production,18419.0
2810,AO2008A101,Angola,AO,Bengo,none,Bengo,Maize,Main,2016,10,2017,4,All (PS),production,35266.0
2811,AO2008A101,Angola,AO,Bengo,none,Bengo,Chili Pepper,Main,2014,10,2015,4,All (PS),production,458.0
2812,AO2008A101,Angola,AO,Bengo,none,Bengo,Chili Pepper,Main,2015,10,2016,4,All (PS),production,458.0
2813,AO2008A101,Angola,AO,Bengo,none,Bengo,Chili Pepper,Main,2016,10,2017,4,All (PS),production,2200.0
2814,AO2008A101,Angola,AO,Bengo,none,Bengo,Sweet Potatoes,Main,2000,10,2001,4,All (PS),production,16981.0
2815,AO2008A101,Angola,AO,Bengo,none,Bengo,Sweet Potatoes,Main,2001,10,2002,4,All (PS),production,18573.0
2816,AO2008A101,Angola,AO,Bengo,none,Bengo,Sweet Potatoes,Main,2002,10,2003,4,All (PS),production,20848.0
2817,AO2008A101,Angola,AO,Bengo,none,Bengo,Sweet Potatoes,Main,2003,10,2004,4,All (PS),production,21260.0
2818,AO2008A101,Angola,AO,Bengo,none,Bengo,Sweet Potatoes,Main,2004,10,2005,4,All (PS),production,27107.0
2819,AO2008A101,Angola,AO,Bengo,none,Bengo,Sweet Potatoes,Main,2005,10,2006,4,All (PS),production,28907.0
2820,AO2008A101,Angola,AO,Bengo,none,Bengo,Sweet Potatoes,Main,2006,10,2007,4,All (PS),production,29676.0
2821,AO2008A101,Angola,AO,Bengo,none,Bengo,Sweet Potatoes,Main,2007,10,2008,4,All (PS),production,32165.0
2822,AO2008A101,Angola,AO,Bengo,none,Bengo,Sweet Potatoes,Main,2008,10,2009,4,All (PS),production,32822.0
2823,AO2008A101,Angola,AO,Bengo,none,Bengo,Sweet Potatoes,Main,2009,10,2010,4,All (PS),production,93950.0
2824,AO2008A101,Angola,AO,Bengo,none,Bengo,Sweet Potatoes,Main,2010,10,2011,4,All (PS),production,86273.0
2825,AO2008A101,Angola,AO,Bengo,none,Bengo,Sweet Potatoes,Main,2011,10,2012,4,All (PS),production,43822.0
2826,AO2008A101,Angola,AO,Bengo,none,Bengo,Sweet Potatoes,Main,2012,10,2013,4,All (PS),production,95433.0
2827,AO2008A101,Angola,AO,Bengo,none,Bengo,Sweet Potatoes,Main,2013,10,2014,4,All (PS),production,154110.0
2828,AO2008A101,Angola,AO,Bengo,none,Bengo,Sweet Potatoes,Main,2014,10,2015,4,All (PS),production,154885.0
2829,AO2008A101,Angola,AO,Bengo,none,Bengo,Sweet Potatoes,Main,2015,10,2016,4,All (PS),production,154885.0
2830,AO2008A101,Angola,AO,Bengo,none,Bengo,Sweet Potatoes,Main,2016,10,2017,4,All (PS),production,262128.0
2831,AO2008A101,Angola,AO,Bengo,none,Bengo,Banana,Main,2007,10,2008,4,All (PS),production,19588.0
2832,AO2008A101,Angola,AO,Bengo,none,Bengo,Banana,Main,2008,10,2009,4,All (PS),production,24121.0
2833,AO2008A101,Angola,AO,Bengo,none,Bengo,Banana,Main,2014,10,2015,4,All (PS),production,331527.0
2834,AO2008A101,Angola,AO,Bengo,none,Bengo,Banana,Main,2015,10,2016,4,All (PS),production,331527.0
2835,AO2008A101,Angola,AO,Bengo,none,Bengo,Banana,Main,2016,10,2017,4,All (PS),production,351191.0
2836,AO2008A101,Angola,AO,Bengo,none,Bengo,Tomato,Main,2014,10,2015,4,All (PS),production,15476.0
2837,AO2008A101,Angola,AO,Bengo,none,Bengo,Tomato,Main,2015,10,2016,4,All (PS),production,15476.0
2838,AO2008A101,Angola,AO,Bengo,none,Bengo,Tomato,Main,2016,10,2017,4,All (PS),production,17812.0
2839,AO2008A101,Angola,AO,Bengo,none,Bengo,Onions,Main,2014,10,2015,4,All (PS),production,12060.0
2840,AO2008A101,Angola,AO,Bengo,none,Bengo,Onions,Main,2015,10,2016,4,All (PS),production,12060.0
2841,AO2008A101,Angola,AO,Bengo,none,Bengo,Onions,Main,2016,10,2017,4,All (PS),production,14222.0
2842,AO2008A101,Angola,AO,Bengo,none,Bengo,Mango,Main,2015,10,2016,4,All (PS),production,10967.0
2843,AO2008A101,Angola,AO,Bengo,none,Bengo,Mango,Main,2016,10,2017,4,All (PS),production,12111.0
2844,AO2008A101,Angola,AO,Bengo,none,Bengo,Groundnuts (In Shell),Main,2005,10,2006,4,All (PS),production,1236.0
2845,AO2008A101,Angola,AO,Bengo,none,Bengo,Groundnuts (In Shell),Main,2006,10,2007,4,All (PS),production,1782.0
2846,AO2008A101,Angola,AO,Bengo,none,Bengo,Groundnuts (In Shell),Main,2007,10,2008,4,All (PS),production,1637.0
2847,AO2008A101,Angola,AO,Bengo,none,Bengo,Groundnuts (In Shell),Main,2008,10,2009,4,All (PS),production,663.0
2848,AO2008A101,Angola,AO,Bengo,none,Bengo,Groundnuts (In Shell),Main,2014,10,2015,4,All (PS),production,14187.0
2849,AO2008A101,Angola,AO,Bengo,none,Bengo,Groundnuts (In Shell),Main,2015,10,2016,4,All (PS),production,14187.0
2850,AO2008A101,Angola,AO,Bengo,none,Bengo,Groundnuts (In Shell),Main,2016,10,2017,4,All (PS),production,4264.0
2851,AO2008A101,Angola,AO,Bengo,none,Bengo,Lemon,Main,2015,10,2016,4,All (PS),production,34278.0
2852,AO2008A101,Angola,AO,Bengo,none,Bengo,Lemon,Main,2016,10,2017,4,All (PS),production,35446.0
2853,AO2008A101,Angola,AO,Bengo,none,Bengo,Beans (mixed),Main,2005,10,2006,4,All (PS),production,2418.0
2854,AO2008A101,Angola,AO,Bengo,none,Bengo,Beans (mixed),Main,2006,10,2007,4,All (PS),production,2690.0
2855,AO2008A101,Angola,AO,Bengo,none,Bengo,Beans (mixed),Main,2007,10,2008,4,All (PS),production,2578.0
2856,AO2008A101,Angola,AO,Bengo,none,Bengo,Beans (mixed),Main,2008,10,2009,4,All (PS),production,2073.0
2857,AO2008A101,Angola,AO,Bengo,none,Bengo,Beans (mixed),Main,2014,10,2015,4,All (PS),production,3672.0
2858,AO2008A101,Angola,AO,Bengo,none,Bengo,Beans (mixed),Main,2015,10,2016,4,All (PS),production,3672.0
2859,AO2008A101,Angola,AO,Bengo,none,Bengo,Beans (mixed),Main,2016,10,2017,4,All (PS),production,3564.0
2860,AO2008A101,Angola,AO,Bengo,none,Bengo,Cassava,Main,1996,10,1997,4,All (PS),production,56000.0
2861,AO2008A101,Angola,AO,Bengo,none,Bengo,Cassava,Main,1997,10,1998,4,All (PS),production,147875.0
2862,AO2008A101,Angola,AO,Bengo,none,Bengo,Cassava,Main,1998,10,1999,4,All (PS),production,123876.0
2863,AO2008A101,Angola,AO,Bengo,none,Bengo,Cassava,Main,1999,10,2000,4,All (PS),production,198036.0
2864,AO2008A101,Angola,AO,Bengo,none,Bengo,Cassava,Main,2005,10,2006,4,All (PS),production,525017.0
2865,AO2008A101,Angola,AO,Bengo,none,Bengo,Cassava,Main,2006,10,2007,4,All (PS),production,543056.0
2866,AO2008A101,Angola,AO,Bengo,none,Bengo,Cassava,Main,2007,10,2008,4,All (PS),production,468173.0
2867,AO2008A101,Angola,AO,Bengo,none,Bengo,Cassava,Main,2008,10,2009,4,All (PS),production,486955.0
2868,AO2008A101,Angola,AO,Bengo,none,Bengo,Cassava,Main,2014,10,2015,4,All (PS),production,258604.0
2869,AO2008A101,Angola,AO,Bengo,none,Bengo,Cassava,Main,2015,10,2016,4,All (PS),production,302590.0
2870,AO2008A101,Angola,AO,Bengo,none,Bengo,Cassava,Main,2016,10,2017,4,All (PS),production,487534.0
2871,AO2008A101,Angola,AO,Bengo,none,Bengo,Potato,Main,2000,10,2001,4,All (PS),production,2123.0
2872,AO2008A101,Angola,AO,Bengo,none,Bengo,Potato,Main,2001,10,2002,4,All (PS),production,1238.0
2873,AO2008A101,Angola,AO,Bengo,none,Bengo,Potato,Main,2004,10,2005,4,All (PS),production,465.0
2874,AO2008A101,Angola,AO,Bengo,none,Bengo,Potato,Main,2006,10,2007,4,All (PS),production,2522.0
2875,AO2008A101,Angola,AO,Bengo,none,Bengo,Potato,Main,2007,10,2008,4,All (PS),production,17269.0
2876,AO2008A101,Angola,AO,Bengo,none,Bengo,Potato,Main,2008,10,2009,4,All (PS),production,16463.0
2877,AO2008A101,Angola,AO,Bengo,none,Bengo,Potato,Main,2009,10,2010,4,All (PS),production,16633.0
2878,AO2008A101,Angola,AO,Bengo,none,Bengo,Potato,Main,2010,10,2011,4,All (PS),production,17647.0
2879,AO2008A101,Angola,AO,Bengo,none,Bengo,Potato,Main,2011,10,2012,4,All (PS),production,13665.0
2880,AO2008A101,Angola,AO,Bengo,none,Bengo,Potato,Main,2012,10,2013,4,All (PS),production,13900.0
2881,AO2008A101,Angola,AO,Bengo,none,Bengo,Potato,Main,2013,10,2014,4,All (PS),production,14091.0
2882,AO2008A101,Angola,AO,Bengo,none,Bengo,Potato,Main,2014,10,2015,4,All (PS),production,14029.0
2883,AO2008A101,Angola,AO,Bengo,none,Bengo,Potato,Main,2015,10,2016,4,All (PS),production,14029.0
2884,AO2008A101,Angola,AO,Bengo,none,Bengo,Pineapple,Main,2006,10,2007,4,All (PS),production,3589.0
2885,AO2008A101,Angola,AO,Bengo,none,Bengo,Pineapple,Main,2014,10,2015,4,All (PS),production,2886.0
2886,AO2008A101,Angola,AO,Bengo,none,Bengo,Pineapple,Main,2015,10,2016,4,All (PS),production,2886.0
2887,AO2008A101,Angola,AO,Bengo,none,Bengo,Sorghum,Main,2008,10,2009,4,All (PS),production,34.0
2888,AO2008A101,Angola,AO,Bengo,none,Bengo,Sorghum,Main,2009,10,2010,4,All (PS),production,51.0
2889,AO2008A101,Angola,AO,Bengo,none,Bengo,Sorghum,Main,2010,10,2011,4,All (PS),production,69.0
2890,AO2008A101,Angola,AO,Bengo,none,Bengo,Sorghum,Main,2011,10,2012,4,All (PS),production,72.0
2891,AO2008A101,Angola,AO,Bengo,none,Bengo,Sorghum,Main,2012,10,2013,4,All (PS),production,139.0
2892,AO2008A101,Angola,AO,Bengo,none,Bengo,Coffee,Main,2007,10,2008,4,All (PS),production,675.0
2893,AO2008A101,Angola,AO,Bengo,none,Bengo,Soybean,Main,2000,10,2001,4,All (PS),production,637.0
2894,AO2008A102,Angola,AO,Benguela,none,Benguela,Maize,Main,1996,10,1997,4,All (PS),production,21200.0
2895,AO2008A102,Angola,AO,Benguela,none,Benguela,Maize,Main,1997,10,1998,4,All (PS),production,46800.0
2896,AO2008A102,Angola,AO,Benguela,none,Benguela,Maize,Main,1998,10,1999,4,All (PS),production,66526.0
2897,AO2008A102,Angola,AO,Benguela,none,Benguela,Maize,Main,1999,10,2000,4,All (PS),production,89585.0
2898,AO2008A102,Angola,AO,Benguela,none,Benguela,Maize,Main,2000,10,2001,4,All (PS),production,71134.0
2899,AO2008A102,Angola,AO,Benguela,none,Benguela,Maize,Main,2001,10,2002,4,All (PS),production,57726.0
2900,AO2008A102,Angola,AO,Benguela,none,Benguela,Maize,Main,2002,10,2003,4,All (PS),production,22408.0
2901,AO2008A102,Angola,AO,Benguela,none,Benguela,Maize,Main,2003,10,2004,4,All (PS),production,40955.0
2902,AO2008A102,Angola,AO,Benguela,none,Benguela,Maize,Main,2004,10,2005,4,All (PS),production,36710.0
2903,AO2008A102,Angola,AO,Benguela,none,Benguela,Maize,Main,2005,10,2006,4,All (PS),production,28580.0
2904,AO2008A102,Angola,AO,Benguela,none,Benguela,Maize,Main,2006,10,2007,4,All (PS),production,29152.0
2905,AO2008A102,Angola,AO,Benguela,none,Benguela,Maize,Main,2007,10,2008,4,All (PS),production,52444.0
2906,AO2008A102,Angola,AO,Benguela,none,Benguela,Maize,Main,2008,10,2009,4,All (PS),production,102180.0
2907,AO2008A102,Angola,AO,Benguela,none,Benguela,Maize,Main,2009,10,2010,4,All (PS),production,86033.0
2908,AO2008A102,Angola,AO,Benguela,none,Benguela,Maize,Main,2010,10,2011,4,All (PS),production,94484.0
2909,AO2008A102,Angola,AO,Benguela,none,Benguela,Maize,Main,2011,10,2012,4,All (PS),production,34555.0
2910,AO2008A102,Angola,AO,Benguela,none,Benguela,Maize,Main,2012,10,2013,4,All (PS),production,142002.0
2911,AO2008A102,Angola,AO,Benguela,none,Benguela,Maize,Main,2013,10,2014,4,All (PS),production,155927.0
2912,AO2008A102,Angola,AO,Benguela,none,Benguela,Maize,Main,2014,10,2015,4,All (PS),production,201225.0
2913,AO2008A102,Angola,AO,Benguela,none,Benguela,Maize,Main,2015,10,2016,4,All (PS),production,201225.0
2914,AO2008A102,Angola,AO,Benguela,none,Benguela,Maize,Main,2016,10,2017,4,All (PS),production,245021.0
2915,AO2008A102,Angola,AO,Benguela,none,Benguela,Chili Pepper,Main,2014,10,2015,4,All (PS),production,384.0
2916,AO2008A102,Angola,AO,Benguela,none,Benguela,Chili Pepper,Main,2015,10,2016,4,All (PS),production,384.0
2917,AO2008A102,Angola,AO,Benguela,none,Benguela,Chili Pepper,Main,2016,10,2017,4,All (PS),production,387.0
2918,AO2008A102,Angola,AO,Benguela,none,Benguela,Sweet Potatoes,Main,2000,10,2001,4,All (PS),production,34199.0
2919,AO2008A102,Angola,AO,Benguela,none,Benguela,Sweet Potatoes,Main,2001,10,2002,4,All (PS),production,40368.0
2920,AO2008A102,Angola,AO,Benguela,none,Benguela,Sweet Potatoes,Main,2004,10,2005,4,All (PS),production,16782.0
2921,AO2008A102,Angola,AO,Benguela,none,Benguela,Sweet Potatoes,Main,2005,10,2006,4,All (PS),production,15413.0
2922,AO2008A102,Angola,AO,Benguela,none,Benguela,Sweet Potatoes,Main,2007,10,2008,4,All (PS),production,12194.0
2923,AO2008A102,Angola,AO,Benguela,none,Benguela,Sweet Potatoes,Main,2008,10,2009,4,All (PS),production,18187.0
2924,AO2008A102,Angola,AO,Benguela,none,Benguela,Sweet Potatoes,Main,2009,10,2010,4,All (PS),production,18394.0
2925,AO2008A102,Angola,AO,Benguela,none,Benguela,Sweet Potatoes,Main,2010,10,2011,4,All (PS),production,31895.0
2926,AO2008A102,Angola,AO,Benguela,none,Benguela,Sweet Potatoes,Main,2011,10,2012,4,All (PS),production,15290.0
2927,AO2008A102,Angola,AO,Benguela,none,Benguela,Sweet Potatoes,Main,2012,10,2013,4,All (PS),production,35109.0
2928,AO2008A102,Angola,AO,Benguela,none,Benguela,Sweet Potatoes,Main,2013,10,2014,4,All (PS),production,53413.0
2929,AO2008A102,Angola,AO,Benguela,none,Benguela,Sweet Potatoes,Main,2014,10,2015,4,All (PS),production,55329.0
2930,AO2008A102,Angola,AO,Benguela,none,Benguela,Sweet Potatoes,Main,2015,10,2016,4,All (PS),production,51988.0
2931,AO2008A102,Angola,AO,Benguela,none,Benguela,Sweet Potatoes,Main,2016,10,2017,4,All (PS),production,51365.0
2932,AO2008A102,Angola,AO,Benguela,none,Benguela,Banana,Main,2006,10,2007,4,All (PS),production,511470.0
2933,AO2008A102,Angola,AO,Benguela,none,Benguela,Banana,Main,2007,10,2008,4,All (PS),production,903247.0
2934,AO2008A102,Angola,AO,Benguela,none,Benguela,Banana,Main,2008,10,2009,4,All (PS),production,905847.0
2935,AO2008A102,Angola,AO,Benguela,none,Benguela,Banana,Main,2009,10,2010,4,All (PS),production,742008.0
2936,AO2008A102,Angola,AO,Benguela,none,Benguela,Banana,Main,2010,10,2011,4,All (PS),production,647231.0
2937,AO2008A102,Angola,AO,Benguela,none,Benguela,Banana,Main,2011,10,2012,4,All (PS),production,930128.0
2938,AO2008A102,Angola,AO,Benguela,none,Benguela,Banana,Main,2012,10,2013,4,All (PS),production,713422.0
2939,AO2008A102,Angola,AO,Benguela,none,Benguela,Banana,Main,2013,10,2014,4,All (PS),production,788231.0
2940,AO2008A102,Angola,AO,Benguela,none,Benguela,Banana,Main,2014,10,2015,4,All (PS),production,840912.0
2941,AO2008A102,Angola,AO,Benguela,none,Benguela,Banana,Main,2015,10,2016,4,All (PS),production,840912.0
2942,AO2008A102,Angola,AO,Benguela,none,Benguela,Banana,Main,2016,10,2017,4,All (PS),production,864681.0
2943,AO2008A102,Angola,AO,Benguela,none,Benguela,Tomato,Main,2014,10,2015,4,All (PS),production,228693.0
2944,AO2008A102,Angola,AO,Benguela,none,Benguela,Tomato,Main,2015,10,2016,4,All (PS),production,228693.0
2945,AO2008A102,Angola,AO,Benguela,none,Benguela,Tomato,Main,2016,10,2017,4,All (PS),production,261719.0
2946,AO2008A102,Angola,AO,Benguela,none,Benguela,Onions,Main,2014,10,2015,4,All (PS),production,174100.0
2947,AO2008A102,Angola,AO,Benguela,none,Benguela,Onions,Main,2015,10,2016,4,All (PS),production,174100.0
2948,AO2008A102,Angola,AO,Benguela,none,Benguela,Onions,Main,2016,10,2017,4,All (PS),production,187954.0
2949,AO2008A102,Angola,AO,Benguela,none,Benguela,Mango,Main,2015,10,2016,4,All (PS),production,31801.0
2950,AO2008A102,Angola,AO,Benguela,none,Benguela,Mango,Main,2016,10,2017,4,All (PS),production,32544.0
2951,AO2008A102,Angola,AO,Benguela,none,Benguela,Groundnuts (In Shell),Main,2001,10,2002,4,All (PS),production,2664.0
2952,AO2008A102,Angola,AO,Benguela,none,Benguela,Groundnuts (In Shell),Main,2002,10,2003,4,All (PS),production,157.0
2953,AO2008A102,Angola,AO,Benguela,none,Benguela,Groundnuts (In Shell),Main,2003,10,2004,4,All (PS),production,429.0
2954,AO2008A102,Angola,AO,Benguela,none,Benguela,Groundnuts (In Shell),Main,2004,10,2005,4,All (PS),production,545.0
2955,AO2008A102,Angola,AO,Benguela,none,Benguela,Groundnuts (In Shell),Main,2005,10,2006,4,All (PS),production,616.0
2956,AO2008A102,Angola,AO,Benguela,none,Benguela,Groundnuts (In Shell),Main,2006,10,2007,4,All (PS),production,851.0
2957,AO2008A102,Angola,AO,Benguela,none,Benguela,Groundnuts (In Shell),Main,2007,10,2008,4,All (PS),production,474.0
2958,AO2008A102,Angola,AO,Benguela,none,Benguela,Groundnuts (In Shell),Main,2008,10,2009,4,All (PS),production,1092.0
2959,AO2008A102,Angola,AO,Benguela,none,Benguela,Groundnuts (In Shell),Main,2009,10,2010,4,All (PS),production,1268.0
2960,AO2008A102,Angola,AO,Benguela,none,Benguela,Groundnuts (In Shell),Main,2010,10,2011,4,All (PS),production,2354.0
2961,AO2008A102,Angola,AO,Benguela,none,Benguela,Groundnuts (In Shell),Main,2011,10,2012,4,All (PS),production,689.0
2962,AO2008A102,Angola,AO,Benguela,none,Benguela,Groundnuts (In Shell),Main,2012,10,2013,4,All (PS),production,2858.0
2963,AO2008A102,Angola,AO,Benguela,none,Benguela,Groundnuts (In Shell),Main,2013,10,2014,4,All (PS),production,4027.0
2964,AO2008A102,Angola,AO,Benguela,none,Benguela,Groundnuts (In Shell),Main,2014,10,2015,4,All (PS),production,4142.0
2965,AO2008A102,Angola,AO,Benguela,none,Benguela,Groundnuts (In Shell),Main,2015,10,2016,4,All (PS),production,4142.0
2966,AO2008A102,Angola,AO,Benguela,none,Benguela,Groundnuts (In Shell),Main,2016,10,2017,4,All (PS),production,3704.0
2967,AO2008A102,Angola,AO,Benguela,none,Benguela,Lemon,Main,2015,10,2016,4,All (PS),production,14192.0
2968,AO2008A102,Angola,AO,Benguela,none,Benguela,Lemon,Main,2016,10,2017,4,All (PS),production,20146.0
2969,AO2008A102,Angola,AO,Benguela,none,Benguela,Beans (mixed),Main,2000,10,2001,4,All (PS),production,6840.0
2970,AO2008A102,Angola,AO,Benguela,none,Benguela,Beans (mixed),Main,2001,10,2002,4,All (PS),production,8477.0
2971,AO2008A102,Angola,AO,Benguela,none,Benguela,Beans (mixed),Main,2002,10,2003,4,All (PS),production,953.0
2972,AO2008A102,Angola,AO,Benguela,none,Benguela,Beans (mixed),Main,2003,10,2004,4,All (PS),production,2438.0
2973,AO2008A102,Angola,AO,Benguela,none,Benguela,Beans (mixed),Main,2004,10,2005,4,All (PS),production,5035.0
2974,AO2008A102,Angola,AO,Benguela,none,Benguela,Beans (mixed),Main,2005,10,2006,4,All (PS),production,805.0
2975,AO2008A102,Angola,AO,Benguela,none,Benguela,Beans (mixed),Main,2006,10,2007,4,All (PS),production,871.0
2976,AO2008A102,Angola,AO,Benguela,none,Benguela,Beans (mixed),Main,2007,10,2008,4,All (PS),production,10527.0
2977,AO2008A102,Angola,AO,Benguela,none,Benguela,Beans (mixed),Main,2008,10,2009,4,All (PS),production,49462.0
2978,AO2008A102,Angola,AO,Benguela,none,Benguela,Beans (mixed),Main,2009,10,2010,4,All (PS),production,49485.0
2979,AO2008A102,Angola,AO,Benguela,none,Benguela,Beans (mixed),Main,2010,10,2011,4,All (PS),production,60931.0
2980,AO2008A102,Angola,AO,Benguela,none,Benguela,Beans (mixed),Main,2011,10,2012,4,All (PS),production,18892.0
2981,AO2008A102,Angola,AO,Benguela,none,Benguela,Beans (mixed),Main,2012,10,2013,4,All (PS),production,61508.0
2982,AO2008A102,Angola,AO,Benguela,none,Benguela,Beans (mixed),Main,2013,10,2014,4,All (PS),production,77351.0
2983,AO2008A102,Angola,AO,Benguela,none,Benguela,Beans (mixed),Main,2014,10,2015,4,All (PS),production,25377.0
2984,AO2008A102,Angola,AO,Benguela,none,Benguela,Beans (mixed),Main,2015,10,2016,4,All (PS),production,25377.0
2985,AO2008A102,Angola,AO,Benguela,none,Benguela,Beans (mixed),Main,2016,10,2017,4,All (PS),production,19448.0
2986,AO2008A102,Angola,AO,Benguela,none,Benguela,Cassava,Main,1996,10,1997,4,All (PS),production,100000.0
2987,AO2008A102,Angola,AO,Benguela,none,Benguela,Cassava,Main,1997,10,1998,4,All (PS),production,150000.0
2988,AO2008A102,Angola,AO,Benguela,none,Benguela,Cassava,Main,1998,10,1999,4,All (PS),production,54530.0
2989,AO2008A102,Angola,AO,Benguela,none,Benguela,Cassava,Main,1999,10,2000,4,All (PS),production,55070.0
2990,AO2008A102,Angola,AO,Benguela,none,Benguela,Cassava,Main,2000,10,2001,4,All (PS),production,76215.0
2991,AO2008A102,Angola,AO,Benguela,none,Benguela,Cassava,Main,2001,10,2002,4,All (PS),production,140766.0
2992,AO2008A102,Angola,AO,Benguela,none,Benguela,Cassava,Main,2004,10,2005,4,All (PS),production,20995.0
2993,AO2008A102,Angola,AO,Benguela,none,Benguela,Cassava,Main,2005,10,2006,4,All (PS),production,35230.0
2994,AO2008A102,Angola,AO,Benguela,none,Benguela,Cassava,Main,2006,10,2007,4,All (PS),production,39526.0
2995,AO2008A102,Angola,AO,Benguela,none,Benguela,Cassava,Main,2007,10,2008,4,All (PS),production,35230.0
2996,AO2008A102,Angola,AO,Benguela,none,Benguela,Cassava,Main,2008,10,2009,4,All (PS),production,435451.0
2997,AO2008A102,Angola,AO,Benguela,none,Benguela,Cassava,Main,2009,10,2010,4,All (PS),production,183036.0
2998,AO2008A102,Angola,AO,Benguela,none,Benguela,Cassava,Main,2010,10,2011,4,All (PS),production,189874.0
2999,AO2008A102,Angola,AO,Benguela,none,Benguela,Cassava,Main,2011,10,2012,4,All (PS),production,137867.0
3000,AO2008A102,Angola,AO,Benguela,none,Benguela,Cassava,Main,2012,10,2013,4,All (PS),production,244385.0
3001,AO2008A102,Angola,AO,Benguela,none,Benguela,Cassava,Main,2013,10,2014,4,All (PS),production,261338.0
3002,AO2008A102,Angola,AO,Benguela,none,Benguela,Cassava,Main,2015,10,2016,4,All (PS),production,270881.0
3003,AO2008A102,Angola,AO,Benguela,none,Benguela,Cassava,Main,2016,10,2017,4,All (PS),production,256559.0
3004,AO2008A102,Angola,AO,Benguela,none,Benguela,Potato,Main,2004,10,2005,4,All (PS),production,2622.0
3005,AO2008A102,Angola,AO,Benguela,none,Benguela,Potato,Main,2008,10,2009,4,All (PS),production,82524.0
3006,AO2008A102,Angola,AO,Benguela,none,Benguela,Potato,Main,2009,10,2010,4,All (PS),production,81681.0
3007,AO2008A102,Angola,AO,Benguela,none,Benguela,Potato,Main,2010,10,2011,4,All (PS),production,83182.0
3008,AO2008A102,Angola,AO,Benguela,none,Benguela,Potato,Main,2011,10,2012,4,All (PS),production,53288.0
3009,AO2008A102,Angola,AO,Benguela,none,Benguela,Potato,Main,2012,10,2013,4,All (PS),production,53972.0
3010,AO2008A102,Angola,AO,Benguela,none,Benguela,Potato,Main,2013,10,2014,4,All (PS),production,54124.0
3011,AO2008A102,Angola,AO,Benguela,none,Benguela,Potato,Main,2014,10,2015,4,All (PS),production,54186.0
3012,AO2008A102,Angola,AO,Benguela,none,Benguela,Potato,Main,2015,10,2016,4,All (PS),production,54186.0
3013,AO2008A102,Angola,AO,Benguela,none,Benguela,Potato,Main,2016,10,2017,4,All (PS),production,45245.0
3014,AO2008A102,Angola,AO,Benguela,none,Benguela,Pineapple,Main,2006,10,2007,4,All (PS),production,4690.0
3015,AO2008A102,Angola,AO,Benguela,none,Benguela,Pineapple,Main,2014,10,2015,4,All (PS),production,100732.0
3016,AO2008A102,Angola,AO,Benguela,none,Benguela,Pineapple,Main,2015,10,2016,4,All (PS),production,100732.0
3017,AO2008A102,Angola,AO,Benguela,none,Benguela,Pineapple,Main,2016,10,2017,4,All (PS),production,90109.0
3018,AO2008A102,Angola,AO,Benguela,none,Benguela,Sorghum,Main,2006,10,2007,4,All (PS),production,1376.0
3019,AO2008A102,Angola,AO,Benguela,none,Benguela,Sorghum,Main,2008,10,2009,4,All (PS),production,146.0
3020,AO2008A102,Angola,AO,Benguela,none,Benguela,Sorghum,Main,2009,10,2010,4,All (PS),production,768.0
3021,AO2008A102,Angola,AO,Benguela,none,Benguela,Sorghum,Main,2010,10,2011,4,All (PS),production,4739.0
3022,AO2008A102,Angola,AO,Benguela,none,Benguela,Sorghum,Main,2011,10,2012,4,All (PS),production,1300.0
3023,AO2008A102,Angola,AO,Benguela,none,Benguela,Sorghum,Main,2012,10,2013,4,All (PS),production,5872.0
3024,AO2008A102,Angola,AO,Benguela,none,Benguela,Sorghum,Main,2013,10,2014,4,All (PS),production,6095.0
3025,AO2008A102,Angola,AO,Benguela,none,Benguela,Sorghum,Main,2014,10,2015,4,All (PS),production,6940.0
3026,AO2008A102,Angola,AO,Benguela,none,Benguela,Sorghum,Main,2015,10,2016,4,All (PS),production,6940.0
3027,AO2008A102,Angola,AO,Benguela,none,Benguela,Sorghum,Main,2016,10,2017,4,All (PS),production,6827.0
3028,AO2008A102,Angola,AO,Benguela,none,Benguela,Coffee,Main,2012,10,2013,4,All (PS),production,114.0
3029,AO2008A102,Angola,AO,Benguela,none,Benguela,Coffee,Main,2013,10,2014,4,All (PS),production,89.0
3030,AO2008A102,Angola,AO,Benguela,none,Benguela,Soybean,Main,2000,10,2001,4,All (PS),production,2052.0
3031,AO2008A102,Angola,AO,Benguela,none,Benguela,Soybean,Main,2008,10,2009,4,All (PS),production,1191.0
3032,AO2008A102,Angola,AO,Benguela,none,Benguela,Soybean,Main,2009,10,2010,4,All (PS),production,1277.0
3033,AO2008A102,Angola,AO,Benguela,none,Benguela,Soybean,Main,2010,10,2011,4,All (PS),production,1664.0
3034,AO2008A102,Angola,AO,Benguela,none,Benguela,Soybean,Main,2011,10,2012,4,All (PS),production,961.0
3035,AO2008A102,Angola,AO,Benguela,none,Benguela,Soybean,Main,2012,10,2013,4,All (PS),production,1616.0
3036,AO2008A102,Angola,AO,Benguela,none,Benguela,Soybean,Main,2013,10,2014,4,All (PS),production,2028.0
3037,AO2008A102,Angola,AO,Benguela,none,Benguela,Soybean,Main,2014,10,2015,4,All (PS),production,8130.0
3038,AO2008A102,Angola,AO,Benguela,none,Benguela,Soybean,Main,2015,10,2016,4,All (PS),production,8130.0
3039,AO2008A102,Angola,AO,Benguela,none,Benguela,Soybean,Main,2016,10,2017,4,All (PS),production,2185.0
3040,AO2008A102,Angola,AO,Benguela,none,Benguela,Watermelon,Main,2014,10,2015,4,All (PS),production,573.0
3041,AO2008A102,Angola,AO,Benguela,none,Benguela,Watermelon,Main,2015,10,2016,4,All (PS),production,573.0
3042,AO2008A102,Angola,AO,Benguela,none,Benguela,Watermelon,Main,2016,10,2017,4,All (PS),production,532.0
3043,AO2008A102,Angola,AO,Benguela,none,Benguela,Okras,Main,2014,10,2015,4,All (PS),production,137.0
3044,AO2008A102,Angola,AO,Benguela,none,Benguela,Okras,Main,2015,10,2016,4,All (PS),production,137.0
3045,AO2008A102,Angola,AO,Benguela,none,Benguela,Okras,Main,2016,10,2017,4,All (PS),production,174.0
3046,AO2008A102,Angola,AO,Benguela,none,Benguela,Cabbage,Main,2014,10,2015,4,All (PS),production,104347.0
3047,AO2008A102,Angola,AO,Benguela,none,Benguela,Cabbage,Main,2015,10,2016,4,All (PS),production,104347.0
3048,AO2008A102,Angola,AO,Benguela,none,Benguela,Cabbage,Main,2016,10,2017,4,All (PS),production,105928.0
3049,AO2008A102,Angola,AO,Benguela,none,Benguela,Carrots,Main,2014,10,2015,4,All (PS),production,2964.0
3050,AO2008A102,Angola,AO,Benguela,none,Benguela,Carrots,Main,2015,10,2016,4,All (PS),production,2964.0
3051,AO2008A102,Angola,AO,Benguela,none,Benguela,Carrots,Main,2016,10,2017,4,All (PS),production,3596.0
3052,AO2008A102,Angola,AO,Benguela,none,Benguela,Melon,Main,2014,10,2015,4,All (PS),production,496.0
3053,AO2008A102,Angola,AO,Benguela,none,Benguela,Melon,Main,2015,10,2016,4,All (PS),production,496.0
3054,AO2008A102,Angola,AO,Benguela,none,Benguela,Melon,Main,2016,10,2017,4,All (PS),production,528.0
3055,AO2008A102,Angola,AO,Benguela,none,Benguela,Millet,Main,2014,10,2015,4,All (PS),production,3793.0
3056,AO2008A102,Angola,AO,Benguela,none,Benguela,Millet,Main,2015,10,2016,4,All (PS),production,3793.0
3057,AO2008A102,Angola,AO,Benguela,none,Benguela,Green Bean,Main,2015,10,2016,4,All (PS),production,263.0
3058,AO2008A102,Angola,AO,Benguela,none,Benguela,Millet,Main,2000,10,2001,4,All (PS),production,17588.0
3059,AO2008A102,Angola,AO,Benguela,none,Benguela,Millet,Main,2001,10,2002,4,All (PS),production,16349.0
3060,AO2008A102,Angola,AO,Benguela,none,Benguela,Millet,Main,2002,10,2003,4,All (PS),production,9515.0
3061,AO2008A102,Angola,AO,Benguela,none,Benguela,Millet,Main,2003,10,2004,4,All (PS),production,8478.0
3062,AO2008A102,Angola,AO,Benguela,none,Benguela,Millet,Main,2004,10,2005,4,All (PS),production,7342.0
3063,AO2008A102,Angola,AO,Benguela,none,Benguela,Millet,Main,2005,10,2006,4,All (PS),production,10789.0
3064,AO2008A102,Angola,AO,Benguela,none,Benguela,Millet,Main,2009,10,2010,4,All (PS),production,2614.0
3065,AO2008A102,Angola,AO,Benguela,none,Benguela,Millet,Main,2010,10,2011,4,All (PS),production,2821.0
3066,AO2008A102,Angola,AO,Benguela,none,Benguela,Millet,Main,2011,10,2012,4,All (PS),production,652.0
3067,AO2008A102,Angola,AO,Benguela,none,Benguela,Millet,Main,2012,10,2013,4,All (PS),production,3290.0
3068,AO2008A102,Angola,AO,Benguela,none,Benguela,Millet,Main,2013,10,2014,4,All (PS),production,3674.0
3069,AO2008A102,Angola,AO,Benguela,none,Benguela,Rice,Main,2008,10,2009,4,All (PS),production,16.0
3070,AO2008A102,Angola,AO,Benguela,none,Benguela,Rice,Main,2009,10,2010,4,All (PS),production,18.0
3071,AO2008A102,Angola,AO,Benguela,none,Benguela,Rice,Main,2010,10,2011,4,All (PS),production,31.0
3072,AO2008A102,Angola,AO,Benguela,none,Benguela,Garlic,Main,2008,10,2009,4,All (PS),production,1212.93
3073,AO2008A102,Angola,AO,Benguela,none,Benguela,Garlic,Main,2009,10,2010,4,All (PS),production,1236.38
3074,AO2008A102,Angola,AO,Benguela,none,Benguela,Garlic,Main,2010,10,2011,4,All (PS),production,1597.0
3075,AO2008A102,Angola,AO,Benguela,none,Benguela,Garlic,Main,2011,10,2012,4,All (PS),production,1045.51
3076,AO2008A103,Angola,AO,Bie,none,Bie,Maize,Main,1996,10,1997,4,All (PS),production,4576.0
3077,AO2008A103,Angola,AO,Bie,none,Bie,Maize,Main,1997,10,1998,4,All (PS),production,6600.0
3078,AO2008A103,Angola,AO,Bie,none,Bie,Maize,Main,1998,10,1999,4,All (PS),production,54066.0
3079,AO2008A103,Angola,AO,Bie,none,Bie,Maize,Main,1999,10,2000,4,All (PS),production,35497.0
3080,AO2008A103,Angola,AO,Bie,none,Bie,Maize,Main,2000,10,2001,4,All (PS),production,49152.0
3081,AO2008A103,Angola,AO,Bie,none,Bie,Maize,Main,2001,10,2002,4,All (PS),production,68246.0
3082,AO2008A103,Angola,AO,Bie,none,Bie,Maize,Main,2002,10,2003,4,All (PS),production,61382.0
3083,AO2008A103,Angola,AO,Bie,none,Bie,Maize,Main,2003,10,2004,4,All (PS),production,74192.0
3084,AO2008A103,Angola,AO,Bie,none,Bie,Maize,Main,2004,10,2005,4,All (PS),production,139961.0
3085,AO2008A103,Angola,AO,Bie,none,Bie,Maize,Main,2005,10,2006,4,All (PS),production,131533.0
3086,AO2008A103,Angola,AO,Bie,none,Bie,Maize,Main,2006,10,2007,4,All (PS),production,161786.0
3087,AO2008A103,Angola,AO,Bie,none,Bie,Maize,Main,2007,10,2008,4,All (PS),production,181011.0
3088,AO2008A103,Angola,AO,Bie,none,Bie,Maize,Main,2008,10,2009,4,All (PS),production,105431.0
3089,AO2008A103,Angola,AO,Bie,none,Bie,Maize,Main,2009,10,2010,4,All (PS),production,183296.0
3090,AO2008A103,Angola,AO,Bie,none,Bie,Maize,Main,2010,10,2011,4,All (PS),production,220492.0
3091,AO2008A103,Angola,AO,Bie,none,Bie,Maize,Main,2011,10,2012,4,All (PS),production,72037.0
3092,AO2008A103,Angola,AO,Bie,none,Bie,Maize,Main,2012,10,2013,4,All (PS),production,289713.0
3093,AO2008A103,Angola,AO,Bie,none,Bie,Maize,Main,2013,10,2014,4,All (PS),production,308680.0
3094,AO2008A103,Angola,AO,Bie,none,Bie,Maize,Main,2014,10,2015,4,All (PS),production,410531.0
3095,AO2008A103,Angola,AO,Bie,none,Bie,Maize,Main,2015,10,2016,4,All (PS),production,410531.0
3096,AO2008A103,Angola,AO,Bie,none,Bie,Maize,Main,2016,10,2017,4,All (PS),production,374170.0
3097,AO2008A103,Angola,AO,Bie,none,Bie,Chili Pepper,Main,2014,10,2015,4,All (PS),production,73.0
3098,AO2008A103,Angola,AO,Bie,none,Bie,Sweet Potatoes,Main,2000,10,2001,4,All (PS),production,21065.0
3099,AO2008A103,Angola,AO,Bie,none,Bie,Sweet Potatoes,Main,2001,10,2002,4,All (PS),production,25713.0
3100,AO2008A103,Angola,AO,Bie,none,Bie,Sweet Potatoes,Main,2002,10,2003,4,All (PS),production,58797.0
3101,AO2008A103,Angola,AO,Bie,none,Bie,Sweet Potatoes,Main,2003,10,2004,4,All (PS),production,55644.0
3102,AO2008A103,Angola,AO,Bie,none,Bie,Sweet Potatoes,Main,2004,10,2005,4,All (PS),production,53319.0
3103,AO2008A103,Angola,AO,Bie,none,Bie,Sweet Potatoes,Main,2005,10,2006,4,All (PS),production,54883.0
3104,AO2008A103,Angola,AO,Bie,none,Bie,Sweet Potatoes,Main,2006,10,2007,4,All (PS),production,35552.0
3105,AO2008A103,Angola,AO,Bie,none,Bie,Sweet Potatoes,Main,2007,10,2008,4,All (PS),production,16718.0
3106,AO2008A103,Angola,AO,Bie,none,Bie,Sweet Potatoes,Main,2008,10,2009,4,All (PS),production,17840.0
3107,AO2008A103,Angola,AO,Bie,none,Bie,Sweet Potatoes,Main,2009,10,2010,4,All (PS),production,109622.0
3108,AO2008A103,Angola,AO,Bie,none,Bie,Sweet Potatoes,Main,2010,10,2011,4,All (PS),production,101694.0
3109,AO2008A103,Angola,AO,Bie,none,Bie,Sweet Potatoes,Main,2011,10,2012,4,All (PS),production,40879.0
3110,AO2008A103,Angola,AO,Bie,none,Bie,Sweet Potatoes,Main,2012,10,2013,4,All (PS),production,111611.0
3111,AO2008A103,Angola,AO,Bie,none,Bie,Sweet Potatoes,Main,2013,10,2014,4,All (PS),production,188892.0
3112,AO2008A103,Angola,AO,Bie,none,Bie,Sweet Potatoes,Main,2014,10,2015,4,All (PS),production,185497.0
3113,AO2008A103,Angola,AO,Bie,none,Bie,Sweet Potatoes,Main,2015,10,2016,4,All (PS),production,180057.0
3114,AO2008A103,Angola,AO,Bie,none,Bie,Sweet Potatoes,Main,2016,10,2017,4,All (PS),production,169951.0
3115,AO2008A103,Angola,AO,Bie,none,Bie,Banana,Main,2006,10,2007,4,All (PS),production,78934.0
3116,AO2008A103,Angola,AO,Bie,none,Bie,Banana,Main,2007,10,2008,4,All (PS),production,26114.0
3117,AO2008A103,Angola,AO,Bie,none,Bie,Banana,Main,2008,10,2009,4,All (PS),production,26114.0
3118,AO2008A103,Angola,AO,Bie,none,Bie,Banana,Main,2009,10,2010,4,All (PS),production,24044.0
3119,AO2008A103,Angola,AO,Bie,none,Bie,Banana,Main,2010,10,2011,4,All (PS),production,77321.0
3120,AO2008A103,Angola,AO,Bie,none,Bie,Banana,Main,2011,10,2012,4,All (PS),production,90266.0
3121,AO2008A103,Angola,AO,Bie,none,Bie,Banana,Main,2012,10,2013,4,All (PS),production,80950.0
3122,AO2008A103,Angola,AO,Bie,none,Bie,Banana,Main,2013,10,2014,4,All (PS),production,90216.0
3123,AO2008A103,Angola,AO,Bie,none,Bie,Banana,Main,2014,10,2015,4,All (PS),production,96536.0
3124,AO2008A103,Angola,AO,Bie,none,Bie,Banana,Main,2015,10,2016,4,All (PS),production,96536.0
3125,AO2008A103,Angola,AO,Bie,none,Bie,Banana,Main,2016,10,2017,4,All (PS),production,125247.0
3126,AO2008A103,Angola,AO,Bie,none,Bie,Tomato,Main,2014,10,2015,4,All (PS),production,24436.0
3127,AO2008A103,Angola,AO,Bie,none,Bie,Tomato,Main,2015,10,2016,4,All (PS),production,24436.0
3128,AO2008A103,Angola,AO,Bie,none,Bie,Tomato,Main,2016,10,2017,4,All (PS),production,26810.0
3129,AO2008A103,Angola,AO,Bie,none,Bie,Onions,Main,2014,10,2015,4,All (PS),production,74686.0
3130,AO2008A103,Angola,AO,Bie,none,Bie,Onions,Main,2015,10,2016,4,All (PS),production,74686.0
3131,AO2008A103,Angola,AO,Bie,none,Bie,Onions,Main,2016,10,2017,4,All (PS),production,80844.0
3132,AO2008A103,Angola,AO,Bie,none,Bie,Mango,Main,2015,10,2016,4,All (PS),production,6232.0
3133,AO2008A103,Angola,AO,Bie,none,Bie,Mango,Main,2016,10,2017,4,All (PS),production,7033.0
3134,AO2008A103,Angola,AO,Bie,none,Bie,Groundnuts (In Shell),Main,2001,10,2002,4,All (PS),production,1928.0
3135,AO2008A103,Angola,AO,Bie,none,Bie,Groundnuts (In Shell),Main,2002,10,2003,4,All (PS),production,969.0
3136,AO2008A103,Angola,AO,Bie,none,Bie,Groundnuts (In Shell),Main,2003,10,2004,4,All (PS),production,3091.0
3137,AO2008A103,Angola,AO,Bie,none,Bie,Groundnuts (In Shell),Main,2004,10,2005,4,All (PS),production,4432.0
3138,AO2008A103,Angola,AO,Bie,none,Bie,Groundnuts (In Shell),Main,2005,10,2006,4,All (PS),production,5285.0
3139,AO2008A103,Angola,AO,Bie,none,Bie,Groundnuts (In Shell),Main,2006,10,2007,4,All (PS),production,6464.0
3140,AO2008A103,Angola,AO,Bie,none,Bie,Groundnuts (In Shell),Main,2007,10,2008,4,All (PS),production,13543.0
3141,AO2008A103,Angola,AO,Bie,none,Bie,Groundnuts (In Shell),Main,2008,10,2009,4,All (PS),production,13554.0
3142,AO2008A103,Angola,AO,Bie,none,Bie,Groundnuts (In Shell),Main,2009,10,2010,4,All (PS),production,13775.0
3143,AO2008A103,Angola,AO,Bie,none,Bie,Groundnuts (In Shell),Main,2010,10,2011,4,All (PS),production,16090.0
3144,AO2008A103,Angola,AO,Bie,none,Bie,Groundnuts (In Shell),Main,2011,10,2012,4,All (PS),production,2937.0
3145,AO2008A103,Angola,AO,Bie,none,Bie,Groundnuts (In Shell),Main,2012,10,2013,4,All (PS),production,19599.0
3146,AO2008A103,Angola,AO,Bie,none,Bie,Groundnuts (In Shell),Main,2013,10,2014,4,All (PS),production,25159.0
3147,AO2008A103,Angola,AO,Bie,none,Bie,Groundnuts (In Shell),Main,2014,10,2015,4,All (PS),production,26840.0
3148,AO2008A103,Angola,AO,Bie,none,Bie,Groundnuts (In Shell),Main,2015,10,2016,4,All (PS),production,26840.0
3149,AO2008A103,Angola,AO,Bie,none,Bie,Groundnuts (In Shell),Main,2016,10,2017,4,All (PS),production,19053.0
3150,AO2008A103,Angola,AO,Bie,none,Bie,Lemon,Main,2015,10,2016,4,All (PS),production,11575.0
3151,AO2008A103,Angola,AO,Bie,none,Bie,Lemon,Main,2016,10,2017,4,All (PS),production,11911.0
3152,AO2008A103,Angola,AO,Bie,none,Bie,Beans (mixed),Main,2000,10,2001,4,All (PS),production,12840.0
3153,AO2008A103,Angola,AO,Bie,none,Bie,Beans (mixed),Main,2001,10,2002,4,All (PS),production,13714.0
3154,AO2008A103,Angola,AO,Bie,none,Bie,Beans (mixed),Main,2002,10,2003,4,All (PS),production,10338.0
3155,AO2008A103,Angola,AO,Bie,none,Bie,Beans (mixed),Main,2003,10,2004,4,All (PS),production,9274.0
3156,AO2008A103,Angola,AO,Bie,none,Bie,Beans (mixed),Main,2004,10,2005,4,All (PS),production,15996.0
3157,AO2008A103,Angola,AO,Bie,none,Bie,Beans (mixed),Main,2005,10,2006,4,All (PS),production,19645.0
3158,AO2008A103,Angola,AO,Bie,none,Bie,Beans (mixed),Main,2006,10,2007,4,All (PS),production,20055.0
3159,AO2008A103,Angola,AO,Bie,none,Bie,Beans (mixed),Main,2007,10,2008,4,All (PS),production,21911.0
3160,AO2008A103,Angola,AO,Bie,none,Bie,Beans (mixed),Main,2008,10,2009,4,All (PS),production,61677.0
3161,AO2008A103,Angola,AO,Bie,none,Bie,Beans (mixed),Main,2009,10,2010,4,All (PS),production,62025.0
3162,AO2008A103,Angola,AO,Bie,none,Bie,Beans (mixed),Main,2010,10,2011,4,All (PS),production,64105.0
3163,AO2008A103,Angola,AO,Bie,none,Bie,Beans (mixed),Main,2011,10,2012,4,All (PS),production,16037.0
3164,AO2008A103,Angola,AO,Bie,none,Bie,Beans (mixed),Main,2012,10,2013,4,All (PS),production,66985.0
3165,AO2008A103,Angola,AO,Bie,none,Bie,Beans (mixed),Main,2013,10,2014,4,All (PS),production,86898.0
3166,AO2008A103,Angola,AO,Bie,none,Bie,Beans (mixed),Main,2014,10,2015,4,All (PS),production,86898.0
3167,AO2008A103,Angola,AO,Bie,none,Bie,Beans (mixed),Main,2015,10,2016,4,All (PS),production,86898.0
3168,AO2008A103,Angola,AO,Bie,none,Bie,Beans (mixed),Main,2016,10,2017,4,All (PS),production,76849.0
3169,AO2008A103,Angola,AO,Bie,none,Bie,Cassava,Main,1996,10,1997,4,All (PS),production,148000.0
3170,AO2008A103,Angola,AO,Bie,none,Bie,Cassava,Main,1997,10,1998,4,All (PS),production,148000.0
3171,AO2008A103,Angola,AO,Bie,none,Bie,Cassava,Main,1998,10,1999,4,All (PS),production,262977.0
3172,AO2008A103,Angola,AO,Bie,none,Bie,Cassava,Main,1999,10,2000,4,All (PS),production,258980.0
3173,AO2008A103,Angola,AO,Bie,none,Bie,Cassava,Main,2000,10,2001,4,All (PS),production,182563.0
3174,AO2008A103,Angola,AO,Bie,none,Bie,Cassava,Main,2001,10,2002,4,All (PS),production,190195.0
3175,AO2008A103,Angola,AO,Bie,none,Bie,Cassava,Main,2002,10,2003,4,All (PS),production,132093.0
3176,AO2008A103,Angola,AO,Bie,none,Bie,Cassava,Main,2003,10,2004,4,All (PS),production,98622.0
3177,AO2008A103,Angola,AO,Bie,none,Bie,Cassava,Main,2004,10,2005,4,All (PS),production,83604.0
3178,AO2008A103,Angola,AO,Bie,none,Bie,Cassava,Main,2005,10,2006,4,All (PS),production,128350.0
3179,AO2008A103,Angola,AO,Bie,none,Bie,Cassava,Main,2006,10,2007,4,All (PS),production,171426.0
3180,AO2008A103,Angola,AO,Bie,none,Bie,Cassava,Main,2007,10,2008,4,All (PS),production,145275.0
3181,AO2008A103,Angola,AO,Bie,none,Bie,Cassava,Main,2008,10,2009,4,All (PS),production,424243.0
3182,AO2008A103,Angola,AO,Bie,none,Bie,Cassava,Main,2009,10,2010,4,All (PS),production,188286.0
3183,AO2008A103,Angola,AO,Bie,none,Bie,Cassava,Main,2010,10,2011,4,All (PS),production,195211.0
3184,AO2008A103,Angola,AO,Bie,none,Bie,Cassava,Main,2011,10,2012,4,All (PS),production,138517.0
3185,AO2008A103,Angola,AO,Bie,none,Bie,Cassava,Main,2012,10,2013,4,All (PS),production,232308.0
3186,AO2008A103,Angola,AO,Bie,none,Bie,Cassava,Main,2013,10,2014,4,All (PS),production,255041.0
3187,AO2008A103,Angola,AO,Bie,none,Bie,Cassava,Main,2015,10,2016,4,All (PS),production,263470.0
3188,AO2008A103,Angola,AO,Bie,none,Bie,Cassava,Main,2016,10,2017,4,All (PS),production,326651.0
3189,AO2008A103,Angola,AO,Bie,none,Bie,Potato,Main,2000,10,2001,4,All (PS),production,40124.0
3190,AO2008A103,Angola,AO,Bie,none,Bie,Potato,Main,2001,10,2002,4,All (PS),production,42855.0
3191,AO2008A103,Angola,AO,Bie,none,Bie,Potato,Main,2002,10,2003,4,All (PS),production,63751.0
3192,AO2008A103,Angola,AO,Bie,none,Bie,Potato,Main,2003,10,2004,4,All (PS),production,45752.0
3193,AO2008A103,Angola,AO,Bie,none,Bie,Potato,Main,2004,10,2005,4,All (PS),production,58317.0
3194,AO2008A103,Angola,AO,Bie,none,Bie,Potato,Main,2005,10,2006,4,All (PS),production,117873.0
3195,AO2008A103,Angola,AO,Bie,none,Bie,Potato,Main,2006,10,2007,4,All (PS),production,192794.0
3196,AO2008A103,Angola,AO,Bie,none,Bie,Potato,Main,2007,10,2008,4,All (PS),production,22138.0
3197,AO2008A103,Angola,AO,Bie,none,Bie,Potato,Main,2008,10,2009,4,All (PS),production,96480.0
3198,AO2008A103,Angola,AO,Bie,none,Bie,Potato,Main,2009,10,2010,4,All (PS),production,96708.0
3199,AO2008A103,Angola,AO,Bie,none,Bie,Potato,Main,2010,10,2011,4,All (PS),production,98284.0
3200,AO2008A103,Angola,AO,Bie,none,Bie,Potato,Main,2011,10,2012,4,All (PS),production,91309.0
3201,AO2008A103,Angola,AO,Bie,none,Bie,Potato,Main,2012,10,2013,4,All (PS),production,92863.0
3202,AO2008A103,Angola,AO,Bie,none,Bie,Potato,Main,2013,10,2014,4,All (PS),production,92905.0
3203,AO2008A103,Angola,AO,Bie,none,Bie,Potato,Main,2014,10,2015,4,All (PS),production,92987.0
3204,AO2008A103,Angola,AO,Bie,none,Bie,Potato,Main,2015,10,2016,4,All (PS),production,92987.0
3205,AO2008A103,Angola,AO,Bie,none,Bie,Potato,Main,2016,10,2017,4,All (PS),production,82643.0
3206,AO2008A103,Angola,AO,Bie,none,Bie,Pineapple,Main,2006,10,2007,4,All (PS),production,24208.0
3207,AO2008A103,Angola,AO,Bie,none,Bie,Pineapple,Main,2014,10,2015,4,All (PS),production,80239.0
3208,AO2008A103,Angola,AO,Bie,none,Bie,Pineapple,Main,2015,10,2016,4,All (PS),production,80239.0
3209,AO2008A103,Angola,AO,Bie,none,Bie,Pineapple,Main,2016,10,2017,4,All (PS),production,66653.0
3210,AO2008A103,Angola,AO,Bie,none,Bie,Sorghum,Main,2006,10,2007,4,All (PS),production,82.0
3211,AO2008A103,Angola,AO,Bie,none,Bie,Sorghum,Main,2007,10,2008,4,All (PS),production,567.0
3212,AO2008A103,Angola,AO,Bie,none,Bie,Sorghum,Main,2008,10,2009,4,All (PS),production,566.0
3213,AO2008A103,Angola,AO,Bie,none,Bie,Sorghum,Main,2009,10,2010,4,All (PS),production,250.0
3214,AO2008A103,Angola,AO,Bie,none,Bie,Sorghum,Main,2010,10,2011,4,All (PS),production,1159.0
3215,AO2008A103,Angola,AO,Bie,none,Bie,Sorghum,Main,2011,10,2012,4,All (PS),production,125.0
3216,AO2008A103,Angola,AO,Bie,none,Bie,Sorghum,Main,2012,10,2013,4,All (PS),production,553.0
3217,AO2008A103,Angola,AO,Bie,none,Bie,Sorghum,Main,2013,10,2014,4,All (PS),production,604.0
3218,AO2008A103,Angola,AO,Bie,none,Bie,Sorghum,Main,2014,10,2015,4,All (PS),production,683.0
3219,AO2008A103,Angola,AO,Bie,none,Bie,Sorghum,Main,2015,10,2016,4,All (PS),production,683.0
3220,AO2008A103,Angola,AO,Bie,none,Bie,Coffee,Main,2007,10,2008,4,All (PS),production,60.0
3221,AO2008A103,Angola,AO,Bie,none,Bie,Coffee,Main,2012,10,2013,4,All (PS),production,130.0
3222,AO2008A103,Angola,AO,Bie,none,Bie,Coffee,Main,2013,10,2014,4,All (PS),production,175.0
3223,AO2008A103,Angola,AO,Bie,none,Bie,Soybean,Main,2000,10,2001,4,All (PS),production,1806.0
3224,AO2008A103,Angola,AO,Bie,none,Bie,Soybean,Main,2006,10,2007,4,All (PS),production,1156.0
3225,AO2008A103,Angola,AO,Bie,none,Bie,Soybean,Main,2007,10,2008,4,All (PS),production,1272.0
3226,AO2008A103,Angola,AO,Bie,none,Bie,Soybean,Main,2008,10,2009,4,All (PS),production,1365.0
3227,AO2008A103,Angola,AO,Bie,none,Bie,Soybean,Main,2009,10,2010,4,All (PS),production,1371.0
3228,AO2008A103,Angola,AO,Bie,none,Bie,Soybean,Main,2010,10,2011,4,All (PS),production,1752.0
3229,AO2008A103,Angola,AO,Bie,none,Bie,Soybean,Main,2011,10,2012,4,All (PS),production,1308.0
3230,AO2008A103,Angola,AO,Bie,none,Bie,Soybean,Main,2012,10,2013,4,All (PS),production,2085.0
3231,AO2008A103,Angola,AO,Bie,none,Bie,Soybean,Main,2013,10,2014,4,All (PS),production,2733.0
3232,AO2008A103,Angola,AO,Bie,none,Bie,Soybean,Main,2014,10,2015,4,All (PS),production,3079.0
3233,AO2008A103,Angola,AO,Bie,none,Bie,Soybean,Main,2015,10,2016,4,All (PS),production,3079.0
3234,AO2008A103,Angola,AO,Bie,none,Bie,Soybean,Main,2016,10,2017,4,All (PS),production,2339.0
3235,AO2008A103,Angola,AO,Bie,none,Bie,Cabbage,Main,2014,10,2015,4,All (PS),production,5941.0
3236,AO2008A103,Angola,AO,Bie,none,Bie,Cabbage,Main,2015,10,2016,4,All (PS),production,5941.0
3237,AO2008A103,Angola,AO,Bie,none,Bie,Cabbage,Main,2016,10,2017,4,All (PS),production,6090.0
3238,AO2008A103,Angola,AO,Bie,none,Bie,Carrots,Main,2014,10,2015,4,All (PS),production,6124.0
3239,AO2008A103,Angola,AO,Bie,none,Bie,Carrots,Main,2015,10,2016,4,All (PS),production,6124.0
3240,AO2008A103,Angola,AO,Bie,none,Bie,Carrots,Main,2016,10,2017,4,All (PS),production,6578.0
3241,AO2008A103,Angola,AO,Bie,none,Bie,Millet,Main,2000,10,2001,4,All (PS),production,8426.0
3242,AO2008A103,Angola,AO,Bie,none,Bie,Millet,Main,2001,10,2002,4,All (PS),production,9000.0
3243,AO2008A103,Angola,AO,Bie,none,Bie,Millet,Main,2002,10,2003,4,All (PS),production,362.0
3244,AO2008A103,Angola,AO,Bie,none,Bie,Millet,Main,2003,10,2004,4,All (PS),production,2473.0
3245,AO2008A103,Angola,AO,Bie,none,Bie,Millet,Main,2004,10,2005,4,All (PS),production,2333.0
3246,AO2008A103,Angola,AO,Bie,none,Bie,Millet,Main,2005,10,2006,4,All (PS),production,3013.0
3247,AO2008A103,Angola,AO,Bie,none,Bie,Rice,Main,2004,10,2005,4,All (PS),production,58.0
3248,AO2008A103,Angola,AO,Bie,none,Bie,Rice,Main,2005,10,2006,4,All (PS),production,68.0
3249,AO2008A103,Angola,AO,Bie,none,Bie,Rice,Main,2006,10,2007,4,All (PS),production,345.0
3250,AO2008A103,Angola,AO,Bie,none,Bie,Rice,Main,2007,10,2008,4,All (PS),production,4818.0
3251,AO2008A103,Angola,AO,Bie,none,Bie,Rice,Main,2008,10,2009,4,All (PS),production,4820.0
3252,AO2008A103,Angola,AO,Bie,none,Bie,Rice,Main,2009,10,2010,4,All (PS),production,6247.0
3253,AO2008A103,Angola,AO,Bie,none,Bie,Rice,Main,2010,10,2011,4,All (PS),production,8582.0
3254,AO2008A103,Angola,AO,Bie,none,Bie,Rice,Main,2011,10,2012,4,All (PS),production,7671.0
3255,AO2008A103,Angola,AO,Bie,none,Bie,Rice,Main,2012,10,2013,4,All (PS),production,12444.0
3256,AO2008A103,Angola,AO,Bie,none,Bie,Rice,Main,2013,10,2014,4,All (PS),production,13692.0
3257,AO2008A103,Angola,AO,Bie,none,Bie,Rice,Main,2014,10,2015,4,All (PS),production,9277.0
3258,AO2008A103,Angola,AO,Bie,none,Bie,Rice,Main,2015,10,2016,4,All (PS),production,9277.0
3259,AO2008A103,Angola,AO,Bie,none,Bie,Rice,Main,2016,10,2017,4,All (PS),production,3070.0
3260,AO2008A103,Angola,AO,Bie,none,Bie,Garlic,Main,2008,10,2009,4,All (PS),production,639.59
3261,AO2008A103,Angola,AO,Bie,none,Bie,Garlic,Main,2009,10,2010,4,All (PS),production,651.96
3262,AO2008A103,Angola,AO,Bie,none,Bie,Garlic,Main,2010,10,2011,4,All (PS),production,915.0
3263,AO2008A103,Angola,AO,Bie,none,Bie,Garlic,Main,2011,10,2012,4,All (PS),production,500.86
3264,AO2008A104,Angola,AO,Cabinda,none,Cabinda,Maize,Main,1996,10,1997,4,All (PS),production,52713.0
3265,AO2008A104,Angola,AO,Cabinda,none,Cabinda,Maize,Main,1997,10,1998,4,All (PS),production,69300.0
3266,AO2008A104,Angola,AO,Cabinda,none,Cabinda,Maize,Main,1998,10,1999,4,All (PS),production,1857.0
3267,AO2008A104,Angola,AO,Cabinda,none,Cabinda,Maize,Main,1999,10,2000,4,All (PS),production,2360.0
3268,AO2008A104,Angola,AO,Cabinda,none,Cabinda,Maize,Main,2000,10,2001,4,All (PS),production,4718.0
3269,AO2008A104,Angola,AO,Cabinda,none,Cabinda,Maize,Main,2001,10,2002,4,All (PS),production,3910.0
3270,AO2008A104,Angola,AO,Cabinda,none,Cabinda,Maize,Main,2002,10,2003,4,All (PS),production,5189.0
3271,AO2008A104,Angola,AO,Cabinda,none,Cabinda,Maize,Main,2003,10,2004,4,All (PS),production,3210.0
3272,AO2008A104,Angola,AO,Cabinda,none,Cabinda,Maize,Main,2004,10,2005,4,All (PS),production,1186.0
3273,AO2008A104,Angola,AO,Cabinda,none,Cabinda,Maize,Main,2005,10,2006,4,All (PS),production,1191.0
3274,AO2008A104,Angola,AO,Cabinda,none,Cabinda,Maize,Main,2006,10,2007,4,All (PS),production,1298.0
3275,AO2008A104,Angola,AO,Cabinda,none,Cabinda,Maize,Main,2007,10,2008,4,All (PS),production,4410.0
3276,AO2008A104,Angola,AO,Cabinda,none,Cabinda,Maize,Main,2008,10,2009,4,All (PS),production,2942.0
3277,AO2008A104,Angola,AO,Cabinda,none,Cabinda,Maize,Main,2009,10,2010,4,All (PS),production,3874.0
3278,AO2008A104,Angola,AO,Cabinda,none,Cabinda,Maize,Main,2010,10,2011,4,All (PS),production,3971.0
3279,AO2008A104,Angola,AO,Cabinda,none,Cabinda,Maize,Main,2011,10,2012,4,All (PS),production,2525.0
3280,AO2008A104,Angola,AO,Cabinda,none,Cabinda,Maize,Main,2012,10,2013,4,All (PS),production,3758.0
3281,AO2008A104,Angola,AO,Cabinda,none,Cabinda,Maize,Main,2013,10,2014,4,All (PS),production,3298.0
3282,AO2008A104,Angola,AO,Cabinda,none,Cabinda,Maize,Main,2014,10,2015,4,All (PS),production,3205.0
3283,AO2008A104,Angola,AO,Cabinda,none,Cabinda,Maize,Main,2015,10,2016,4,All (PS),production,3205.0
3284,AO2008A104,Angola,AO,Cabinda,none,Cabinda,Maize,Main,2016,10,2017,4,All (PS),production,1959.0
3285,AO2008A104,Angola,AO,Cabinda,none,Cabinda,Sweet Potatoes,Main,2000,10,2001,4,All (PS),production,7449.0
3286,AO2008A104,Angola,AO,Cabinda,none,Cabinda,Sweet Potatoes,Main,2001,10,2002,4,All (PS),production,8548.0
3287,AO2008A104,Angola,AO,Cabinda,none,Cabinda,Sweet Potatoes,Main,2002,10,2003,4,All (PS),production,18719.0
3288,AO2008A104,Angola,AO,Cabinda,none,Cabinda,Sweet Potatoes,Main,2003,10,2004,4,All (PS),production,9631.0
3289,AO2008A104,Angola,AO,Cabinda,none,Cabinda,Sweet Potatoes,Main,2004,10,2005,4,All (PS),production,297.0
3290,AO2008A104,Angola,AO,Cabinda,none,Cabinda,Sweet Potatoes,Main,2005,10,2006,4,All (PS),production,5514.0
3291,AO2008A104,Angola,AO,Cabinda,none,Cabinda,Sweet Potatoes,Main,2006,10,2007,4,All (PS),production,129901.0
3292,AO2008A104,Angola,AO,Cabinda,none,Cabinda,Sweet Potatoes,Main,2007,10,2008,4,All (PS),production,186556.0
3293,AO2008A104,Angola,AO,Cabinda,none,Cabinda,Sweet Potatoes,Main,2008,10,2009,4,All (PS),production,145440.0
3294,AO2008A104,Angola,AO,Cabinda,none,Cabinda,Sweet Potatoes,Main,2009,10,2010,4,All (PS),production,145893.0
3295,AO2008A104,Angola,AO,Cabinda,none,Cabinda,Sweet Potatoes,Main,2010,10,2011,4,All (PS),production,96372.0
3296,AO2008A104,Angola,AO,Cabinda,none,Cabinda,Sweet Potatoes,Main,2011,10,2012,4,All (PS),production,71643.0
3297,AO2008A104,Angola,AO,Cabinda,none,Cabinda,Sweet Potatoes,Main,2012,10,2013,4,All (PS),production,105477.0
3298,AO2008A104,Angola,AO,Cabinda,none,Cabinda,Sweet Potatoes,Main,2013,10,2014,4,All (PS),production,163614.0
3299,AO2008A104,Angola,AO,Cabinda,none,Cabinda,Sweet Potatoes,Main,2014,10,2015,4,All (PS),production,167806.0
3300,AO2008A104,Angola,AO,Cabinda,none,Cabinda,Sweet Potatoes,Main,2015,10,2016,4,All (PS),production,167806.0
3301,AO2008A104,Angola,AO,Cabinda,none,Cabinda,Sweet Potatoes,Main,2016,10,2017,4,All (PS),production,164873.0
3302,AO2008A104,Angola,AO,Cabinda,none,Cabinda,Banana,Main,2006,10,2007,4,All (PS),production,26612.0
3303,AO2008A104,Angola,AO,Cabinda,none,Cabinda,Banana,Main,2007,10,2008,4,All (PS),production,145253.0
3304,AO2008A104,Angola,AO,Cabinda,none,Cabinda,Banana,Main,2008,10,2009,4,All (PS),production,252350.0
3305,AO2008A104,Angola,AO,Cabinda,none,Cabinda,Banana,Main,2009,10,2010,4,All (PS),production,259055.0
3306,AO2008A104,Angola,AO,Cabinda,none,Cabinda,Banana,Main,2010,10,2011,4,All (PS),production,260739.0
3307,AO2008A104,Angola,AO,Cabinda,none,Cabinda,Banana,Main,2011,10,2012,4,All (PS),production,254288.0
3308,AO2008A104,Angola,AO,Cabinda,none,Cabinda,Banana,Main,2012,10,2013,4,All (PS),production,332806.0
3309,AO2008A104,Angola,AO,Cabinda,none,Cabinda,Banana,Main,2013,10,2014,4,All (PS),production,374994.0
3310,AO2008A104,Angola,AO,Cabinda,none,Cabinda,Banana,Main,2014,10,2015,4,All (PS),production,400297.0
3311,AO2008A104,Angola,AO,Cabinda,none,Cabinda,Banana,Main,2015,10,2016,4,All (PS),production,400297.0
3312,AO2008A104,Angola,AO,Cabinda,none,Cabinda,Banana,Main,2016,10,2017,4,All (PS),production,299865.0
3313,AO2008A104,Angola,AO,Cabinda,none,Cabinda,Mango,Main,2015,10,2016,4,All (PS),production,3206.0
3314,AO2008A104,Angola,AO,Cabinda,none,Cabinda,Mango,Main,2016,10,2017,4,All (PS),production,2963.0
3315,AO2008A104,Angola,AO,Cabinda,none,Cabinda,Groundnuts (In Shell),Main,2001,10,2002,4,All (PS),production,950.0
3316,AO2008A104,Angola,AO,Cabinda,none,Cabinda,Groundnuts (In Shell),Main,2002,10,2003,4,All (PS),production,6012.0
3317,AO2008A104,Angola,AO,Cabinda,none,Cabinda,Groundnuts (In Shell),Main,2003,10,2004,4,All (PS),production,3371.0
3318,AO2008A104,Angola,AO,Cabinda,none,Cabinda,Groundnuts (In Shell),Main,2004,10,2005,4,All (PS),production,1779.0
3319,AO2008A104,Angola,AO,Cabinda,none,Cabinda,Groundnuts (In Shell),Main,2005,10,2006,4,All (PS),production,2080.0
3320,AO2008A104,Angola,AO,Cabinda,none,Cabinda,Groundnuts (In Shell),Main,2006,10,2007,4,All (PS),production,1703.0
3321,AO2008A104,Angola,AO,Cabinda,none,Cabinda,Groundnuts (In Shell),Main,2007,10,2008,4,All (PS),production,3744.0
3322,AO2008A104,Angola,AO,Cabinda,none,Cabinda,Groundnuts (In Shell),Main,2008,10,2009,4,All (PS),production,13914.0
3323,AO2008A104,Angola,AO,Cabinda,none,Cabinda,Groundnuts (In Shell),Main,2009,10,2010,4,All (PS),production,14099.0
3324,AO2008A104,Angola,AO,Cabinda,none,Cabinda,Groundnuts (In Shell),Main,2010,10,2011,4,All (PS),production,13782.0
3325,AO2008A104,Angola,AO,Cabinda,none,Cabinda,Groundnuts (In Shell),Main,2011,10,2012,4,All (PS),production,10746.0
3326,AO2008A104,Angola,AO,Cabinda,none,Cabinda,Groundnuts (In Shell),Main,2012,10,2013,4,All (PS),production,16469.0
3327,AO2008A104,Angola,AO,Cabinda,none,Cabinda,Groundnuts (In Shell),Main,2013,10,2014,4,All (PS),production,21368.0
3328,AO2008A104,Angola,AO,Cabinda,none,Cabinda,Groundnuts (In Shell),Main,2014,10,2015,4,All (PS),production,23036.0
3329,AO2008A104,Angola,AO,Cabinda,none,Cabinda,Groundnuts (In Shell),Main,2015,10,2016,4,All (PS),production,23036.0
3330,AO2008A104,Angola,AO,Cabinda,none,Cabinda,Groundnuts (In Shell),Main,2016,10,2017,4,All (PS),production,16096.0
3331,AO2008A104,Angola,AO,Cabinda,none,Cabinda,Lemon,Main,2015,10,2016,4,All (PS),production,18583.0
3332,AO2008A104,Angola,AO,Cabinda,none,Cabinda,Lemon,Main,2016,10,2017,4,All (PS),production,18870.0
3333,AO2008A104,Angola,AO,Cabinda,none,Cabinda,Beans (mixed),Main,2000,10,2001,4,All (PS),production,1862.0
3334,AO2008A104,Angola,AO,Cabinda,none,Cabinda,Beans (mixed),Main,2001,10,2002,4,All (PS),production,1520.0
3335,AO2008A104,Angola,AO,Cabinda,none,Cabinda,Beans (mixed),Main,2002,10,2003,4,All (PS),production,2004.0
3336,AO2008A104,Angola,AO,Cabinda,none,Cabinda,Beans (mixed),Main,2003,10,2004,4,All (PS),production,1445.0
3337,AO2008A104,Angola,AO,Cabinda,none,Cabinda,Beans (mixed),Main,2004,10,2005,4,All (PS),production,1379.0
3338,AO2008A104,Angola,AO,Cabinda,none,Cabinda,Beans (mixed),Main,2005,10,2006,4,All (PS),production,1438.0
3339,AO2008A104,Angola,AO,Cabinda,none,Cabinda,Beans (mixed),Main,2006,10,2007,4,All (PS),production,1865.0
3340,AO2008A104,Angola,AO,Cabinda,none,Cabinda,Beans (mixed),Main,2007,10,2008,4,All (PS),production,4004.0
3341,AO2008A104,Angola,AO,Cabinda,none,Cabinda,Beans (mixed),Main,2008,10,2009,4,All (PS),production,4085.0
3342,AO2008A104,Angola,AO,Cabinda,none,Cabinda,Beans (mixed),Main,2009,10,2010,4,All (PS),production,4145.0
3343,AO2008A104,Angola,AO,Cabinda,none,Cabinda,Beans (mixed),Main,2010,10,2011,4,All (PS),production,4838.0
3344,AO2008A104,Angola,AO,Cabinda,none,Cabinda,Beans (mixed),Main,2011,10,2012,4,All (PS),production,3846.0
3345,AO2008A104,Angola,AO,Cabinda,none,Cabinda,Beans (mixed),Main,2012,10,2013,4,All (PS),production,4757.0
3346,AO2008A104,Angola,AO,Cabinda,none,Cabinda,Beans (mixed),Main,2013,10,2014,4,All (PS),production,6170.0
3347,AO2008A104,Angola,AO,Cabinda,none,Cabinda,Beans (mixed),Main,2014,10,2015,4,All (PS),production,6168.0
3348,AO2008A104,Angola,AO,Cabinda,none,Cabinda,Beans (mixed),Main,2015,10,2016,4,All (PS),production,6168.0
3349,AO2008A104,Angola,AO,Cabinda,none,Cabinda,Beans (mixed),Main,2016,10,2017,4,All (PS),production,4871.0
3350,AO2008A104,Angola,AO,Cabinda,none,Cabinda,Cassava,Main,1996,10,1997,4,All (PS),production,39780.0
3351,AO2008A104,Angola,AO,Cabinda,none,Cabinda,Cassava,Main,1997,10,1998,4,All (PS),production,40000.0
3352,AO2008A104,Angola,AO,Cabinda,none,Cabinda,Cassava,Main,1998,10,1999,4,All (PS),production,39402.0
3353,AO2008A104,Angola,AO,Cabinda,none,Cabinda,Cassava,Main,1999,10,2000,4,All (PS),production,71650.0
3354,AO2008A104,Angola,AO,Cabinda,none,Cabinda,Cassava,Main,2000,10,2001,4,All (PS),production,174905.0
3355,AO2008A104,Angola,AO,Cabinda,none,Cabinda,Cassava,Main,2001,10,2002,4,All (PS),production,189148.0
3356,AO2008A104,Angola,AO,Cabinda,none,Cabinda,Cassava,Main,2002,10,2003,4,All (PS),production,102057.0
3357,AO2008A104,Angola,AO,Cabinda,none,Cabinda,Cassava,Main,2003,10,2004,4,All (PS),production,134429.0
3358,AO2008A104,Angola,AO,Cabinda,none,Cabinda,Cassava,Main,2004,10,2005,4,All (PS),production,123463.0
3359,AO2008A104,Angola,AO,Cabinda,none,Cabinda,Cassava,Main,2005,10,2006,4,All (PS),production,180905.0
3360,AO2008A104,Angola,AO,Cabinda,none,Cabinda,Cassava,Main,2006,10,2007,4,All (PS),production,199192.0
3361,AO2008A104,Angola,AO,Cabinda,none,Cabinda,Cassava,Main,2007,10,2008,4,All (PS),production,292423.0
3362,AO2008A104,Angola,AO,Cabinda,none,Cabinda,Cassava,Main,2008,10,2009,4,All (PS),production,369308.0
3363,AO2008A104,Angola,AO,Cabinda,none,Cabinda,Cassava,Main,2009,10,2010,4,All (PS),production,368661.0
3364,AO2008A104,Angola,AO,Cabinda,none,Cabinda,Cassava,Main,2010,10,2011,4,All (PS),production,370464.0
3365,AO2008A104,Angola,AO,Cabinda,none,Cabinda,Cassava,Main,2011,10,2012,4,All (PS),production,374700.0
3366,AO2008A104,Angola,AO,Cabinda,none,Cabinda,Cassava,Main,2012,10,2013,4,All (PS),production,404953.0
3367,AO2008A104,Angola,AO,Cabinda,none,Cabinda,Cassava,Main,2013,10,2014,4,All (PS),production,493534.0
3368,AO2008A104,Angola,AO,Cabinda,none,Cabinda,Cassava,Main,2015,10,2016,4,All (PS),production,508970.0
3369,AO2008A104,Angola,AO,Cabinda,none,Cabinda,Cassava,Main,2016,10,2017,4,All (PS),production,479568.0
3370,AO2008A104,Angola,AO,Cabinda,none,Cabinda,Potato,Main,2000,10,2001,4,All (PS),production,9497.0
3371,AO2008A104,Angola,AO,Cabinda,none,Cabinda,Potato,Main,2001,10,2002,4,All (PS),production,11640.0
3372,AO2008A104,Angola,AO,Cabinda,none,Cabinda,Potato,Main,2006,10,2007,4,All (PS),production,3536.0
3373,AO2008A104,Angola,AO,Cabinda,none,Cabinda,Potato,Main,2007,10,2008,4,All (PS),production,4186.0
3374,AO2008A104,Angola,AO,Cabinda,none,Cabinda,Potato,Main,2008,10,2009,4,All (PS),production,679.0
3375,AO2008A104,Angola,AO,Cabinda,none,Cabinda,Potato,Main,2009,10,2010,4,All (PS),production,683.0
3376,AO2008A104,Angola,AO,Cabinda,none,Cabinda,Potato,Main,2010,10,2011,4,All (PS),production,696.0
3377,AO2008A104,Angola,AO,Cabinda,none,Cabinda,Potato,Main,2011,10,2012,4,All (PS),production,692.0
3378,AO2008A104,Angola,AO,Cabinda,none,Cabinda,Potato,Main,2012,10,2013,4,All (PS),production,742.0
3379,AO2008A104,Angola,AO,Cabinda,none,Cabinda,Potato,Main,2013,10,2014,4,All (PS),production,748.0
3380,AO2008A104,Angola,AO,Cabinda,none,Cabinda,Potato,Main,2014,10,2015,4,All (PS),production,746.0
3381,AO2008A104,Angola,AO,Cabinda,none,Cabinda,Potato,Main,2015,10,2016,4,All (PS),production,746.0
3382,AO2008A104,Angola,AO,Cabinda,none,Cabinda,Pineapple,Main,2006,10,2007,4,All (PS),production,5129.0
3383,AO2008A104,Angola,AO,Cabinda,none,Cabinda,Pineapple,Main,2007,10,2008,4,All (PS),production,10932.0
3384,AO2008A104,Angola,AO,Cabinda,none,Cabinda,Pineapple,Main,2014,10,2015,4,All (PS),production,39436.0
3385,AO2008A104,Angola,AO,Cabinda,none,Cabinda,Pineapple,Main,2015,10,2016,4,All (PS),production,39436.0
3386,AO2008A104,Angola,AO,Cabinda,none,Cabinda,Pineapple,Main,2016,10,2017,4,All (PS),production,24048.0
3387,AO2008A104,Angola,AO,Cabinda,none,Cabinda,Sorghum,Main,1996,10,1997,4,All (PS),production,3736.0
3388,AO2008A104,Angola,AO,Cabinda,none,Cabinda,Sorghum,Main,1997,10,1998,4,All (PS),production,15000.0
3389,AO2008A104,Angola,AO,Cabinda,none,Cabinda,Coffee,Main,2007,10,2008,4,All (PS),production,675.0
3390,AO2008A104,Angola,AO,Cabinda,none,Cabinda,Coffee,Main,2008,10,2009,4,All (PS),production,675.0
3391,AO2008A104,Angola,AO,Cabinda,none,Cabinda,Coffee,Main,2009,10,2010,4,All (PS),production,4800.0
3392,AO2008A104,Angola,AO,Cabinda,none,Cabinda,Coffee,Main,2010,10,2011,4,All (PS),production,4692.0
3393,AO2008A104,Angola,AO,Cabinda,none,Cabinda,Coffee,Main,2012,10,2013,4,All (PS),production,369.0
3394,AO2008A104,Angola,AO,Cabinda,none,Cabinda,Coffee,Main,2013,10,2014,4,All (PS),production,405.0
3395,AO2008A104,Angola,AO,Cabinda,none,Cabinda,Soybean,Main,2000,10,2001,4,All (PS),production,1242.0
3396,AO2008A104,Angola,AO,Cabinda,none,Cabinda,Millet,Main,1996,10,1997,4,All (PS),production,8646.0
3397,AO2008A104,Angola,AO,Cabinda,none,Cabinda,Garlic,Main,2008,10,2009,4,All (PS),production,17.15
3398,AO2008A104,Angola,AO,Cabinda,none,Cabinda,Garlic,Main,2009,10,2010,4,All (PS),production,17.48
3399,AO2008A104,Angola,AO,Cabinda,none,Cabinda,Garlic,Main,2010,10,2011,4,All (PS),production,51.0
3400,AO2008A104,Angola,AO,Cabinda,none,Cabinda,Garlic,Main,2011,10,2012,4,All (PS),production,58.01
3401,AO2008A104,Angola,AO,Cabinda,none,Cabinda,Avocado,Main,2014,10,2015,4,All (PS),production,7509.0
3402,AO2008A104,Angola,AO,Cabinda,none,Cabinda,Avocado,Main,2015,10,2016,4,All (PS),production,7509.0
3403,AO2008A105,Angola,AO,Cunene,none,Cunene,Maize,Main,1996,10,1997,4,All (PS),production,21320.0
3404,AO2008A105,Angola,AO,Cunene,none,Cunene,Maize,Main,1997,10,1998,4,All (PS),production,21000.0
3405,AO2008A105,Angola,AO,Cunene,none,Cunene,Maize,Main,1998,10,1999,4,All (PS),production,5480.0
3406,AO2008A105,Angola,AO,Cunene,none,Cunene,Maize,Main,1999,10,2000,4,All (PS),production,5066.0
3407,AO2008A105,Angola,AO,Cunene,none,Cunene,Maize,Main,2000,10,2001,4,All (PS),production,5254.0
3408,AO2008A105,Angola,AO,Cunene,none,Cunene,Maize,Main,2001,10,2002,4,All (PS),production,458.0
3409,AO2008A105,Angola,AO,Cunene,none,Cunene,Maize,Main,2002,10,2003,4,All (PS),production,1462.0
3410,AO2008A105,Angola,AO,Cunene,none,Cunene,Maize,Main,2003,10,2004,4,All (PS),production,1396.0
3411,AO2008A105,Angola,AO,Cunene,none,Cunene,Maize,Main,2004,10,2005,4,All (PS),production,2904.0
3412,AO2008A105,Angola,AO,Cunene,none,Cunene,Maize,Main,2005,10,2006,4,All (PS),production,3588.0
3413,AO2008A105,Angola,AO,Cunene,none,Cunene,Maize,Main,2006,10,2007,4,All (PS),production,4521.0
3414,AO2008A105,Angola,AO,Cunene,none,Cunene,Maize,Main,2007,10,2008,4,All (PS),production,343.0
3415,AO2008A105,Angola,AO,Cunene,none,Cunene,Maize,Main,2008,10,2009,4,All (PS),production,17.0
3416,AO2008A105,Angola,AO,Cunene,none,Cunene,Maize,Main,2009,10,2010,4,All (PS),production,2986.0
3417,AO2008A105,Angola,AO,Cunene,none,Cunene,Maize,Main,2010,10,2011,4,All (PS),production,4518.0
3418,AO2008A105,Angola,AO,Cunene,none,Cunene,Maize,Main,2011,10,2012,4,All (PS),production,1463.0
3419,AO2008A105,Angola,AO,Cunene,none,Cunene,Maize,Main,2012,10,2013,4,All (PS),production,879.0
3420,AO2008A105,Angola,AO,Cunene,none,Cunene,Maize,Main,2013,10,2014,4,All (PS),production,2145.0
3421,AO2008A105,Angola,AO,Cunene,none,Cunene,Maize,Main,2014,10,2015,4,All (PS),production,2708.0
3422,AO2008A105,Angola,AO,Cunene,none,Cunene,Maize,Main,2015,10,2016,4,All (PS),production,2708.0
3423,AO2008A105,Angola,AO,Cunene,none,Cunene,Maize,Main,2016,10,2017,4,All (PS),production,4119.0
3424,AO2008A105,Angola,AO,Cunene,none,Cunene,Sweet Potatoes,Main,2000,10,2001,4,All (PS),production,2189.0
3425,AO2008A105,Angola,AO,Cunene,none,Cunene,Sweet Potatoes,Main,2011,10,2012,4,All (PS),production,24313.0
3426,AO2008A105,Angola,AO,Cunene,none,Cunene,Sweet Potatoes,Main,2012,10,2013,4,All (PS),production,12935.0
3427,AO2008A105,Angola,AO,Cunene,none,Cunene,Sweet Potatoes,Main,2013,10,2014,4,All (PS),production,34263.0
3428,AO2008A105,Angola,AO,Cunene,none,Cunene,Sweet Potatoes,Main,2014,10,2015,4,All (PS),production,27722.0
3429,AO2008A105,Angola,AO,Cunene,none,Cunene,Sweet Potatoes,Main,2015,10,2016,4,All (PS),production,27722.0
3430,AO2008A105,Angola,AO,Cunene,none,Cunene,Sweet Potatoes,Main,2016,10,2017,4,All (PS),production,31569.0
3431,AO2008A105,Angola,AO,Cunene,none,Cunene,Banana,Main,2006,10,2007,4,All (PS),production,12600.0
3432,AO2008A105,Angola,AO,Cunene,none,Cunene,Banana,Main,2009,10,2010,4,All (PS),production,10685.0
3433,AO2008A105,Angola,AO,Cunene,none,Cunene,Banana,Main,2010,10,2011,4,All (PS),production,15695.0
3434,AO2008A105,Angola,AO,Cunene,none,Cunene,Banana,Main,2011,10,2012,4,All (PS),production,21553.0
3435,AO2008A105,Angola,AO,Cunene,none,Cunene,Banana,Main,2012,10,2013,4,All (PS),production,21881.0
3436,AO2008A105,Angola,AO,Cunene,none,Cunene,Banana,Main,2013,10,2014,4,All (PS),production,25005.0
3437,AO2008A105,Angola,AO,Cunene,none,Cunene,Banana,Main,2014,10,2015,4,All (PS),production,26489.0
3438,AO2008A105,Angola,AO,Cunene,none,Cunene,Banana,Main,2015,10,2016,4,All (PS),production,26489.0
3439,AO2008A105,Angola,AO,Cunene,none,Cunene,Banana,Main,2016,10,2017,4,All (PS),production,37465.0
3440,AO2008A105,Angola,AO,Cunene,none,Cunene,Tomato,Main,2014,10,2015,4,All (PS),production,849.0
3441,AO2008A105,Angola,AO,Cunene,none,Cunene,Tomato,Main,2015,10,2016,4,All (PS),production,849.0
3442,AO2008A105,Angola,AO,Cunene,none,Cunene,Tomato,Main,2016,10,2017,4,All (PS),production,946.0
3443,AO2008A105,Angola,AO,Cunene,none,Cunene,Onions,Main,2014,10,2015,4,All (PS),production,785.0
3444,AO2008A105,Angola,AO,Cunene,none,Cunene,Onions,Main,2015,10,2016,4,All (PS),production,785.0
3445,AO2008A105,Angola,AO,Cunene,none,Cunene,Onions,Main,2016,10,2017,4,All (PS),production,749.0
3446,AO2008A105,Angola,AO,Cunene,none,Cunene,Mango,Main,2015,10,2016,4,All (PS),production,2886.0
3447,AO2008A105,Angola,AO,Cunene,none,Cunene,Mango,Main,2016,10,2017,4,All (PS),production,3947.0
3448,AO2008A105,Angola,AO,Cunene,none,Cunene,Groundnuts (In Shell),Main,2011,10,2012,4,All (PS),production,294.0
3449,AO2008A105,Angola,AO,Cunene,none,Cunene,Lemon,Main,2015,10,2016,4,All (PS),production,11859.0
3450,AO2008A105,Angola,AO,Cunene,none,Cunene,Lemon,Main,2016,10,2017,4,All (PS),production,12472.0
3451,AO2008A105,Angola,AO,Cunene,none,Cunene,Beans (mixed),Main,2000,10,2001,4,All (PS),production,1277.0
3452,AO2008A105,Angola,AO,Cunene,none,Cunene,Beans (mixed),Main,2001,10,2002,4,All (PS),production,153.0
3453,AO2008A105,Angola,AO,Cunene,none,Cunene,Beans (mixed),Main,2003,10,2004,4,All (PS),production,465.0
3454,AO2008A105,Angola,AO,Cunene,none,Cunene,Beans (mixed),Main,2004,10,2005,4,All (PS),production,837.0
3455,AO2008A105,Angola,AO,Cunene,none,Cunene,Beans (mixed),Main,2005,10,2006,4,All (PS),production,868.0
3456,AO2008A105,Angola,AO,Cunene,none,Cunene,Beans (mixed),Main,2006,10,2007,4,All (PS),production,1125.0
3457,AO2008A105,Angola,AO,Cunene,none,Cunene,Beans (mixed),Main,2007,10,2008,4,All (PS),production,1014.0
3458,AO2008A105,Angola,AO,Cunene,none,Cunene,Beans (mixed),Main,2009,10,2010,4,All (PS),production,840.0
3459,AO2008A105,Angola,AO,Cunene,none,Cunene,Beans (mixed),Main,2010,10,2011,4,All (PS),production,1121.0
3460,AO2008A105,Angola,AO,Cunene,none,Cunene,Beans (mixed),Main,2011,10,2012,4,All (PS),production,350.0
3461,AO2008A105,Angola,AO,Cunene,none,Cunene,Beans (mixed),Main,2012,10,2013,4,All (PS),production,334.0
3462,AO2008A105,Angola,AO,Cunene,none,Cunene,Beans (mixed),Main,2013,10,2014,4,All (PS),production,443.0
3463,AO2008A105,Angola,AO,Cunene,none,Cunene,Beans (mixed),Main,2014,10,2015,4,All (PS),production,421.0
3464,AO2008A105,Angola,AO,Cunene,none,Cunene,Beans (mixed),Main,2015,10,2016,4,All (PS),production,421.0
3465,AO2008A105,Angola,AO,Cunene,none,Cunene,Beans (mixed),Main,2016,10,2017,4,All (PS),production,575.0
3466,AO2008A105,Angola,AO,Cunene,none,Cunene,Cassava,Main,1996,10,1997,4,All (PS),production,202000.0
3467,AO2008A105,Angola,AO,Cunene,none,Cunene,Cassava,Main,1997,10,1998,4,All (PS),production,288000.0
3468,AO2008A105,Angola,AO,Cunene,none,Cunene,Cassava,Main,2009,10,2010,4,All (PS),production,15728.0
3469,AO2008A105,Angola,AO,Cunene,none,Cunene,Cassava,Main,2010,10,2011,4,All (PS),production,16856.0
3470,AO2008A105,Angola,AO,Cunene,none,Cunene,Cassava,Main,2011,10,2012,4,All (PS),production,13514.0
3471,AO2008A105,Angola,AO,Cunene,none,Cunene,Cassava,Main,2012,10,2013,4,All (PS),production,15329.0
3472,AO2008A105,Angola,AO,Cunene,none,Cunene,Cassava,Main,2013,10,2014,4,All (PS),production,15759.0
3473,AO2008A105,Angola,AO,Cunene,none,Cunene,Cassava,Main,2015,10,2016,4,All (PS),production,16353.0
3474,AO2008A105,Angola,AO,Cunene,none,Cunene,Cassava,Main,2016,10,2017,4,All (PS),production,18799.0
3475,AO2008A105,Angola,AO,Cunene,none,Cunene,Sorghum,Main,2006,10,2007,4,All (PS),production,24039.0
3476,AO2008A105,Angola,AO,Cunene,none,Cunene,Sorghum,Main,2007,10,2008,4,All (PS),production,2099.0
3477,AO2008A105,Angola,AO,Cunene,none,Cunene,Sorghum,Main,2009,10,2010,4,All (PS),production,6808.0
3478,AO2008A105,Angola,AO,Cunene,none,Cunene,Sorghum,Main,2010,10,2011,4,All (PS),production,9537.0
3479,AO2008A105,Angola,AO,Cunene,none,Cunene,Sorghum,Main,2011,10,2012,4,All (PS),production,2236.0
3480,AO2008A105,Angola,AO,Cunene,none,Cunene,Sorghum,Main,2012,10,2013,4,All (PS),production,2980.0
3481,AO2008A105,Angola,AO,Cunene,none,Cunene,Sorghum,Main,2013,10,2014,4,All (PS),production,4331.0
3482,AO2008A105,Angola,AO,Cunene,none,Cunene,Sorghum,Main,2014,10,2015,4,All (PS),production,4870.0
3483,AO2008A105,Angola,AO,Cunene,none,Cunene,Sorghum,Main,2015,10,2016,4,All (PS),production,4870.0
3484,AO2008A105,Angola,AO,Cunene,none,Cunene,Sorghum,Main,2016,10,2017,4,All (PS),production,6452.0
3485,AO2008A105,Angola,AO,Cunene,none,Cunene,Cabbage,Main,2014,10,2015,4,All (PS),production,485.0
3486,AO2008A105,Angola,AO,Cunene,none,Cunene,Cabbage,Main,2015,10,2016,4,All (PS),production,485.0
3487,AO2008A105,Angola,AO,Cunene,none,Cunene,Cabbage,Main,2016,10,2017,4,All (PS),production,522.0
3488,AO2008A105,Angola,AO,Cunene,none,Cunene,Millet,Main,2014,10,2015,4,All (PS),production,17433.0
3489,AO2008A105,Angola,AO,Cunene,none,Cunene,Millet,Main,2015,10,2016,4,All (PS),production,17433.0
3490,AO2008A105,Angola,AO,Cunene,none,Cunene,Millet,Main,2016,10,2017,4,All (PS),production,15051.0
3491,AO2008A105,Angola,AO,Cunene,none,Cunene,Millet,Main,2000,10,2001,4,All (PS),production,25903.0
3492,AO2008A105,Angola,AO,Cunene,none,Cunene,Millet,Main,2001,10,2002,4,All (PS),production,28999.0
3493,AO2008A105,Angola,AO,Cunene,none,Cunene,Millet,Main,2002,10,2003,4,All (PS),production,19672.0
3494,AO2008A105,Angola,AO,Cunene,none,Cunene,Millet,Main,2003,10,2004,4,All (PS),production,40024.0
3495,AO2008A105,Angola,AO,Cunene,none,Cunene,Millet,Main,2004,10,2005,4,All (PS),production,54210.0
3496,AO2008A105,Angola,AO,Cunene,none,Cunene,Millet,Main,2005,10,2006,4,All (PS),production,52528.0
3497,AO2008A105,Angola,AO,Cunene,none,Cunene,Millet,Main,2006,10,2007,4,All (PS),production,44088.0
3498,AO2008A105,Angola,AO,Cunene,none,Cunene,Millet,Main,2007,10,2008,4,All (PS),production,7192.0
3499,AO2008A105,Angola,AO,Cunene,none,Cunene,Millet,Main,2008,10,2009,4,All (PS),production,116.0
3500,AO2008A105,Angola,AO,Cunene,none,Cunene,Millet,Main,2009,10,2010,4,All (PS),production,13577.0
3501,AO2008A105,Angola,AO,Cunene,none,Cunene,Millet,Main,2010,10,2011,4,All (PS),production,25306.0
3502,AO2008A105,Angola,AO,Cunene,none,Cunene,Millet,Main,2011,10,2012,4,All (PS),production,8471.0
3503,AO2008A105,Angola,AO,Cunene,none,Cunene,Millet,Main,2012,10,2013,4,All (PS),production,14394.0
3504,AO2008A105,Angola,AO,Cunene,none,Cunene,Millet,Main,2013,10,2014,4,All (PS),production,15487.0
3505,AO2008A105,Angola,AO,Cunene,none,Cunene,Rice,Main,1997,10,1998,4,All (PS),production,267.0
3506,AO2008A106,Angola,AO,Huambo,none,Huambo,Maize,Main,1996,10,1997,4,All (PS),production,4659.0
3507,AO2008A106,Angola,AO,Huambo,none,Huambo,Maize,Main,1997,10,1998,4,All (PS),production,5400.0
3508,AO2008A106,Angola,AO,Huambo,none,Huambo,Maize,Main,1998,10,1999,4,All (PS),production,107068.0
3509,AO2008A106,Angola,AO,Huambo,none,Huambo,Maize,Main,1999,10,2000,4,All (PS),production,77855.0
3510,AO2008A106,Angola,AO,Huambo,none,Huambo,Maize,Main,2000,10,2001,4,All (PS),production,152352.0
3511,AO2008A106,Angola,AO,Huambo,none,Huambo,Maize,Main,2001,10,2002,4,All (PS),production,213927.0
3512,AO2008A106,Angola,AO,Huambo,none,Huambo,Maize,Main,2002,10,2003,4,All (PS),production,125705.0
3513,AO2008A106,Angola,AO,Huambo,none,Huambo,Maize,Main,2003,10,2004,4,All (PS),production,133894.0
3514,AO2008A106,Angola,AO,Huambo,none,Huambo,Maize,Main,2004,10,2005,4,All (PS),production,253084.0
3515,AO2008A106,Angola,AO,Huambo,none,Huambo,Maize,Main,2005,10,2006,4,All (PS),production,153520.0
3516,AO2008A106,Angola,AO,Huambo,none,Huambo,Maize,Main,2006,10,2007,4,All (PS),production,191900.0
3517,AO2008A106,Angola,AO,Huambo,none,Huambo,Maize,Main,2007,10,2008,4,All (PS),production,166773.0
3518,AO2008A106,Angola,AO,Huambo,none,Huambo,Maize,Main,2008,10,2009,4,All (PS),production,424717.0
3519,AO2008A106,Angola,AO,Huambo,none,Huambo,Maize,Main,2009,10,2010,4,All (PS),production,305816.0
3520,AO2008A106,Angola,AO,Huambo,none,Huambo,Maize,Main,2010,10,2011,4,All (PS),production,329871.0
3521,AO2008A106,Angola,AO,Huambo,none,Huambo,Maize,Main,2011,10,2012,4,All (PS),production,106564.0
3522,AO2008A106,Angola,AO,Huambo,none,Huambo,Maize,Main,2012,10,2013,4,All (PS),production,465313.0
3523,AO2008A106,Angola,AO,Huambo,none,Huambo,Maize,Main,2013,10,2014,4,All (PS),production,514014.0
3524,AO2008A106,Angola,AO,Huambo,none,Huambo,Maize,Main,2014,10,2015,4,All (PS),production,689219.0
3525,AO2008A106,Angola,AO,Huambo,none,Huambo,Maize,Main,2015,10,2016,4,All (PS),production,689219.0
3526,AO2008A106,Angola,AO,Huambo,none,Huambo,Maize,Main,2016,10,2017,4,All (PS),production,690173.0
3527,AO2008A106,Angola,AO,Huambo,none,Huambo,Chili Pepper,Main,2014,10,2015,4,All (PS),production,784.0
3528,AO2008A106,Angola,AO,Huambo,none,Huambo,Chili Pepper,Main,2015,10,2016,4,All (PS),production,784.0
3529,AO2008A106,Angola,AO,Huambo,none,Huambo,Chili Pepper,Main,2016,10,2017,4,All (PS),production,953.0
3530,AO2008A106,Angola,AO,Huambo,none,Huambo,Sweet Potatoes,Main,2000,10,2001,4,All (PS),production,43948.0
3531,AO2008A106,Angola,AO,Huambo,none,Huambo,Sweet Potatoes,Main,2001,10,2002,4,All (PS),production,52659.0
3532,AO2008A106,Angola,AO,Huambo,none,Huambo,Sweet Potatoes,Main,2002,10,2003,4,All (PS),production,122482.0
3533,AO2008A106,Angola,AO,Huambo,none,Huambo,Sweet Potatoes,Main,2003,10,2004,4,All (PS),production,261093.0
3534,AO2008A106,Angola,AO,Huambo,none,Huambo,Sweet Potatoes,Main,2004,10,2005,4,All (PS),production,180774.0
3535,AO2008A106,Angola,AO,Huambo,none,Huambo,Sweet Potatoes,Main,2005,10,2006,4,All (PS),production,168608.0
3536,AO2008A106,Angola,AO,Huambo,none,Huambo,Sweet Potatoes,Main,2006,10,2007,4,All (PS),production,132671.0
3537,AO2008A106,Angola,AO,Huambo,none,Huambo,Sweet Potatoes,Main,2007,10,2008,4,All (PS),production,49632.0
3538,AO2008A106,Angola,AO,Huambo,none,Huambo,Sweet Potatoes,Main,2008,10,2009,4,All (PS),production,82423.0
3539,AO2008A106,Angola,AO,Huambo,none,Huambo,Sweet Potatoes,Main,2009,10,2010,4,All (PS),production,91850.0
3540,AO2008A106,Angola,AO,Huambo,none,Huambo,Sweet Potatoes,Main,2010,10,2011,4,All (PS),production,95740.0
3541,AO2008A106,Angola,AO,Huambo,none,Huambo,Sweet Potatoes,Main,2011,10,2012,4,All (PS),production,40654.0
3542,AO2008A106,Angola,AO,Huambo,none,Huambo,Sweet Potatoes,Main,2012,10,2013,4,All (PS),production,105520.0
3543,AO2008A106,Angola,AO,Huambo,none,Huambo,Sweet Potatoes,Main,2013,10,2014,4,All (PS),production,175433.0
3544,AO2008A106,Angola,AO,Huambo,none,Huambo,Sweet Potatoes,Main,2014,10,2015,4,All (PS),production,173789.0
3545,AO2008A106,Angola,AO,Huambo,none,Huambo,Sweet Potatoes,Main,2015,10,2016,4,All (PS),production,173789.0
3546,AO2008A106,Angola,AO,Huambo,none,Huambo,Sweet Potatoes,Main,2016,10,2017,4,All (PS),production,116767.0
3547,AO2008A106,Angola,AO,Huambo,none,Huambo,Banana,Main,2007,10,2008,4,All (PS),production,37638.0
3548,AO2008A106,Angola,AO,Huambo,none,Huambo,Banana,Main,2008,10,2009,4,All (PS),production,37638.0
3549,AO2008A106,Angola,AO,Huambo,none,Huambo,Banana,Main,2009,10,2010,4,All (PS),production,38550.0
3550,AO2008A106,Angola,AO,Huambo,none,Huambo,Banana,Main,2010,10,2011,4,All (PS),production,77857.0
3551,AO2008A106,Angola,AO,Huambo,none,Huambo,Banana,Main,2011,10,2012,4,All (PS),production,101858.0
3552,AO2008A106,Angola,AO,Huambo,none,Huambo,Banana,Main,2012,10,2013,4,All (PS),production,85733.0
3553,AO2008A106,Angola,AO,Huambo,none,Huambo,Banana,Main,2013,10,2014,4,All (PS),production,97089.0
3554,AO2008A106,Angola,AO,Huambo,none,Huambo,Banana,Main,2014,10,2015,4,All (PS),production,103688.0
3555,AO2008A106,Angola,AO,Huambo,none,Huambo,Banana,Main,2015,10,2016,4,All (PS),production,103688.0
3556,AO2008A106,Angola,AO,Huambo,none,Huambo,Banana,Main,2016,10,2017,4,All (PS),production,104985.0
3557,AO2008A106,Angola,AO,Huambo,none,Huambo,Tomato,Main,2014,10,2015,4,All (PS),production,113112.0
3558,AO2008A106,Angola,AO,Huambo,none,Huambo,Tomato,Main,2015,10,2016,4,All (PS),production,113112.0
3559,AO2008A106,Angola,AO,Huambo,none,Huambo,Tomato,Main,2016,10,2017,4,All (PS),production,129265.0
3560,AO2008A106,Angola,AO,Huambo,none,Huambo,Onions,Main,2014,10,2015,4,All (PS),production,96280.0
3561,AO2008A106,Angola,AO,Huambo,none,Huambo,Onions,Main,2015,10,2016,4,All (PS),production,96280.0
3562,AO2008A106,Angola,AO,Huambo,none,Huambo,Onions,Main,2016,10,2017,4,All (PS),production,126963.0
3563,AO2008A106,Angola,AO,Huambo,none,Huambo,Mango,Main,2015,10,2016,4,All (PS),production,38163.0
3564,AO2008A106,Angola,AO,Huambo,none,Huambo,Mango,Main,2016,10,2017,4,All (PS),production,34478.0
3565,AO2008A106,Angola,AO,Huambo,none,Huambo,Groundnuts (In Shell),Main,2001,10,2002,4,All (PS),production,1755.0
3566,AO2008A106,Angola,AO,Huambo,none,Huambo,Groundnuts (In Shell),Main,2002,10,2003,4,All (PS),production,1547.0
3567,AO2008A106,Angola,AO,Huambo,none,Huambo,Groundnuts (In Shell),Main,2003,10,2004,4,All (PS),production,3068.0
3568,AO2008A106,Angola,AO,Huambo,none,Huambo,Groundnuts (In Shell),Main,2004,10,2005,4,All (PS),production,7231.0
3569,AO2008A106,Angola,AO,Huambo,none,Huambo,Groundnuts (In Shell),Main,2005,10,2006,4,All (PS),production,1843.0
3570,AO2008A106,Angola,AO,Huambo,none,Huambo,Groundnuts (In Shell),Main,2006,10,2007,4,All (PS),production,2145.0
3571,AO2008A106,Angola,AO,Huambo,none,Huambo,Groundnuts (In Shell),Main,2007,10,2008,4,All (PS),production,1654.0
3572,AO2008A106,Angola,AO,Huambo,none,Huambo,Groundnuts (In Shell),Main,2008,10,2009,4,All (PS),production,1274.0
3573,AO2008A106,Angola,AO,Huambo,none,Huambo,Groundnuts (In Shell),Main,2009,10,2010,4,All (PS),production,9405.0
3574,AO2008A106,Angola,AO,Huambo,none,Huambo,Groundnuts (In Shell),Main,2010,10,2011,4,All (PS),production,9819.0
3575,AO2008A106,Angola,AO,Huambo,none,Huambo,Groundnuts (In Shell),Main,2011,10,2012,4,All (PS),production,2228.0
3576,AO2008A106,Angola,AO,Huambo,none,Huambo,Groundnuts (In Shell),Main,2012,10,2013,4,All (PS),production,11921.0
3577,AO2008A106,Angola,AO,Huambo,none,Huambo,Groundnuts (In Shell),Main,2013,10,2014,4,All (PS),production,16142.0
3578,AO2008A106,Angola,AO,Huambo,none,Huambo,Groundnuts (In Shell),Main,2014,10,2015,4,All (PS),production,17189.0
3579,AO2008A106,Angola,AO,Huambo,none,Huambo,Groundnuts (In Shell),Main,2015,10,2016,4,All (PS),production,17189.0
3580,AO2008A106,Angola,AO,Huambo,none,Huambo,Groundnuts (In Shell),Main,2016,10,2017,4,All (PS),production,15453.0
3581,AO2008A106,Angola,AO,Huambo,none,Huambo,Lemon,Main,2015,10,2016,4,All (PS),production,31415.0
3582,AO2008A106,Angola,AO,Huambo,none,Huambo,Lemon,Main,2016,10,2017,4,All (PS),production,27849.0
3583,AO2008A106,Angola,AO,Huambo,none,Huambo,Beans (mixed),Main,2000,10,2001,4,All (PS),production,20090.0
3584,AO2008A106,Angola,AO,Huambo,none,Huambo,Beans (mixed),Main,2001,10,2002,4,All (PS),production,21064.0
3585,AO2008A106,Angola,AO,Huambo,none,Huambo,Beans (mixed),Main,2002,10,2003,4,All (PS),production,13537.0
3586,AO2008A106,Angola,AO,Huambo,none,Huambo,Beans (mixed),Main,2003,10,2004,4,All (PS),production,10879.0
3587,AO2008A106,Angola,AO,Huambo,none,Huambo,Beans (mixed),Main,2004,10,2005,4,All (PS),production,16270.0
3588,AO2008A106,Angola,AO,Huambo,none,Huambo,Beans (mixed),Main,2005,10,2006,4,All (PS),production,7678.0
3589,AO2008A106,Angola,AO,Huambo,none,Huambo,Beans (mixed),Main,2006,10,2007,4,All (PS),production,8029.0
3590,AO2008A106,Angola,AO,Huambo,none,Huambo,Beans (mixed),Main,2007,10,2008,4,All (PS),production,4697.0
3591,AO2008A106,Angola,AO,Huambo,none,Huambo,Beans (mixed),Main,2008,10,2009,4,All (PS),production,14847.0
3592,AO2008A106,Angola,AO,Huambo,none,Huambo,Beans (mixed),Main,2009,10,2010,4,All (PS),production,37964.0
3593,AO2008A106,Angola,AO,Huambo,none,Huambo,Beans (mixed),Main,2010,10,2011,4,All (PS),production,43467.0
3594,AO2008A106,Angola,AO,Huambo,none,Huambo,Beans (mixed),Main,2011,10,2012,4,All (PS),production,11156.0
3595,AO2008A106,Angola,AO,Huambo,none,Huambo,Beans (mixed),Main,2012,10,2013,4,All (PS),production,45716.0
3596,AO2008A106,Angola,AO,Huambo,none,Huambo,Beans (mixed),Main,2013,10,2014,4,All (PS),production,59627.0
3597,AO2008A106,Angola,AO,Huambo,none,Huambo,Beans (mixed),Main,2014,10,2015,4,All (PS),production,59461.0
3598,AO2008A106,Angola,AO,Huambo,none,Huambo,Beans (mixed),Main,2015,10,2016,4,All (PS),production,59461.0
3599,AO2008A106,Angola,AO,Huambo,none,Huambo,Beans (mixed),Main,2016,10,2017,4,All (PS),production,56234.0
3600,AO2008A106,Angola,AO,Huambo,none,Huambo,Cassava,Main,1996,10,1997,4,All (PS),production,156000.0
3601,AO2008A106,Angola,AO,Huambo,none,Huambo,Cassava,Main,1997,10,1998,4,All (PS),production,156000.0
3602,AO2008A106,Angola,AO,Huambo,none,Huambo,Cassava,Main,1998,10,1999,4,All (PS),production,243204.0
3603,AO2008A106,Angola,AO,Huambo,none,Huambo,Cassava,Main,1999,10,2000,4,All (PS),production,269620.0
3604,AO2008A106,Angola,AO,Huambo,none,Huambo,Cassava,Main,2000,10,2001,4,All (PS),production,217646.0
3605,AO2008A106,Angola,AO,Huambo,none,Huambo,Cassava,Main,2001,10,2002,4,All (PS),production,27823.0
3606,AO2008A106,Angola,AO,Huambo,none,Huambo,Cassava,Main,2003,10,2004,4,All (PS),production,77245.0
3607,AO2008A106,Angola,AO,Huambo,none,Huambo,Cassava,Main,2004,10,2005,4,All (PS),production,99712.0
3608,AO2008A106,Angola,AO,Huambo,none,Huambo,Cassava,Main,2005,10,2006,4,All (PS),production,152331.0
3609,AO2008A106,Angola,AO,Huambo,none,Huambo,Cassava,Main,2006,10,2007,4,All (PS),production,163593.0
3610,AO2008A106,Angola,AO,Huambo,none,Huambo,Cassava,Main,2007,10,2008,4,All (PS),production,82720.0
3611,AO2008A106,Angola,AO,Huambo,none,Huambo,Cassava,Main,2008,10,2009,4,All (PS),production,69907.0
3612,AO2008A106,Angola,AO,Huambo,none,Huambo,Cassava,Main,2009,10,2010,4,All (PS),production,32524.0
3613,AO2008A106,Angola,AO,Huambo,none,Huambo,Cassava,Main,2010,10,2011,4,All (PS),production,33654.0
3614,AO2008A106,Angola,AO,Huambo,none,Huambo,Cassava,Main,2011,10,2012,4,All (PS),production,21365.0
3615,AO2008A106,Angola,AO,Huambo,none,Huambo,Cassava,Main,2012,10,2013,4,All (PS),production,44019.0
3616,AO2008A106,Angola,AO,Huambo,none,Huambo,Cassava,Main,2013,10,2014,4,All (PS),production,49294.0
3617,AO2008A106,Angola,AO,Huambo,none,Huambo,Cassava,Main,2015,10,2016,4,All (PS),production,50903.0
3618,AO2008A106,Angola,AO,Huambo,none,Huambo,Cassava,Main,2016,10,2017,4,All (PS),production,58578.0
3619,AO2008A106,Angola,AO,Huambo,none,Huambo,Potato,Main,2000,10,2001,4,All (PS),production,83710.0
3620,AO2008A106,Angola,AO,Huambo,none,Huambo,Potato,Main,2001,10,2002,4,All (PS),production,87765.0
3621,AO2008A106,Angola,AO,Huambo,none,Huambo,Potato,Main,2002,10,2003,4,All (PS),production,80580.0
3622,AO2008A106,Angola,AO,Huambo,none,Huambo,Potato,Main,2003,10,2004,4,All (PS),production,77547.0
3623,AO2008A106,Angola,AO,Huambo,none,Huambo,Potato,Main,2004,10,2005,4,All (PS),production,143113.0
3624,AO2008A106,Angola,AO,Huambo,none,Huambo,Potato,Main,2005,10,2006,4,All (PS),production,30712.0
3625,AO2008A106,Angola,AO,Huambo,none,Huambo,Potato,Main,2006,10,2007,4,All (PS),production,46232.0
3626,AO2008A106,Angola,AO,Huambo,none,Huambo,Potato,Main,2007,10,2008,4,All (PS),production,57998.0
3627,AO2008A106,Angola,AO,Huambo,none,Huambo,Potato,Main,2008,10,2009,4,All (PS),production,40565.0
3628,AO2008A106,Angola,AO,Huambo,none,Huambo,Potato,Main,2009,10,2010,4,All (PS),production,172045.0
3629,AO2008A106,Angola,AO,Huambo,none,Huambo,Potato,Main,2010,10,2011,4,All (PS),production,167547.0
3630,AO2008A106,Angola,AO,Huambo,none,Huambo,Potato,Main,2011,10,2012,4,All (PS),production,102840.0
3631,AO2008A106,Angola,AO,Huambo,none,Huambo,Potato,Main,2012,10,2013,4,All (PS),production,103777.0
3632,AO2008A106,Angola,AO,Huambo,none,Huambo,Potato,Main,2013,10,2014,4,All (PS),production,103953.0
3633,AO2008A106,Angola,AO,Huambo,none,Huambo,Potato,Main,2014,10,2015,4,All (PS),production,104275.0
3634,AO2008A106,Angola,AO,Huambo,none,Huambo,Potato,Main,2015,10,2016,4,All (PS),production,104275.0
3635,AO2008A106,Angola,AO,Huambo,none,Huambo,Potato,Main,2016,10,2017,4,All (PS),production,93012.0
3636,AO2008A106,Angola,AO,Huambo,none,Huambo,Pineapple,Main,2014,10,2015,4,All (PS),production,65899.0
3637,AO2008A106,Angola,AO,Huambo,none,Huambo,Pineapple,Main,2015,10,2016,4,All (PS),production,65899.0
3638,AO2008A106,Angola,AO,Huambo,none,Huambo,Pineapple,Main,2016,10,2017,4,All (PS),production,69875.0
3639,AO2008A106,Angola,AO,Huambo,none,Huambo,Sorghum,Main,2006,10,2007,4,All (PS),production,3227.0
3640,AO2008A106,Angola,AO,Huambo,none,Huambo,Sorghum,Main,2007,10,2008,4,All (PS),production,1241.0
3641,AO2008A106,Angola,AO,Huambo,none,Huambo,Sorghum,Main,2008,10,2009,4,All (PS),production,1304.0
3642,AO2008A106,Angola,AO,Huambo,none,Huambo,Sorghum,Main,2009,10,2010,4,All (PS),production,1473.0
3643,AO2008A106,Angola,AO,Huambo,none,Huambo,Sorghum,Main,2010,10,2011,4,All (PS),production,1285.0
3644,AO2008A106,Angola,AO,Huambo,none,Huambo,Sorghum,Main,2011,10,2012,4,All (PS),production,212.0
3645,AO2008A106,Angola,AO,Huambo,none,Huambo,Sorghum,Main,2012,10,2013,4,All (PS),production,1576.0
3646,AO2008A106,Angola,AO,Huambo,none,Huambo,Sorghum,Main,2013,10,2014,4,All (PS),production,1650.0
3647,AO2008A106,Angola,AO,Huambo,none,Huambo,Sorghum,Main,2014,10,2015,4,All (PS),production,1886.0
3648,AO2008A106,Angola,AO,Huambo,none,Huambo,Sorghum,Main,2015,10,2016,4,All (PS),production,1886.0
3649,AO2008A106,Angola,AO,Huambo,none,Huambo,Sorghum,Main,2016,10,2017,4,All (PS),production,3365.0
3650,AO2008A106,Angola,AO,Huambo,none,Huambo,Coffee,Main,2009,10,2010,4,All (PS),production,21.0
3651,AO2008A106,Angola,AO,Huambo,none,Huambo,Coffee,Main,2010,10,2011,4,All (PS),production,22.0
3652,AO2008A106,Angola,AO,Huambo,none,Huambo,Coffee,Main,2012,10,2013,4,All (PS),production,45.0
3653,AO2008A106,Angola,AO,Huambo,none,Huambo,Coffee,Main,2013,10,2014,4,All (PS),production,47.0
3654,AO2008A106,Angola,AO,Huambo,none,Huambo,Soybean,Main,2000,10,2001,4,All (PS),production,1674.0
3655,AO2008A106,Angola,AO,Huambo,none,Huambo,Soybean,Main,2006,10,2007,4,All (PS),production,5908.0
3656,AO2008A106,Angola,AO,Huambo,none,Huambo,Soybean,Main,2007,10,2008,4,All (PS),production,6439.0
3657,AO2008A106,Angola,AO,Huambo,none,Huambo,Soybean,Main,2008,10,2009,4,All (PS),production,2995.0
3658,AO2008A106,Angola,AO,Huambo,none,Huambo,Soybean,Main,2009,10,2010,4,All (PS),production,3047.0
3659,AO2008A106,Angola,AO,Huambo,none,Huambo,Soybean,Main,2010,10,2011,4,All (PS),production,3809.0
3660,AO2008A106,Angola,AO,Huambo,none,Huambo,Soybean,Main,2011,10,2012,4,All (PS),production,3747.0
3661,AO2008A106,Angola,AO,Huambo,none,Huambo,Soybean,Main,2012,10,2013,4,All (PS),production,5433.0
3662,AO2008A106,Angola,AO,Huambo,none,Huambo,Soybean,Main,2013,10,2014,4,All (PS),production,6865.0
3663,AO2008A106,Angola,AO,Huambo,none,Huambo,Soybean,Main,2014,10,2015,4,All (PS),production,7881.0
3664,AO2008A106,Angola,AO,Huambo,none,Huambo,Soybean,Main,2015,10,2016,4,All (PS),production,7881.0
3665,AO2008A106,Angola,AO,Huambo,none,Huambo,Soybean,Main,2016,10,2017,4,All (PS),production,30083.0
3666,AO2008A106,Angola,AO,Huambo,none,Huambo,Cabbage,Main,2014,10,2015,4,All (PS),production,44321.0
3667,AO2008A106,Angola,AO,Huambo,none,Huambo,Cabbage,Main,2015,10,2016,4,All (PS),production,44321.0
3668,AO2008A106,Angola,AO,Huambo,none,Huambo,Cabbage,Main,2016,10,2017,4,All (PS),production,53668.0
3669,AO2008A106,Angola,AO,Huambo,none,Huambo,Carrots,Main,2014,10,2015,4,All (PS),production,66583.0
3670,AO2008A106,Angola,AO,Huambo,none,Huambo,Carrots,Main,2015,10,2016,4,All (PS),production,66583.0
3671,AO2008A106,Angola,AO,Huambo,none,Huambo,Carrots,Main,2016,10,2017,4,All (PS),production,69914.0
3672,AO2008A106,Angola,AO,Huambo,none,Huambo,Millet,Main,2014,10,2015,4,All (PS),production,208.0
3673,AO2008A106,Angola,AO,Huambo,none,Huambo,Millet,Main,2015,10,2016,4,All (PS),production,208.0
3674,AO2008A106,Angola,AO,Huambo,none,Huambo,Millet,Main,2000,10,2001,4,All (PS),production,21765.0
3675,AO2008A106,Angola,AO,Huambo,none,Huambo,Millet,Main,2001,10,2002,4,All (PS),production,24135.0
3676,AO2008A106,Angola,AO,Huambo,none,Huambo,Millet,Main,2002,10,2003,4,All (PS),production,454.0
3677,AO2008A106,Angola,AO,Huambo,none,Huambo,Millet,Main,2003,10,2004,4,All (PS),production,7922.0
3678,AO2008A106,Angola,AO,Huambo,none,Huambo,Millet,Main,2004,10,2005,4,All (PS),production,7171.0
3679,AO2008A106,Angola,AO,Huambo,none,Huambo,Millet,Main,2005,10,2006,4,All (PS),production,7309.0
3680,AO2008A106,Angola,AO,Huambo,none,Huambo,Millet,Main,2008,10,2009,4,All (PS),production,71.0
3681,AO2008A106,Angola,AO,Huambo,none,Huambo,Millet,Main,2009,10,2010,4,All (PS),production,77.0
3682,AO2008A106,Angola,AO,Huambo,none,Huambo,Millet,Main,2010,10,2011,4,All (PS),production,143.0
3683,AO2008A106,Angola,AO,Huambo,none,Huambo,Millet,Main,2011,10,2012,4,All (PS),production,32.0
3684,AO2008A106,Angola,AO,Huambo,none,Huambo,Millet,Main,2012,10,2013,4,All (PS),production,165.0
3685,AO2008A106,Angola,AO,Huambo,none,Huambo,Millet,Main,2013,10,2014,4,All (PS),production,180.0
3686,AO2008A106,Angola,AO,Huambo,none,Huambo,Rice,Main,1997,10,1998,4,All (PS),production,3329.0
3687,AO2008A106,Angola,AO,Huambo,none,Huambo,Garlic,Main,2008,10,2009,4,All (PS),production,1534.59
3688,AO2008A106,Angola,AO,Huambo,none,Huambo,Garlic,Main,2009,10,2010,4,All (PS),production,1594.02
3689,AO2008A106,Angola,AO,Huambo,none,Huambo,Garlic,Main,2010,10,2011,4,All (PS),production,1582.0
3690,AO2008A106,Angola,AO,Huambo,none,Huambo,Garlic,Main,2011,10,2012,4,All (PS),production,1034.66
3691,AO2008A106,Angola,AO,Huambo,none,Huambo,Avocado,Main,2014,10,2015,4,All (PS),production,32470.0
3692,AO2008A106,Angola,AO,Huambo,none,Huambo,Avocado,Main,2015,10,2016,4,All (PS),production,32470.0
3693,AO2008A106,Angola,AO,Huambo,none,Huambo,Avocado,Main,2016,10,2017,4,All (PS),production,41420.0
3694,AO2008A106,Angola,AO,Huambo,none,Huambo,Wheat,Main,2016,10,2017,4,All (PS),production,4903.0
3695,AO2008A107,Angola,AO,Huila,none,Huila,Maize,Main,1996,10,1997,4,All (PS),production,745.0
3696,AO2008A107,Angola,AO,Huila,none,Huila,Maize,Main,1997,10,1998,4,All (PS),production,349.0
3697,AO2008A107,Angola,AO,Huila,none,Huila,Maize,Main,1998,10,1999,4,All (PS),production,58252.0
3698,AO2008A107,Angola,AO,Huila,none,Huila,Maize,Main,1999,10,2000,4,All (PS),production,60210.0
3699,AO2008A107,Angola,AO,Huila,none,Huila,Maize,Main,2000,10,2001,4,All (PS),production,74077.0
3700,AO2008A107,Angola,AO,Huila,none,Huila,Maize,Main,2001,10,2002,4,All (PS),production,80320.0
3701,AO2008A107,Angola,AO,Huila,none,Huila,Maize,Main,2002,10,2003,4,All (PS),production,256508.0
3702,AO2008A107,Angola,AO,Huila,none,Huila,Maize,Main,2003,10,2004,4,All (PS),production,139402.0
3703,AO2008A107,Angola,AO,Huila,none,Huila,Maize,Main,2004,10,2005,4,All (PS),production,149112.0
3704,AO2008A107,Angola,AO,Huila,none,Huila,Maize,Main,2005,10,2006,4,All (PS),production,89110.0
3705,AO2008A107,Angola,AO,Huila,none,Huila,Maize,Main,2006,10,2007,4,All (PS),production,94457.0
3706,AO2008A107,Angola,AO,Huila,none,Huila,Maize,Main,2007,10,2008,4,All (PS),production,46152.0
3707,AO2008A107,Angola,AO,Huila,none,Huila,Maize,Main,2008,10,2009,4,All (PS),production,236406.0
3708,AO2008A107,Angola,AO,Huila,none,Huila,Maize,Main,2009,10,2010,4,All (PS),production,122883.0
3709,AO2008A107,Angola,AO,Huila,none,Huila,Maize,Main,2010,10,2011,4,All (PS),production,166242.0
3710,AO2008A107,Angola,AO,Huila,none,Huila,Maize,Main,2011,10,2012,4,All (PS),production,60481.0
3711,AO2008A107,Angola,AO,Huila,none,Huila,Maize,Main,2012,10,2013,4,All (PS),production,120051.0
3712,AO2008A107,Angola,AO,Huila,none,Huila,Maize,Main,2013,10,2014,4,All (PS),production,127930.0
3713,AO2008A107,Angola,AO,Huila,none,Huila,Maize,Main,2014,10,2015,4,All (PS),production,170395.0
3714,AO2008A107,Angola,AO,Huila,none,Huila,Maize,Main,2015,10,2016,4,All (PS),production,170395.0
3715,AO2008A107,Angola,AO,Huila,none,Huila,Maize,Main,2016,10,2017,4,All (PS),production,210717.0
3716,AO2008A107,Angola,AO,Huila,none,Huila,Chili Pepper,Main,2014,10,2015,4,All (PS),production,183.0
3717,AO2008A107,Angola,AO,Huila,none,Huila,Chili Pepper,Main,2015,10,2016,4,All (PS),production,183.0
3718,AO2008A107,Angola,AO,Huila,none,Huila,Chili Pepper,Main,2016,10,2017,4,All (PS),production,183.0
3719,AO2008A107,Angola,AO,Huila,none,Huila,Sweet Potatoes,Main,2000,10,2001,4,All (PS),production,20326.0
3720,AO2008A107,Angola,AO,Huila,none,Huila,Sweet Potatoes,Main,2001,10,2002,4,All (PS),production,27426.0
3721,AO2008A107,Angola,AO,Huila,none,Huila,Sweet Potatoes,Main,2002,10,2003,4,All (PS),production,35235.0
3722,AO2008A107,Angola,AO,Huila,none,Huila,Sweet Potatoes,Main,2003,10,2004,4,All (PS),production,38863.0
3723,AO2008A107,Angola,AO,Huila,none,Huila,Sweet Potatoes,Main,2004,10,2005,4,All (PS),production,70059.0
3724,AO2008A107,Angola,AO,Huila,none,Huila,Sweet Potatoes,Main,2005,10,2006,4,All (PS),production,65015.0
3725,AO2008A107,Angola,AO,Huila,none,Huila,Sweet Potatoes,Main,2006,10,2007,4,All (PS),production,59666.0
3726,AO2008A107,Angola,AO,Huila,none,Huila,Sweet Potatoes,Main,2007,10,2008,4,All (PS),production,128098.0
3727,AO2008A107,Angola,AO,Huila,none,Huila,Sweet Potatoes,Main,2008,10,2009,4,All (PS),production,104344.0
3728,AO2008A107,Angola,AO,Huila,none,Huila,Sweet Potatoes,Main,2009,10,2010,4,All (PS),production,105974.0
3729,AO2008A107,Angola,AO,Huila,none,Huila,Sweet Potatoes,Main,2010,10,2011,4,All (PS),production,113865.0
3730,AO2008A107,Angola,AO,Huila,none,Huila,Sweet Potatoes,Main,2011,10,2012,4,All (PS),production,73777.0
3731,AO2008A107,Angola,AO,Huila,none,Huila,Sweet Potatoes,Main,2012,10,2013,4,All (PS),production,125444.0
3732,AO2008A107,Angola,AO,Huila,none,Huila,Sweet Potatoes,Main,2013,10,2014,4,All (PS),production,210249.0
3733,AO2008A107,Angola,AO,Huila,none,Huila,Sweet Potatoes,Main,2014,10,2015,4,All (PS),production,197392.0
3734,AO2008A107,Angola,AO,Huila,none,Huila,Sweet Potatoes,Main,2015,10,2016,4,All (PS),production,183748.0
3735,AO2008A107,Angola,AO,Huila,none,Huila,Sweet Potatoes,Main,2016,10,2017,4,All (PS),production,158646.0
3736,AO2008A107,Angola,AO,Huila,none,Huila,Banana,Main,2009,10,2010,4,All (PS),production,32862.0
3737,AO2008A107,Angola,AO,Huila,none,Huila,Banana,Main,2010,10,2011,4,All (PS),production,56961.0
3738,AO2008A107,Angola,AO,Huila,none,Huila,Banana,Main,2011,10,2012,4,All (PS),production,40449.0
3739,AO2008A107,Angola,AO,Huila,none,Huila,Banana,Main,2012,10,2013,4,All (PS),production,56923.0
3740,AO2008A107,Angola,AO,Huila,none,Huila,Banana,Main,2013,10,2014,4,All (PS),production,64162.0
3741,AO2008A107,Angola,AO,Huila,none,Huila,Banana,Main,2014,10,2015,4,All (PS),production,68479.0
3742,AO2008A107,Angola,AO,Huila,none,Huila,Banana,Main,2015,10,2016,4,All (PS),production,68479.0
3743,AO2008A107,Angola,AO,Huila,none,Huila,Banana,Main,2016,10,2017,4,All (PS),production,93785.0
3744,AO2008A107,Angola,AO,Huila,none,Huila,Tomato,Main,2014,10,2015,4,All (PS),production,934.0
3745,AO2008A107,Angola,AO,Huila,none,Huila,Tomato,Main,2015,10,2016,4,All (PS),production,934.0
3746,AO2008A107,Angola,AO,Huila,none,Huila,Tomato,Main,2016,10,2017,4,All (PS),production,934.0
3747,AO2008A107,Angola,AO,Huila,none,Huila,Onions,Main,2014,10,2015,4,All (PS),production,29057.0
3748,AO2008A107,Angola,AO,Huila,none,Huila,Onions,Main,2015,10,2016,4,All (PS),production,29057.0
3749,AO2008A107,Angola,AO,Huila,none,Huila,Onions,Main,2016,10,2017,4,All (PS),production,29425.0
3750,AO2008A107,Angola,AO,Huila,none,Huila,Mango,Main,2015,10,2016,4,All (PS),production,13375.0
3751,AO2008A107,Angola,AO,Huila,none,Huila,Mango,Main,2016,10,2017,4,All (PS),production,9757.0
3752,AO2008A107,Angola,AO,Huila,none,Huila,Groundnuts (In Shell),Main,2001,10,2002,4,All (PS),production,1045.0
3753,AO2008A107,Angola,AO,Huila,none,Huila,Groundnuts (In Shell),Main,2002,10,2003,4,All (PS),production,793.0
3754,AO2008A107,Angola,AO,Huila,none,Huila,Groundnuts (In Shell),Main,2003,10,2004,4,All (PS),production,338.0
3755,AO2008A107,Angola,AO,Huila,none,Huila,Groundnuts (In Shell),Main,2004,10,2005,4,All (PS),production,639.0
3756,AO2008A107,Angola,AO,Huila,none,Huila,Groundnuts (In Shell),Main,2005,10,2006,4,All (PS),production,222.0
3757,AO2008A107,Angola,AO,Huila,none,Huila,Groundnuts (In Shell),Main,2006,10,2007,4,All (PS),production,2290.0
3758,AO2008A107,Angola,AO,Huila,none,Huila,Groundnuts (In Shell),Main,2007,10,2008,4,All (PS),production,1147.0
3759,AO2008A107,Angola,AO,Huila,none,Huila,Groundnuts (In Shell),Main,2008,10,2009,4,All (PS),production,987.0
3760,AO2008A107,Angola,AO,Huila,none,Huila,Groundnuts (In Shell),Main,2009,10,2010,4,All (PS),production,1076.0
3761,AO2008A107,Angola,AO,Huila,none,Huila,Groundnuts (In Shell),Main,2010,10,2011,4,All (PS),production,2219.0
3762,AO2008A107,Angola,AO,Huila,none,Huila,Groundnuts (In Shell),Main,2011,10,2012,4,All (PS),production,726.0
3763,AO2008A107,Angola,AO,Huila,none,Huila,Groundnuts (In Shell),Main,2012,10,2013,4,All (PS),production,2616.0
3764,AO2008A107,Angola,AO,Huila,none,Huila,Groundnuts (In Shell),Main,2013,10,2014,4,All (PS),production,3496.0
3765,AO2008A107,Angola,AO,Huila,none,Huila,Groundnuts (In Shell),Main,2014,10,2015,4,All (PS),production,3713.0
3766,AO2008A107,Angola,AO,Huila,none,Huila,Groundnuts (In Shell),Main,2015,10,2016,4,All (PS),production,3713.0
3767,AO2008A107,Angola,AO,Huila,none,Huila,Groundnuts (In Shell),Main,2016,10,2017,4,All (PS),production,7261.0
3768,AO2008A107,Angola,AO,Huila,none,Huila,Lemon,Main,2015,10,2016,4,All (PS),production,183650.0
3769,AO2008A107,Angola,AO,Huila,none,Huila,Lemon,Main,2016,10,2017,4,All (PS),production,191822.0
3770,AO2008A107,Angola,AO,Huila,none,Huila,Beans (mixed),Main,2000,10,2001,4,All (PS),production,8130.0
3771,AO2008A107,Angola,AO,Huila,none,Huila,Beans (mixed),Main,2001,10,2002,4,All (PS),production,7836.0
3772,AO2008A107,Angola,AO,Huila,none,Huila,Beans (mixed),Main,2002,10,2003,4,All (PS),production,21611.0
3773,AO2008A107,Angola,AO,Huila,none,Huila,Beans (mixed),Main,2003,10,2004,4,All (PS),production,12673.0
3774,AO2008A107,Angola,AO,Huila,none,Huila,Beans (mixed),Main,2004,10,2005,4,All (PS),production,21538.0
3775,AO2008A107,Angola,AO,Huila,none,Huila,Beans (mixed),Main,2005,10,2006,4,All (PS),production,6094.0
3776,AO2008A107,Angola,AO,Huila,none,Huila,Beans (mixed),Main,2006,10,2007,4,All (PS),production,7213.0
3777,AO2008A107,Angola,AO,Huila,none,Huila,Beans (mixed),Main,2007,10,2008,4,All (PS),production,17733.0
3778,AO2008A107,Angola,AO,Huila,none,Huila,Beans (mixed),Main,2008,10,2009,4,All (PS),production,21315.0
3779,AO2008A107,Angola,AO,Huila,none,Huila,Beans (mixed),Main,2009,10,2010,4,All (PS),production,21619.0
3780,AO2008A107,Angola,AO,Huila,none,Huila,Beans (mixed),Main,2010,10,2011,4,All (PS),production,23830.0
3781,AO2008A107,Angola,AO,Huila,none,Huila,Beans (mixed),Main,2011,10,2012,4,All (PS),production,7597.0
3782,AO2008A107,Angola,AO,Huila,none,Huila,Beans (mixed),Main,2012,10,2013,4,All (PS),production,20858.0
3783,AO2008A107,Angola,AO,Huila,none,Huila,Beans (mixed),Main,2013,10,2014,4,All (PS),production,26519.0
3784,AO2008A107,Angola,AO,Huila,none,Huila,Beans (mixed),Main,2014,10,2015,4,All (PS),production,25880.0
3785,AO2008A107,Angola,AO,Huila,none,Huila,Beans (mixed),Main,2015,10,2016,4,All (PS),production,25880.0
3786,AO2008A107,Angola,AO,Huila,none,Huila,Beans (mixed),Main,2016,10,2017,4,All (PS),production,23362.0
3787,AO2008A107,Angola,AO,Huila,none,Huila,Cassava,Main,1998,10,1999,4,All (PS),production,60520.0
3788,AO2008A107,Angola,AO,Huila,none,Huila,Cassava,Main,1999,10,2000,4,All (PS),production,62556.0
3789,AO2008A107,Angola,AO,Huila,none,Huila,Cassava,Main,2000,10,2001,4,All (PS),production,72271.0
3790,AO2008A107,Angola,AO,Huila,none,Huila,Cassava,Main,2001,10,2002,4,All (PS),production,81530.0
3791,AO2008A107,Angola,AO,Huila,none,Huila,Cassava,Main,2004,10,2005,4,All (PS),production,12634.0
3792,AO2008A107,Angola,AO,Huila,none,Huila,Cassava,Main,2005,10,2006,4,All (PS),production,22298.0
3793,AO2008A107,Angola,AO,Huila,none,Huila,Cassava,Main,2006,10,2007,4,All (PS),production,23288.0
3794,AO2008A107,Angola,AO,Huila,none,Huila,Cassava,Main,2007,10,2008,4,All (PS),production,199460.0
3795,AO2008A107,Angola,AO,Huila,none,Huila,Cassava,Main,2008,10,2009,4,All (PS),production,317956.0
3796,AO2008A107,Angola,AO,Huila,none,Huila,Cassava,Main,2009,10,2010,4,All (PS),production,83986.0
3797,AO2008A107,Angola,AO,Huila,none,Huila,Cassava,Main,2010,10,2011,4,All (PS),production,96090.0
3798,AO2008A107,Angola,AO,Huila,none,Huila,Cassava,Main,2011,10,2012,4,All (PS),production,70121.0
3799,AO2008A107,Angola,AO,Huila,none,Huila,Cassava,Main,2012,10,2013,4,All (PS),production,100455.0
3800,AO2008A107,Angola,AO,Huila,none,Huila,Cassava,Main,2013,10,2014,4,All (PS),production,109367.0
3801,AO2008A107,Angola,AO,Huila,none,Huila,Cassava,Main,2015,10,2016,4,All (PS),production,113566.0
3802,AO2008A107,Angola,AO,Huila,none,Huila,Cassava,Main,2016,10,2017,4,All (PS),production,145386.0
3803,AO2008A107,Angola,AO,Huila,none,Huila,Potato,Main,2000,10,2001,4,All (PS),production,9034.0
3804,AO2008A107,Angola,AO,Huila,none,Huila,Potato,Main,2001,10,2002,4,All (PS),production,20896.0
3805,AO2008A107,Angola,AO,Huila,none,Huila,Potato,Main,2002,10,2003,4,All (PS),production,113534.0
3806,AO2008A107,Angola,AO,Huila,none,Huila,Potato,Main,2003,10,2004,4,All (PS),production,73503.0
3807,AO2008A107,Angola,AO,Huila,none,Huila,Potato,Main,2004,10,2005,4,All (PS),production,63905.0
3808,AO2008A107,Angola,AO,Huila,none,Huila,Potato,Main,2005,10,2006,4,All (PS),production,123135.0
3809,AO2008A107,Angola,AO,Huila,none,Huila,Potato,Main,2006,10,2007,4,All (PS),production,187172.0
3810,AO2008A107,Angola,AO,Huila,none,Huila,Potato,Main,2007,10,2008,4,All (PS),production,229641.0
3811,AO2008A107,Angola,AO,Huila,none,Huila,Potato,Main,2008,10,2009,4,All (PS),production,175312.0
3812,AO2008A107,Angola,AO,Huila,none,Huila,Potato,Main,2009,10,2010,4,All (PS),production,108838.0
3813,AO2008A107,Angola,AO,Huila,none,Huila,Potato,Main,2010,10,2011,4,All (PS),production,120522.0
3814,AO2008A107,Angola,AO,Huila,none,Huila,Potato,Main,2011,10,2012,4,All (PS),production,116567.0
3815,AO2008A107,Angola,AO,Huila,none,Huila,Potato,Main,2012,10,2013,4,All (PS),production,116670.0
3816,AO2008A107,Angola,AO,Huila,none,Huila,Potato,Main,2013,10,2014,4,All (PS),production,116865.0
3817,AO2008A107,Angola,AO,Huila,none,Huila,Potato,Main,2014,10,2015,4,All (PS),production,117392.0
3818,AO2008A107,Angola,AO,Huila,none,Huila,Potato,Main,2015,10,2016,4,All (PS),production,117392.0
3819,AO2008A107,Angola,AO,Huila,none,Huila,Potato,Main,2016,10,2017,4,All (PS),production,55659.0
3820,AO2008A107,Angola,AO,Huila,none,Huila,Pineapple,Main,2014,10,2015,4,All (PS),production,28536.0
3821,AO2008A107,Angola,AO,Huila,none,Huila,Pineapple,Main,2015,10,2016,4,All (PS),production,28536.0
3822,AO2008A107,Angola,AO,Huila,none,Huila,Pineapple,Main,2016,10,2017,4,All (PS),production,28400.0
3823,AO2008A107,Angola,AO,Huila,none,Huila,Sorghum,Main,1996,10,1997,4,All (PS),production,627.0
3824,AO2008A107,Angola,AO,Huila,none,Huila,Sorghum,Main,2006,10,2007,4,All (PS),production,20517.0
3825,AO2008A107,Angola,AO,Huila,none,Huila,Sorghum,Main,2007,10,2008,4,All (PS),production,6259.0
3826,AO2008A107,Angola,AO,Huila,none,Huila,Sorghum,Main,2008,10,2009,4,All (PS),production,27301.0
3827,AO2008A107,Angola,AO,Huila,none,Huila,Sorghum,Main,2009,10,2010,4,All (PS),production,18837.0
3828,AO2008A107,Angola,AO,Huila,none,Huila,Sorghum,Main,2010,10,2011,4,All (PS),production,24726.0
3829,AO2008A107,Angola,AO,Huila,none,Huila,Sorghum,Main,2011,10,2012,4,All (PS),production,3567.0
3830,AO2008A107,Angola,AO,Huila,none,Huila,Sorghum,Main,2012,10,2013,4,All (PS),production,8842.0
3831,AO2008A107,Angola,AO,Huila,none,Huila,Sorghum,Main,2013,10,2014,4,All (PS),production,9180.0
3832,AO2008A107,Angola,AO,Huila,none,Huila,Sorghum,Main,2014,10,2015,4,All (PS),production,10480.0
3833,AO2008A107,Angola,AO,Huila,none,Huila,Sorghum,Main,2015,10,2016,4,All (PS),production,10480.0
3834,AO2008A107,Angola,AO,Huila,none,Huila,Sorghum,Main,2016,10,2017,4,All (PS),production,14868.0
3835,AO2008A107,Angola,AO,Huila,none,Huila,Coffee,Main,2012,10,2013,4,All (PS),production,235.0
3836,AO2008A107,Angola,AO,Huila,none,Huila,Coffee,Main,2013,10,2014,4,All (PS),production,275.0
3837,AO2008A107,Angola,AO,Huila,none,Huila,Soybean,Main,2000,10,2001,4,All (PS),production,1129.0
3838,AO2008A107,Angola,AO,Huila,none,Huila,Soybean,Main,2011,10,2012,4,All (PS),production,1751.0
3839,AO2008A107,Angola,AO,Huila,none,Huila,Soybean,Main,2016,10,2017,4,All (PS),production,814.0
3840,AO2008A107,Angola,AO,Huila,none,Huila,Cabbage,Main,2014,10,2015,4,All (PS),production,30958.0
3841,AO2008A107,Angola,AO,Huila,none,Huila,Cabbage,Main,2015,10,2016,4,All (PS),production,30958.0
3842,AO2008A107,Angola,AO,Huila,none,Huila,Cabbage,Main,2016,10,2017,4,All (PS),production,28910.0
3843,AO2008A107,Angola,AO,Huila,none,Huila,Carrots,Main,2014,10,2015,4,All (PS),production,38477.0
3844,AO2008A107,Angola,AO,Huila,none,Huila,Carrots,Main,2015,10,2016,4,All (PS),production,38477.0
3845,AO2008A107,Angola,AO,Huila,none,Huila,Carrots,Main,2016,10,2017,4,All (PS),production,39931.0
3846,AO2008A107,Angola,AO,Huila,none,Huila,Millet,Main,2014,10,2015,4,All (PS),production,16584.0
3847,AO2008A107,Angola,AO,Huila,none,Huila,Millet,Main,2015,10,2016,4,All (PS),production,16584.0
3848,AO2008A107,Angola,AO,Huila,none,Huila,Millet,Main,2016,10,2017,4,All (PS),production,28827.0
3849,AO2008A107,Angola,AO,Huila,none,Huila,Green Bean,Main,2015,10,2016,4,All (PS),production,91.0
3850,AO2008A107,Angola,AO,Huila,none,Huila,Millet,Main,1996,10,1997,4,All (PS),production,512.0
3851,AO2008A107,Angola,AO,Huila,none,Huila,Millet,Main,1997,10,1998,4,All (PS),production,300.0
3852,AO2008A107,Angola,AO,Huila,none,Huila,Millet,Main,2000,10,2001,4,All (PS),production,54203.0
3853,AO2008A107,Angola,AO,Huila,none,Huila,Millet,Main,2001,10,2002,4,All (PS),production,58509.0
3854,AO2008A107,Angola,AO,Huila,none,Huila,Millet,Main,2002,10,2003,4,All (PS),production,31320.0
3855,AO2008A107,Angola,AO,Huila,none,Huila,Millet,Main,2003,10,2004,4,All (PS),production,29971.0
3856,AO2008A107,Angola,AO,Huila,none,Huila,Millet,Main,2004,10,2005,4,All (PS),production,34083.0
3857,AO2008A107,Angola,AO,Huila,none,Huila,Millet,Main,2005,10,2006,4,All (PS),production,33814.0
3858,AO2008A107,Angola,AO,Huila,none,Huila,Millet,Main,2006,10,2007,4,All (PS),production,11818.0
3859,AO2008A107,Angola,AO,Huila,none,Huila,Millet,Main,2007,10,2008,4,All (PS),production,3390.0
3860,AO2008A107,Angola,AO,Huila,none,Huila,Millet,Main,2008,10,2009,4,All (PS),production,35462.0
3861,AO2008A107,Angola,AO,Huila,none,Huila,Millet,Main,2009,10,2010,4,All (PS),production,13506.0
3862,AO2008A107,Angola,AO,Huila,none,Huila,Millet,Main,2010,10,2011,4,All (PS),production,21271.0
3863,AO2008A107,Angola,AO,Huila,none,Huila,Millet,Main,2011,10,2012,4,All (PS),production,5020.0
3864,AO2008A107,Angola,AO,Huila,none,Huila,Millet,Main,2012,10,2013,4,All (PS),production,12843.0
3865,AO2008A107,Angola,AO,Huila,none,Huila,Millet,Main,2013,10,2014,4,All (PS),production,14725.0
3866,AO2008A107,Angola,AO,Huila,none,Huila,Garlic,Main,2008,10,2009,4,All (PS),production,1752.62
3867,AO2008A107,Angola,AO,Huila,none,Huila,Garlic,Main,2009,10,2010,4,All (PS),production,1786.51
3868,AO2008A107,Angola,AO,Huila,none,Huila,Garlic,Main,2010,10,2011,4,All (PS),production,1835.0
3869,AO2008A107,Angola,AO,Huila,none,Huila,Garlic,Main,2011,10,2012,4,All (PS),production,1477.66
3870,AO2008A107,Angola,AO,Huila,none,Huila,Wheat,Main,2016,10,2017,4,All (PS),production,3602.0
3871,AO2008A107,Angola,AO,Huila,none,Huila,Cowpea,Main,2006,10,2007,4,All (PS),production,2518.0
3872,AO2008A108,Angola,AO,Kuando Kubango,none,Kuando Kubango,Maize,Main,1996,10,1997,4,All (PS),production,9028.0
3873,AO2008A108,Angola,AO,Kuando Kubango,none,Kuando Kubango,Maize,Main,1997,10,1998,4,All (PS),production,10400.0
3874,AO2008A108,Angola,AO,Kuando Kubango,none,Kuando Kubango,Maize,Main,1998,10,1999,4,All (PS),production,14175.0
3875,AO2008A108,Angola,AO,Kuando Kubango,none,Kuando Kubango,Maize,Main,1999,10,2000,4,All (PS),production,11476.0
3876,AO2008A108,Angola,AO,Kuando Kubango,none,Kuando Kubango,Maize,Main,2000,10,2001,4,All (PS),production,9175.0
3877,AO2008A108,Angola,AO,Kuando Kubango,none,Kuando Kubango,Maize,Main,2001,10,2002,4,All (PS),production,15690.0
3878,AO2008A108,Angola,AO,Kuando Kubango,none,Kuando Kubango,Maize,Main,2002,10,2003,4,All (PS),production,14515.0
3879,AO2008A108,Angola,AO,Kuando Kubango,none,Kuando Kubango,Maize,Main,2003,10,2004,4,All (PS),production,8132.0
3880,AO2008A108,Angola,AO,Kuando Kubango,none,Kuando Kubango,Maize,Main,2004,10,2005,4,All (PS),production,13819.0
3881,AO2008A108,Angola,AO,Kuando Kubango,none,Kuando Kubango,Maize,Main,2005,10,2006,4,All (PS),production,17763.0
3882,AO2008A108,Angola,AO,Kuando Kubango,none,Kuando Kubango,Maize,Main,2006,10,2007,4,All (PS),production,18829.0
3883,AO2008A108,Angola,AO,Kuando Kubango,none,Kuando Kubango,Maize,Main,2007,10,2008,4,All (PS),production,11437.0
3884,AO2008A108,Angola,AO,Kuando Kubango,none,Kuando Kubango,Maize,Main,2008,10,2009,4,All (PS),production,27781.0
3885,AO2008A108,Angola,AO,Kuando Kubango,none,Kuando Kubango,Maize,Main,2009,10,2010,4,All (PS),production,29476.0
3886,AO2008A108,Angola,AO,Kuando Kubango,none,Kuando Kubango,Maize,Main,2010,10,2011,4,All (PS),production,31432.0
3887,AO2008A108,Angola,AO,Kuando Kubango,none,Kuando Kubango,Maize,Main,2011,10,2012,4,All (PS),production,11976.0
3888,AO2008A108,Angola,AO,Kuando Kubango,none,Kuando Kubango,Maize,Main,2012,10,2013,4,All (PS),production,30176.0
3889,AO2008A108,Angola,AO,Kuando Kubango,none,Kuando Kubango,Maize,Main,2013,10,2014,4,All (PS),production,33550.0
3890,AO2008A108,Angola,AO,Kuando Kubango,none,Kuando Kubango,Maize,Main,2014,10,2015,4,All (PS),production,44525.0
3891,AO2008A108,Angola,AO,Kuando Kubango,none,Kuando Kubango,Maize,Main,2015,10,2016,4,All (PS),production,44525.0
3892,AO2008A108,Angola,AO,Kuando Kubango,none,Kuando Kubango,Maize,Main,2016,10,2017,4,All (PS),production,38352.0
3893,AO2008A108,Angola,AO,Kuando Kubango,none,Kuando Kubango,Sweet Potatoes,Main,2000,10,2001,4,All (PS),production,6116.0
3894,AO2008A108,Angola,AO,Kuando Kubango,none,Kuando Kubango,Sweet Potatoes,Main,2001,10,2002,4,All (PS),production,12203.0
3895,AO2008A108,Angola,AO,Kuando Kubango,none,Kuando Kubango,Sweet Potatoes,Main,2002,10,2003,4,All (PS),production,11612.0
3896,AO2008A108,Angola,AO,Kuando Kubango,none,Kuando Kubango,Sweet Potatoes,Main,2004,10,2005,4,All (PS),production,16583.0
3897,AO2008A108,Angola,AO,Kuando Kubango,none,Kuando Kubango,Sweet Potatoes,Main,2005,10,2006,4,All (PS),production,24105.0
3898,AO2008A108,Angola,AO,Kuando Kubango,none,Kuando Kubango,Sweet Potatoes,Main,2006,10,2007,4,All (PS),production,21934.0
3899,AO2008A108,Angola,AO,Kuando Kubango,none,Kuando Kubango,Sweet Potatoes,Main,2007,10,2008,4,All (PS),production,16527.0
3900,AO2008A108,Angola,AO,Kuando Kubango,none,Kuando Kubango,Sweet Potatoes,Main,2008,10,2009,4,All (PS),production,16784.0
3901,AO2008A108,Angola,AO,Kuando Kubango,none,Kuando Kubango,Sweet Potatoes,Main,2009,10,2010,4,All (PS),production,18691.0
3902,AO2008A108,Angola,AO,Kuando Kubango,none,Kuando Kubango,Sweet Potatoes,Main,2010,10,2011,4,All (PS),production,19572.0
3903,AO2008A108,Angola,AO,Kuando Kubango,none,Kuando Kubango,Sweet Potatoes,Main,2011,10,2012,4,All (PS),production,10043.0
3904,AO2008A108,Angola,AO,Kuando Kubango,none,Kuando Kubango,Sweet Potatoes,Main,2012,10,2013,4,All (PS),production,21600.0
3905,AO2008A108,Angola,AO,Kuando Kubango,none,Kuando Kubango,Sweet Potatoes,Main,2013,10,2014,4,All (PS),production,33863.0
3906,AO2008A108,Angola,AO,Kuando Kubango,none,Kuando Kubango,Sweet Potatoes,Main,2014,10,2015,4,All (PS),production,34544.0
3907,AO2008A108,Angola,AO,Kuando Kubango,none,Kuando Kubango,Sweet Potatoes,Main,2015,10,2016,4,All (PS),production,34544.0
3908,AO2008A108,Angola,AO,Kuando Kubango,none,Kuando Kubango,Sweet Potatoes,Main,2016,10,2017,4,All (PS),production,3429.0
3909,AO2008A108,Angola,AO,Kuando Kubango,none,Kuando Kubango,Banana,Main,2006,10,2007,4,All (PS),production,17038.0
3910,AO2008A108,Angola,AO,Kuando Kubango,none,Kuando Kubango,Banana,Main,2007,10,2008,4,All (PS),production,77933.0
3911,AO2008A108,Angola,AO,Kuando Kubango,none,Kuando Kubango,Banana,Main,2008,10,2009,4,All (PS),production,81520.0
3912,AO2008A108,Angola,AO,Kuando Kubango,none,Kuando Kubango,Banana,Main,2009,10,2010,4,All (PS),production,52354.0
3913,AO2008A108,Angola,AO,Kuando Kubango,none,Kuando Kubango,Banana,Main,2010,10,2011,4,All (PS),production,52977.0
3914,AO2008A108,Angola,AO,Kuando Kubango,none,Kuando Kubango,Banana,Main,2011,10,2012,4,All (PS),production,12234.0
3915,AO2008A108,Angola,AO,Kuando Kubango,none,Kuando Kubango,Banana,Main,2012,10,2013,4,All (PS),production,61761.0
3916,AO2008A108,Angola,AO,Kuando Kubango,none,Kuando Kubango,Banana,Main,2013,10,2014,4,All (PS),production,69661.0
3917,AO2008A108,Angola,AO,Kuando Kubango,none,Kuando Kubango,Banana,Main,2014,10,2015,4,All (PS),production,74288.0
3918,AO2008A108,Angola,AO,Kuando Kubango,none,Kuando Kubango,Banana,Main,2015,10,2016,4,All (PS),production,74288.0
3919,AO2008A108,Angola,AO,Kuando Kubango,none,Kuando Kubango,Banana,Main,2016,10,2017,4,All (PS),production,79131.0
3920,AO2008A108,Angola,AO,Kuando Kubango,none,Kuando Kubango,Mango,Main,2015,10,2016,4,All (PS),production,3026.0
3921,AO2008A108,Angola,AO,Kuando Kubango,none,Kuando Kubango,Mango,Main,2016,10,2017,4,All (PS),production,3529.0
3922,AO2008A108,Angola,AO,Kuando Kubango,none,Kuando Kubango,Groundnuts (In Shell),Main,2002,10,2003,4,All (PS),production,581.0
3923,AO2008A108,Angola,AO,Kuando Kubango,none,Kuando Kubango,Groundnuts (In Shell),Main,2004,10,2005,4,All (PS),production,829.0
3924,AO2008A108,Angola,AO,Kuando Kubango,none,Kuando Kubango,Groundnuts (In Shell),Main,2005,10,2006,4,All (PS),production,1089.0
3925,AO2008A108,Angola,AO,Kuando Kubango,none,Kuando Kubango,Groundnuts (In Shell),Main,2006,10,2007,4,All (PS),production,1202.0
3926,AO2008A108,Angola,AO,Kuando Kubango,none,Kuando Kubango,Groundnuts (In Shell),Main,2007,10,2008,4,All (PS),production,9782.0
3927,AO2008A108,Angola,AO,Kuando Kubango,none,Kuando Kubango,Groundnuts (In Shell),Main,2008,10,2009,4,All (PS),production,5783.0
3928,AO2008A108,Angola,AO,Kuando Kubango,none,Kuando Kubango,Groundnuts (In Shell),Main,2009,10,2010,4,All (PS),production,5936.0
3929,AO2008A108,Angola,AO,Kuando Kubango,none,Kuando Kubango,Groundnuts (In Shell),Main,2010,10,2011,4,All (PS),production,9318.0
3930,AO2008A108,Angola,AO,Kuando Kubango,none,Kuando Kubango,Groundnuts (In Shell),Main,2011,10,2012,4,All (PS),production,2526.0
3931,AO2008A108,Angola,AO,Kuando Kubango,none,Kuando Kubango,Groundnuts (In Shell),Main,2012,10,2013,4,All (PS),production,11357.0
3932,AO2008A108,Angola,AO,Kuando Kubango,none,Kuando Kubango,Groundnuts (In Shell),Main,2013,10,2014,4,All (PS),production,14352.0
3933,AO2008A108,Angola,AO,Kuando Kubango,none,Kuando Kubango,Groundnuts (In Shell),Main,2014,10,2015,4,All (PS),production,15687.0
3934,AO2008A108,Angola,AO,Kuando Kubango,none,Kuando Kubango,Groundnuts (In Shell),Main,2015,10,2016,4,All (PS),production,15687.0
3935,AO2008A108,Angola,AO,Kuando Kubango,none,Kuando Kubango,Groundnuts (In Shell),Main,2016,10,2017,4,All (PS),production,9591.0
3936,AO2008A108,Angola,AO,Kuando Kubango,none,Kuando Kubango,Lemon,Main,2015,10,2016,4,All (PS),production,9593.0
3937,AO2008A108,Angola,AO,Kuando Kubango,none,Kuando Kubango,Lemon,Main,2016,10,2017,4,All (PS),production,7641.0
3938,AO2008A108,Angola,AO,Kuando Kubango,none,Kuando Kubango,Beans (mixed),Main,2000,10,2001,4,All (PS),production,1019.0
3939,AO2008A108,Angola,AO,Kuando Kubango,none,Kuando Kubango,Beans (mixed),Main,2001,10,2002,4,All (PS),production,1743.0
3940,AO2008A108,Angola,AO,Kuando Kubango,none,Kuando Kubango,Beans (mixed),Main,2002,10,2003,4,All (PS),production,1452.0
3941,AO2008A108,Angola,AO,Kuando Kubango,none,Kuando Kubango,Beans (mixed),Main,2003,10,2004,4,All (PS),production,1735.0
3942,AO2008A108,Angola,AO,Kuando Kubango,none,Kuando Kubango,Beans (mixed),Main,2004,10,2005,4,All (PS),production,3869.0
3943,AO2008A108,Angola,AO,Kuando Kubango,none,Kuando Kubango,Beans (mixed),Main,2005,10,2006,4,All (PS),production,3171.0
3944,AO2008A108,Angola,AO,Kuando Kubango,none,Kuando Kubango,Beans (mixed),Main,2006,10,2007,4,All (PS),production,3411.0
3945,AO2008A108,Angola,AO,Kuando Kubango,none,Kuando Kubango,Beans (mixed),Main,2007,10,2008,4,All (PS),production,2733.0
3946,AO2008A108,Angola,AO,Kuando Kubango,none,Kuando Kubango,Beans (mixed),Main,2008,10,2009,4,All (PS),production,1421.0
3947,AO2008A108,Angola,AO,Kuando Kubango,none,Kuando Kubango,Beans (mixed),Main,2009,10,2010,4,All (PS),production,1529.0
3948,AO2008A108,Angola,AO,Kuando Kubango,none,Kuando Kubango,Beans (mixed),Main,2010,10,2011,4,All (PS),production,1693.0
3949,AO2008A108,Angola,AO,Kuando Kubango,none,Kuando Kubango,Beans (mixed),Main,2011,10,2012,4,All (PS),production,517.0
3950,AO2008A108,Angola,AO,Kuando Kubango,none,Kuando Kubango,Beans (mixed),Main,2012,10,2013,4,All (PS),production,2015.0
3951,AO2008A108,Angola,AO,Kuando Kubango,none,Kuando Kubango,Beans (mixed),Main,2013,10,2014,4,All (PS),production,2717.0
3952,AO2008A108,Angola,AO,Kuando Kubango,none,Kuando Kubango,Beans (mixed),Main,2014,10,2015,4,All (PS),production,6512.0
3953,AO2008A108,Angola,AO,Kuando Kubango,none,Kuando Kubango,Beans (mixed),Main,2015,10,2016,4,All (PS),production,6512.0
3954,AO2008A108,Angola,AO,Kuando Kubango,none,Kuando Kubango,Beans (mixed),Main,2016,10,2017,4,All (PS),production,2540.0
3955,AO2008A108,Angola,AO,Kuando Kubango,none,Kuando Kubango,Cassava,Main,1996,10,1997,4,All (PS),production,640000.0
3956,AO2008A108,Angola,AO,Kuando Kubango,none,Kuando Kubango,Cassava,Main,1997,10,1998,4,All (PS),production,675000.0
3957,AO2008A108,Angola,AO,Kuando Kubango,none,Kuando Kubango,Cassava,Main,1998,10,1999,4,All (PS),production,15324.0
3958,AO2008A108,Angola,AO,Kuando Kubango,none,Kuando Kubango,Cassava,Main,1999,10,2000,4,All (PS),production,22212.0
3959,AO2008A108,Angola,AO,Kuando Kubango,none,Kuando Kubango,Cassava,Main,2000,10,2001,4,All (PS),production,14272.0
3960,AO2008A108,Angola,AO,Kuando Kubango,none,Kuando Kubango,Cassava,Main,2001,10,2002,4,All (PS),production,29758.0
3961,AO2008A108,Angola,AO,Kuando Kubango,none,Kuando Kubango,Cassava,Main,2002,10,2003,4,All (PS),production,21981.0
3962,AO2008A108,Angola,AO,Kuando Kubango,none,Kuando Kubango,Cassava,Main,2003,10,2004,4,All (PS),production,44276.0
3963,AO2008A108,Angola,AO,Kuando Kubango,none,Kuando Kubango,Cassava,Main,2004,10,2005,4,All (PS),production,59934.0
3964,AO2008A108,Angola,AO,Kuando Kubango,none,Kuando Kubango,Cassava,Main,2005,10,2006,4,All (PS),production,93301.0
3965,AO2008A108,Angola,AO,Kuando Kubango,none,Kuando Kubango,Cassava,Main,2006,10,2007,4,All (PS),production,95732.0
3966,AO2008A108,Angola,AO,Kuando Kubango,none,Kuando Kubango,Cassava,Main,2007,10,2008,4,All (PS),production,91812.0
3967,AO2008A108,Angola,AO,Kuando Kubango,none,Kuando Kubango,Cassava,Main,2008,10,2009,4,All (PS),production,130768.0
3968,AO2008A108,Angola,AO,Kuando Kubango,none,Kuando Kubango,Cassava,Main,2009,10,2010,4,All (PS),production,112039.0
3969,AO2008A108,Angola,AO,Kuando Kubango,none,Kuando Kubango,Cassava,Main,2010,10,2011,4,All (PS),production,117769.0
3970,AO2008A108,Angola,AO,Kuando Kubango,none,Kuando Kubango,Cassava,Main,2011,10,2012,4,All (PS),production,81836.0
3971,AO2008A108,Angola,AO,Kuando Kubango,none,Kuando Kubango,Cassava,Main,2012,10,2013,4,All (PS),production,92339.0
3972,AO2008A108,Angola,AO,Kuando Kubango,none,Kuando Kubango,Cassava,Main,2013,10,2014,4,All (PS),production,100315.0
3973,AO2008A108,Angola,AO,Kuando Kubango,none,Kuando Kubango,Cassava,Main,2015,10,2016,4,All (PS),production,103707.0
3974,AO2008A108,Angola,AO,Kuando Kubango,none,Kuando Kubango,Cassava,Main,2016,10,2017,4,All (PS),production,97851.0
3975,AO2008A108,Angola,AO,Kuando Kubango,none,Kuando Kubango,Potato,Main,2002,10,2003,4,All (PS),production,194.0
3976,AO2008A108,Angola,AO,Kuando Kubango,none,Kuando Kubango,Potato,Main,2004,10,2005,4,All (PS),production,332.0
3977,AO2008A108,Angola,AO,Kuando Kubango,none,Kuando Kubango,Potato,Main,2008,10,2009,4,All (PS),production,1395.0
3978,AO2008A108,Angola,AO,Kuando Kubango,none,Kuando Kubango,Potato,Main,2009,10,2010,4,All (PS),production,1410.0
3979,AO2008A108,Angola,AO,Kuando Kubango,none,Kuando Kubango,Potato,Main,2010,10,2011,4,All (PS),production,1500.0
3980,AO2008A108,Angola,AO,Kuando Kubango,none,Kuando Kubango,Potato,Main,2011,10,2012,4,All (PS),production,1513.0
3981,AO2008A108,Angola,AO,Kuando Kubango,none,Kuando Kubango,Potato,Main,2012,10,2013,4,All (PS),production,1682.0
3982,AO2008A108,Angola,AO,Kuando Kubango,none,Kuando Kubango,Potato,Main,2013,10,2014,4,All (PS),production,1696.0
3983,AO2008A108,Angola,AO,Kuando Kubango,none,Kuando Kubango,Potato,Main,2014,10,2015,4,All (PS),production,1688.0
3984,AO2008A108,Angola,AO,Kuando Kubango,none,Kuando Kubango,Potato,Main,2015,10,2016,4,All (PS),production,1688.0
3985,AO2008A108,Angola,AO,Kuando Kubango,none,Kuando Kubango,Sorghum,Main,1997,10,1998,4,All (PS),production,53400.0
3986,AO2008A108,Angola,AO,Kuando Kubango,none,Kuando Kubango,Sorghum,Main,2006,10,2007,4,All (PS),production,10786.0
3987,AO2008A108,Angola,AO,Kuando Kubango,none,Kuando Kubango,Sorghum,Main,2007,10,2008,4,All (PS),production,2110.0
3988,AO2008A108,Angola,AO,Kuando Kubango,none,Kuando Kubango,Sorghum,Main,2008,10,2009,4,All (PS),production,8820.0
3989,AO2008A108,Angola,AO,Kuando Kubango,none,Kuando Kubango,Sorghum,Main,2009,10,2010,4,All (PS),production,15309.0
3990,AO2008A108,Angola,AO,Kuando Kubango,none,Kuando Kubango,Sorghum,Main,2010,10,2011,4,All (PS),production,17037.0
3991,AO2008A108,Angola,AO,Kuando Kubango,none,Kuando Kubango,Sorghum,Main,2011,10,2012,4,All (PS),production,3299.0
3992,AO2008A108,Angola,AO,Kuando Kubango,none,Kuando Kubango,Sorghum,Main,2012,10,2013,4,All (PS),production,24704.0
3993,AO2008A108,Angola,AO,Kuando Kubango,none,Kuando Kubango,Sorghum,Main,2013,10,2014,4,All (PS),production,24454.0
3994,AO2008A108,Angola,AO,Kuando Kubango,none,Kuando Kubango,Sorghum,Main,2014,10,2015,4,All (PS),production,28364.0
3995,AO2008A108,Angola,AO,Kuando Kubango,none,Kuando Kubango,Sorghum,Main,2015,10,2016,4,All (PS),production,28364.0
3996,AO2008A108,Angola,AO,Kuando Kubango,none,Kuando Kubango,Millet,Main,2014,10,2015,4,All (PS),production,6291.0
3997,AO2008A108,Angola,AO,Kuando Kubango,none,Kuando Kubango,Millet,Main,2015,10,2016,4,All (PS),production,6291.0
3998,AO2008A108,Angola,AO,Kuando Kubango,none,Kuando Kubango,Millet,Main,2016,10,2017,4,All (PS),production,6372.0
3999,AO2008A108,Angola,AO,Kuando Kubango,none,Kuando Kubango,Millet,Main,2000,10,2001,4,All (PS),production,12488.0
4000,AO2008A108,Angola,AO,Kuando Kubango,none,Kuando Kubango,Millet,Main,2001,10,2002,4,All (PS),production,21355.0
4001,AO2008A108,Angola,AO,Kuando Kubango,none,Kuando Kubango,Millet,Main,2002,10,2003,4,All (PS),production,18966.0
4002,AO2008A108,Angola,AO,Kuando Kubango,none,Kuando Kubango,Millet,Main,2003,10,2004,4,All (PS),production,21251.0
4003,AO2008A108,Angola,AO,Kuando Kubango,none,Kuando Kubango,Millet,Main,2004,10,2005,4,All (PS),production,30471.0
4004,AO2008A108,Angola,AO,Kuando Kubango,none,Kuando Kubango,Millet,Main,2005,10,2006,4,All (PS),production,34665.0
4005,AO2008A108,Angola,AO,Kuando Kubango,none,Kuando Kubango,Millet,Main,2006,10,2007,4,All (PS),production,17862.0
4006,AO2008A108,Angola,AO,Kuando Kubango,none,Kuando Kubango,Millet,Main,2007,10,2008,4,All (PS),production,3525.0
4007,AO2008A108,Angola,AO,Kuando Kubango,none,Kuando Kubango,Millet,Main,2008,10,2009,4,All (PS),production,881.0
4008,AO2008A108,Angola,AO,Kuando Kubango,none,Kuando Kubango,Millet,Main,2009,10,2010,4,All (PS),production,7811.0
4009,AO2008A108,Angola,AO,Kuando Kubango,none,Kuando Kubango,Millet,Main,2010,10,2011,4,All (PS),production,8006.0
4010,AO2008A108,Angola,AO,Kuando Kubango,none,Kuando Kubango,Millet,Main,2011,10,2012,4,All (PS),production,3051.0
4011,AO2008A108,Angola,AO,Kuando Kubango,none,Kuando Kubango,Millet,Main,2012,10,2013,4,All (PS),production,4409.0
4012,AO2008A108,Angola,AO,Kuando Kubango,none,Kuando Kubango,Millet,Main,2013,10,2014,4,All (PS),production,5092.0
4013,AO2008A108,Angola,AO,Kuando Kubango,none,Kuando Kubango,Rice,Main,2012,10,2013,4,All (PS),production,4000.0
4014,AO2008A108,Angola,AO,Kuando Kubango,none,Kuando Kubango,Rice,Main,2013,10,2014,4,All (PS),production,5260.0
4015,AO2008A108,Angola,AO,Kuando Kubango,none,Kuando Kubango,Rice,Main,2014,10,2015,4,All (PS),production,2031.0
4016,AO2008A108,Angola,AO,Kuando Kubango,none,Kuando Kubango,Rice,Main,2015,10,2016,4,All (PS),production,2031.0
4017,AO2008A109,Angola,AO,Kuanza Norte,none,Kuanza Norte,Maize,Main,1996,10,1997,4,All (PS),production,81650.0
4018,AO2008A109,Angola,AO,Kuanza Norte,none,Kuanza Norte,Maize,Main,1997,10,1998,4,All (PS),production,94500.0
4019,AO2008A109,Angola,AO,Kuanza Norte,none,Kuanza Norte,Maize,Main,1998,10,1999,4,All (PS),production,7132.0
4020,AO2008A109,Angola,AO,Kuanza Norte,none,Kuanza Norte,Maize,Main,1999,10,2000,4,All (PS),production,6304.0
4021,AO2008A109,Angola,AO,Kuanza Norte,none,Kuanza Norte,Maize,Main,2000,10,2001,4,All (PS),production,3287.0
4022,AO2008A109,Angola,AO,Kuanza Norte,none,Kuanza Norte,Maize,Main,2001,10,2002,4,All (PS),production,6141.0
4023,AO2008A109,Angola,AO,Kuanza Norte,none,Kuanza Norte,Maize,Main,2002,10,2003,4,All (PS),production,6849.0
4024,AO2008A109,Angola,AO,Kuanza Norte,none,Kuanza Norte,Maize,Main,2003,10,2004,4,All (PS),production,8869.0
4025,AO2008A109,Angola,AO,Kuanza Norte,none,Kuanza Norte,Maize,Main,2004,10,2005,4,All (PS),production,8504.0
4026,AO2008A109,Angola,AO,Kuanza Norte,none,Kuanza Norte,Maize,Main,2005,10,2006,4,All (PS),production,7894.0
4027,AO2008A109,Angola,AO,Kuanza Norte,none,Kuanza Norte,Maize,Main,2006,10,2007,4,All (PS),production,7918.0
4028,AO2008A109,Angola,AO,Kuanza Norte,none,Kuanza Norte,Maize,Main,2007,10,2008,4,All (PS),production,7547.0
4029,AO2008A109,Angola,AO,Kuanza Norte,none,Kuanza Norte,Maize,Main,2008,10,2009,4,All (PS),production,4244.0
4030,AO2008A109,Angola,AO,Kuanza Norte,none,Kuanza Norte,Maize,Main,2009,10,2010,4,All (PS),production,8459.0
4031,AO2008A109,Angola,AO,Kuanza Norte,none,Kuanza Norte,Maize,Main,2010,10,2011,4,All (PS),production,9234.0
4032,AO2008A109,Angola,AO,Kuanza Norte,none,Kuanza Norte,Maize,Main,2011,10,2012,4,All (PS),production,3083.0
4033,AO2008A109,Angola,AO,Kuanza Norte,none,Kuanza Norte,Maize,Main,2012,10,2013,4,All (PS),production,9389.0
4034,AO2008A109,Angola,AO,Kuanza Norte,none,Kuanza Norte,Maize,Main,2013,10,2014,4,All (PS),production,10024.0
4035,AO2008A109,Angola,AO,Kuanza Norte,none,Kuanza Norte,Maize,Main,2014,10,2015,4,All (PS),production,13785.0
4036,AO2008A109,Angola,AO,Kuanza Norte,none,Kuanza Norte,Maize,Main,2015,10,2016,4,All (PS),production,13785.0
4037,AO2008A109,Angola,AO,Kuanza Norte,none,Kuanza Norte,Maize,Main,2016,10,2017,4,All (PS),production,23548.0
4038,AO2008A109,Angola,AO,Kuanza Norte,none,Kuanza Norte,Chili Pepper,Main,2014,10,2015,4,All (PS),production,174.0
4039,AO2008A109,Angola,AO,Kuanza Norte,none,Kuanza Norte,Chili Pepper,Main,2015,10,2016,4,All (PS),production,174.0
4040,AO2008A109,Angola,AO,Kuanza Norte,none,Kuanza Norte,Chili Pepper,Main,2016,10,2017,4,All (PS),production,185.0
4041,AO2008A109,Angola,AO,Kuanza Norte,none,Kuanza Norte,Sweet Potatoes,Main,2000,10,2001,4,All (PS),production,26554.0
4042,AO2008A109,Angola,AO,Kuanza Norte,none,Kuanza Norte,Sweet Potatoes,Main,2001,10,2002,4,All (PS),production,24799.0
4043,AO2008A109,Angola,AO,Kuanza Norte,none,Kuanza Norte,Sweet Potatoes,Main,2002,10,2003,4,All (PS),production,10797.0
4044,AO2008A109,Angola,AO,Kuanza Norte,none,Kuanza Norte,Sweet Potatoes,Main,2003,10,2004,4,All (PS),production,9676.0
4045,AO2008A109,Angola,AO,Kuanza Norte,none,Kuanza Norte,Sweet Potatoes,Main,2004,10,2005,4,All (PS),production,18898.0
4046,AO2008A109,Angola,AO,Kuanza Norte,none,Kuanza Norte,Sweet Potatoes,Main,2005,10,2006,4,All (PS),production,19390.0
4047,AO2008A109,Angola,AO,Kuanza Norte,none,Kuanza Norte,Sweet Potatoes,Main,2006,10,2007,4,All (PS),production,20009.0
4048,AO2008A109,Angola,AO,Kuanza Norte,none,Kuanza Norte,Sweet Potatoes,Main,2007,10,2008,4,All (PS),production,44155.0
4049,AO2008A109,Angola,AO,Kuanza Norte,none,Kuanza Norte,Sweet Potatoes,Main,2008,10,2009,4,All (PS),production,41391.0
4050,AO2008A109,Angola,AO,Kuanza Norte,none,Kuanza Norte,Sweet Potatoes,Main,2009,10,2010,4,All (PS),production,41583.0
4051,AO2008A109,Angola,AO,Kuanza Norte,none,Kuanza Norte,Sweet Potatoes,Main,2010,10,2011,4,All (PS),production,43734.0
4052,AO2008A109,Angola,AO,Kuanza Norte,none,Kuanza Norte,Sweet Potatoes,Main,2011,10,2012,4,All (PS),production,28621.0
4053,AO2008A109,Angola,AO,Kuanza Norte,none,Kuanza Norte,Sweet Potatoes,Main,2012,10,2013,4,All (PS),production,48101.0
4054,AO2008A109,Angola,AO,Kuanza Norte,none,Kuanza Norte,Sweet Potatoes,Main,2013,10,2014,4,All (PS),production,79009.0
4055,AO2008A109,Angola,AO,Kuanza Norte,none,Kuanza Norte,Sweet Potatoes,Main,2014,10,2015,4,All (PS),production,83769.0
4056,AO2008A109,Angola,AO,Kuanza Norte,none,Kuanza Norte,Sweet Potatoes,Main,2015,10,2016,4,All (PS),production,83769.0
4057,AO2008A109,Angola,AO,Kuanza Norte,none,Kuanza Norte,Sweet Potatoes,Main,2016,10,2017,4,All (PS),production,122231.0
4058,AO2008A109,Angola,AO,Kuanza Norte,none,Kuanza Norte,Banana,Main,2006,10,2007,4,All (PS),production,65260.0
4059,AO2008A109,Angola,AO,Kuanza Norte,none,Kuanza Norte,Banana,Main,2007,10,2008,4,All (PS),production,79810.0
4060,AO2008A109,Angola,AO,Kuanza Norte,none,Kuanza Norte,Banana,Main,2008,10,2009,4,All (PS),production,79810.0
4061,AO2008A109,Angola,AO,Kuanza Norte,none,Kuanza Norte,Banana,Main,2009,10,2010,4,All (PS),production,61778.0
4062,AO2008A109,Angola,AO,Kuanza Norte,none,Kuanza Norte,Banana,Main,2010,10,2011,4,All (PS),production,82688.0
4063,AO2008A109,Angola,AO,Kuanza Norte,none,Kuanza Norte,Banana,Main,2011,10,2012,4,All (PS),production,63574.0
4064,AO2008A109,Angola,AO,Kuanza Norte,none,Kuanza Norte,Banana,Main,2012,10,2013,4,All (PS),production,77448.0
4065,AO2008A109,Angola,AO,Kuanza Norte,none,Kuanza Norte,Banana,Main,2013,10,2014,4,All (PS),production,88034.0
4066,AO2008A109,Angola,AO,Kuanza Norte,none,Kuanza Norte,Banana,Main,2014,10,2015,4,All (PS),production,94022.0
4067,AO2008A109,Angola,AO,Kuanza Norte,none,Kuanza Norte,Banana,Main,2015,10,2016,4,All (PS),production,94022.0
4068,AO2008A109,Angola,AO,Kuanza Norte,none,Kuanza Norte,Banana,Main,2016,10,2017,4,All (PS),production,130326.0
4069,AO2008A109,Angola,AO,Kuanza Norte,none,Kuanza Norte,Tomato,Main,2014,10,2015,4,All (PS),production,7794.0
4070,AO2008A109,Angola,AO,Kuanza Norte,none,Kuanza Norte,Tomato,Main,2015,10,2016,4,All (PS),production,7794.0
4071,AO2008A109,Angola,AO,Kuanza Norte,none,Kuanza Norte,Tomato,Main,2016,10,2017,4,All (PS),production,8124.0
4072,AO2008A109,Angola,AO,Kuanza Norte,none,Kuanza Norte,Onions,Main,2014,10,2015,4,All (PS),production,7872.0
4073,AO2008A109,Angola,AO,Kuanza Norte,none,Kuanza Norte,Onions,Main,2015,10,2016,4,All (PS),production,7872.0
4074,AO2008A109,Angola,AO,Kuanza Norte,none,Kuanza Norte,Onions,Main,2016,10,2017,4,All (PS),production,8817.0
4075,AO2008A109,Angola,AO,Kuanza Norte,none,Kuanza Norte,Mango,Main,2015,10,2016,4,All (PS),production,2438.0
4076,AO2008A109,Angola,AO,Kuanza Norte,none,Kuanza Norte,Mango,Main,2016,10,2017,4,All (PS),production,2178.0
4077,AO2008A109,Angola,AO,Kuanza Norte,none,Kuanza Norte,Groundnuts (In Shell),Main,2001,10,2002,4,All (PS),production,3149.0
4078,AO2008A109,Angola,AO,Kuanza Norte,none,Kuanza Norte,Groundnuts (In Shell),Main,2002,10,2003,4,All (PS),production,2192.0
4079,AO2008A109,Angola,AO,Kuanza Norte,none,Kuanza Norte,Groundnuts (In Shell),Main,2003,10,2004,4,All (PS),production,1935.0
4080,AO2008A109,Angola,AO,Kuanza Norte,none,Kuanza Norte,Groundnuts (In Shell),Main,2004,10,2005,4,All (PS),production,2041.0
4081,AO2008A109,Angola,AO,Kuanza Norte,none,Kuanza Norte,Groundnuts (In Shell),Main,2005,10,2006,4,All (PS),production,2110.0
4082,AO2008A109,Angola,AO,Kuanza Norte,none,Kuanza Norte,Groundnuts (In Shell),Main,2006,10,2007,4,All (PS),production,3975.0
4083,AO2008A109,Angola,AO,Kuanza Norte,none,Kuanza Norte,Groundnuts (In Shell),Main,2007,10,2008,4,All (PS),production,3386.0
4084,AO2008A109,Angola,AO,Kuanza Norte,none,Kuanza Norte,Groundnuts (In Shell),Main,2008,10,2009,4,All (PS),production,10131.0
4085,AO2008A109,Angola,AO,Kuanza Norte,none,Kuanza Norte,Groundnuts (In Shell),Main,2009,10,2010,4,All (PS),production,11415.0
4086,AO2008A109,Angola,AO,Kuanza Norte,none,Kuanza Norte,Groundnuts (In Shell),Main,2010,10,2011,4,All (PS),production,12351.0
4087,AO2008A109,Angola,AO,Kuanza Norte,none,Kuanza Norte,Groundnuts (In Shell),Main,2011,10,2012,4,All (PS),production,3901.0
4088,AO2008A109,Angola,AO,Kuanza Norte,none,Kuanza Norte,Groundnuts (In Shell),Main,2012,10,2013,4,All (PS),production,14960.0
4089,AO2008A109,Angola,AO,Kuanza Norte,none,Kuanza Norte,Groundnuts (In Shell),Main,2013,10,2014,4,All (PS),production,19790.0
4090,AO2008A109,Angola,AO,Kuanza Norte,none,Kuanza Norte,Groundnuts (In Shell),Main,2014,10,2015,4,All (PS),production,21135.0
4091,AO2008A109,Angola,AO,Kuanza Norte,none,Kuanza Norte,Groundnuts (In Shell),Main,2015,10,2016,4,All (PS),production,21135.0
4092,AO2008A109,Angola,AO,Kuanza Norte,none,Kuanza Norte,Groundnuts (In Shell),Main,2016,10,2017,4,All (PS),production,16456.0
4093,AO2008A109,Angola,AO,Kuanza Norte,none,Kuanza Norte,Lemon,Main,2015,10,2016,4,All (PS),production,5273.0
4094,AO2008A109,Angola,AO,Kuanza Norte,none,Kuanza Norte,Lemon,Main,2016,10,2017,4,All (PS),production,3913.0
4095,AO2008A109,Angola,AO,Kuanza Norte,none,Kuanza Norte,Beans (mixed),Main,2000,10,2001,4,All (PS),production,3246.0
4096,AO2008A109,Angola,AO,Kuanza Norte,none,Kuanza Norte,Beans (mixed),Main,2001,10,2002,4,All (PS),production,3307.0
4097,AO2008A109,Angola,AO,Kuanza Norte,none,Kuanza Norte,Beans (mixed),Main,2002,10,2003,4,All (PS),production,5344.0
4098,AO2008A109,Angola,AO,Kuanza Norte,none,Kuanza Norte,Beans (mixed),Main,2003,10,2004,4,All (PS),production,3870.0
4099,AO2008A109,Angola,AO,Kuanza Norte,none,Kuanza Norte,Beans (mixed),Main,2004,10,2005,4,All (PS),production,3515.0
4100,AO2008A109,Angola,AO,Kuanza Norte,none,Kuanza Norte,Beans (mixed),Main,2005,10,2006,4,All (PS),production,3759.0
4101,AO2008A109,Angola,AO,Kuanza Norte,none,Kuanza Norte,Beans (mixed),Main,2006,10,2007,4,All (PS),production,3084.0
4102,AO2008A109,Angola,AO,Kuanza Norte,none,Kuanza Norte,Beans (mixed),Main,2007,10,2008,4,All (PS),production,5924.0
4103,AO2008A109,Angola,AO,Kuanza Norte,none,Kuanza Norte,Beans (mixed),Main,2008,10,2009,4,All (PS),production,6335.0
4104,AO2008A109,Angola,AO,Kuanza Norte,none,Kuanza Norte,Beans (mixed),Main,2009,10,2010,4,All (PS),production,6745.0
4105,AO2008A109,Angola,AO,Kuanza Norte,none,Kuanza Norte,Beans (mixed),Main,2010,10,2011,4,All (PS),production,8138.0
4106,AO2008A109,Angola,AO,Kuanza Norte,none,Kuanza Norte,Beans (mixed),Main,2011,10,2012,4,All (PS),production,2030.0
4107,AO2008A109,Angola,AO,Kuanza Norte,none,Kuanza Norte,Beans (mixed),Main,2012,10,2013,4,All (PS),production,8584.0
4108,AO2008A109,Angola,AO,Kuanza Norte,none,Kuanza Norte,Beans (mixed),Main,2013,10,2014,4,All (PS),production,11083.0
4109,AO2008A109,Angola,AO,Kuanza Norte,none,Kuanza Norte,Beans (mixed),Main,2014,10,2015,4,All (PS),production,11243.0
4110,AO2008A109,Angola,AO,Kuanza Norte,none,Kuanza Norte,Beans (mixed),Main,2015,10,2016,4,All (PS),production,11243.0
4111,AO2008A109,Angola,AO,Kuanza Norte,none,Kuanza Norte,Beans (mixed),Main,2016,10,2017,4,All (PS),production,10813.0
4112,AO2008A109,Angola,AO,Kuanza Norte,none,Kuanza Norte,Cassava,Main,1996,10,1997,4,All (PS),production,165080.0
4113,AO2008A109,Angola,AO,Kuanza Norte,none,Kuanza Norte,Cassava,Main,1997,10,1998,4,All (PS),production,210000.0
4114,AO2008A109,Angola,AO,Kuanza Norte,none,Kuanza Norte,Cassava,Main,1998,10,1999,4,All (PS),production,221893.0
4115,AO2008A109,Angola,AO,Kuanza Norte,none,Kuanza Norte,Cassava,Main,1999,10,2000,4,All (PS),production,300190.0
4116,AO2008A109,Angola,AO,Kuanza Norte,none,Kuanza Norte,Cassava,Main,2000,10,2001,4,All (PS),production,482195.0
4117,AO2008A109,Angola,AO,Kuanza Norte,none,Kuanza Norte,Cassava,Main,2001,10,2002,4,All (PS),production,506825.0
4118,AO2008A109,Angola,AO,Kuanza Norte,none,Kuanza Norte,Cassava,Main,2002,10,2003,4,All (PS),production,365224.0
4119,AO2008A109,Angola,AO,Kuanza Norte,none,Kuanza Norte,Cassava,Main,2003,10,2004,4,All (PS),production,321548.0
4120,AO2008A109,Angola,AO,Kuanza Norte,none,Kuanza Norte,Cassava,Main,2004,10,2005,4,All (PS),production,393417.0
4121,AO2008A109,Angola,AO,Kuanza Norte,none,Kuanza Norte,Cassava,Main,2005,10,2006,4,All (PS),production,592918.0
4122,AO2008A109,Angola,AO,Kuanza Norte,none,Kuanza Norte,Cassava,Main,2006,10,2007,4,All (PS),production,576135.0
4123,AO2008A109,Angola,AO,Kuanza Norte,none,Kuanza Norte,Cassava,Main,2007,10,2008,4,All (PS),production,559707.0
4124,AO2008A109,Angola,AO,Kuanza Norte,none,Kuanza Norte,Cassava,Main,2008,10,2009,4,All (PS),production,981861.0
4125,AO2008A109,Angola,AO,Kuanza Norte,none,Kuanza Norte,Cassava,Main,2009,10,2010,4,All (PS),production,432428.0
4126,AO2008A109,Angola,AO,Kuanza Norte,none,Kuanza Norte,Cassava,Main,2010,10,2011,4,All (PS),production,444856.0
4127,AO2008A109,Angola,AO,Kuanza Norte,none,Kuanza Norte,Cassava,Main,2011,10,2012,4,All (PS),production,853707.0
4128,AO2008A109,Angola,AO,Kuanza Norte,none,Kuanza Norte,Cassava,Main,2012,10,2013,4,All (PS),production,548293.0
4129,AO2008A109,Angola,AO,Kuanza Norte,none,Kuanza Norte,Cassava,Main,2013,10,2014,4,All (PS),production,586554.0
4130,AO2008A109,Angola,AO,Kuanza Norte,none,Kuanza Norte,Cassava,Main,2015,10,2016,4,All (PS),production,611614.0
4131,AO2008A109,Angola,AO,Kuanza Norte,none,Kuanza Norte,Cassava,Main,2016,10,2017,4,All (PS),production,482067.0
4132,AO2008A109,Angola,AO,Kuanza Norte,none,Kuanza Norte,Potato,Main,2000,10,2001,4,All (PS),production,2529.0
4133,AO2008A109,Angola,AO,Kuanza Norte,none,Kuanza Norte,Potato,Main,2001,10,2002,4,All (PS),production,2362.0
4134,AO2008A109,Angola,AO,Kuanza Norte,none,Kuanza Norte,Potato,Main,2002,10,2003,4,All (PS),production,145.0
4135,AO2008A109,Angola,AO,Kuanza Norte,none,Kuanza Norte,Potato,Main,2004,10,2005,4,All (PS),production,142.0
4136,AO2008A109,Angola,AO,Kuanza Norte,none,Kuanza Norte,Potato,Main,2006,10,2007,4,All (PS),production,10296.0
4137,AO2008A109,Angola,AO,Kuanza Norte,none,Kuanza Norte,Potato,Main,2007,10,2008,4,All (PS),production,7463.0
4138,AO2008A109,Angola,AO,Kuanza Norte,none,Kuanza Norte,Potato,Main,2008,10,2009,4,All (PS),production,13630.0
4139,AO2008A109,Angola,AO,Kuanza Norte,none,Kuanza Norte,Potato,Main,2009,10,2010,4,All (PS),production,14110.0
4140,AO2008A109,Angola,AO,Kuanza Norte,none,Kuanza Norte,Potato,Main,2010,10,2011,4,All (PS),production,15974.0
4141,AO2008A109,Angola,AO,Kuanza Norte,none,Kuanza Norte,Potato,Main,2011,10,2012,4,All (PS),production,17594.0
4142,AO2008A109,Angola,AO,Kuanza Norte,none,Kuanza Norte,Potato,Main,2012,10,2013,4,All (PS),production,14859.0
4143,AO2008A109,Angola,AO,Kuanza Norte,none,Kuanza Norte,Potato,Main,2013,10,2014,4,All (PS),production,14953.0
4144,AO2008A109,Angola,AO,Kuanza Norte,none,Kuanza Norte,Potato,Main,2014,10,2015,4,All (PS),production,14998.0
4145,AO2008A109,Angola,AO,Kuanza Norte,none,Kuanza Norte,Potato,Main,2015,10,2016,4,All (PS),production,14998.0
4146,AO2008A109,Angola,AO,Kuanza Norte,none,Kuanza Norte,Potato,Main,2016,10,2017,4,All (PS),production,14368.0
4147,AO2008A109,Angola,AO,Kuanza Norte,none,Kuanza Norte,Pineapple,Main,2007,10,2008,4,All (PS),production,5303.0
4148,AO2008A109,Angola,AO,Kuanza Norte,none,Kuanza Norte,Pineapple,Main,2014,10,2015,4,All (PS),production,13924.0
4149,AO2008A109,Angola,AO,Kuanza Norte,none,Kuanza Norte,Pineapple,Main,2015,10,2016,4,All (PS),production,13924.0
4150,AO2008A109,Angola,AO,Kuanza Norte,none,Kuanza Norte,Pineapple,Main,2016,10,2017,4,All (PS),production,7374.0
4151,AO2008A109,Angola,AO,Kuanza Norte,none,Kuanza Norte,Sorghum,Main,1996,10,1997,4,All (PS),production,1075.0
4152,AO2008A109,Angola,AO,Kuanza Norte,none,Kuanza Norte,Sorghum,Main,1997,10,1998,4,All (PS),production,2100.0
4153,AO2008A109,Angola,AO,Kuanza Norte,none,Kuanza Norte,Coffee,Main,2006,10,2007,4,All (PS),production,3107.0
4154,AO2008A109,Angola,AO,Kuanza Norte,none,Kuanza Norte,Coffee,Main,2007,10,2008,4,All (PS),production,2400.0
4155,AO2008A109,Angola,AO,Kuanza Norte,none,Kuanza Norte,Coffee,Main,2008,10,2009,4,All (PS),production,2532.0
4156,AO2008A109,Angola,AO,Kuanza Norte,none,Kuanza Norte,Coffee,Main,2012,10,2013,4,All (PS),production,149.0
4157,AO2008A109,Angola,AO,Kuanza Norte,none,Kuanza Norte,Coffee,Main,2013,10,2014,4,All (PS),production,105.0
4158,AO2008A109,Angola,AO,Kuanza Norte,none,Kuanza Norte,Soybean,Main,2000,10,2001,4,All (PS),production,2276.0
4159,AO2008A109,Angola,AO,Kuanza Norte,none,Kuanza Norte,Soybean,Main,2011,10,2012,4,All (PS),production,75.0
4160,AO2008A109,Angola,AO,Kuanza Norte,none,Kuanza Norte,Soybean,Main,2012,10,2013,4,All (PS),production,185.0
4161,AO2008A109,Angola,AO,Kuanza Norte,none,Kuanza Norte,Soybean,Main,2013,10,2014,4,All (PS),production,236.0
4162,AO2008A109,Angola,AO,Kuanza Norte,none,Kuanza Norte,Soybean,Main,2014,10,2015,4,All (PS),production,269.0
4163,AO2008A109,Angola,AO,Kuanza Norte,none,Kuanza Norte,Soybean,Main,2015,10,2016,4,All (PS),production,269.0
4164,AO2008A109,Angola,AO,Kuanza Norte,none,Kuanza Norte,Okras,Main,2014,10,2015,4,All (PS),production,263.0
4165,AO2008A109,Angola,AO,Kuanza Norte,none,Kuanza Norte,Okras,Main,2015,10,2016,4,All (PS),production,263.0
4166,AO2008A109,Angola,AO,Kuanza Norte,none,Kuanza Norte,Okras,Main,2016,10,2017,4,All (PS),production,352.0
4167,AO2008A109,Angola,AO,Kuanza Norte,none,Kuanza Norte,Cabbage,Main,2014,10,2015,4,All (PS),production,5547.0
4168,AO2008A109,Angola,AO,Kuanza Norte,none,Kuanza Norte,Cabbage,Main,2015,10,2016,4,All (PS),production,5547.0
4169,AO2008A109,Angola,AO,Kuanza Norte,none,Kuanza Norte,Cabbage,Main,2016,10,2017,4,All (PS),production,5896.0
4170,AO2008A109,Angola,AO,Kuanza Norte,none,Kuanza Norte,Carrots,Main,2014,10,2015,4,All (PS),production,1840.0
4171,AO2008A109,Angola,AO,Kuanza Norte,none,Kuanza Norte,Carrots,Main,2015,10,2016,4,All (PS),production,1840.0
4172,AO2008A109,Angola,AO,Kuanza Norte,none,Kuanza Norte,Carrots,Main,2016,10,2017,4,All (PS),production,1692.0
4173,AO2008A109,Angola,AO,Kuanza Norte,none,Kuanza Norte,Millet,Main,1996,10,1997,4,All (PS),production,1585.0
4174,AO2008A109,Angola,AO,Kuanza Norte,none,Kuanza Norte,Millet,Main,1997,10,1998,4,All (PS),production,1200.0
4175,AO2008A109,Angola,AO,Kuanza Norte,none,Kuanza Norte,Garlic,Main,2008,10,2009,4,All (PS),production,229.67
4176,AO2008A109,Angola,AO,Kuanza Norte,none,Kuanza Norte,Garlic,Main,2009,10,2010,4,All (PS),production,234.12
4177,AO2008A109,Angola,AO,Kuanza Norte,none,Kuanza Norte,Garlic,Main,2010,10,2011,4,All (PS),production,295.0
4178,AO2008A109,Angola,AO,Kuanza Norte,none,Kuanza Norte,Garlic,Main,2011,10,2012,4,All (PS),production,189.65
4179,AO2008A110,Angola,AO,Kuanza Sul,none,Kuanza Sul,Maize,Main,1996,10,1997,4,All (PS),production,175.0
4180,AO2008A110,Angola,AO,Kuanza Sul,none,Kuanza Sul,Maize,Main,1997,10,1998,4,All (PS),production,250.0
4181,AO2008A110,Angola,AO,Kuanza Sul,none,Kuanza Sul,Maize,Main,1998,10,1999,4,All (PS),production,48258.0
4182,AO2008A110,Angola,AO,Kuanza Sul,none,Kuanza Sul,Maize,Main,1999,10,2000,4,All (PS),production,36852.0
4183,AO2008A110,Angola,AO,Kuanza Sul,none,Kuanza Sul,Maize,Main,2000,10,2001,4,All (PS),production,43629.0
4184,AO2008A110,Angola,AO,Kuanza Sul,none,Kuanza Sul,Maize,Main,2001,10,2002,4,All (PS),production,30266.0
4185,AO2008A110,Angola,AO,Kuanza Sul,none,Kuanza Sul,Maize,Main,2002,10,2003,4,All (PS),production,52585.0
4186,AO2008A110,Angola,AO,Kuanza Sul,none,Kuanza Sul,Maize,Main,2003,10,2004,4,All (PS),production,47615.0
4187,AO2008A110,Angola,AO,Kuanza Sul,none,Kuanza Sul,Maize,Main,2004,10,2005,4,All (PS),production,56347.0
4188,AO2008A110,Angola,AO,Kuanza Sul,none,Kuanza Sul,Maize,Main,2005,10,2006,4,All (PS),production,33907.0
4189,AO2008A110,Angola,AO,Kuanza Sul,none,Kuanza Sul,Maize,Main,2006,10,2007,4,All (PS),production,39671.0
4190,AO2008A110,Angola,AO,Kuanza Sul,none,Kuanza Sul,Maize,Main,2007,10,2008,4,All (PS),production,136789.0
4191,AO2008A110,Angola,AO,Kuanza Sul,none,Kuanza Sul,Maize,Main,2008,10,2009,4,All (PS),production,232837.0
4192,AO2008A110,Angola,AO,Kuanza Sul,none,Kuanza Sul,Maize,Main,2009,10,2010,4,All (PS),production,185661.0
4193,AO2008A110,Angola,AO,Kuanza Sul,none,Kuanza Sul,Maize,Main,2010,10,2011,4,All (PS),production,231395.0
4194,AO2008A110,Angola,AO,Kuanza Sul,none,Kuanza Sul,Maize,Main,2011,10,2012,4,All (PS),production,81253.0
4195,AO2008A110,Angola,AO,Kuanza Sul,none,Kuanza Sul,Maize,Main,2012,10,2013,4,All (PS),production,296123.0
4196,AO2008A110,Angola,AO,Kuanza Sul,none,Kuanza Sul,Maize,Main,2013,10,2014,4,All (PS),production,326264.0
4197,AO2008A110,Angola,AO,Kuanza Sul,none,Kuanza Sul,Maize,Main,2014,10,2015,4,All (PS),production,430839.0
4198,AO2008A110,Angola,AO,Kuanza Sul,none,Kuanza Sul,Maize,Main,2015,10,2016,4,All (PS),production,430839.0
4199,AO2008A110,Angola,AO,Kuanza Sul,none,Kuanza Sul,Maize,Main,2016,10,2017,4,All (PS),production,490035.0
4200,AO2008A110,Angola,AO,Kuanza Sul,none,Kuanza Sul,Chili Pepper,Main,2014,10,2015,4,All (PS),production,751.0
4201,AO2008A110,Angola,AO,Kuanza Sul,none,Kuanza Sul,Chili Pepper,Main,2015,10,2016,4,All (PS),production,751.0
4202,AO2008A110,Angola,AO,Kuanza Sul,none,Kuanza Sul,Chili Pepper,Main,2016,10,2017,4,All (PS),production,852.0
4203,AO2008A110,Angola,AO,Kuanza Sul,none,Kuanza Sul,Sweet Potatoes,Main,2000,10,2001,4,All (PS),production,39397.0
4204,AO2008A110,Angola,AO,Kuanza Sul,none,Kuanza Sul,Sweet Potatoes,Main,2001,10,2002,4,All (PS),production,32198.0
4205,AO2008A110,Angola,AO,Kuanza Sul,none,Kuanza Sul,Sweet Potatoes,Main,2002,10,2003,4,All (PS),production,53780.0
4206,AO2008A110,Angola,AO,Kuanza Sul,none,Kuanza Sul,Sweet Potatoes,Main,2003,10,2004,4,All (PS),production,26453.0
4207,AO2008A110,Angola,AO,Kuanza Sul,none,Kuanza Sul,Sweet Potatoes,Main,2004,10,2005,4,All (PS),production,21466.0
4208,AO2008A110,Angola,AO,Kuanza Sul,none,Kuanza Sul,Sweet Potatoes,Main,2005,10,2006,4,All (PS),production,32737.0
4209,AO2008A110,Angola,AO,Kuanza Sul,none,Kuanza Sul,Sweet Potatoes,Main,2006,10,2007,4,All (PS),production,29417.0
4210,AO2008A110,Angola,AO,Kuanza Sul,none,Kuanza Sul,Sweet Potatoes,Main,2007,10,2008,4,All (PS),production,32585.0
4211,AO2008A110,Angola,AO,Kuanza Sul,none,Kuanza Sul,Sweet Potatoes,Main,2008,10,2009,4,All (PS),production,38263.0
4212,AO2008A110,Angola,AO,Kuanza Sul,none,Kuanza Sul,Sweet Potatoes,Main,2009,10,2010,4,All (PS),production,41215.0
4213,AO2008A110,Angola,AO,Kuanza Sul,none,Kuanza Sul,Sweet Potatoes,Main,2010,10,2011,4,All (PS),production,48021.0
4214,AO2008A110,Angola,AO,Kuanza Sul,none,Kuanza Sul,Sweet Potatoes,Main,2011,10,2012,4,All (PS),production,35156.0
4215,AO2008A110,Angola,AO,Kuanza Sul,none,Kuanza Sul,Sweet Potatoes,Main,2012,10,2013,4,All (PS),production,54242.0
4216,AO2008A110,Angola,AO,Kuanza Sul,none,Kuanza Sul,Sweet Potatoes,Main,2013,10,2014,4,All (PS),production,86232.0
4217,AO2008A110,Angola,AO,Kuanza Sul,none,Kuanza Sul,Sweet Potatoes,Main,2014,10,2015,4,All (PS),production,87348.0
4218,AO2008A110,Angola,AO,Kuanza Sul,none,Kuanza Sul,Sweet Potatoes,Main,2015,10,2016,4,All (PS),production,58679.0
4219,AO2008A110,Angola,AO,Kuanza Sul,none,Kuanza Sul,Sweet Potatoes,Main,2016,10,2017,4,All (PS),production,57503.0
4220,AO2008A110,Angola,AO,Kuanza Sul,none,Kuanza Sul,Banana,Main,2006,10,2007,4,All (PS),production,50426.0
4221,AO2008A110,Angola,AO,Kuanza Sul,none,Kuanza Sul,Banana,Main,2007,10,2008,4,All (PS),production,44605.0
4222,AO2008A110,Angola,AO,Kuanza Sul,none,Kuanza Sul,Banana,Main,2008,10,2009,4,All (PS),production,65349.0
4223,AO2008A110,Angola,AO,Kuanza Sul,none,Kuanza Sul,Banana,Main,2009,10,2010,4,All (PS),production,129234.0
4224,AO2008A110,Angola,AO,Kuanza Sul,none,Kuanza Sul,Banana,Main,2010,10,2011,4,All (PS),production,386782.0
4225,AO2008A110,Angola,AO,Kuanza Sul,none,Kuanza Sul,Banana,Main,2011,10,2012,4,All (PS),production,589180.0
4226,AO2008A110,Angola,AO,Kuanza Sul,none,Kuanza Sul,Banana,Main,2012,10,2013,4,All (PS),production,507534.0
4227,AO2008A110,Angola,AO,Kuanza Sul,none,Kuanza Sul,Banana,Main,2013,10,2014,4,All (PS),production,574142.0
4228,AO2008A110,Angola,AO,Kuanza Sul,none,Kuanza Sul,Banana,Main,2014,10,2015,4,All (PS),production,612848.0
4229,AO2008A110,Angola,AO,Kuanza Sul,none,Kuanza Sul,Banana,Main,2015,10,2016,4,All (PS),production,612848.0
4230,AO2008A110,Angola,AO,Kuanza Sul,none,Kuanza Sul,Banana,Main,2016,10,2017,4,All (PS),production,666549.0
4231,AO2008A110,Angola,AO,Kuanza Sul,none,Kuanza Sul,Tomato,Main,2014,10,2015,4,All (PS),production,44363.0
4232,AO2008A110,Angola,AO,Kuanza Sul,none,Kuanza Sul,Tomato,Main,2015,10,2016,4,All (PS),production,44363.0
4233,AO2008A110,Angola,AO,Kuanza Sul,none,Kuanza Sul,Tomato,Main,2016,10,2017,4,All (PS),production,40793.0
4234,AO2008A110,Angola,AO,Kuanza Sul,none,Kuanza Sul,Onions,Main,2014,10,2015,4,All (PS),production,35252.0
4235,AO2008A110,Angola,AO,Kuanza Sul,none,Kuanza Sul,Onions,Main,2015,10,2016,4,All (PS),production,35252.0
4236,AO2008A110,Angola,AO,Kuanza Sul,none,Kuanza Sul,Onions,Main,2016,10,2017,4,All (PS),production,38541.0
4237,AO2008A110,Angola,AO,Kuanza Sul,none,Kuanza Sul,Mango,Main,2015,10,2016,4,All (PS),production,37427.0
4238,AO2008A110,Angola,AO,Kuanza Sul,none,Kuanza Sul,Mango,Main,2016,10,2017,4,All (PS),production,23115.0
4239,AO2008A110,Angola,AO,Kuanza Sul,none,Kuanza Sul,Groundnuts (In Shell),Main,2001,10,2002,4,All (PS),production,2254.0
4240,AO2008A110,Angola,AO,Kuanza Sul,none,Kuanza Sul,Groundnuts (In Shell),Main,2002,10,2003,4,All (PS),production,7171.0
4241,AO2008A110,Angola,AO,Kuanza Sul,none,Kuanza Sul,Groundnuts (In Shell),Main,2003,10,2004,4,All (PS),production,3527.0
4242,AO2008A110,Angola,AO,Kuanza Sul,none,Kuanza Sul,Groundnuts (In Shell),Main,2004,10,2005,4,All (PS),production,3578.0
4243,AO2008A110,Angola,AO,Kuanza Sul,none,Kuanza Sul,Groundnuts (In Shell),Main,2005,10,2006,4,All (PS),production,4971.0
4244,AO2008A110,Angola,AO,Kuanza Sul,none,Kuanza Sul,Groundnuts (In Shell),Main,2006,10,2007,4,All (PS),production,2770.0
4245,AO2008A110,Angola,AO,Kuanza Sul,none,Kuanza Sul,Groundnuts (In Shell),Main,2007,10,2008,4,All (PS),production,10421.0
4246,AO2008A110,Angola,AO,Kuanza Sul,none,Kuanza Sul,Groundnuts (In Shell),Main,2008,10,2009,4,All (PS),production,10852.0
4247,AO2008A110,Angola,AO,Kuanza Sul,none,Kuanza Sul,Groundnuts (In Shell),Main,2009,10,2010,4,All (PS),production,12559.0
4248,AO2008A110,Angola,AO,Kuanza Sul,none,Kuanza Sul,Groundnuts (In Shell),Main,2010,10,2011,4,All (PS),production,22656.0
4249,AO2008A110,Angola,AO,Kuanza Sul,none,Kuanza Sul,Groundnuts (In Shell),Main,2011,10,2012,4,All (PS),production,8274.0
4250,AO2008A110,Angola,AO,Kuanza Sul,none,Kuanza Sul,Groundnuts (In Shell),Main,2012,10,2013,4,All (PS),production,25192.0
4251,AO2008A110,Angola,AO,Kuanza Sul,none,Kuanza Sul,Groundnuts (In Shell),Main,2013,10,2014,4,All (PS),production,32294.0
4252,AO2008A110,Angola,AO,Kuanza Sul,none,Kuanza Sul,Groundnuts (In Shell),Main,2014,10,2015,4,All (PS),production,35036.0
4253,AO2008A110,Angola,AO,Kuanza Sul,none,Kuanza Sul,Groundnuts (In Shell),Main,2015,10,2016,4,All (PS),production,35036.0
4254,AO2008A110,Angola,AO,Kuanza Sul,none,Kuanza Sul,Groundnuts (In Shell),Main,2016,10,2017,4,All (PS),production,31610.0
4255,AO2008A110,Angola,AO,Kuanza Sul,none,Kuanza Sul,Lemon,Main,2015,10,2016,4,All (PS),production,15720.0
4256,AO2008A110,Angola,AO,Kuanza Sul,none,Kuanza Sul,Lemon,Main,2016,10,2017,4,All (PS),production,17168.0
4257,AO2008A110,Angola,AO,Kuanza Sul,none,Kuanza Sul,Beans (mixed),Main,2000,10,2001,4,All (PS),production,7588.0
4258,AO2008A110,Angola,AO,Kuanza Sul,none,Kuanza Sul,Beans (mixed),Main,2001,10,2002,4,All (PS),production,5581.0
4259,AO2008A110,Angola,AO,Kuanza Sul,none,Kuanza Sul,Beans (mixed),Main,2002,10,2003,4,All (PS),production,11951.0
4260,AO2008A110,Angola,AO,Kuanza Sul,none,Kuanza Sul,Beans (mixed),Main,2003,10,2004,4,All (PS),production,6701.0
4261,AO2008A110,Angola,AO,Kuanza Sul,none,Kuanza Sul,Beans (mixed),Main,2004,10,2005,4,All (PS),production,6493.0
4262,AO2008A110,Angola,AO,Kuanza Sul,none,Kuanza Sul,Beans (mixed),Main,2005,10,2006,4,All (PS),production,4691.0
4263,AO2008A110,Angola,AO,Kuanza Sul,none,Kuanza Sul,Beans (mixed),Main,2006,10,2007,4,All (PS),production,11483.0
4264,AO2008A110,Angola,AO,Kuanza Sul,none,Kuanza Sul,Beans (mixed),Main,2007,10,2008,4,All (PS),production,15538.0
4265,AO2008A110,Angola,AO,Kuanza Sul,none,Kuanza Sul,Beans (mixed),Main,2008,10,2009,4,All (PS),production,28376.0
4266,AO2008A110,Angola,AO,Kuanza Sul,none,Kuanza Sul,Beans (mixed),Main,2009,10,2010,4,All (PS),production,28613.0
4267,AO2008A110,Angola,AO,Kuanza Sul,none,Kuanza Sul,Beans (mixed),Main,2010,10,2011,4,All (PS),production,44382.0
4268,AO2008A110,Angola,AO,Kuanza Sul,none,Kuanza Sul,Beans (mixed),Main,2011,10,2012,4,All (PS),production,12755.0
4269,AO2008A110,Angola,AO,Kuanza Sul,none,Kuanza Sul,Beans (mixed),Main,2012,10,2013,4,All (PS),production,46838.0
4270,AO2008A110,Angola,AO,Kuanza Sul,none,Kuanza Sul,Beans (mixed),Main,2013,10,2014,4,All (PS),production,59899.0
4271,AO2008A110,Angola,AO,Kuanza Sul,none,Kuanza Sul,Beans (mixed),Main,2014,10,2015,4,All (PS),production,60578.0
4272,AO2008A110,Angola,AO,Kuanza Sul,none,Kuanza Sul,Beans (mixed),Main,2015,10,2016,4,All (PS),production,60578.0
4273,AO2008A110,Angola,AO,Kuanza Sul,none,Kuanza Sul,Beans (mixed),Main,2016,10,2017,4,All (PS),production,57301.0
4274,AO2008A110,Angola,AO,Kuanza Sul,none,Kuanza Sul,Cassava,Main,1997,10,1998,4,All (PS),production,8000.0
4275,AO2008A110,Angola,AO,Kuanza Sul,none,Kuanza Sul,Cassava,Main,1998,10,1999,4,All (PS),production,142986.0
4276,AO2008A110,Angola,AO,Kuanza Sul,none,Kuanza Sul,Cassava,Main,1999,10,2000,4,All (PS),production,146016.0
4277,AO2008A110,Angola,AO,Kuanza Sul,none,Kuanza Sul,Cassava,Main,2000,10,2001,4,All (PS),production,207930.0
4278,AO2008A110,Angola,AO,Kuanza Sul,none,Kuanza Sul,Cassava,Main,2001,10,2002,4,All (PS),production,188959.0
4279,AO2008A110,Angola,AO,Kuanza Sul,none,Kuanza Sul,Cassava,Main,2002,10,2003,4,All (PS),production,307026.0
4280,AO2008A110,Angola,AO,Kuanza Sul,none,Kuanza Sul,Cassava,Main,2003,10,2004,4,All (PS),production,297062.0
4281,AO2008A110,Angola,AO,Kuanza Sul,none,Kuanza Sul,Cassava,Main,2004,10,2005,4,All (PS),production,315099.0
4282,AO2008A110,Angola,AO,Kuanza Sul,none,Kuanza Sul,Cassava,Main,2005,10,2006,4,All (PS),production,500702.0
4283,AO2008A110,Angola,AO,Kuanza Sul,none,Kuanza Sul,Cassava,Main,2006,10,2007,4,All (PS),production,505164.0
4284,AO2008A110,Angola,AO,Kuanza Sul,none,Kuanza Sul,Cassava,Main,2007,10,2008,4,All (PS),production,770450.0
4285,AO2008A110,Angola,AO,Kuanza Sul,none,Kuanza Sul,Cassava,Main,2008,10,2009,4,All (PS),production,1143184.0
4286,AO2008A110,Angola,AO,Kuanza Sul,none,Kuanza Sul,Cassava,Main,2009,10,2010,4,All (PS),production,504899.0
4287,AO2008A110,Angola,AO,Kuanza Sul,none,Kuanza Sul,Cassava,Main,2010,10,2011,4,All (PS),production,509663.0
4288,AO2008A110,Angola,AO,Kuanza Sul,none,Kuanza Sul,Cassava,Main,2011,10,2012,4,All (PS),production,290925.0
4289,AO2008A110,Angola,AO,Kuanza Sul,none,Kuanza Sul,Cassava,Main,2012,10,2013,4,All (PS),production,559556.0
4290,AO2008A110,Angola,AO,Kuanza Sul,none,Kuanza Sul,Cassava,Main,2013,10,2014,4,All (PS),production,623477.0
4291,AO2008A110,Angola,AO,Kuanza Sul,none,Kuanza Sul,Cassava,Main,2015,10,2016,4,All (PS),production,647887.0
4292,AO2008A110,Angola,AO,Kuanza Sul,none,Kuanza Sul,Cassava,Main,2016,10,2017,4,All (PS),production,754554.0
4293,AO2008A110,Angola,AO,Kuanza Sul,none,Kuanza Sul,Potato,Main,2000,10,2001,4,All (PS),production,7296.0
4294,AO2008A110,Angola,AO,Kuanza Sul,none,Kuanza Sul,Potato,Main,2001,10,2002,4,All (PS),production,5366.0
4295,AO2008A110,Angola,AO,Kuanza Sul,none,Kuanza Sul,Potato,Main,2002,10,2003,4,All (PS),production,9959.0
4296,AO2008A110,Angola,AO,Kuanza Sul,none,Kuanza Sul,Potato,Main,2003,10,2004,4,All (PS),production,40738.0
4297,AO2008A110,Angola,AO,Kuanza Sul,none,Kuanza Sul,Potato,Main,2004,10,2005,4,All (PS),production,34882.0
4298,AO2008A110,Angola,AO,Kuanza Sul,none,Kuanza Sul,Potato,Main,2005,10,2006,4,All (PS),production,21849.0
4299,AO2008A110,Angola,AO,Kuanza Sul,none,Kuanza Sul,Potato,Main,2006,10,2007,4,All (PS),production,1431.0
4300,AO2008A110,Angola,AO,Kuanza Sul,none,Kuanza Sul,Potato,Main,2007,10,2008,4,All (PS),production,19137.0
4301,AO2008A110,Angola,AO,Kuanza Sul,none,Kuanza Sul,Potato,Main,2008,10,2009,4,All (PS),production,72461.0
4302,AO2008A110,Angola,AO,Kuanza Sul,none,Kuanza Sul,Potato,Main,2009,10,2010,4,All (PS),production,120982.0
4303,AO2008A110,Angola,AO,Kuanza Sul,none,Kuanza Sul,Potato,Main,2010,10,2011,4,All (PS),production,106122.0
4304,AO2008A110,Angola,AO,Kuanza Sul,none,Kuanza Sul,Potato,Main,2011,10,2012,4,All (PS),production,66795.0
4305,AO2008A110,Angola,AO,Kuanza Sul,none,Kuanza Sul,Potato,Main,2012,10,2013,4,All (PS),production,68561.0
4306,AO2008A110,Angola,AO,Kuanza Sul,none,Kuanza Sul,Potato,Main,2013,10,2014,4,All (PS),production,68607.0
4307,AO2008A110,Angola,AO,Kuanza Sul,none,Kuanza Sul,Potato,Main,2014,10,2015,4,All (PS),production,68657.0
4308,AO2008A110,Angola,AO,Kuanza Sul,none,Kuanza Sul,Potato,Main,2015,10,2016,4,All (PS),production,68657.0
4309,AO2008A110,Angola,AO,Kuanza Sul,none,Kuanza Sul,Potato,Main,2016,10,2017,4,All (PS),production,45564.0
4310,AO2008A110,Angola,AO,Kuanza Sul,none,Kuanza Sul,Pineapple,Main,2006,10,2007,4,All (PS),production,40635.0
4311,AO2008A110,Angola,AO,Kuanza Sul,none,Kuanza Sul,Pineapple,Main,2007,10,2008,4,All (PS),production,18248.0
4312,AO2008A110,Angola,AO,Kuanza Sul,none,Kuanza Sul,Pineapple,Main,2014,10,2015,4,All (PS),production,106485.0
4313,AO2008A110,Angola,AO,Kuanza Sul,none,Kuanza Sul,Pineapple,Main,2015,10,2016,4,All (PS),production,106485.0
4314,AO2008A110,Angola,AO,Kuanza Sul,none,Kuanza Sul,Pineapple,Main,2016,10,2017,4,All (PS),production,104023.0
4315,AO2008A110,Angola,AO,Kuanza Sul,none,Kuanza Sul,Coffee,Main,2006,10,2007,4,All (PS),production,4070.0
4316,AO2008A110,Angola,AO,Kuanza Sul,none,Kuanza Sul,Coffee,Main,2007,10,2008,4,All (PS),production,10500.0
4317,AO2008A110,Angola,AO,Kuanza Sul,none,Kuanza Sul,Coffee,Main,2008,10,2009,4,All (PS),production,5640.0
4318,AO2008A110,Angola,AO,Kuanza Sul,none,Kuanza Sul,Coffee,Main,2009,10,2010,4,All (PS),production,14371.0
4319,AO2008A110,Angola,AO,Kuanza Sul,none,Kuanza Sul,Coffee,Main,2010,10,2011,4,All (PS),production,15383.0
4320,AO2008A110,Angola,AO,Kuanza Sul,none,Kuanza Sul,Coffee,Main,2012,10,2013,4,All (PS),production,6020.0
4321,AO2008A110,Angola,AO,Kuanza Sul,none,Kuanza Sul,Coffee,Main,2013,10,2014,4,All (PS),production,6542.0
4322,AO2008A110,Angola,AO,Kuanza Sul,none,Kuanza Sul,Soybean,Main,2000,10,2001,4,All (PS),production,3064.0
4323,AO2008A110,Angola,AO,Kuanza Sul,none,Kuanza Sul,Watermelon,Main,2014,10,2015,4,All (PS),production,896.0
4324,AO2008A110,Angola,AO,Kuanza Sul,none,Kuanza Sul,Watermelon,Main,2015,10,2016,4,All (PS),production,896.0
4325,AO2008A110,Angola,AO,Kuanza Sul,none,Kuanza Sul,Watermelon,Main,2016,10,2017,4,All (PS),production,836.0
4326,AO2008A110,Angola,AO,Kuanza Sul,none,Kuanza Sul,Okras,Main,2014,10,2015,4,All (PS),production,770.0
4327,AO2008A110,Angola,AO,Kuanza Sul,none,Kuanza Sul,Okras,Main,2015,10,2016,4,All (PS),production,770.0
4328,AO2008A110,Angola,AO,Kuanza Sul,none,Kuanza Sul,Okras,Main,2016,10,2017,4,All (PS),production,785.0
4329,AO2008A110,Angola,AO,Kuanza Sul,none,Kuanza Sul,Cabbage,Main,2014,10,2015,4,All (PS),production,32179.0
4330,AO2008A110,Angola,AO,Kuanza Sul,none,Kuanza Sul,Cabbage,Main,2015,10,2016,4,All (PS),production,32179.0
4331,AO2008A110,Angola,AO,Kuanza Sul,none,Kuanza Sul,Cabbage,Main,2016,10,2017,4,All (PS),production,35019.0
4332,AO2008A110,Angola,AO,Kuanza Sul,none,Kuanza Sul,Carrots,Main,2014,10,2015,4,All (PS),production,3478.0
4333,AO2008A110,Angola,AO,Kuanza Sul,none,Kuanza Sul,Carrots,Main,2015,10,2016,4,All (PS),production,3478.0
4334,AO2008A110,Angola,AO,Kuanza Sul,none,Kuanza Sul,Carrots,Main,2016,10,2017,4,All (PS),production,4867.0
4335,AO2008A110,Angola,AO,Kuanza Sul,none,Kuanza Sul,Melon,Main,2014,10,2015,4,All (PS),production,947.0
4336,AO2008A110,Angola,AO,Kuanza Sul,none,Kuanza Sul,Melon,Main,2015,10,2016,4,All (PS),production,947.0
4337,AO2008A110,Angola,AO,Kuanza Sul,none,Kuanza Sul,Melon,Main,2016,10,2017,4,All (PS),production,1068.0
4338,AO2008A110,Angola,AO,Kuanza Sul,none,Kuanza Sul,Green Bean,Main,2015,10,2016,4,All (PS),production,485.0
4339,AO2008A110,Angola,AO,Kuanza Sul,none,Kuanza Sul,Millet,Main,2000,10,2001,4,All (PS),production,948.0
4340,AO2008A110,Angola,AO,Kuanza Sul,none,Kuanza Sul,Millet,Main,2001,10,2002,4,All (PS),production,429.0
4341,AO2008A110,Angola,AO,Kuanza Sul,none,Kuanza Sul,Millet,Main,2002,10,2003,4,All (PS),production,896.0
4342,AO2008A110,Angola,AO,Kuanza Sul,none,Kuanza Sul,Garlic,Main,2008,10,2009,4,All (PS),production,875.29
4343,AO2008A110,Angola,AO,Kuanza Sul,none,Kuanza Sul,Garlic,Main,2009,10,2010,4,All (PS),production,892.22
4344,AO2008A110,Angola,AO,Kuanza Sul,none,Kuanza Sul,Garlic,Main,2010,10,2011,4,All (PS),production,1054.0
4345,AO2008A110,Angola,AO,Kuanza Sul,none,Kuanza Sul,Garlic,Main,2011,10,2012,4,All (PS),production,798.09
4346,AO2008A110,Angola,AO,Kuanza Sul,none,Kuanza Sul,Avocado,Main,2014,10,2015,4,All (PS),production,23292.0
4347,AO2008A110,Angola,AO,Kuanza Sul,none,Kuanza Sul,Avocado,Main,2015,10,2016,4,All (PS),production,23292.0
4348,AO2008A111,Angola,AO,Luanda,none,Luanda,Maize,Main,1996,10,1997,4,All (PS),production,1275.0
4349,AO2008A111,Angola,AO,Luanda,none,Luanda,Maize,Main,1997,10,1998,4,All (PS),production,1250.0
4350,AO2008A111,Angola,AO,Luanda,none,Luanda,Maize,Main,1998,10,1999,4,All (PS),production,1294.0
4351,AO2008A111,Angola,AO,Luanda,none,Luanda,Maize,Main,1999,10,2000,4,All (PS),production,1068.0
4352,AO2008A111,Angola,AO,Luanda,none,Luanda,Maize,Main,2000,10,2001,4,All (PS),production,962.0
4353,AO2008A111,Angola,AO,Luanda,none,Luanda,Maize,Main,2001,10,2002,4,All (PS),production,4641.0
4354,AO2008A111,Angola,AO,Luanda,none,Luanda,Maize,Main,2002,10,2003,4,All (PS),production,2182.0
4355,AO2008A111,Angola,AO,Luanda,none,Luanda,Maize,Main,2003,10,2004,4,All (PS),production,805.0
4356,AO2008A111,Angola,AO,Luanda,none,Luanda,Maize,Main,2004,10,2005,4,All (PS),production,835.0
4357,AO2008A111,Angola,AO,Luanda,none,Luanda,Maize,Main,2005,10,2006,4,All (PS),production,1293.0
4358,AO2008A111,Angola,AO,Luanda,none,Luanda,Maize,Main,2006,10,2007,4,All (PS),production,4952.0
4359,AO2008A111,Angola,AO,Luanda,none,Luanda,Maize,Main,2007,10,2008,4,All (PS),production,8668.0
4360,AO2008A111,Angola,AO,Luanda,none,Luanda,Maize,Main,2008,10,2009,4,All (PS),production,4703.0
4361,AO2008A111,Angola,AO,Luanda,none,Luanda,Maize,Main,2009,10,2010,4,All (PS),production,788.0
4362,AO2008A111,Angola,AO,Luanda,none,Luanda,Maize,Main,2010,10,2011,4,All (PS),production,691.0
4363,AO2008A111,Angola,AO,Luanda,none,Luanda,Maize,Main,2011,10,2012,4,All (PS),production,288.0
4364,AO2008A111,Angola,AO,Luanda,none,Luanda,Maize,Main,2012,10,2013,4,All (PS),production,1002.0
4365,AO2008A111,Angola,AO,Luanda,none,Luanda,Maize,Main,2013,10,2014,4,All (PS),production,1187.0
4366,AO2008A111,Angola,AO,Luanda,none,Luanda,Maize,Main,2014,10,2015,4,All (PS),production,1609.0
4367,AO2008A111,Angola,AO,Luanda,none,Luanda,Maize,Main,2015,10,2016,4,All (PS),production,1609.0
4368,AO2008A111,Angola,AO,Luanda,none,Luanda,Maize,Main,2016,10,2017,4,All (PS),production,1890.0
4369,AO2008A111,Angola,AO,Luanda,none,Luanda,Chili Pepper,Main,2014,10,2015,4,All (PS),production,937.0
4370,AO2008A111,Angola,AO,Luanda,none,Luanda,Chili Pepper,Main,2015,10,2016,4,All (PS),production,937.0
4371,AO2008A111,Angola,AO,Luanda,none,Luanda,Chili Pepper,Main,2016,10,2017,4,All (PS),production,856.0
4372,AO2008A111,Angola,AO,Luanda,none,Luanda,Sweet Potatoes,Main,2000,10,2001,4,All (PS),production,3019.0
4373,AO2008A111,Angola,AO,Luanda,none,Luanda,Sweet Potatoes,Main,2001,10,2002,4,All (PS),production,6050.0
4374,AO2008A111,Angola,AO,Luanda,none,Luanda,Sweet Potatoes,Main,2002,10,2003,4,All (PS),production,4655.0
4375,AO2008A111,Angola,AO,Luanda,none,Luanda,Sweet Potatoes,Main,2004,10,2005,4,All (PS),production,445.0
4376,AO2008A111,Angola,AO,Luanda,none,Luanda,Sweet Potatoes,Main,2005,10,2006,4,All (PS),production,862.0
4377,AO2008A111,Angola,AO,Luanda,none,Luanda,Sweet Potatoes,Main,2006,10,2007,4,All (PS),production,572.0
4378,AO2008A111,Angola,AO,Luanda,none,Luanda,Sweet Potatoes,Main,2007,10,2008,4,All (PS),production,4975.0
4379,AO2008A111,Angola,AO,Luanda,none,Luanda,Sweet Potatoes,Main,2009,10,2010,4,All (PS),production,616.0
4380,AO2008A111,Angola,AO,Luanda,none,Luanda,Sweet Potatoes,Main,2010,10,2011,4,All (PS),production,769.0
4381,AO2008A111,Angola,AO,Luanda,none,Luanda,Sweet Potatoes,Main,2012,10,2013,4,All (PS),production,33623.0
4382,AO2008A111,Angola,AO,Luanda,none,Luanda,Sweet Potatoes,Main,2013,10,2014,4,All (PS),production,51514.0
4383,AO2008A111,Angola,AO,Luanda,none,Luanda,Sweet Potatoes,Main,2014,10,2015,4,All (PS),production,53169.0
4384,AO2008A111,Angola,AO,Luanda,none,Luanda,Sweet Potatoes,Main,2015,10,2016,4,All (PS),production,53169.0
4385,AO2008A111,Angola,AO,Luanda,none,Luanda,Sweet Potatoes,Main,2016,10,2017,4,All (PS),production,57385.0
4386,AO2008A111,Angola,AO,Luanda,none,Luanda,Banana,Main,2006,10,2007,4,All (PS),production,42655.0
4387,AO2008A111,Angola,AO,Luanda,none,Luanda,Banana,Main,2007,10,2008,4,All (PS),production,8950.0
4388,AO2008A111,Angola,AO,Luanda,none,Luanda,Banana,Main,2008,10,2009,4,All (PS),production,20149.0
4389,AO2008A111,Angola,AO,Luanda,none,Luanda,Banana,Main,2009,10,2010,4,All (PS),production,17256.0
4390,AO2008A111,Angola,AO,Luanda,none,Luanda,Banana,Main,2010,10,2011,4,All (PS),production,16600.0
4391,AO2008A111,Angola,AO,Luanda,none,Luanda,Banana,Main,2011,10,2012,4,All (PS),production,10704.0
4392,AO2008A111,Angola,AO,Luanda,none,Luanda,Banana,Main,2012,10,2013,4,All (PS),production,18710.0
4393,AO2008A111,Angola,AO,Luanda,none,Luanda,Banana,Main,2013,10,2014,4,All (PS),production,22226.0
4394,AO2008A111,Angola,AO,Luanda,none,Luanda,Banana,Main,2014,10,2015,4,All (PS),production,23445.0
4395,AO2008A111,Angola,AO,Luanda,none,Luanda,Banana,Main,2015,10,2016,4,All (PS),production,23445.0
4396,AO2008A111,Angola,AO,Luanda,none,Luanda,Banana,Main,2016,10,2017,4,All (PS),production,20977.0
4397,AO2008A111,Angola,AO,Luanda,none,Luanda,Tomato,Main,2014,10,2015,4,All (PS),production,17565.0
4398,AO2008A111,Angola,AO,Luanda,none,Luanda,Tomato,Main,2015,10,2016,4,All (PS),production,17565.0
4399,AO2008A111,Angola,AO,Luanda,none,Luanda,Tomato,Main,2016,10,2017,4,All (PS),production,21385.0
4400,AO2008A111,Angola,AO,Luanda,none,Luanda,Onions,Main,2014,10,2015,4,All (PS),production,18202.0
4401,AO2008A111,Angola,AO,Luanda,none,Luanda,Onions,Main,2015,10,2016,4,All (PS),production,18202.0
4402,AO2008A111,Angola,AO,Luanda,none,Luanda,Onions,Main,2016,10,2017,4,All (PS),production,18777.0
4403,AO2008A111,Angola,AO,Luanda,none,Luanda,Mango,Main,2015,10,2016,4,All (PS),production,7357.0
4404,AO2008A111,Angola,AO,Luanda,none,Luanda,Mango,Main,2016,10,2017,4,All (PS),production,9767.0
4405,AO2008A111,Angola,AO,Luanda,none,Luanda,Groundnuts (In Shell),Main,2006,10,2007,4,All (PS),production,54.0
4406,AO2008A111,Angola,AO,Luanda,none,Luanda,Lemon,Main,2015,10,2016,4,All (PS),production,2869.0
4407,AO2008A111,Angola,AO,Luanda,none,Luanda,Lemon,Main,2016,10,2017,4,All (PS),production,2144.0
4408,AO2008A111,Angola,AO,Luanda,none,Luanda,Beans (mixed),Main,2000,10,2001,4,All (PS),production,849.0
4409,AO2008A111,Angola,AO,Luanda,none,Luanda,Beans (mixed),Main,2001,10,2002,4,All (PS),production,593.0
4410,AO2008A111,Angola,AO,Luanda,none,Luanda,Beans (mixed),Main,2002,10,2003,4,All (PS),production,509.0
4411,AO2008A111,Angola,AO,Luanda,none,Luanda,Beans (mixed),Main,2003,10,2004,4,All (PS),production,129.0
4412,AO2008A111,Angola,AO,Luanda,none,Luanda,Beans (mixed),Main,2004,10,2005,4,All (PS),production,85.0
4413,AO2008A111,Angola,AO,Luanda,none,Luanda,Beans (mixed),Main,2005,10,2006,4,All (PS),production,132.0
4414,AO2008A111,Angola,AO,Luanda,none,Luanda,Beans (mixed),Main,2006,10,2007,4,All (PS),production,156.0
4415,AO2008A111,Angola,AO,Luanda,none,Luanda,Beans (mixed),Main,2007,10,2008,4,All (PS),production,161.0
4416,AO2008A111,Angola,AO,Luanda,none,Luanda,Beans (mixed),Main,2008,10,2009,4,All (PS),production,132.0
4417,AO2008A111,Angola,AO,Luanda,none,Luanda,Beans (mixed),Main,2009,10,2010,4,All (PS),production,85.0
4418,AO2008A111,Angola,AO,Luanda,none,Luanda,Beans (mixed),Main,2010,10,2011,4,All (PS),production,99.0
4419,AO2008A111,Angola,AO,Luanda,none,Luanda,Beans (mixed),Main,2011,10,2012,4,All (PS),production,40.0
4420,AO2008A111,Angola,AO,Luanda,none,Luanda,Beans (mixed),Main,2012,10,2013,4,All (PS),production,148.0
4421,AO2008A111,Angola,AO,Luanda,none,Luanda,Beans (mixed),Main,2013,10,2014,4,All (PS),production,201.0
4422,AO2008A111,Angola,AO,Luanda,none,Luanda,Beans (mixed),Main,2014,10,2015,4,All (PS),production,199.0
4423,AO2008A111,Angola,AO,Luanda,none,Luanda,Beans (mixed),Main,2015,10,2016,4,All (PS),production,199.0
4424,AO2008A111,Angola,AO,Luanda,none,Luanda,Beans (mixed),Main,2016,10,2017,4,All (PS),production,183.0
4425,AO2008A111,Angola,AO,Luanda,none,Luanda,Cassava,Main,1996,10,1997,4,All (PS),production,17500.0
4426,AO2008A111,Angola,AO,Luanda,none,Luanda,Cassava,Main,1997,10,1998,4,All (PS),production,30000.0
4427,AO2008A111,Angola,AO,Luanda,none,Luanda,Cassava,Main,1998,10,1999,4,All (PS),production,20430.0
4428,AO2008A111,Angola,AO,Luanda,none,Luanda,Cassava,Main,1999,10,2000,4,All (PS),production,40482.0
4429,AO2008A111,Angola,AO,Luanda,none,Luanda,Cassava,Main,2000,10,2001,4,All (PS),production,47557.0
4430,AO2008A111,Angola,AO,Luanda,none,Luanda,Cassava,Main,2001,10,2002,4,All (PS),production,61801.0
4431,AO2008A111,Angola,AO,Luanda,none,Luanda,Cassava,Main,2002,10,2003,4,All (PS),production,70804.0
4432,AO2008A111,Angola,AO,Luanda,none,Luanda,Cassava,Main,2003,10,2004,4,All (PS),production,22185.0
4433,AO2008A111,Angola,AO,Luanda,none,Luanda,Cassava,Main,2004,10,2005,4,All (PS),production,21533.0
4434,AO2008A111,Angola,AO,Luanda,none,Luanda,Cassava,Main,2005,10,2006,4,All (PS),production,50009.0
4435,AO2008A111,Angola,AO,Luanda,none,Luanda,Cassava,Main,2006,10,2007,4,All (PS),production,48196.0
4436,AO2008A111,Angola,AO,Luanda,none,Luanda,Cassava,Main,2007,10,2008,4,All (PS),production,21224.0
4437,AO2008A111,Angola,AO,Luanda,none,Luanda,Cassava,Main,2008,10,2009,4,All (PS),production,62168.0
4438,AO2008A111,Angola,AO,Luanda,none,Luanda,Cassava,Main,2009,10,2010,4,All (PS),production,12297.0
4439,AO2008A111,Angola,AO,Luanda,none,Luanda,Cassava,Main,2010,10,2011,4,All (PS),production,11215.0
4440,AO2008A111,Angola,AO,Luanda,none,Luanda,Cassava,Main,2011,10,2012,4,All (PS),production,6475.0
4441,AO2008A111,Angola,AO,Luanda,none,Luanda,Cassava,Main,2012,10,2013,4,All (PS),production,12647.0
4442,AO2008A111,Angola,AO,Luanda,none,Luanda,Cassava,Main,2013,10,2014,4,All (PS),production,15624.0
4443,AO2008A111,Angola,AO,Luanda,none,Luanda,Cassava,Main,2015,10,2016,4,All (PS),production,15868.0
4444,AO2008A111,Angola,AO,Luanda,none,Luanda,Cassava,Main,2016,10,2017,4,All (PS),production,19324.0
4445,AO2008A111,Angola,AO,Luanda,none,Luanda,Watermelon,Main,2014,10,2015,4,All (PS),production,583.0
4446,AO2008A111,Angola,AO,Luanda,none,Luanda,Watermelon,Main,2015,10,2016,4,All (PS),production,583.0
4447,AO2008A111,Angola,AO,Luanda,none,Luanda,Watermelon,Main,2016,10,2017,4,All (PS),production,538.0
4448,AO2008A111,Angola,AO,Luanda,none,Luanda,Cabbage,Main,2014,10,2015,4,All (PS),production,8168.0
4449,AO2008A111,Angola,AO,Luanda,none,Luanda,Cabbage,Main,2015,10,2016,4,All (PS),production,8168.0
4450,AO2008A111,Angola,AO,Luanda,none,Luanda,Cabbage,Main,2016,10,2017,4,All (PS),production,10366.0
4451,AO2008A111,Angola,AO,Luanda,none,Luanda,Carrots,Main,2014,10,2015,4,All (PS),production,128.0
4452,AO2008A111,Angola,AO,Luanda,none,Luanda,Carrots,Main,2015,10,2016,4,All (PS),production,128.0
4453,AO2008A111,Angola,AO,Luanda,none,Luanda,Carrots,Main,2016,10,2017,4,All (PS),production,131.0
4454,AO2008A111,Angola,AO,Luanda,none,Luanda,Green Bean,Main,2015,10,2016,4,All (PS),production,73.0
4455,AO2008A111,Angola,AO,Luanda,none,Luanda,Green Bean,Main,2016,10,2017,4,All (PS),production,106.0
4456,AO2008A112,Angola,AO,Lunda Norte,none,Lunda Norte,Maize,Main,1996,10,1997,4,All (PS),production,3630.0
4457,AO2008A112,Angola,AO,Lunda Norte,none,Lunda Norte,Maize,Main,1997,10,1998,4,All (PS),production,2200.0
4458,AO2008A112,Angola,AO,Lunda Norte,none,Lunda Norte,Maize,Main,1998,10,1999,4,All (PS),production,3745.0
4459,AO2008A112,Angola,AO,Lunda Norte,none,Lunda Norte,Maize,Main,1999,10,2000,4,All (PS),production,4292.0
4460,AO2008A112,Angola,AO,Lunda Norte,none,Lunda Norte,Maize,Main,2000,10,2001,4,All (PS),production,2418.0
4461,AO2008A112,Angola,AO,Lunda Norte,none,Lunda Norte,Maize,Main,2001,10,2002,4,All (PS),production,4209.0
4462,AO2008A112,Angola,AO,Lunda Norte,none,Lunda Norte,Maize,Main,2002,10,2003,4,All (PS),production,7671.0
4463,AO2008A112,Angola,AO,Lunda Norte,none,Lunda Norte,Maize,Main,2003,10,2004,4,All (PS),production,3476.0
4464,AO2008A112,Angola,AO,Lunda Norte,none,Lunda Norte,Maize,Main,2004,10,2005,4,All (PS),production,1222.0
4465,AO2008A112,Angola,AO,Lunda Norte,none,Lunda Norte,Maize,Main,2005,10,2006,4,All (PS),production,1195.0
4466,AO2008A112,Angola,AO,Lunda Norte,none,Lunda Norte,Maize,Main,2006,10,2007,4,All (PS),production,1828.0
4467,AO2008A112,Angola,AO,Lunda Norte,none,Lunda Norte,Maize,Main,2007,10,2008,4,All (PS),production,5519.0
4468,AO2008A112,Angola,AO,Lunda Norte,none,Lunda Norte,Maize,Main,2008,10,2009,4,All (PS),production,4594.0
4469,AO2008A112,Angola,AO,Lunda Norte,none,Lunda Norte,Maize,Main,2009,10,2010,4,All (PS),production,7048.0
4470,AO2008A112,Angola,AO,Lunda Norte,none,Lunda Norte,Maize,Main,2010,10,2011,4,All (PS),production,8712.0
4471,AO2008A112,Angola,AO,Lunda Norte,none,Lunda Norte,Maize,Main,2011,10,2012,4,All (PS),production,5852.0
4472,AO2008A112,Angola,AO,Lunda Norte,none,Lunda Norte,Maize,Main,2012,10,2013,4,All (PS),production,12632.0
4473,AO2008A112,Angola,AO,Lunda Norte,none,Lunda Norte,Maize,Main,2013,10,2014,4,All (PS),production,13786.0
4474,AO2008A112,Angola,AO,Lunda Norte,none,Lunda Norte,Maize,Main,2014,10,2015,4,All (PS),production,18453.0
4475,AO2008A112,Angola,AO,Lunda Norte,none,Lunda Norte,Maize,Main,2015,10,2016,4,All (PS),production,18453.0
4476,AO2008A112,Angola,AO,Lunda Norte,none,Lunda Norte,Maize,Main,2016,10,2017,4,All (PS),production,20705.0
4477,AO2008A112,Angola,AO,Lunda Norte,none,Lunda Norte,Sweet Potatoes,Main,2000,10,2001,4,All (PS),production,7555.0
4478,AO2008A112,Angola,AO,Lunda Norte,none,Lunda Norte,Sweet Potatoes,Main,2001,10,2002,4,All (PS),production,12025.0
4479,AO2008A112,Angola,AO,Lunda Norte,none,Lunda Norte,Sweet Potatoes,Main,2002,10,2003,4,All (PS),production,35018.0
4480,AO2008A112,Angola,AO,Lunda Norte,none,Lunda Norte,Sweet Potatoes,Main,2003,10,2004,4,All (PS),production,24331.0
4481,AO2008A112,Angola,AO,Lunda Norte,none,Lunda Norte,Sweet Potatoes,Main,2004,10,2005,4,All (PS),production,8830.0
4482,AO2008A112,Angola,AO,Lunda Norte,none,Lunda Norte,Sweet Potatoes,Main,2005,10,2006,4,All (PS),production,8832.0
4483,AO2008A112,Angola,AO,Lunda Norte,none,Lunda Norte,Sweet Potatoes,Main,2006,10,2007,4,All (PS),production,8777.0
4484,AO2008A112,Angola,AO,Lunda Norte,none,Lunda Norte,Sweet Potatoes,Main,2007,10,2008,4,All (PS),production,70134.0
4485,AO2008A112,Angola,AO,Lunda Norte,none,Lunda Norte,Sweet Potatoes,Main,2008,10,2009,4,All (PS),production,66729.0
4486,AO2008A112,Angola,AO,Lunda Norte,none,Lunda Norte,Sweet Potatoes,Main,2009,10,2010,4,All (PS),production,67852.0
4487,AO2008A112,Angola,AO,Lunda Norte,none,Lunda Norte,Sweet Potatoes,Main,2010,10,2011,4,All (PS),production,69048.0
4488,AO2008A112,Angola,AO,Lunda Norte,none,Lunda Norte,Sweet Potatoes,Main,2011,10,2012,4,All (PS),production,59020.0
4489,AO2008A112,Angola,AO,Lunda Norte,none,Lunda Norte,Sweet Potatoes,Main,2012,10,2013,4,All (PS),production,76042.0
4490,AO2008A112,Angola,AO,Lunda Norte,none,Lunda Norte,Sweet Potatoes,Main,2013,10,2014,4,All (PS),production,117409.0
4491,AO2008A112,Angola,AO,Lunda Norte,none,Lunda Norte,Sweet Potatoes,Main,2014,10,2015,4,All (PS),production,120704.0
4492,AO2008A112,Angola,AO,Lunda Norte,none,Lunda Norte,Sweet Potatoes,Main,2015,10,2016,4,All (PS),production,120704.0
4493,AO2008A112,Angola,AO,Lunda Norte,none,Lunda Norte,Sweet Potatoes,Main,2016,10,2017,4,All (PS),production,97648.0
4494,AO2008A112,Angola,AO,Lunda Norte,none,Lunda Norte,Banana,Main,2006,10,2007,4,All (PS),production,380.0
4495,AO2008A112,Angola,AO,Lunda Norte,none,Lunda Norte,Banana,Main,2008,10,2009,4,All (PS),production,22903.0
4496,AO2008A112,Angola,AO,Lunda Norte,none,Lunda Norte,Banana,Main,2009,10,2010,4,All (PS),production,16470.0
4497,AO2008A112,Angola,AO,Lunda Norte,none,Lunda Norte,Banana,Main,2010,10,2011,4,All (PS),production,54732.0
4498,AO2008A112,Angola,AO,Lunda Norte,none,Lunda Norte,Banana,Main,2011,10,2012,4,All (PS),production,50037.0
4499,AO2008A112,Angola,AO,Lunda Norte,none,Lunda Norte,Banana,Main,2012,10,2013,4,All (PS),production,67130.0
4500,AO2008A112,Angola,AO,Lunda Norte,none,Lunda Norte,Banana,Main,2013,10,2014,4,All (PS),production,76304.0
4501,AO2008A112,Angola,AO,Lunda Norte,none,Lunda Norte,Banana,Main,2014,10,2015,4,All (PS),production,81477.0
4502,AO2008A112,Angola,AO,Lunda Norte,none,Lunda Norte,Banana,Main,2015,10,2016,4,All (PS),production,81477.0
4503,AO2008A112,Angola,AO,Lunda Norte,none,Lunda Norte,Banana,Main,2016,10,2017,4,All (PS),production,98765.0
4504,AO2008A112,Angola,AO,Lunda Norte,none,Lunda Norte,Tomato,Main,2014,10,2015,4,All (PS),production,3043.0
4505,AO2008A112,Angola,AO,Lunda Norte,none,Lunda Norte,Tomato,Main,2015,10,2016,4,All (PS),production,3043.0
4506,AO2008A112,Angola,AO,Lunda Norte,none,Lunda Norte,Tomato,Main,2016,10,2017,4,All (PS),production,3857.0
4507,AO2008A112,Angola,AO,Lunda Norte,none,Lunda Norte,Onions,Main,2014,10,2015,4,All (PS),production,2815.0
4508,AO2008A112,Angola,AO,Lunda Norte,none,Lunda Norte,Onions,Main,2015,10,2016,4,All (PS),production,2815.0
4509,AO2008A112,Angola,AO,Lunda Norte,none,Lunda Norte,Onions,Main,2016,10,2017,4,All (PS),production,3497.0
4510,AO2008A112,Angola,AO,Lunda Norte,none,Lunda Norte,Mango,Main,2015,10,2016,4,All (PS),production,5154.0
4511,AO2008A112,Angola,AO,Lunda Norte,none,Lunda Norte,Mango,Main,2016,10,2017,4,All (PS),production,5386.0
4512,AO2008A112,Angola,AO,Lunda Norte,none,Lunda Norte,Groundnuts (In Shell),Main,2001,10,2002,4,All (PS),production,541.0
4513,AO2008A112,Angola,AO,Lunda Norte,none,Lunda Norte,Groundnuts (In Shell),Main,2002,10,2003,4,All (PS),production,2287.0
4514,AO2008A112,Angola,AO,Lunda Norte,none,Lunda Norte,Groundnuts (In Shell),Main,2003,10,2004,4,All (PS),production,1564.0
4515,AO2008A112,Angola,AO,Lunda Norte,none,Lunda Norte,Groundnuts (In Shell),Main,2004,10,2005,4,All (PS),production,651.0
4516,AO2008A112,Angola,AO,Lunda Norte,none,Lunda Norte,Groundnuts (In Shell),Main,2005,10,2006,4,All (PS),production,651.0
4517,AO2008A112,Angola,AO,Lunda Norte,none,Lunda Norte,Groundnuts (In Shell),Main,2006,10,2007,4,All (PS),production,682.0
4518,AO2008A112,Angola,AO,Lunda Norte,none,Lunda Norte,Groundnuts (In Shell),Main,2007,10,2008,4,All (PS),production,3262.0
4519,AO2008A112,Angola,AO,Lunda Norte,none,Lunda Norte,Groundnuts (In Shell),Main,2008,10,2009,4,All (PS),production,3370.0
4520,AO2008A112,Angola,AO,Lunda Norte,none,Lunda Norte,Groundnuts (In Shell),Main,2009,10,2010,4,All (PS),production,2521.0
4521,AO2008A112,Angola,AO,Lunda Norte,none,Lunda Norte,Groundnuts (In Shell),Main,2010,10,2011,4,All (PS),production,3060.0
4522,AO2008A112,Angola,AO,Lunda Norte,none,Lunda Norte,Groundnuts (In Shell),Main,2011,10,2012,4,All (PS),production,2839.0
4523,AO2008A112,Angola,AO,Lunda Norte,none,Lunda Norte,Groundnuts (In Shell),Main,2012,10,2013,4,All (PS),production,3642.0
4524,AO2008A112,Angola,AO,Lunda Norte,none,Lunda Norte,Groundnuts (In Shell),Main,2013,10,2014,4,All (PS),production,4852.0
4525,AO2008A112,Angola,AO,Lunda Norte,none,Lunda Norte,Groundnuts (In Shell),Main,2014,10,2015,4,All (PS),production,5192.0
4526,AO2008A112,Angola,AO,Lunda Norte,none,Lunda Norte,Groundnuts (In Shell),Main,2015,10,2016,4,All (PS),production,5192.0
4527,AO2008A112,Angola,AO,Lunda Norte,none,Lunda Norte,Groundnuts (In Shell),Main,2016,10,2017,4,All (PS),production,5949.0
4528,AO2008A112,Angola,AO,Lunda Norte,none,Lunda Norte,Lemon,Main,2015,10,2016,4,All (PS),production,3381.0
4529,AO2008A112,Angola,AO,Lunda Norte,none,Lunda Norte,Lemon,Main,2016,10,2017,4,All (PS),production,2948.0
4530,AO2008A112,Angola,AO,Lunda Norte,none,Lunda Norte,Beans (mixed),Main,2000,10,2001,4,All (PS),production,1554.0
4531,AO2008A112,Angola,AO,Lunda Norte,none,Lunda Norte,Beans (mixed),Main,2001,10,2002,4,All (PS),production,2165.0
4532,AO2008A112,Angola,AO,Lunda Norte,none,Lunda Norte,Beans (mixed),Main,2002,10,2003,4,All (PS),production,1501.0
4533,AO2008A112,Angola,AO,Lunda Norte,none,Lunda Norte,Beans (mixed),Main,2003,10,2004,4,All (PS),production,1217.0
4534,AO2008A112,Angola,AO,Lunda Norte,none,Lunda Norte,Beans (mixed),Main,2004,10,2005,4,All (PS),production,585.0
4535,AO2008A112,Angola,AO,Lunda Norte,none,Lunda Norte,Beans (mixed),Main,2005,10,2006,4,All (PS),production,638.0
4536,AO2008A112,Angola,AO,Lunda Norte,none,Lunda Norte,Beans (mixed),Main,2006,10,2007,4,All (PS),production,819.0
4537,AO2008A112,Angola,AO,Lunda Norte,none,Lunda Norte,Beans (mixed),Main,2007,10,2008,4,All (PS),production,874.0
4538,AO2008A112,Angola,AO,Lunda Norte,none,Lunda Norte,Beans (mixed),Main,2008,10,2009,4,All (PS),production,627.0
4539,AO2008A112,Angola,AO,Lunda Norte,none,Lunda Norte,Beans (mixed),Main,2009,10,2010,4,All (PS),production,635.0
4540,AO2008A112,Angola,AO,Lunda Norte,none,Lunda Norte,Beans (mixed),Main,2010,10,2011,4,All (PS),production,760.0
4541,AO2008A112,Angola,AO,Lunda Norte,none,Lunda Norte,Beans (mixed),Main,2011,10,2012,4,All (PS),production,720.0
4542,AO2008A112,Angola,AO,Lunda Norte,none,Lunda Norte,Beans (mixed),Main,2012,10,2013,4,All (PS),production,934.0
4543,AO2008A112,Angola,AO,Lunda Norte,none,Lunda Norte,Beans (mixed),Main,2013,10,2014,4,All (PS),production,1328.0
4544,AO2008A112,Angola,AO,Lunda Norte,none,Lunda Norte,Beans (mixed),Main,2014,10,2015,4,All (PS),production,1283.0
4545,AO2008A112,Angola,AO,Lunda Norte,none,Lunda Norte,Beans (mixed),Main,2015,10,2016,4,All (PS),production,1283.0
4546,AO2008A112,Angola,AO,Lunda Norte,none,Lunda Norte,Beans (mixed),Main,2016,10,2017,4,All (PS),production,1037.0
4547,AO2008A112,Angola,AO,Lunda Norte,none,Lunda Norte,Cassava,Main,1998,10,1999,4,All (PS),production,209083.0
4548,AO2008A112,Angola,AO,Lunda Norte,none,Lunda Norte,Cassava,Main,1999,10,2000,4,All (PS),production,392350.0
4549,AO2008A112,Angola,AO,Lunda Norte,none,Lunda Norte,Cassava,Main,2000,10,2001,4,All (PS),production,263336.0
4550,AO2008A112,Angola,AO,Lunda Norte,none,Lunda Norte,Cassava,Main,2001,10,2002,4,All (PS),production,447193.0
4551,AO2008A112,Angola,AO,Lunda Norte,none,Lunda Norte,Cassava,Main,2002,10,2003,4,All (PS),production,618415.0
4552,AO2008A112,Angola,AO,Lunda Norte,none,Lunda Norte,Cassava,Main,2003,10,2004,4,All (PS),production,739260.0
4553,AO2008A112,Angola,AO,Lunda Norte,none,Lunda Norte,Cassava,Main,2004,10,2005,4,All (PS),production,353485.0
4554,AO2008A112,Angola,AO,Lunda Norte,none,Lunda Norte,Cassava,Main,2005,10,2006,4,All (PS),production,534351.0
4555,AO2008A112,Angola,AO,Lunda Norte,none,Lunda Norte,Cassava,Main,2006,10,2007,4,All (PS),production,521194.0
4556,AO2008A112,Angola,AO,Lunda Norte,none,Lunda Norte,Cassava,Main,2007,10,2008,4,All (PS),production,553742.0
4557,AO2008A112,Angola,AO,Lunda Norte,none,Lunda Norte,Cassava,Main,2008,10,2009,4,All (PS),production,708131.0
4558,AO2008A112,Angola,AO,Lunda Norte,none,Lunda Norte,Cassava,Main,2009,10,2010,4,All (PS),production,311802.0
4559,AO2008A112,Angola,AO,Lunda Norte,none,Lunda Norte,Cassava,Main,2010,10,2011,4,All (PS),production,318079.0
4560,AO2008A112,Angola,AO,Lunda Norte,none,Lunda Norte,Cassava,Main,2011,10,2012,4,All (PS),production,306673.0
4561,AO2008A112,Angola,AO,Lunda Norte,none,Lunda Norte,Cassava,Main,2012,10,2013,4,All (PS),production,394515.0
4562,AO2008A112,Angola,AO,Lunda Norte,none,Lunda Norte,Cassava,Main,2013,10,2014,4,All (PS),production,436822.0
4563,AO2008A112,Angola,AO,Lunda Norte,none,Lunda Norte,Cassava,Main,2015,10,2016,4,All (PS),production,450911.0
4564,AO2008A112,Angola,AO,Lunda Norte,none,Lunda Norte,Cassava,Main,2016,10,2017,4,All (PS),production,506958.0
4565,AO2008A112,Angola,AO,Lunda Norte,none,Lunda Norte,Potato,Main,2002,10,2003,4,All (PS),production,715.0
4566,AO2008A112,Angola,AO,Lunda Norte,none,Lunda Norte,Potato,Main,2008,10,2009,4,All (PS),production,1385.0
4567,AO2008A112,Angola,AO,Lunda Norte,none,Lunda Norte,Potato,Main,2009,10,2010,4,All (PS),production,1393.0
4568,AO2008A112,Angola,AO,Lunda Norte,none,Lunda Norte,Potato,Main,2010,10,2011,4,All (PS),production,1631.0
4569,AO2008A112,Angola,AO,Lunda Norte,none,Lunda Norte,Potato,Main,2011,10,2012,4,All (PS),production,2247.0
4570,AO2008A112,Angola,AO,Lunda Norte,none,Lunda Norte,Potato,Main,2012,10,2013,4,All (PS),production,2490.0
4571,AO2008A112,Angola,AO,Lunda Norte,none,Lunda Norte,Potato,Main,2013,10,2014,4,All (PS),production,2580.0
4572,AO2008A112,Angola,AO,Lunda Norte,none,Lunda Norte,Potato,Main,2014,10,2015,4,All (PS),production,2649.0
4573,AO2008A112,Angola,AO,Lunda Norte,none,Lunda Norte,Potato,Main,2015,10,2016,4,All (PS),production,2649.0
4574,AO2008A112,Angola,AO,Lunda Norte,none,Lunda Norte,Pineapple,Main,2006,10,2007,4,All (PS),production,135.0
4575,AO2008A112,Angola,AO,Lunda Norte,none,Lunda Norte,Pineapple,Main,2014,10,2015,4,All (PS),production,35178.0
4576,AO2008A112,Angola,AO,Lunda Norte,none,Lunda Norte,Pineapple,Main,2015,10,2016,4,All (PS),production,35178.0
4577,AO2008A112,Angola,AO,Lunda Norte,none,Lunda Norte,Pineapple,Main,2016,10,2017,4,All (PS),production,53801.0
4578,AO2008A112,Angola,AO,Lunda Norte,none,Lunda Norte,Sorghum,Main,1996,10,1997,4,All (PS),production,4797.0
4579,AO2008A112,Angola,AO,Lunda Norte,none,Lunda Norte,Sorghum,Main,1997,10,1998,4,All (PS),production,3000.0
4580,AO2008A112,Angola,AO,Lunda Norte,none,Lunda Norte,Coffee,Main,2009,10,2010,4,All (PS),production,5670.0
4581,AO2008A112,Angola,AO,Lunda Norte,none,Lunda Norte,Soybean,Main,2000,10,2001,4,All (PS),production,389.0
4582,AO2008A112,Angola,AO,Lunda Norte,none,Lunda Norte,Cabbage,Main,2014,10,2015,4,All (PS),production,2667.0
4583,AO2008A112,Angola,AO,Lunda Norte,none,Lunda Norte,Cabbage,Main,2015,10,2016,4,All (PS),production,2667.0
4584,AO2008A112,Angola,AO,Lunda Norte,none,Lunda Norte,Cabbage,Main,2016,10,2017,4,All (PS),production,2432.0
4585,AO2008A112,Angola,AO,Lunda Norte,none,Lunda Norte,Millet,Main,1996,10,1997,4,All (PS),production,4797.0
4586,AO2008A112,Angola,AO,Lunda Norte,none,Lunda Norte,Millet,Main,1997,10,1998,4,All (PS),production,11700.0
4587,AO2008A112,Angola,AO,Lunda Norte,none,Lunda Norte,Rice,Main,2000,10,2001,4,All (PS),production,1036.0
4588,AO2008A112,Angola,AO,Lunda Norte,none,Lunda Norte,Rice,Main,2001,10,2002,4,All (PS),production,1443.0
4589,AO2008A112,Angola,AO,Lunda Norte,none,Lunda Norte,Rice,Main,2002,10,2003,4,All (PS),production,3430.0
4590,AO2008A112,Angola,AO,Lunda Norte,none,Lunda Norte,Rice,Main,2003,10,2004,4,All (PS),production,1043.0
4591,AO2008A112,Angola,AO,Lunda Norte,none,Lunda Norte,Rice,Main,2004,10,2005,4,All (PS),production,425.0
4592,AO2008A112,Angola,AO,Lunda Norte,none,Lunda Norte,Rice,Main,2006,10,2007,4,All (PS),production,300.0
4593,AO2008A112,Angola,AO,Lunda Norte,none,Lunda Norte,Rice,Main,2007,10,2008,4,All (PS),production,783.0
4594,AO2008A112,Angola,AO,Lunda Norte,none,Lunda Norte,Rice,Main,2008,10,2009,4,All (PS),production,794.0
4595,AO2008A112,Angola,AO,Lunda Norte,none,Lunda Norte,Rice,Main,2009,10,2010,4,All (PS),production,1089.0
4596,AO2008A112,Angola,AO,Lunda Norte,none,Lunda Norte,Rice,Main,2010,10,2011,4,All (PS),production,1262.0
4597,AO2008A112,Angola,AO,Lunda Norte,none,Lunda Norte,Rice,Main,2011,10,2012,4,All (PS),production,2045.0
4598,AO2008A112,Angola,AO,Lunda Norte,none,Lunda Norte,Rice,Main,2012,10,2013,4,All (PS),production,1830.0
4599,AO2008A112,Angola,AO,Lunda Norte,none,Lunda Norte,Rice,Main,2013,10,2014,4,All (PS),production,1932.0
4600,AO2008A112,Angola,AO,Lunda Norte,none,Lunda Norte,Rice,Main,2014,10,2015,4,All (PS),production,934.0
4601,AO2008A112,Angola,AO,Lunda Norte,none,Lunda Norte,Rice,Main,2015,10,2016,4,All (PS),production,934.0
4602,AO2008A112,Angola,AO,Lunda Norte,none,Lunda Norte,Garlic,Main,2008,10,2009,4,All (PS),production,63.11
4603,AO2008A112,Angola,AO,Lunda Norte,none,Lunda Norte,Garlic,Main,2009,10,2010,4,All (PS),production,64.33
4604,AO2008A112,Angola,AO,Lunda Norte,none,Lunda Norte,Garlic,Main,2010,10,2011,4,All (PS),production,116.0
4605,AO2008A112,Angola,AO,Lunda Norte,none,Lunda Norte,Garlic,Main,2011,10,2012,4,All (PS),production,198.7
4606,AO2008A112,Angola,AO,Lunda Norte,none,Lunda Norte,Avocado,Main,2014,10,2015,4,All (PS),production,8886.0
4607,AO2008A112,Angola,AO,Lunda Norte,none,Lunda Norte,Avocado,Main,2015,10,2016,4,All (PS),production,8886.0
4608,AO2008A113,Angola,AO,Lunda Sul,none,Lunda Sul,Maize,Main,1996,10,1997,4,All (PS),production,104278.0
4609,AO2008A113,Angola,AO,Lunda Sul,none,Lunda Sul,Maize,Main,1997,10,1998,4,All (PS),production,150000.0
4610,AO2008A113,Angola,AO,Lunda Sul,none,Lunda Sul,Maize,Main,1998,10,1999,4,All (PS),production,4349.0
4611,AO2008A113,Angola,AO,Lunda Sul,none,Lunda Sul,Maize,Main,1999,10,2000,4,All (PS),production,3683.0
4612,AO2008A113,Angola,AO,Lunda Sul,none,Lunda Sul,Maize,Main,2000,10,2001,4,All (PS),production,1732.0
4613,AO2008A113,Angola,AO,Lunda Sul,none,Lunda Sul,Maize,Main,2001,10,2002,4,All (PS),production,3934.0
4614,AO2008A113,Angola,AO,Lunda Sul,none,Lunda Sul,Maize,Main,2002,10,2003,4,All (PS),production,4636.0
4615,AO2008A113,Angola,AO,Lunda Sul,none,Lunda Sul,Maize,Main,2003,10,2004,4,All (PS),production,2991.0
4616,AO2008A113,Angola,AO,Lunda Sul,none,Lunda Sul,Maize,Main,2004,10,2005,4,All (PS),production,1586.0
4617,AO2008A113,Angola,AO,Lunda Sul,none,Lunda Sul,Maize,Main,2005,10,2006,4,All (PS),production,1583.0
4618,AO2008A113,Angola,AO,Lunda Sul,none,Lunda Sul,Maize,Main,2006,10,2007,4,All (PS),production,2295.0
4619,AO2008A113,Angola,AO,Lunda Sul,none,Lunda Sul,Maize,Main,2007,10,2008,4,All (PS),production,2838.0
4620,AO2008A113,Angola,AO,Lunda Sul,none,Lunda Sul,Maize,Main,2008,10,2009,4,All (PS),production,14438.0
4621,AO2008A113,Angola,AO,Lunda Sul,none,Lunda Sul,Maize,Main,2009,10,2010,4,All (PS),production,23788.0
4622,AO2008A113,Angola,AO,Lunda Sul,none,Lunda Sul,Maize,Main,2010,10,2011,4,All (PS),production,23968.0
4623,AO2008A113,Angola,AO,Lunda Sul,none,Lunda Sul,Maize,Main,2011,10,2012,4,All (PS),production,13545.0
4624,AO2008A113,Angola,AO,Lunda Sul,none,Lunda Sul,Maize,Main,2012,10,2013,4,All (PS),production,19754.0
4625,AO2008A113,Angola,AO,Lunda Sul,none,Lunda Sul,Maize,Main,2013,10,2014,4,All (PS),production,21176.0
4626,AO2008A113,Angola,AO,Lunda Sul,none,Lunda Sul,Maize,Main,2014,10,2015,4,All (PS),production,28337.0
4627,AO2008A113,Angola,AO,Lunda Sul,none,Lunda Sul,Maize,Main,2015,10,2016,4,All (PS),production,28337.0
4628,AO2008A113,Angola,AO,Lunda Sul,none,Lunda Sul,Maize,Main,2016,10,2017,4,All (PS),production,30545.0
4629,AO2008A113,Angola,AO,Lunda Sul,none,Lunda Sul,Chili Pepper,Main,2014,10,2015,4,All (PS),production,115.0
4630,AO2008A113,Angola,AO,Lunda Sul,none,Lunda Sul,Chili Pepper,Main,2015,10,2016,4,All (PS),production,115.0
4631,AO2008A113,Angola,AO,Lunda Sul,none,Lunda Sul,Chili Pepper,Main,2016,10,2017,4,All (PS),production,113.0
4632,AO2008A113,Angola,AO,Lunda Sul,none,Lunda Sul,Sweet Potatoes,Main,2000,10,2001,4,All (PS),production,12988.0
4633,AO2008A113,Angola,AO,Lunda Sul,none,Lunda Sul,Sweet Potatoes,Main,2001,10,2002,4,All (PS),production,18395.0
4634,AO2008A113,Angola,AO,Lunda Sul,none,Lunda Sul,Sweet Potatoes,Main,2002,10,2003,4,All (PS),production,49708.0
4635,AO2008A113,Angola,AO,Lunda Sul,none,Lunda Sul,Sweet Potatoes,Main,2003,10,2004,4,All (PS),production,18823.0
4636,AO2008A113,Angola,AO,Lunda Sul,none,Lunda Sul,Sweet Potatoes,Main,2004,10,2005,4,All (PS),production,19739.0
4637,AO2008A113,Angola,AO,Lunda Sul,none,Lunda Sul,Sweet Potatoes,Main,2005,10,2006,4,All (PS),production,20150.0
4638,AO2008A113,Angola,AO,Lunda Sul,none,Lunda Sul,Sweet Potatoes,Main,2006,10,2007,4,All (PS),production,19724.0
4639,AO2008A113,Angola,AO,Lunda Sul,none,Lunda Sul,Sweet Potatoes,Main,2007,10,2008,4,All (PS),production,18760.0
4640,AO2008A113,Angola,AO,Lunda Sul,none,Lunda Sul,Sweet Potatoes,Main,2008,10,2009,4,All (PS),production,20854.0
4641,AO2008A113,Angola,AO,Lunda Sul,none,Lunda Sul,Sweet Potatoes,Main,2009,10,2010,4,All (PS),production,17799.0
4642,AO2008A113,Angola,AO,Lunda Sul,none,Lunda Sul,Sweet Potatoes,Main,2010,10,2011,4,All (PS),production,19243.0
4643,AO2008A113,Angola,AO,Lunda Sul,none,Lunda Sul,Sweet Potatoes,Main,2011,10,2012,4,All (PS),production,11295.0
4644,AO2008A113,Angola,AO,Lunda Sul,none,Lunda Sul,Sweet Potatoes,Main,2012,10,2013,4,All (PS),production,21178.0
4645,AO2008A113,Angola,AO,Lunda Sul,none,Lunda Sul,Sweet Potatoes,Main,2013,10,2014,4,All (PS),production,33765.0
4646,AO2008A113,Angola,AO,Lunda Sul,none,Lunda Sul,Sweet Potatoes,Main,2014,10,2015,4,All (PS),production,34152.0
4647,AO2008A113,Angola,AO,Lunda Sul,none,Lunda Sul,Sweet Potatoes,Main,2015,10,2016,4,All (PS),production,32164.0
4648,AO2008A113,Angola,AO,Lunda Sul,none,Lunda Sul,Sweet Potatoes,Main,2016,10,2017,4,All (PS),production,40629.0
4649,AO2008A113,Angola,AO,Lunda Sul,none,Lunda Sul,Banana,Main,2006,10,2007,4,All (PS),production,620.0
4650,AO2008A113,Angola,AO,Lunda Sul,none,Lunda Sul,Banana,Main,2009,10,2010,4,All (PS),production,7993.0
4651,AO2008A113,Angola,AO,Lunda Sul,none,Lunda Sul,Banana,Main,2010,10,2011,4,All (PS),production,39586.0
4652,AO2008A113,Angola,AO,Lunda Sul,none,Lunda Sul,Banana,Main,2011,10,2012,4,All (PS),production,30552.0
4653,AO2008A113,Angola,AO,Lunda Sul,none,Lunda Sul,Banana,Main,2012,10,2013,4,All (PS),production,40923.0
4654,AO2008A113,Angola,AO,Lunda Sul,none,Lunda Sul,Banana,Main,2013,10,2014,4,All (PS),production,44811.0
4655,AO2008A113,Angola,AO,Lunda Sul,none,Lunda Sul,Banana,Main,2014,10,2015,4,All (PS),production,47970.0
4656,AO2008A113,Angola,AO,Lunda Sul,none,Lunda Sul,Banana,Main,2015,10,2016,4,All (PS),production,47970.0
4657,AO2008A113,Angola,AO,Lunda Sul,none,Lunda Sul,Banana,Main,2016,10,2017,4,All (PS),production,51287.0
4658,AO2008A113,Angola,AO,Lunda Sul,none,Lunda Sul,Tomato,Main,2014,10,2015,4,All (PS),production,4779.0
4659,AO2008A113,Angola,AO,Lunda Sul,none,Lunda Sul,Tomato,Main,2015,10,2016,4,All (PS),production,4779.0
4660,AO2008A113,Angola,AO,Lunda Sul,none,Lunda Sul,Tomato,Main,2016,10,2017,4,All (PS),production,5523.0
4661,AO2008A113,Angola,AO,Lunda Sul,none,Lunda Sul,Onions,Main,2014,10,2015,4,All (PS),production,3793.0
4662,AO2008A113,Angola,AO,Lunda Sul,none,Lunda Sul,Onions,Main,2015,10,2016,4,All (PS),production,3793.0
4663,AO2008A113,Angola,AO,Lunda Sul,none,Lunda Sul,Onions,Main,2016,10,2017,4,All (PS),production,3983.0
4664,AO2008A113,Angola,AO,Lunda Sul,none,Lunda Sul,Mango,Main,2015,10,2016,4,All (PS),production,2410.0
4665,AO2008A113,Angola,AO,Lunda Sul,none,Lunda Sul,Mango,Main,2016,10,2017,4,All (PS),production,4129.0
4666,AO2008A113,Angola,AO,Lunda Sul,none,Lunda Sul,Groundnuts (In Shell),Main,2001,10,2002,4,All (PS),production,1226.0
4667,AO2008A113,Angola,AO,Lunda Sul,none,Lunda Sul,Groundnuts (In Shell),Main,2002,10,2003,4,All (PS),production,2019.0
4668,AO2008A113,Angola,AO,Lunda Sul,none,Lunda Sul,Groundnuts (In Shell),Main,2003,10,2004,4,All (PS),production,300.0
4669,AO2008A113,Angola,AO,Lunda Sul,none,Lunda Sul,Groundnuts (In Shell),Main,2004,10,2005,4,All (PS),production,800.0
4670,AO2008A113,Angola,AO,Lunda Sul,none,Lunda Sul,Groundnuts (In Shell),Main,2005,10,2006,4,All (PS),production,800.0
4671,AO2008A113,Angola,AO,Lunda Sul,none,Lunda Sul,Groundnuts (In Shell),Main,2006,10,2007,4,All (PS),production,36.0
4672,AO2008A113,Angola,AO,Lunda Sul,none,Lunda Sul,Groundnuts (In Shell),Main,2007,10,2008,4,All (PS),production,830.0
4673,AO2008A113,Angola,AO,Lunda Sul,none,Lunda Sul,Groundnuts (In Shell),Main,2008,10,2009,4,All (PS),production,628.0
4674,AO2008A113,Angola,AO,Lunda Sul,none,Lunda Sul,Groundnuts (In Shell),Main,2009,10,2010,4,All (PS),production,693.0
4675,AO2008A113,Angola,AO,Lunda Sul,none,Lunda Sul,Groundnuts (In Shell),Main,2010,10,2011,4,All (PS),production,1274.0
4676,AO2008A113,Angola,AO,Lunda Sul,none,Lunda Sul,Groundnuts (In Shell),Main,2011,10,2012,4,All (PS),production,998.0
4677,AO2008A113,Angola,AO,Lunda Sul,none,Lunda Sul,Groundnuts (In Shell),Main,2012,10,2013,4,All (PS),production,1532.0
4678,AO2008A113,Angola,AO,Lunda Sul,none,Lunda Sul,Groundnuts (In Shell),Main,2013,10,2014,4,All (PS),production,2065.0
4679,AO2008A113,Angola,AO,Lunda Sul,none,Lunda Sul,Groundnuts (In Shell),Main,2014,10,2015,4,All (PS),production,2206.0
4680,AO2008A113,Angola,AO,Lunda Sul,none,Lunda Sul,Groundnuts (In Shell),Main,2015,10,2016,4,All (PS),production,2206.0
4681,AO2008A113,Angola,AO,Lunda Sul,none,Lunda Sul,Groundnuts (In Shell),Main,2016,10,2017,4,All (PS),production,2383.0
4682,AO2008A113,Angola,AO,Lunda Sul,none,Lunda Sul,Lemon,Main,2015,10,2016,4,All (PS),production,4467.0
4683,AO2008A113,Angola,AO,Lunda Sul,none,Lunda Sul,Lemon,Main,2016,10,2017,4,All (PS),production,4212.0
4684,AO2008A113,Angola,AO,Lunda Sul,none,Lunda Sul,Beans (mixed),Main,2000,10,2001,4,All (PS),production,990.0
4685,AO2008A113,Angola,AO,Lunda Sul,none,Lunda Sul,Beans (mixed),Main,2001,10,2002,4,All (PS),production,1431.0
4686,AO2008A113,Angola,AO,Lunda Sul,none,Lunda Sul,Beans (mixed),Main,2002,10,2003,4,All (PS),production,3568.0
4687,AO2008A113,Angola,AO,Lunda Sul,none,Lunda Sul,Beans (mixed),Main,2003,10,2004,4,All (PS),production,230.0
4688,AO2008A113,Angola,AO,Lunda Sul,none,Lunda Sul,Beans (mixed),Main,2004,10,2005,4,All (PS),production,580.0
4689,AO2008A113,Angola,AO,Lunda Sul,none,Lunda Sul,Beans (mixed),Main,2005,10,2006,4,All (PS),production,650.0
4690,AO2008A113,Angola,AO,Lunda Sul,none,Lunda Sul,Beans (mixed),Main,2006,10,2007,4,All (PS),production,1730.0
4691,AO2008A113,Angola,AO,Lunda Sul,none,Lunda Sul,Beans (mixed),Main,2007,10,2008,4,All (PS),production,1511.0
4692,AO2008A113,Angola,AO,Lunda Sul,none,Lunda Sul,Beans (mixed),Main,2008,10,2009,4,All (PS),production,1241.0
4693,AO2008A113,Angola,AO,Lunda Sul,none,Lunda Sul,Beans (mixed),Main,2009,10,2010,4,All (PS),production,881.0
4694,AO2008A113,Angola,AO,Lunda Sul,none,Lunda Sul,Beans (mixed),Main,2010,10,2011,4,All (PS),production,947.0
4695,AO2008A113,Angola,AO,Lunda Sul,none,Lunda Sul,Beans (mixed),Main,2011,10,2012,4,All (PS),production,746.0
4696,AO2008A113,Angola,AO,Lunda Sul,none,Lunda Sul,Beans (mixed),Main,2012,10,2013,4,All (PS),production,944.0
4697,AO2008A113,Angola,AO,Lunda Sul,none,Lunda Sul,Beans (mixed),Main,2013,10,2014,4,All (PS),production,1232.0
4698,AO2008A113,Angola,AO,Lunda Sul,none,Lunda Sul,Beans (mixed),Main,2014,10,2015,4,All (PS),production,1237.0
4699,AO2008A113,Angola,AO,Lunda Sul,none,Lunda Sul,Beans (mixed),Main,2015,10,2016,4,All (PS),production,1237.0
4700,AO2008A113,Angola,AO,Lunda Sul,none,Lunda Sul,Beans (mixed),Main,2016,10,2017,4,All (PS),production,1487.0
4701,AO2008A113,Angola,AO,Lunda Sul,none,Lunda Sul,Cassava,Main,1996,10,1997,4,All (PS),production,160000.0
4702,AO2008A113,Angola,AO,Lunda Sul,none,Lunda Sul,Cassava,Main,1997,10,1998,4,All (PS),production,264000.0
4703,AO2008A113,Angola,AO,Lunda Sul,none,Lunda Sul,Cassava,Main,1998,10,1999,4,All (PS),production,169417.0
4704,AO2008A113,Angola,AO,Lunda Sul,none,Lunda Sul,Cassava,Main,1999,10,2000,4,All (PS),production,333910.0
4705,AO2008A113,Angola,AO,Lunda Sul,none,Lunda Sul,Cassava,Main,2000,10,2001,4,All (PS),production,243265.0
4706,AO2008A113,Angola,AO,Lunda Sul,none,Lunda Sul,Cassava,Main,2001,10,2002,4,All (PS),production,352869.0
4707,AO2008A113,Angola,AO,Lunda Sul,none,Lunda Sul,Cassava,Main,2002,10,2003,4,All (PS),production,708448.0
4708,AO2008A113,Angola,AO,Lunda Sul,none,Lunda Sul,Cassava,Main,2003,10,2004,4,All (PS),production,341767.0
4709,AO2008A113,Angola,AO,Lunda Sul,none,Lunda Sul,Cassava,Main,2004,10,2005,4,All (PS),production,361248.0
4710,AO2008A113,Angola,AO,Lunda Sul,none,Lunda Sul,Cassava,Main,2005,10,2006,4,All (PS),production,548346.0
4711,AO2008A113,Angola,AO,Lunda Sul,none,Lunda Sul,Cassava,Main,2006,10,2007,4,All (PS),production,577703.0
4712,AO2008A113,Angola,AO,Lunda Sul,none,Lunda Sul,Cassava,Main,2007,10,2008,4,All (PS),production,480486.0
4713,AO2008A113,Angola,AO,Lunda Sul,none,Lunda Sul,Cassava,Main,2008,10,2009,4,All (PS),production,806147.0
4714,AO2008A113,Angola,AO,Lunda Sul,none,Lunda Sul,Cassava,Main,2009,10,2010,4,All (PS),production,345613.0
4715,AO2008A113,Angola,AO,Lunda Sul,none,Lunda Sul,Cassava,Main,2010,10,2011,4,All (PS),production,355272.0
4716,AO2008A113,Angola,AO,Lunda Sul,none,Lunda Sul,Cassava,Main,2011,10,2012,4,All (PS),production,336353.0
4717,AO2008A113,Angola,AO,Lunda Sul,none,Lunda Sul,Cassava,Main,2012,10,2013,4,All (PS),production,432213.0
4718,AO2008A113,Angola,AO,Lunda Sul,none,Lunda Sul,Cassava,Main,2013,10,2014,4,All (PS),production,488450.0
4719,AO2008A113,Angola,AO,Lunda Sul,none,Lunda Sul,Cassava,Main,2015,10,2016,4,All (PS),production,503717.0
4720,AO2008A113,Angola,AO,Lunda Sul,none,Lunda Sul,Cassava,Main,2016,10,2017,4,All (PS),production,622780.0
4721,AO2008A113,Angola,AO,Lunda Sul,none,Lunda Sul,Potato,Main,2008,10,2009,4,All (PS),production,12492.0
4722,AO2008A113,Angola,AO,Lunda Sul,none,Lunda Sul,Potato,Main,2009,10,2010,4,All (PS),production,23012.0
4723,AO2008A113,Angola,AO,Lunda Sul,none,Lunda Sul,Potato,Main,2010,10,2011,4,All (PS),production,19985.0
4724,AO2008A113,Angola,AO,Lunda Sul,none,Lunda Sul,Potato,Main,2011,10,2012,4,All (PS),production,15176.0
4725,AO2008A113,Angola,AO,Lunda Sul,none,Lunda Sul,Potato,Main,2012,10,2013,4,All (PS),production,15798.0
4726,AO2008A113,Angola,AO,Lunda Sul,none,Lunda Sul,Potato,Main,2013,10,2014,4,All (PS),production,15814.0
4727,AO2008A113,Angola,AO,Lunda Sul,none,Lunda Sul,Potato,Main,2014,10,2015,4,All (PS),production,15797.0
4728,AO2008A113,Angola,AO,Lunda Sul,none,Lunda Sul,Potato,Main,2015,10,2016,4,All (PS),production,15797.0
4729,AO2008A113,Angola,AO,Lunda Sul,none,Lunda Sul,Potato,Main,2016,10,2017,4,All (PS),production,16457.0
4730,AO2008A113,Angola,AO,Lunda Sul,none,Lunda Sul,Pineapple,Main,2006,10,2007,4,All (PS),production,380.0
4731,AO2008A113,Angola,AO,Lunda Sul,none,Lunda Sul,Pineapple,Main,2014,10,2015,4,All (PS),production,13074.0
4732,AO2008A113,Angola,AO,Lunda Sul,none,Lunda Sul,Pineapple,Main,2015,10,2016,4,All (PS),production,13074.0
4733,AO2008A113,Angola,AO,Lunda Sul,none,Lunda Sul,Pineapple,Main,2016,10,2017,4,All (PS),production,11455.0
4734,AO2008A113,Angola,AO,Lunda Sul,none,Lunda Sul,Sorghum,Main,1997,10,1998,4,All (PS),production,9100.0
4735,AO2008A113,Angola,AO,Lunda Sul,none,Lunda Sul,Soybean,Main,2000,10,2001,4,All (PS),production,825.0
4736,AO2008A113,Angola,AO,Lunda Sul,none,Lunda Sul,Okras,Main,2014,10,2015,4,All (PS),production,69.0
4737,AO2008A113,Angola,AO,Lunda Sul,none,Lunda Sul,Okras,Main,2015,10,2016,4,All (PS),production,69.0
4738,AO2008A113,Angola,AO,Lunda Sul,none,Lunda Sul,Okras,Main,2016,10,2017,4,All (PS),production,84.0
4739,AO2008A113,Angola,AO,Lunda Sul,none,Lunda Sul,Cabbage,Main,2014,10,2015,4,All (PS),production,2221.0
4740,AO2008A113,Angola,AO,Lunda Sul,none,Lunda Sul,Cabbage,Main,2015,10,2016,4,All (PS),production,2221.0
4741,AO2008A113,Angola,AO,Lunda Sul,none,Lunda Sul,Cabbage,Main,2016,10,2017,4,All (PS),production,2353.0
4742,AO2008A113,Angola,AO,Lunda Sul,none,Lunda Sul,Carrots,Main,2014,10,2015,4,All (PS),production,980.0
4743,AO2008A113,Angola,AO,Lunda Sul,none,Lunda Sul,Carrots,Main,2015,10,2016,4,All (PS),production,980.0
4744,AO2008A113,Angola,AO,Lunda Sul,none,Lunda Sul,Carrots,Main,2016,10,2017,4,All (PS),production,945.0
4745,AO2008A113,Angola,AO,Lunda Sul,none,Lunda Sul,Millet,Main,2014,10,2015,4,All (PS),production,681.0
4746,AO2008A113,Angola,AO,Lunda Sul,none,Lunda Sul,Millet,Main,2015,10,2016,4,All (PS),production,681.0
4747,AO2008A113,Angola,AO,Lunda Sul,none,Lunda Sul,Green Bean,Main,2015,10,2016,4,All (PS),production,31.0
4748,AO2008A113,Angola,AO,Lunda Sul,none,Lunda Sul,Millet,Main,1996,10,1997,4,All (PS),production,7737.0
4749,AO2008A113,Angola,AO,Lunda Sul,none,Lunda Sul,Millet,Main,2008,10,2009,4,All (PS),production,266.0
4750,AO2008A113,Angola,AO,Lunda Sul,none,Lunda Sul,Millet,Main,2009,10,2010,4,All (PS),production,290.0
4751,AO2008A113,Angola,AO,Lunda Sul,none,Lunda Sul,Millet,Main,2010,10,2011,4,All (PS),production,435.0
4752,AO2008A113,Angola,AO,Lunda Sul,none,Lunda Sul,Millet,Main,2011,10,2012,4,All (PS),production,185.0
4753,AO2008A113,Angola,AO,Lunda Sul,none,Lunda Sul,Millet,Main,2012,10,2013,4,All (PS),production,531.0
4754,AO2008A113,Angola,AO,Lunda Sul,none,Lunda Sul,Millet,Main,2013,10,2014,4,All (PS),production,601.0
4755,AO2008A113,Angola,AO,Lunda Sul,none,Lunda Sul,Rice,Main,2000,10,2001,4,All (PS),production,990.0
4756,AO2008A113,Angola,AO,Lunda Sul,none,Lunda Sul,Rice,Main,2001,10,2002,4,All (PS),production,1226.0
4757,AO2008A113,Angola,AO,Lunda Sul,none,Lunda Sul,Rice,Main,2002,10,2003,4,All (PS),production,14.0
4758,AO2008A113,Angola,AO,Lunda Sul,none,Lunda Sul,Rice,Main,2003,10,2004,4,All (PS),production,8.0
4759,AO2008A113,Angola,AO,Lunda Sul,none,Lunda Sul,Rice,Main,2004,10,2005,4,All (PS),production,25.0
4760,AO2008A113,Angola,AO,Lunda Sul,none,Lunda Sul,Rice,Main,2006,10,2007,4,All (PS),production,127.0
4761,AO2008A113,Angola,AO,Lunda Sul,none,Lunda Sul,Rice,Main,2007,10,2008,4,All (PS),production,1579.0
4762,AO2008A113,Angola,AO,Lunda Sul,none,Lunda Sul,Rice,Main,2008,10,2009,4,All (PS),production,1579.0
4763,AO2008A113,Angola,AO,Lunda Sul,none,Lunda Sul,Rice,Main,2009,10,2010,4,All (PS),production,2114.0
4764,AO2008A113,Angola,AO,Lunda Sul,none,Lunda Sul,Rice,Main,2010,10,2011,4,All (PS),production,2143.0
4765,AO2008A113,Angola,AO,Lunda Sul,none,Lunda Sul,Rice,Main,2011,10,2012,4,All (PS),production,2312.0
4766,AO2008A113,Angola,AO,Lunda Sul,none,Lunda Sul,Rice,Main,2012,10,2013,4,All (PS),production,3107.0
4767,AO2008A113,Angola,AO,Lunda Sul,none,Lunda Sul,Rice,Main,2013,10,2014,4,All (PS),production,3360.0
4768,AO2008A113,Angola,AO,Lunda Sul,none,Lunda Sul,Rice,Main,2014,10,2015,4,All (PS),production,1638.0
4769,AO2008A113,Angola,AO,Lunda Sul,none,Lunda Sul,Rice,Main,2015,10,2016,4,All (PS),production,1638.0
4770,AO2008A113,Angola,AO,Lunda Sul,none,Lunda Sul,Garlic,Main,2008,10,2009,4,All (PS),production,49.05
4771,AO2008A113,Angola,AO,Lunda Sul,none,Lunda Sul,Garlic,Main,2009,10,2010,4,All (PS),production,60.17
4772,AO2008A113,Angola,AO,Lunda Sul,none,Lunda Sul,Garlic,Main,2010,10,2011,4,All (PS),production,126.0
4773,AO2008A113,Angola,AO,Lunda Sul,none,Lunda Sul,Garlic,Main,2011,10,2012,4,All (PS),production,121.27
4774,AO2008A114,Angola,AO,Malanje,none,Malanje,Maize,Main,1996,10,1997,4,All (PS),production,29432.0
4775,AO2008A114,Angola,AO,Malanje,none,Malanje,Maize,Main,1997,10,1998,4,All (PS),production,42000.0
4776,AO2008A114,Angola,AO,Malanje,none,Malanje,Maize,Main,1998,10,1999,4,All (PS),production,13423.0
4777,AO2008A114,Angola,AO,Malanje,none,Malanje,Maize,Main,1999,10,2000,4,All (PS),production,13353.0
4778,AO2008A114,Angola,AO,Malanje,none,Malanje,Maize,Main,2000,10,2001,4,All (PS),production,9784.0
4779,AO2008A114,Angola,AO,Malanje,none,Malanje,Maize,Main,2001,10,2002,4,All (PS),production,15316.0
4780,AO2008A114,Angola,AO,Malanje,none,Malanje,Maize,Main,2002,10,2003,4,All (PS),production,30536.0
4781,AO2008A114,Angola,AO,Malanje,none,Malanje,Maize,Main,2003,10,2004,4,All (PS),production,33241.0
4782,AO2008A114,Angola,AO,Malanje,none,Malanje,Maize,Main,2004,10,2005,4,All (PS),production,32571.0
4783,AO2008A114,Angola,AO,Malanje,none,Malanje,Maize,Main,2005,10,2006,4,All (PS),production,34662.0
4784,AO2008A114,Angola,AO,Malanje,none,Malanje,Maize,Main,2006,10,2007,4,All (PS),production,35355.0
4785,AO2008A114,Angola,AO,Malanje,none,Malanje,Maize,Main,2007,10,2008,4,All (PS),production,39283.0
4786,AO2008A114,Angola,AO,Malanje,none,Malanje,Maize,Main,2008,10,2009,4,All (PS),production,5978.0
4787,AO2008A114,Angola,AO,Malanje,none,Malanje,Maize,Main,2009,10,2010,4,All (PS),production,39699.0
4788,AO2008A114,Angola,AO,Malanje,none,Malanje,Maize,Main,2010,10,2011,4,All (PS),production,49295.0
4789,AO2008A114,Angola,AO,Malanje,none,Malanje,Maize,Main,2011,10,2012,4,All (PS),production,22882.0
4790,AO2008A114,Angola,AO,Malanje,none,Malanje,Maize,Main,2012,10,2013,4,All (PS),production,61478.0
4791,AO2008A114,Angola,AO,Malanje,none,Malanje,Maize,Main,2013,10,2014,4,All (PS),production,65268.0
4792,AO2008A114,Angola,AO,Malanje,none,Malanje,Maize,Main,2014,10,2015,4,All (PS),production,87152.0
4793,AO2008A114,Angola,AO,Malanje,none,Malanje,Maize,Main,2015,10,2016,4,All (PS),production,87152.0
4794,AO2008A114,Angola,AO,Malanje,none,Malanje,Maize,Main,2016,10,2017,4,All (PS),production,77392.0
4795,AO2008A114,Angola,AO,Malanje,none,Malanje,Chili Pepper,Main,2014,10,2015,4,All (PS),production,1210.0
4796,AO2008A114,Angola,AO,Malanje,none,Malanje,Chili Pepper,Main,2015,10,2016,4,All (PS),production,1210.0
4797,AO2008A114,Angola,AO,Malanje,none,Malanje,Chili Pepper,Main,2016,10,2017,4,All (PS),production,1477.0
4798,AO2008A114,Angola,AO,Malanje,none,Malanje,Sweet Potatoes,Main,2000,10,2001,4,All (PS),production,28535.0
4799,AO2008A114,Angola,AO,Malanje,none,Malanje,Sweet Potatoes,Main,2001,10,2002,4,All (PS),production,35345.0
4800,AO2008A114,Angola,AO,Malanje,none,Malanje,Sweet Potatoes,Main,2002,10,2003,4,All (PS),production,23923.0
4801,AO2008A114,Angola,AO,Malanje,none,Malanje,Sweet Potatoes,Main,2003,10,2004,4,All (PS),production,49708.0
4802,AO2008A114,Angola,AO,Malanje,none,Malanje,Sweet Potatoes,Main,2004,10,2005,4,All (PS),production,65142.0
4803,AO2008A114,Angola,AO,Malanje,none,Malanje,Sweet Potatoes,Main,2005,10,2006,4,All (PS),production,65973.0
4804,AO2008A114,Angola,AO,Malanje,none,Malanje,Sweet Potatoes,Main,2006,10,2007,4,All (PS),production,14317.0
4805,AO2008A114,Angola,AO,Malanje,none,Malanje,Sweet Potatoes,Main,2007,10,2008,4,All (PS),production,32823.0
4806,AO2008A114,Angola,AO,Malanje,none,Malanje,Sweet Potatoes,Main,2008,10,2009,4,All (PS),production,30708.0
4807,AO2008A114,Angola,AO,Malanje,none,Malanje,Sweet Potatoes,Main,2009,10,2010,4,All (PS),production,29649.0
4808,AO2008A114,Angola,AO,Malanje,none,Malanje,Sweet Potatoes,Main,2010,10,2011,4,All (PS),production,102872.0
4809,AO2008A114,Angola,AO,Malanje,none,Malanje,Sweet Potatoes,Main,2011,10,2012,4,All (PS),production,62713.0
4810,AO2008A114,Angola,AO,Malanje,none,Malanje,Sweet Potatoes,Main,2012,10,2013,4,All (PS),production,115462.0
4811,AO2008A114,Angola,AO,Malanje,none,Malanje,Sweet Potatoes,Main,2013,10,2014,4,All (PS),production,180334.0
4812,AO2008A114,Angola,AO,Malanje,none,Malanje,Sweet Potatoes,Main,2014,10,2015,4,All (PS),production,194375.0
4813,AO2008A114,Angola,AO,Malanje,none,Malanje,Banana,Main,2006,10,2007,4,All (PS),production,1780.0
4814,AO2008A114,Angola,AO,Malanje,none,Malanje,Banana,Main,2007,10,2008,4,All (PS),production,15971.0
4815,AO2008A114,Angola,AO,Malanje,none,Malanje,Banana,Main,2008,10,2009,4,All (PS),production,17703.0
4816,AO2008A114,Angola,AO,Malanje,none,Malanje,Banana,Main,2009,10,2010,4,All (PS),production,33460.0
4817,AO2008A114,Angola,AO,Malanje,none,Malanje,Banana,Main,2010,10,2011,4,All (PS),production,57391.0
4818,AO2008A114,Angola,AO,Malanje,none,Malanje,Banana,Main,2011,10,2012,4,All (PS),production,50022.0
4819,AO2008A114,Angola,AO,Malanje,none,Malanje,Banana,Main,2012,10,2013,4,All (PS),production,64520.0
4820,AO2008A114,Angola,AO,Malanje,none,Malanje,Banana,Main,2013,10,2014,4,All (PS),production,75089.0
4821,AO2008A114,Angola,AO,Malanje,none,Malanje,Banana,Main,2014,10,2015,4,All (PS),production,80443.0
4822,AO2008A114,Angola,AO,Malanje,none,Malanje,Banana,Main,2015,10,2016,4,All (PS),production,80443.0
4823,AO2008A114,Angola,AO,Malanje,none,Malanje,Banana,Main,2016,10,2017,4,All (PS),production,71589.0
4824,AO2008A114,Angola,AO,Malanje,none,Malanje,Tomato,Main,2014,10,2015,4,All (PS),production,23308.0
4825,AO2008A114,Angola,AO,Malanje,none,Malanje,Tomato,Main,2015,10,2016,4,All (PS),production,23308.0
4826,AO2008A114,Angola,AO,Malanje,none,Malanje,Tomato,Main,2016,10,2017,4,All (PS),production,28910.0
4827,AO2008A114,Angola,AO,Malanje,none,Malanje,Onions,Main,2014,10,2015,4,All (PS),production,15424.0
4828,AO2008A114,Angola,AO,Malanje,none,Malanje,Onions,Main,2015,10,2016,4,All (PS),production,15424.0
4829,AO2008A114,Angola,AO,Malanje,none,Malanje,Onions,Main,2016,10,2017,4,All (PS),production,15977.0
4830,AO2008A114,Angola,AO,Malanje,none,Malanje,Mango,Main,2015,10,2016,4,All (PS),production,7004.0
4831,AO2008A114,Angola,AO,Malanje,none,Malanje,Mango,Main,2016,10,2017,4,All (PS),production,10052.0
4832,AO2008A114,Angola,AO,Malanje,none,Malanje,Groundnuts (In Shell),Main,2001,10,2002,4,All (PS),production,3299.0
4833,AO2008A114,Angola,AO,Malanje,none,Malanje,Groundnuts (In Shell),Main,2002,10,2003,4,All (PS),production,6887.0
4834,AO2008A114,Angola,AO,Malanje,none,Malanje,Groundnuts (In Shell),Main,2003,10,2004,4,All (PS),production,3682.0
4835,AO2008A114,Angola,AO,Malanje,none,Malanje,Groundnuts (In Shell),Main,2004,10,2005,4,All (PS),production,7622.0
4836,AO2008A114,Angola,AO,Malanje,none,Malanje,Groundnuts (In Shell),Main,2005,10,2006,4,All (PS),production,9649.0
4837,AO2008A114,Angola,AO,Malanje,none,Malanje,Groundnuts (In Shell),Main,2006,10,2007,4,All (PS),production,14046.0
4838,AO2008A114,Angola,AO,Malanje,none,Malanje,Groundnuts (In Shell),Main,2007,10,2008,4,All (PS),production,16843.0
4839,AO2008A114,Angola,AO,Malanje,none,Malanje,Groundnuts (In Shell),Main,2008,10,2009,4,All (PS),production,16875.0
4840,AO2008A114,Angola,AO,Malanje,none,Malanje,Groundnuts (In Shell),Main,2009,10,2010,4,All (PS),production,9287.0
4841,AO2008A114,Angola,AO,Malanje,none,Malanje,Groundnuts (In Shell),Main,2010,10,2011,4,All (PS),production,14749.0
4842,AO2008A114,Angola,AO,Malanje,none,Malanje,Groundnuts (In Shell),Main,2011,10,2012,4,All (PS),production,6660.0
4843,AO2008A114,Angola,AO,Malanje,none,Malanje,Groundnuts (In Shell),Main,2012,10,2013,4,All (PS),production,18038.0
4844,AO2008A114,Angola,AO,Malanje,none,Malanje,Groundnuts (In Shell),Main,2013,10,2014,4,All (PS),production,23594.0
4845,AO2008A114,Angola,AO,Malanje,none,Malanje,Groundnuts (In Shell),Main,2014,10,2015,4,All (PS),production,25344.0
4846,AO2008A114,Angola,AO,Malanje,none,Malanje,Groundnuts (In Shell),Main,2015,10,2016,4,All (PS),production,25344.0
4847,AO2008A114,Angola,AO,Malanje,none,Malanje,Groundnuts (In Shell),Main,2016,10,2017,4,All (PS),production,22294.0
4848,AO2008A114,Angola,AO,Malanje,none,Malanje,Lemon,Main,2015,10,2016,4,All (PS),production,29073.0
4849,AO2008A114,Angola,AO,Malanje,none,Malanje,Lemon,Main,2016,10,2017,4,All (PS),production,27234.0
4850,AO2008A114,Angola,AO,Malanje,none,Malanje,Beans (mixed),Main,2000,10,2001,4,All (PS),production,5707.0
4851,AO2008A114,Angola,AO,Malanje,none,Malanje,Beans (mixed),Main,2001,10,2002,4,All (PS),production,5498.0
4852,AO2008A114,Angola,AO,Malanje,none,Malanje,Beans (mixed),Main,2002,10,2003,4,All (PS),production,8860.0
4853,AO2008A114,Angola,AO,Malanje,none,Malanje,Beans (mixed),Main,2003,10,2004,4,All (PS),production,7364.0
4854,AO2008A114,Angola,AO,Malanje,none,Malanje,Beans (mixed),Main,2004,10,2005,4,All (PS),production,12116.0
4855,AO2008A114,Angola,AO,Malanje,none,Malanje,Beans (mixed),Main,2005,10,2006,4,All (PS),production,14255.0
4856,AO2008A114,Angola,AO,Malanje,none,Malanje,Beans (mixed),Main,2006,10,2007,4,All (PS),production,15467.0
4857,AO2008A114,Angola,AO,Malanje,none,Malanje,Beans (mixed),Main,2007,10,2008,4,All (PS),production,11369.0
4858,AO2008A114,Angola,AO,Malanje,none,Malanje,Beans (mixed),Main,2008,10,2009,4,All (PS),production,11489.0
4859,AO2008A114,Angola,AO,Malanje,none,Malanje,Beans (mixed),Main,2009,10,2010,4,All (PS),production,12023.0
4860,AO2008A114,Angola,AO,Malanje,none,Malanje,Beans (mixed),Main,2010,10,2011,4,All (PS),production,15391.0
4861,AO2008A114,Angola,AO,Malanje,none,Malanje,Beans (mixed),Main,2011,10,2012,4,All (PS),production,5180.0
4862,AO2008A114,Angola,AO,Malanje,none,Malanje,Beans (mixed),Main,2012,10,2013,4,All (PS),production,17425.0
4863,AO2008A114,Angola,AO,Malanje,none,Malanje,Beans (mixed),Main,2013,10,2014,4,All (PS),production,22561.0
4864,AO2008A114,Angola,AO,Malanje,none,Malanje,Beans (mixed),Main,2014,10,2015,4,All (PS),production,22616.0
4865,AO2008A114,Angola,AO,Malanje,none,Malanje,Beans (mixed),Main,2015,10,2016,4,All (PS),production,22616.0
4866,AO2008A114,Angola,AO,Malanje,none,Malanje,Beans (mixed),Main,2016,10,2017,4,All (PS),production,17121.0
4867,AO2008A114,Angola,AO,Malanje,none,Malanje,Cassava,Main,1997,10,1998,4,All (PS),production,20000.0
4868,AO2008A114,Angola,AO,Malanje,none,Malanje,Cassava,Main,1998,10,1999,4,All (PS),production,578221.0
4869,AO2008A114,Angola,AO,Malanje,none,Malanje,Cassava,Main,1999,10,2000,4,All (PS),production,563865.0
4870,AO2008A114,Angola,AO,Malanje,none,Malanje,Cassava,Main,2000,10,2001,4,All (PS),production,945742.0
4871,AO2008A114,Angola,AO,Malanje,none,Malanje,Cassava,Main,2001,10,2002,4,All (PS),production,1110900.0
4872,AO2008A114,Angola,AO,Malanje,none,Malanje,Cassava,Main,2002,10,2003,4,All (PS),production,813555.0
4873,AO2008A114,Angola,AO,Malanje,none,Malanje,Cassava,Main,2003,10,2004,4,All (PS),production,881022.0
4874,AO2008A114,Angola,AO,Malanje,none,Malanje,Cassava,Main,2004,10,2005,4,All (PS),production,1277881.0
4875,AO2008A114,Angola,AO,Malanje,none,Malanje,Cassava,Main,2005,10,2006,4,All (PS),production,1971933.0
4876,AO2008A114,Angola,AO,Malanje,none,Malanje,Cassava,Main,2006,10,2007,4,All (PS),production,2271196.0
4877,AO2008A114,Angola,AO,Malanje,none,Malanje,Cassava,Main,2007,10,2008,4,All (PS),production,1784566.0
4878,AO2008A114,Angola,AO,Malanje,none,Malanje,Cassava,Main,2008,10,2009,4,All (PS),production,2021131.0
4879,AO2008A114,Angola,AO,Malanje,none,Malanje,Cassava,Main,2009,10,2010,4,All (PS),production,909086.0
4880,AO2008A114,Angola,AO,Malanje,none,Malanje,Cassava,Main,2010,10,2011,4,All (PS),production,907471.0
4881,AO2008A114,Angola,AO,Malanje,none,Malanje,Cassava,Main,2011,10,2012,4,All (PS),production,633134.0
4882,AO2008A114,Angola,AO,Malanje,none,Malanje,Cassava,Main,2012,10,2013,4,All (PS),production,1053097.0
4883,AO2008A114,Angola,AO,Malanje,none,Malanje,Cassava,Main,2013,10,2014,4,All (PS),production,1196331.0
4884,AO2008A114,Angola,AO,Malanje,none,Malanje,Cassava,Main,2015,10,2016,4,All (PS),production,1241534.0
4885,AO2008A114,Angola,AO,Malanje,none,Malanje,Cassava,Main,2016,10,2017,4,All (PS),production,1149729.0
4886,AO2008A114,Angola,AO,Malanje,none,Malanje,Potato,Main,2000,10,2001,4,All (PS),production,4076.0
4887,AO2008A114,Angola,AO,Malanje,none,Malanje,Potato,Main,2001,10,2002,4,All (PS),production,4713.0
4888,AO2008A114,Angola,AO,Malanje,none,Malanje,Potato,Main,2006,10,2007,4,All (PS),production,456.0
4889,AO2008A114,Angola,AO,Malanje,none,Malanje,Potato,Main,2007,10,2008,4,All (PS),production,8942.0
4890,AO2008A114,Angola,AO,Malanje,none,Malanje,Potato,Main,2008,10,2009,4,All (PS),production,16910.0
4891,AO2008A114,Angola,AO,Malanje,none,Malanje,Potato,Main,2009,10,2010,4,All (PS),production,89005.0
4892,AO2008A114,Angola,AO,Malanje,none,Malanje,Potato,Main,2010,10,2011,4,All (PS),production,90346.0
4893,AO2008A114,Angola,AO,Malanje,none,Malanje,Potato,Main,2011,10,2012,4,All (PS),production,81023.0
4894,AO2008A114,Angola,AO,Malanje,none,Malanje,Potato,Main,2012,10,2013,4,All (PS),production,84671.0
4895,AO2008A114,Angola,AO,Malanje,none,Malanje,Potato,Main,2013,10,2014,4,All (PS),production,84763.0
4896,AO2008A114,Angola,AO,Malanje,none,Malanje,Potato,Main,2014,10,2015,4,All (PS),production,84873.0
4897,AO2008A114,Angola,AO,Malanje,none,Malanje,Potato,Main,2015,10,2016,4,All (PS),production,84873.0
4898,AO2008A114,Angola,AO,Malanje,none,Malanje,Potato,Main,2016,10,2017,4,All (PS),production,44450.0
4899,AO2008A114,Angola,AO,Malanje,none,Malanje,Pineapple,Main,2014,10,2015,4,All (PS),production,56648.0
4900,AO2008A114,Angola,AO,Malanje,none,Malanje,Pineapple,Main,2015,10,2016,4,All (PS),production,56648.0
4901,AO2008A114,Angola,AO,Malanje,none,Malanje,Pineapple,Main,2016,10,2017,4,All (PS),production,57620.0
4902,AO2008A114,Angola,AO,Malanje,none,Malanje,Sorghum,Main,1996,10,1997,4,All (PS),production,11420.0
4903,AO2008A114,Angola,AO,Malanje,none,Malanje,Sorghum,Main,1997,10,1998,4,All (PS),production,16000.0
4904,AO2008A114,Angola,AO,Malanje,none,Malanje,Sorghum,Main,2016,10,2017,4,All (PS),production,85.0
4905,AO2008A114,Angola,AO,Malanje,none,Malanje,Coffee,Main,2009,10,2010,4,All (PS),production,80.0
4906,AO2008A114,Angola,AO,Malanje,none,Malanje,Coffee,Main,2010,10,2011,4,All (PS),production,97.0
4907,AO2008A114,Angola,AO,Malanje,none,Malanje,Coffee,Main,2012,10,2013,4,All (PS),production,903.0
4908,AO2008A114,Angola,AO,Malanje,none,Malanje,Coffee,Main,2013,10,2014,4,All (PS),production,1326.0
4909,AO2008A114,Angola,AO,Malanje,none,Malanje,Soybean,Main,2000,10,2001,4,All (PS),production,2854.0
4910,AO2008A114,Angola,AO,Malanje,none,Malanje,Soybean,Main,2009,10,2010,4,All (PS),production,102.0
4911,AO2008A114,Angola,AO,Malanje,none,Malanje,Soybean,Main,2010,10,2011,4,All (PS),production,140.0
4912,AO2008A114,Angola,AO,Malanje,none,Malanje,Soybean,Main,2011,10,2012,4,All (PS),production,127.0
4913,AO2008A114,Angola,AO,Malanje,none,Malanje,Soybean,Main,2012,10,2013,4,All (PS),production,167.0
4914,AO2008A114,Angola,AO,Malanje,none,Malanje,Soybean,Main,2013,10,2014,4,All (PS),production,212.0
4915,AO2008A114,Angola,AO,Malanje,none,Malanje,Soybean,Main,2014,10,2015,4,All (PS),production,243.0
4916,AO2008A114,Angola,AO,Malanje,none,Malanje,Soybean,Main,2015,10,2016,4,All (PS),production,243.0
4917,AO2008A114,Angola,AO,Malanje,none,Malanje,Okras,Main,2014,10,2015,4,All (PS),production,427.0
4918,AO2008A114,Angola,AO,Malanje,none,Malanje,Okras,Main,2015,10,2016,4,All (PS),production,427.0
4919,AO2008A114,Angola,AO,Malanje,none,Malanje,Okras,Main,2016,10,2017,4,All (PS),production,458.0
4920,AO2008A114,Angola,AO,Malanje,none,Malanje,Cabbage,Main,2014,10,2015,4,All (PS),production,11864.0
4921,AO2008A114,Angola,AO,Malanje,none,Malanje,Cabbage,Main,2015,10,2016,4,All (PS),production,11864.0
4922,AO2008A114,Angola,AO,Malanje,none,Malanje,Cabbage,Main,2016,10,2017,4,All (PS),production,13214.0
4923,AO2008A114,Angola,AO,Malanje,none,Malanje,Carrots,Main,2014,10,2015,4,All (PS),production,3493.0
4924,AO2008A114,Angola,AO,Malanje,none,Malanje,Carrots,Main,2015,10,2016,4,All (PS),production,3493.0
4925,AO2008A114,Angola,AO,Malanje,none,Malanje,Carrots,Main,2016,10,2017,4,All (PS),production,3185.0
4926,AO2008A114,Angola,AO,Malanje,none,Malanje,Millet,Main,2016,10,2017,4,All (PS),production,40.0
4927,AO2008A114,Angola,AO,Malanje,none,Malanje,Green Bean,Main,2015,10,2016,4,All (PS),production,122.0
4928,AO2008A114,Angola,AO,Malanje,none,Malanje,Millet,Main,1996,10,1997,4,All (PS),production,7650.0
4929,AO2008A114,Angola,AO,Malanje,none,Malanje,Millet,Main,1997,10,1998,4,All (PS),production,11550.0
4930,AO2008A114,Angola,AO,Malanje,none,Malanje,Rice,Main,2004,10,2005,4,All (PS),production,254.0
4931,AO2008A114,Angola,AO,Malanje,none,Malanje,Rice,Main,2009,10,2010,4,All (PS),production,165.0
4932,AO2008A114,Angola,AO,Malanje,none,Malanje,Rice,Main,2010,10,2011,4,All (PS),production,283.0
4933,AO2008A114,Angola,AO,Malanje,none,Malanje,Rice,Main,2011,10,2012,4,All (PS),production,449.0
4934,AO2008A114,Angola,AO,Malanje,none,Malanje,Rice,Main,2012,10,2013,4,All (PS),production,610.0
4935,AO2008A114,Angola,AO,Malanje,none,Malanje,Rice,Main,2013,10,2014,4,All (PS),production,670.0
4936,AO2008A114,Angola,AO,Malanje,none,Malanje,Rice,Main,2014,10,2015,4,All (PS),production,334.0
4937,AO2008A114,Angola,AO,Malanje,none,Malanje,Rice,Main,2015,10,2016,4,All (PS),production,334.0
4938,AO2008A114,Angola,AO,Malanje,none,Malanje,Rice,Main,2016,10,2017,4,All (PS),production,630.0
4939,AO2008A114,Angola,AO,Malanje,none,Malanje,Garlic,Main,2008,10,2009,4,All (PS),production,575.51
4940,AO2008A114,Angola,AO,Malanje,none,Malanje,Garlic,Main,2009,10,2010,4,All (PS),production,586.64
4941,AO2008A114,Angola,AO,Malanje,none,Malanje,Garlic,Main,2010,10,2011,4,All (PS),production,194.0
4942,AO2008A114,Angola,AO,Malanje,none,Malanje,Garlic,Main,2011,10,2012,4,All (PS),production,203.73
4943,AO2008A114,Angola,AO,Malanje,none,Malanje,Avocado,Main,2014,10,2015,4,All (PS),production,849.0
4944,AO2008A114,Angola,AO,Malanje,none,Malanje,Avocado,Main,2015,10,2016,4,All (PS),production,849.0
4945,AO2008A115,Angola,AO,Moxico,none,Moxico,Maize,Main,1996,10,1997,4,All (PS),production,11578.0
4946,AO2008A115,Angola,AO,Moxico,none,Moxico,Maize,Main,1997,10,1998,4,All (PS),production,21120.0
4947,AO2008A115,Angola,AO,Moxico,none,Moxico,Maize,Main,1998,10,1999,4,All (PS),production,12806.0
4948,AO2008A115,Angola,AO,Moxico,none,Moxico,Maize,Main,1999,10,2000,4,All (PS),production,11812.0
4949,AO2008A115,Angola,AO,Moxico,none,Moxico,Maize,Main,2000,10,2001,4,All (PS),production,12501.0
4950,AO2008A115,Angola,AO,Moxico,none,Moxico,Maize,Main,2001,10,2002,4,All (PS),production,8391.0
4951,AO2008A115,Angola,AO,Moxico,none,Moxico,Maize,Main,2002,10,2003,4,All (PS),production,6963.0
4952,AO2008A115,Angola,AO,Moxico,none,Moxico,Maize,Main,2003,10,2004,4,All (PS),production,7151.0
4953,AO2008A115,Angola,AO,Moxico,none,Moxico,Maize,Main,2004,10,2005,4,All (PS),production,5728.0
4954,AO2008A115,Angola,AO,Moxico,none,Moxico,Maize,Main,2005,10,2006,4,All (PS),production,5343.0
4955,AO2008A115,Angola,AO,Moxico,none,Moxico,Maize,Main,2006,10,2007,4,All (PS),production,4953.0
4956,AO2008A115,Angola,AO,Moxico,none,Moxico,Maize,Main,2007,10,2008,4,All (PS),production,10390.0
4957,AO2008A115,Angola,AO,Moxico,none,Moxico,Maize,Main,2008,10,2009,4,All (PS),production,16363.0
4958,AO2008A115,Angola,AO,Moxico,none,Moxico,Maize,Main,2009,10,2010,4,All (PS),production,24873.0
4959,AO2008A115,Angola,AO,Moxico,none,Moxico,Maize,Main,2010,10,2011,4,All (PS),production,27029.0
4960,AO2008A115,Angola,AO,Moxico,none,Moxico,Maize,Main,2011,10,2012,4,All (PS),production,10388.0
4961,AO2008A115,Angola,AO,Moxico,none,Moxico,Maize,Main,2012,10,2013,4,All (PS),production,33192.0
4962,AO2008A115,Angola,AO,Moxico,none,Moxico,Maize,Main,2013,10,2014,4,All (PS),production,37713.0
4963,AO2008A115,Angola,AO,Moxico,none,Moxico,Maize,Main,2014,10,2015,4,All (PS),production,49827.0
4964,AO2008A115,Angola,AO,Moxico,none,Moxico,Maize,Main,2015,10,2016,4,All (PS),production,49827.0
4965,AO2008A115,Angola,AO,Moxico,none,Moxico,Maize,Main,2016,10,2017,4,All (PS),production,59444.0
4966,AO2008A115,Angola,AO,Moxico,none,Moxico,Chili Pepper,Main,2014,10,2015,4,All (PS),production,193.0
4967,AO2008A115,Angola,AO,Moxico,none,Moxico,Chili Pepper,Main,2015,10,2016,4,All (PS),production,193.0
4968,AO2008A115,Angola,AO,Moxico,none,Moxico,Chili Pepper,Main,2016,10,2017,4,All (PS),production,193.0
4969,AO2008A115,Angola,AO,Moxico,none,Moxico,Sweet Potatoes,Main,2000,10,2001,4,All (PS),production,8825.0
4970,AO2008A115,Angola,AO,Moxico,none,Moxico,Sweet Potatoes,Main,2001,10,2002,4,All (PS),production,6663.0
4971,AO2008A115,Angola,AO,Moxico,none,Moxico,Sweet Potatoes,Main,2002,10,2003,4,All (PS),production,36364.0
4972,AO2008A115,Angola,AO,Moxico,none,Moxico,Sweet Potatoes,Main,2003,10,2004,4,All (PS),production,35753.0
4973,AO2008A115,Angola,AO,Moxico,none,Moxico,Sweet Potatoes,Main,2004,10,2005,4,All (PS),production,50911.0
4974,AO2008A115,Angola,AO,Moxico,none,Moxico,Sweet Potatoes,Main,2005,10,2006,4,All (PS),production,64886.0
4975,AO2008A115,Angola,AO,Moxico,none,Moxico,Sweet Potatoes,Main,2006,10,2007,4,All (PS),production,59322.0
4976,AO2008A115,Angola,AO,Moxico,none,Moxico,Sweet Potatoes,Main,2007,10,2008,4,All (PS),production,17518.0
4977,AO2008A115,Angola,AO,Moxico,none,Moxico,Sweet Potatoes,Main,2008,10,2009,4,All (PS),production,24320.0
4978,AO2008A115,Angola,AO,Moxico,none,Moxico,Sweet Potatoes,Main,2009,10,2010,4,All (PS),production,24862.0
4979,AO2008A115,Angola,AO,Moxico,none,Moxico,Sweet Potatoes,Main,2010,10,2011,4,All (PS),production,27132.0
4980,AO2008A115,Angola,AO,Moxico,none,Moxico,Sweet Potatoes,Main,2011,10,2012,4,All (PS),production,17477.0
4981,AO2008A115,Angola,AO,Moxico,none,Moxico,Sweet Potatoes,Main,2012,10,2013,4,All (PS),production,29888.0
4982,AO2008A115,Angola,AO,Moxico,none,Moxico,Sweet Potatoes,Main,2013,10,2014,4,All (PS),production,42798.0
4983,AO2008A115,Angola,AO,Moxico,none,Moxico,Sweet Potatoes,Main,2014,10,2015,4,All (PS),production,45757.0
4984,AO2008A115,Angola,AO,Moxico,none,Moxico,Sweet Potatoes,Main,2015,10,2016,4,All (PS),production,45757.0
4985,AO2008A115,Angola,AO,Moxico,none,Moxico,Sweet Potatoes,Main,2016,10,2017,4,All (PS),production,44792.0
4986,AO2008A115,Angola,AO,Moxico,none,Moxico,Banana,Main,2006,10,2007,4,All (PS),production,15704.0
4987,AO2008A115,Angola,AO,Moxico,none,Moxico,Banana,Main,2009,10,2010,4,All (PS),production,23930.0
4988,AO2008A115,Angola,AO,Moxico,none,Moxico,Banana,Main,2010,10,2011,4,All (PS),production,33235.0
4989,AO2008A115,Angola,AO,Moxico,none,Moxico,Banana,Main,2011,10,2012,4,All (PS),production,41822.0
4990,AO2008A115,Angola,AO,Moxico,none,Moxico,Banana,Main,2012,10,2013,4,All (PS),production,45111.0
4991,AO2008A115,Angola,AO,Moxico,none,Moxico,Banana,Main,2013,10,2014,4,All (PS),production,51340.0
4992,AO2008A115,Angola,AO,Moxico,none,Moxico,Banana,Main,2014,10,2015,4,All (PS),production,54607.0
4993,AO2008A115,Angola,AO,Moxico,none,Moxico,Banana,Main,2015,10,2016,4,All (PS),production,54607.0
4994,AO2008A115,Angola,AO,Moxico,none,Moxico,Banana,Main,2016,10,2017,4,All (PS),production,72201.0
4995,AO2008A115,Angola,AO,Moxico,none,Moxico,Tomato,Main,2014,10,2015,4,All (PS),production,4374.0
4996,AO2008A115,Angola,AO,Moxico,none,Moxico,Tomato,Main,2015,10,2016,4,All (PS),production,4374.0
4997,AO2008A115,Angola,AO,Moxico,none,Moxico,Tomato,Main,2016,10,2017,4,All (PS),production,4620.0
4998,AO2008A115,Angola,AO,Moxico,none,Moxico,Onions,Main,2014,10,2015,4,All (PS),production,4728.0
4999,AO2008A115,Angola,AO,Moxico,none,Moxico,Onions,Main,2015,10,2016,4,All (PS),production,4728.0
5000,AO2008A115,Angola,AO,Moxico,none,Moxico,Onions,Main,2016,10,2017,4,All (PS),production,4874.0
5001,AO2008A115,Angola,AO,Moxico,none,Moxico,Mango,Main,2015,10,2016,4,All (PS),production,26124.0
5002,AO2008A115,Angola,AO,Moxico,none,Moxico,Mango,Main,2016,10,2017,4,All (PS),production,36546.0
5003,AO2008A115,Angola,AO,Moxico,none,Moxico,Groundnuts (In Shell),Main,2001,10,2002,4,All (PS),production,987.0
5004,AO2008A115,Angola,AO,Moxico,none,Moxico,Groundnuts (In Shell),Main,2002,10,2003,4,All (PS),production,4642.0
5005,AO2008A115,Angola,AO,Moxico,none,Moxico,Groundnuts (In Shell),Main,2003,10,2004,4,All (PS),production,4290.0
5006,AO2008A115,Angola,AO,Moxico,none,Moxico,Groundnuts (In Shell),Main,2004,10,2005,4,All (PS),production,5091.0
5007,AO2008A115,Angola,AO,Moxico,none,Moxico,Groundnuts (In Shell),Main,2005,10,2006,4,All (PS),production,5191.0
5008,AO2008A115,Angola,AO,Moxico,none,Moxico,Groundnuts (In Shell),Main,2006,10,2007,4,All (PS),production,4460.0
5009,AO2008A115,Angola,AO,Moxico,none,Moxico,Groundnuts (In Shell),Main,2007,10,2008,4,All (PS),production,2450.0
5010,AO2008A115,Angola,AO,Moxico,none,Moxico,Groundnuts (In Shell),Main,2008,10,2009,4,All (PS),production,5986.0
5011,AO2008A115,Angola,AO,Moxico,none,Moxico,Groundnuts (In Shell),Main,2009,10,2010,4,All (PS),production,6025.0
5012,AO2008A115,Angola,AO,Moxico,none,Moxico,Groundnuts (In Shell),Main,2010,10,2011,4,All (PS),production,11760.0
5013,AO2008A115,Angola,AO,Moxico,none,Moxico,Groundnuts (In Shell),Main,2011,10,2012,4,All (PS),production,2576.0
5014,AO2008A115,Angola,AO,Moxico,none,Moxico,Groundnuts (In Shell),Main,2012,10,2013,4,All (PS),production,13689.0
5015,AO2008A115,Angola,AO,Moxico,none,Moxico,Groundnuts (In Shell),Main,2013,10,2014,4,All (PS),production,17863.0
5016,AO2008A115,Angola,AO,Moxico,none,Moxico,Groundnuts (In Shell),Main,2014,10,2015,4,All (PS),production,19202.0
5017,AO2008A115,Angola,AO,Moxico,none,Moxico,Groundnuts (In Shell),Main,2015,10,2016,4,All (PS),production,19202.0
5018,AO2008A115,Angola,AO,Moxico,none,Moxico,Groundnuts (In Shell),Main,2016,10,2017,4,All (PS),production,20677.0
5019,AO2008A115,Angola,AO,Moxico,none,Moxico,Lemon,Main,2015,10,2016,4,All (PS),production,5927.0
5020,AO2008A115,Angola,AO,Moxico,none,Moxico,Lemon,Main,2016,10,2017,4,All (PS),production,2724.0
5021,AO2008A115,Angola,AO,Moxico,none,Moxico,Beans (mixed),Main,2000,10,2001,4,All (PS),production,2059.0
5022,AO2008A115,Angola,AO,Moxico,none,Moxico,Beans (mixed),Main,2001,10,2002,4,All (PS),production,1382.0
5023,AO2008A115,Angola,AO,Moxico,none,Moxico,Beans (mixed),Main,2002,10,2003,4,All (PS),production,3404.0
5024,AO2008A115,Angola,AO,Moxico,none,Moxico,Beans (mixed),Main,2003,10,2004,4,All (PS),production,2264.0
5025,AO2008A115,Angola,AO,Moxico,none,Moxico,Beans (mixed),Main,2004,10,2005,4,All (PS),production,4232.0
5026,AO2008A115,Angola,AO,Moxico,none,Moxico,Beans (mixed),Main,2005,10,2006,4,All (PS),production,4315.0
5027,AO2008A115,Angola,AO,Moxico,none,Moxico,Beans (mixed),Main,2006,10,2007,4,All (PS),production,5536.0
5028,AO2008A115,Angola,AO,Moxico,none,Moxico,Beans (mixed),Main,2007,10,2008,4,All (PS),production,1335.0
5029,AO2008A115,Angola,AO,Moxico,none,Moxico,Beans (mixed),Main,2008,10,2009,4,All (PS),production,4006.0
5030,AO2008A115,Angola,AO,Moxico,none,Moxico,Beans (mixed),Main,2009,10,2010,4,All (PS),production,4102.0
5031,AO2008A115,Angola,AO,Moxico,none,Moxico,Beans (mixed),Main,2010,10,2011,4,All (PS),production,6092.0
5032,AO2008A115,Angola,AO,Moxico,none,Moxico,Beans (mixed),Main,2011,10,2012,4,All (PS),production,1310.0
5033,AO2008A115,Angola,AO,Moxico,none,Moxico,Beans (mixed),Main,2012,10,2013,4,All (PS),production,7249.0
5034,AO2008A115,Angola,AO,Moxico,none,Moxico,Beans (mixed),Main,2013,10,2014,4,All (PS),production,9448.0
5035,AO2008A115,Angola,AO,Moxico,none,Moxico,Beans (mixed),Main,2014,10,2015,4,All (PS),production,9448.0
5036,AO2008A115,Angola,AO,Moxico,none,Moxico,Beans (mixed),Main,2015,10,2016,4,All (PS),production,9448.0
5037,AO2008A115,Angola,AO,Moxico,none,Moxico,Beans (mixed),Main,2016,10,2017,4,All (PS),production,9932.0
5038,AO2008A115,Angola,AO,Moxico,none,Moxico,Cassava,Main,1996,10,1997,4,All (PS),production,324944.0
5039,AO2008A115,Angola,AO,Moxico,none,Moxico,Cassava,Main,1997,10,1998,4,All (PS),production,676984.0
5040,AO2008A115,Angola,AO,Moxico,none,Moxico,Cassava,Main,1998,10,1999,4,All (PS),production,160074.0
5041,AO2008A115,Angola,AO,Moxico,none,Moxico,Cassava,Main,1999,10,2000,4,All (PS),production,218862.0
5042,AO2008A115,Angola,AO,Moxico,none,Moxico,Cassava,Main,2000,10,2001,4,All (PS),production,211054.0
5043,AO2008A115,Angola,AO,Moxico,none,Moxico,Cassava,Main,2001,10,2002,4,All (PS),production,197389.0
5044,AO2008A115,Angola,AO,Moxico,none,Moxico,Cassava,Main,2002,10,2003,4,All (PS),production,353067.0
5045,AO2008A115,Angola,AO,Moxico,none,Moxico,Cassava,Main,2003,10,2004,4,All (PS),production,383246.0
5046,AO2008A115,Angola,AO,Moxico,none,Moxico,Cassava,Main,2004,10,2005,4,All (PS),production,478976.0
5047,AO2008A115,Angola,AO,Moxico,none,Moxico,Cassava,Main,2005,10,2006,4,All (PS),production,731312.0
5048,AO2008A115,Angola,AO,Moxico,none,Moxico,Cassava,Main,2006,10,2007,4,All (PS),production,819668.0
5049,AO2008A115,Angola,AO,Moxico,none,Moxico,Cassava,Main,2007,10,2008,4,All (PS),production,671384.0
5050,AO2008A115,Angola,AO,Moxico,none,Moxico,Cassava,Main,2008,10,2009,4,All (PS),production,1200608.0
5051,AO2008A115,Angola,AO,Moxico,none,Moxico,Cassava,Main,2009,10,2010,4,All (PS),production,551411.0
5052,AO2008A115,Angola,AO,Moxico,none,Moxico,Cassava,Main,2010,10,2011,4,All (PS),production,543960.0
5053,AO2008A115,Angola,AO,Moxico,none,Moxico,Cassava,Main,2011,10,2012,4,All (PS),production,390058.0
5054,AO2008A115,Angola,AO,Moxico,none,Moxico,Cassava,Main,2012,10,2013,4,All (PS),production,667594.0
5055,AO2008A115,Angola,AO,Moxico,none,Moxico,Cassava,Main,2013,10,2014,4,All (PS),production,737975.0
5056,AO2008A115,Angola,AO,Moxico,none,Moxico,Cassava,Main,2015,10,2016,4,All (PS),production,764225.0
5057,AO2008A115,Angola,AO,Moxico,none,Moxico,Cassava,Main,2016,10,2017,4,All (PS),production,836033.0
5058,AO2008A115,Angola,AO,Moxico,none,Moxico,Potato,Main,2003,10,2004,4,All (PS),production,536.0
5059,AO2008A115,Angola,AO,Moxico,none,Moxico,Potato,Main,2004,10,2005,4,All (PS),production,538.0
5060,AO2008A115,Angola,AO,Moxico,none,Moxico,Potato,Main,2005,10,2006,4,All (PS),production,1464.0
5061,AO2008A115,Angola,AO,Moxico,none,Moxico,Potato,Main,2008,10,2009,4,All (PS),production,989.0
5062,AO2008A115,Angola,AO,Moxico,none,Moxico,Potato,Main,2009,10,2010,4,All (PS),production,978.0
5063,AO2008A115,Angola,AO,Moxico,none,Moxico,Potato,Main,2010,10,2011,4,All (PS),production,989.0
5064,AO2008A115,Angola,AO,Moxico,none,Moxico,Potato,Main,2011,10,2012,4,All (PS),production,1037.0
5065,AO2008A115,Angola,AO,Moxico,none,Moxico,Potato,Main,2012,10,2013,4,All (PS),production,1175.0
5066,AO2008A115,Angola,AO,Moxico,none,Moxico,Potato,Main,2013,10,2014,4,All (PS),production,1177.0
5067,AO2008A115,Angola,AO,Moxico,none,Moxico,Potato,Main,2014,10,2015,4,All (PS),production,1223.0
5068,AO2008A115,Angola,AO,Moxico,none,Moxico,Potato,Main,2015,10,2016,4,All (PS),production,1223.0
5069,AO2008A115,Angola,AO,Moxico,none,Moxico,Potato,Main,2016,10,2017,4,All (PS),production,1274.0
5070,AO2008A115,Angola,AO,Moxico,none,Moxico,Pineapple,Main,2014,10,2015,4,All (PS),production,9784.0
5071,AO2008A115,Angola,AO,Moxico,none,Moxico,Pineapple,Main,2015,10,2016,4,All (PS),production,9784.0
5072,AO2008A115,Angola,AO,Moxico,none,Moxico,Sorghum,Main,1997,10,1998,4,All (PS),production,300.0
5073,AO2008A115,Angola,AO,Moxico,none,Moxico,Sorghum,Main,2006,10,2007,4,All (PS),production,579.0
5074,AO2008A115,Angola,AO,Moxico,none,Moxico,Sorghum,Main,2009,10,2010,4,All (PS),production,286.0
5075,AO2008A115,Angola,AO,Moxico,none,Moxico,Sorghum,Main,2010,10,2011,4,All (PS),production,359.0
5076,AO2008A115,Angola,AO,Moxico,none,Moxico,Sorghum,Main,2011,10,2012,4,All (PS),production,101.0
5077,AO2008A115,Angola,AO,Moxico,none,Moxico,Sorghum,Main,2012,10,2013,4,All (PS),production,721.0
5078,AO2008A115,Angola,AO,Moxico,none,Moxico,Sorghum,Main,2013,10,2014,4,All (PS),production,773.0
5079,AO2008A115,Angola,AO,Moxico,none,Moxico,Sorghum,Main,2014,10,2015,4,All (PS),production,874.0
5080,AO2008A115,Angola,AO,Moxico,none,Moxico,Sorghum,Main,2015,10,2016,4,All (PS),production,874.0
5081,AO2008A115,Angola,AO,Moxico,none,Moxico,Sorghum,Main,2016,10,2017,4,All (PS),production,1078.0
5082,AO2008A115,Angola,AO,Moxico,none,Moxico,Soybean,Main,2000,10,2001,4,All (PS),production,1471.0
5083,AO2008A115,Angola,AO,Moxico,none,Moxico,Soybean,Main,2008,10,2009,4,All (PS),production,288.0
5084,AO2008A115,Angola,AO,Moxico,none,Moxico,Soybean,Main,2009,10,2010,4,All (PS),production,290.0
5085,AO2008A115,Angola,AO,Moxico,none,Moxico,Soybean,Main,2010,10,2011,4,All (PS),production,378.0
5086,AO2008A115,Angola,AO,Moxico,none,Moxico,Soybean,Main,2011,10,2012,4,All (PS),production,125.0
5087,AO2008A115,Angola,AO,Moxico,none,Moxico,Soybean,Main,2012,10,2013,4,All (PS),production,400.0
5088,AO2008A115,Angola,AO,Moxico,none,Moxico,Soybean,Main,2013,10,2014,4,All (PS),production,509.0
5089,AO2008A115,Angola,AO,Moxico,none,Moxico,Soybean,Main,2014,10,2015,4,All (PS),production,583.0
5090,AO2008A115,Angola,AO,Moxico,none,Moxico,Soybean,Main,2015,10,2016,4,All (PS),production,583.0
5091,AO2008A115,Angola,AO,Moxico,none,Moxico,Soybean,Main,2016,10,2017,4,All (PS),production,580.0
5092,AO2008A115,Angola,AO,Moxico,none,Moxico,Okras,Main,2014,10,2015,4,All (PS),production,46.0
5093,AO2008A115,Angola,AO,Moxico,none,Moxico,Okras,Main,2015,10,2016,4,All (PS),production,46.0
5094,AO2008A115,Angola,AO,Moxico,none,Moxico,Okras,Main,2016,10,2017,4,All (PS),production,44.0
5095,AO2008A115,Angola,AO,Moxico,none,Moxico,Cabbage,Main,2014,10,2015,4,All (PS),production,1484.0
5096,AO2008A115,Angola,AO,Moxico,none,Moxico,Cabbage,Main,2015,10,2016,4,All (PS),production,1484.0
5097,AO2008A115,Angola,AO,Moxico,none,Moxico,Cabbage,Main,2016,10,2017,4,All (PS),production,1395.0
5098,AO2008A115,Angola,AO,Moxico,none,Moxico,Millet,Main,2014,10,2015,4,All (PS),production,3198.0
5099,AO2008A115,Angola,AO,Moxico,none,Moxico,Millet,Main,2015,10,2016,4,All (PS),production,3198.0
5100,AO2008A115,Angola,AO,Moxico,none,Moxico,Millet,Main,2016,10,2017,4,All (PS),production,3245.0
5101,AO2008A115,Angola,AO,Moxico,none,Moxico,Millet,Main,2000,10,2001,4,All (PS),production,1324.0
5102,AO2008A115,Angola,AO,Moxico,none,Moxico,Millet,Main,2001,10,2002,4,All (PS),production,592.0
5103,AO2008A115,Angola,AO,Moxico,none,Moxico,Millet,Main,2002,10,2003,4,All (PS),production,77.0
5104,AO2008A115,Angola,AO,Moxico,none,Moxico,Millet,Main,2003,10,2004,4,All (PS),production,477.0
5105,AO2008A115,Angola,AO,Moxico,none,Moxico,Millet,Main,2004,10,2005,4,All (PS),production,445.0
5106,AO2008A115,Angola,AO,Moxico,none,Moxico,Millet,Main,2005,10,2006,4,All (PS),production,454.0
5107,AO2008A115,Angola,AO,Moxico,none,Moxico,Millet,Main,2008,10,2009,4,All (PS),production,1169.0
5108,AO2008A115,Angola,AO,Moxico,none,Moxico,Millet,Main,2009,10,2010,4,All (PS),production,1974.0
5109,AO2008A115,Angola,AO,Moxico,none,Moxico,Millet,Main,2010,10,2011,4,All (PS),production,2219.0
5110,AO2008A115,Angola,AO,Moxico,none,Moxico,Millet,Main,2011,10,2012,4,All (PS),production,603.0
5111,AO2008A115,Angola,AO,Moxico,none,Moxico,Millet,Main,2012,10,2013,4,All (PS),production,2518.0
5112,AO2008A115,Angola,AO,Moxico,none,Moxico,Millet,Main,2013,10,2014,4,All (PS),production,2793.0
5113,AO2008A115,Angola,AO,Moxico,none,Moxico,Rice,Main,2000,10,2001,4,All (PS),production,3309.0
5114,AO2008A115,Angola,AO,Moxico,none,Moxico,Rice,Main,2001,10,2002,4,All (PS),production,2221.0
5115,AO2008A115,Angola,AO,Moxico,none,Moxico,Rice,Main,2002,10,2003,4,All (PS),production,7253.0
5116,AO2008A115,Angola,AO,Moxico,none,Moxico,Rice,Main,2003,10,2004,4,All (PS),production,6221.0
5117,AO2008A115,Angola,AO,Moxico,none,Moxico,Rice,Main,2004,10,2005,4,All (PS),production,5168.0
5118,AO2008A115,Angola,AO,Moxico,none,Moxico,Rice,Main,2005,10,2006,4,All (PS),production,3763.0
5119,AO2008A115,Angola,AO,Moxico,none,Moxico,Rice,Main,2006,10,2007,4,All (PS),production,3863.0
5120,AO2008A115,Angola,AO,Moxico,none,Moxico,Rice,Main,2007,10,2008,4,All (PS),production,1236.0
5121,AO2008A115,Angola,AO,Moxico,none,Moxico,Rice,Main,2008,10,2009,4,All (PS),production,3502.0
5122,AO2008A115,Angola,AO,Moxico,none,Moxico,Rice,Main,2009,10,2010,4,All (PS),production,4260.0
5123,AO2008A115,Angola,AO,Moxico,none,Moxico,Rice,Main,2010,10,2011,4,All (PS),production,6282.0
5124,AO2008A115,Angola,AO,Moxico,none,Moxico,Rice,Main,2011,10,2012,4,All (PS),production,4550.0
5125,AO2008A115,Angola,AO,Moxico,none,Moxico,Rice,Main,2012,10,2013,4,All (PS),production,9109.0
5126,AO2008A115,Angola,AO,Moxico,none,Moxico,Rice,Main,2013,10,2014,4,All (PS),production,10087.0
5127,AO2008A115,Angola,AO,Moxico,none,Moxico,Rice,Main,2014,10,2015,4,All (PS),production,5463.0
5128,AO2008A115,Angola,AO,Moxico,none,Moxico,Rice,Main,2015,10,2016,4,All (PS),production,5463.0
5129,AO2008A115,Angola,AO,Moxico,none,Moxico,Rice,Main,2016,10,2017,4,All (PS),production,3890.0
5130,AO2008A115,Angola,AO,Moxico,none,Moxico,Garlic,Main,2008,10,2009,4,All (PS),production,33.77
5131,AO2008A115,Angola,AO,Moxico,none,Moxico,Garlic,Main,2009,10,2010,4,All (PS),production,36.11
5132,AO2008A115,Angola,AO,Moxico,none,Moxico,Garlic,Main,2010,10,2011,4,All (PS),production,173.0
5133,AO2008A115,Angola,AO,Moxico,none,Moxico,Garlic,Main,2011,10,2012,4,All (PS),production,177.9
5134,AO2008A116,Angola,AO,Namibe,none,Namibe,Maize,Main,1996,10,1997,4,All (PS),production,3281.0
5135,AO2008A116,Angola,AO,Namibe,none,Namibe,Maize,Main,1997,10,1998,4,All (PS),production,4160.0
5136,AO2008A116,Angola,AO,Namibe,none,Namibe,Maize,Main,1998,10,1999,4,All (PS),production,2345.0
5137,AO2008A116,Angola,AO,Namibe,none,Namibe,Maize,Main,1999,10,2000,4,All (PS),production,4045.0
5138,AO2008A116,Angola,AO,Namibe,none,Namibe,Maize,Main,2000,10,2001,4,All (PS),production,3623.0
5139,AO2008A116,Angola,AO,Namibe,none,Namibe,Maize,Main,2001,10,2002,4,All (PS),production,1828.0
5140,AO2008A116,Angola,AO,Namibe,none,Namibe,Maize,Main,2002,10,2003,4,All (PS),production,3367.0
5141,AO2008A116,Angola,AO,Namibe,none,Namibe,Maize,Main,2003,10,2004,4,All (PS),production,1866.0
5142,AO2008A116,Angola,AO,Namibe,none,Namibe,Maize,Main,2004,10,2005,4,All (PS),production,2513.0
5143,AO2008A116,Angola,AO,Namibe,none,Namibe,Maize,Main,2005,10,2006,4,All (PS),production,1763.0
5144,AO2008A116,Angola,AO,Namibe,none,Namibe,Maize,Main,2006,10,2007,4,All (PS),production,2821.0
5145,AO2008A116,Angola,AO,Namibe,none,Namibe,Maize,Main,2007,10,2008,4,All (PS),production,5490.0
5146,AO2008A116,Angola,AO,Namibe,none,Namibe,Maize,Main,2008,10,2009,4,All (PS),production,6321.0
5147,AO2008A116,Angola,AO,Namibe,none,Namibe,Maize,Main,2009,10,2010,4,All (PS),production,8384.0
5148,AO2008A116,Angola,AO,Namibe,none,Namibe,Maize,Main,2010,10,2011,4,All (PS),production,10374.0
5149,AO2008A116,Angola,AO,Namibe,none,Namibe,Maize,Main,2011,10,2012,4,All (PS),production,3775.0
5150,AO2008A116,Angola,AO,Namibe,none,Namibe,Maize,Main,2012,10,2013,4,All (PS),production,9042.0
5151,AO2008A116,Angola,AO,Namibe,none,Namibe,Maize,Main,2013,10,2014,4,All (PS),production,10551.0
5152,AO2008A116,Angola,AO,Namibe,none,Namibe,Maize,Main,2014,10,2015,4,All (PS),production,13993.0
5153,AO2008A116,Angola,AO,Namibe,none,Namibe,Maize,Main,2015,10,2016,4,All (PS),production,13993.0
5154,AO2008A116,Angola,AO,Namibe,none,Namibe,Maize,Main,2016,10,2017,4,All (PS),production,19972.0
5155,AO2008A116,Angola,AO,Namibe,none,Namibe,Chili Pepper,Main,2014,10,2015,4,All (PS),production,324.0
5156,AO2008A116,Angola,AO,Namibe,none,Namibe,Chili Pepper,Main,2015,10,2016,4,All (PS),production,324.0
5157,AO2008A116,Angola,AO,Namibe,none,Namibe,Chili Pepper,Main,2016,10,2017,4,All (PS),production,358.0
5158,AO2008A116,Angola,AO,Namibe,none,Namibe,Sweet Potatoes,Main,2000,10,2001,4,All (PS),production,3160.0
5159,AO2008A116,Angola,AO,Namibe,none,Namibe,Sweet Potatoes,Main,2001,10,2002,4,All (PS),production,2869.0
5160,AO2008A116,Angola,AO,Namibe,none,Namibe,Sweet Potatoes,Main,2002,10,2003,4,All (PS),production,2936.0
5161,AO2008A116,Angola,AO,Namibe,none,Namibe,Sweet Potatoes,Main,2004,10,2005,4,All (PS),production,3231.0
5162,AO2008A116,Angola,AO,Namibe,none,Namibe,Sweet Potatoes,Main,2005,10,2006,4,All (PS),production,3897.0
5163,AO2008A116,Angola,AO,Namibe,none,Namibe,Sweet Potatoes,Main,2007,10,2008,4,All (PS),production,3858.0
5164,AO2008A116,Angola,AO,Namibe,none,Namibe,Sweet Potatoes,Main,2008,10,2009,4,All (PS),production,14645.0
5165,AO2008A116,Angola,AO,Namibe,none,Namibe,Sweet Potatoes,Main,2009,10,2010,4,All (PS),production,14909.0
5166,AO2008A116,Angola,AO,Namibe,none,Namibe,Sweet Potatoes,Main,2010,10,2011,4,All (PS),production,20719.0
5167,AO2008A116,Angola,AO,Namibe,none,Namibe,Sweet Potatoes,Main,2011,10,2012,4,All (PS),production,13889.0
5168,AO2008A116,Angola,AO,Namibe,none,Namibe,Sweet Potatoes,Main,2012,10,2013,4,All (PS),production,23089.0
5169,AO2008A116,Angola,AO,Namibe,none,Namibe,Sweet Potatoes,Main,2013,10,2014,4,All (PS),production,35179.0
5170,AO2008A116,Angola,AO,Namibe,none,Namibe,Sweet Potatoes,Main,2014,10,2015,4,All (PS),production,36414.0
5171,AO2008A116,Angola,AO,Namibe,none,Namibe,Sweet Potatoes,Main,2015,10,2016,4,All (PS),production,29541.0
5172,AO2008A116,Angola,AO,Namibe,none,Namibe,Sweet Potatoes,Main,2016,10,2017,4,All (PS),production,23943.0
5173,AO2008A116,Angola,AO,Namibe,none,Namibe,Banana,Main,2006,10,2007,4,All (PS),production,48122.0
5174,AO2008A116,Angola,AO,Namibe,none,Namibe,Banana,Main,2007,10,2008,4,All (PS),production,89144.0
5175,AO2008A116,Angola,AO,Namibe,none,Namibe,Banana,Main,2008,10,2009,4,All (PS),production,90824.0
5176,AO2008A116,Angola,AO,Namibe,none,Namibe,Banana,Main,2009,10,2010,4,All (PS),production,24279.0
5177,AO2008A116,Angola,AO,Namibe,none,Namibe,Banana,Main,2010,10,2011,4,All (PS),production,72936.0
5178,AO2008A116,Angola,AO,Namibe,none,Namibe,Banana,Main,2011,10,2012,4,All (PS),production,43766.0
5179,AO2008A116,Angola,AO,Namibe,none,Namibe,Banana,Main,2012,10,2013,4,All (PS),production,72994.0
5180,AO2008A116,Angola,AO,Namibe,none,Namibe,Banana,Main,2013,10,2014,4,All (PS),production,83053.0
5181,AO2008A116,Angola,AO,Namibe,none,Namibe,Banana,Main,2014,10,2015,4,All (PS),production,88715.0
5182,AO2008A116,Angola,AO,Namibe,none,Namibe,Banana,Main,2015,10,2016,4,All (PS),production,88715.0
5183,AO2008A116,Angola,AO,Namibe,none,Namibe,Banana,Main,2016,10,2017,4,All (PS),production,100387.0
5184,AO2008A116,Angola,AO,Namibe,none,Namibe,Tomato,Main,2014,10,2015,4,All (PS),production,49788.0
5185,AO2008A116,Angola,AO,Namibe,none,Namibe,Tomato,Main,2015,10,2016,4,All (PS),production,49788.0
5186,AO2008A116,Angola,AO,Namibe,none,Namibe,Tomato,Main,2016,10,2017,4,All (PS),production,50766.0
5187,AO2008A116,Angola,AO,Namibe,none,Namibe,Onions,Main,2014,10,2015,4,All (PS),production,12209.0
5188,AO2008A116,Angola,AO,Namibe,none,Namibe,Onions,Main,2015,10,2016,4,All (PS),production,12209.0
5189,AO2008A116,Angola,AO,Namibe,none,Namibe,Onions,Main,2016,10,2017,4,All (PS),production,14421.0
5190,AO2008A116,Angola,AO,Namibe,none,Namibe,Mango,Main,2015,10,2016,4,All (PS),production,3632.0
5191,AO2008A116,Angola,AO,Namibe,none,Namibe,Mango,Main,2016,10,2017,4,All (PS),production,4187.0
5192,AO2008A116,Angola,AO,Namibe,none,Namibe,Groundnuts (In Shell),Main,2007,10,2008,4,All (PS),production,64.0
5193,AO2008A116,Angola,AO,Namibe,none,Namibe,Groundnuts (In Shell),Main,2008,10,2009,4,All (PS),production,42.0
5194,AO2008A116,Angola,AO,Namibe,none,Namibe,Groundnuts (In Shell),Main,2009,10,2010,4,All (PS),production,260.0
5195,AO2008A116,Angola,AO,Namibe,none,Namibe,Groundnuts (In Shell),Main,2010,10,2011,4,All (PS),production,362.0
5196,AO2008A116,Angola,AO,Namibe,none,Namibe,Groundnuts (In Shell),Main,2011,10,2012,4,All (PS),production,157.0
5197,AO2008A116,Angola,AO,Namibe,none,Namibe,Groundnuts (In Shell),Main,2012,10,2013,4,All (PS),production,447.0
5198,AO2008A116,Angola,AO,Namibe,none,Namibe,Groundnuts (In Shell),Main,2013,10,2014,4,All (PS),production,654.0
5199,AO2008A116,Angola,AO,Namibe,none,Namibe,Groundnuts (In Shell),Main,2014,10,2015,4,All (PS),production,616.0
5200,AO2008A116,Angola,AO,Namibe,none,Namibe,Groundnuts (In Shell),Main,2015,10,2016,4,All (PS),production,616.0
5201,AO2008A116,Angola,AO,Namibe,none,Namibe,Groundnuts (In Shell),Main,2016,10,2017,4,All (PS),production,879.0
5202,AO2008A116,Angola,AO,Namibe,none,Namibe,Lemon,Main,2015,10,2016,4,All (PS),production,24392.0
5203,AO2008A116,Angola,AO,Namibe,none,Namibe,Lemon,Main,2016,10,2017,4,All (PS),production,23611.0
5204,AO2008A116,Angola,AO,Namibe,none,Namibe,Beans (mixed),Main,2000,10,2001,4,All (PS),production,197.0
5205,AO2008A116,Angola,AO,Namibe,none,Namibe,Beans (mixed),Main,2001,10,2002,4,All (PS),production,255.0
5206,AO2008A116,Angola,AO,Namibe,none,Namibe,Beans (mixed),Main,2002,10,2003,4,All (PS),production,326.0
5207,AO2008A116,Angola,AO,Namibe,none,Namibe,Beans (mixed),Main,2003,10,2004,4,All (PS),production,271.0
5208,AO2008A116,Angola,AO,Namibe,none,Namibe,Beans (mixed),Main,2004,10,2005,4,All (PS),production,431.0
5209,AO2008A116,Angola,AO,Namibe,none,Namibe,Beans (mixed),Main,2005,10,2006,4,All (PS),production,722.0
5210,AO2008A116,Angola,AO,Namibe,none,Namibe,Beans (mixed),Main,2006,10,2007,4,All (PS),production,948.0
5211,AO2008A116,Angola,AO,Namibe,none,Namibe,Beans (mixed),Main,2007,10,2008,4,All (PS),production,947.0
5212,AO2008A116,Angola,AO,Namibe,none,Namibe,Beans (mixed),Main,2008,10,2009,4,All (PS),production,719.0
5213,AO2008A116,Angola,AO,Namibe,none,Namibe,Beans (mixed),Main,2009,10,2010,4,All (PS),production,738.0
5214,AO2008A116,Angola,AO,Namibe,none,Namibe,Beans (mixed),Main,2010,10,2011,4,All (PS),production,995.0
5215,AO2008A116,Angola,AO,Namibe,none,Namibe,Beans (mixed),Main,2011,10,2012,4,All (PS),production,477.0
5216,AO2008A116,Angola,AO,Namibe,none,Namibe,Beans (mixed),Main,2012,10,2013,4,All (PS),production,1184.0
5217,AO2008A116,Angola,AO,Namibe,none,Namibe,Beans (mixed),Main,2013,10,2014,4,All (PS),production,1731.0
5218,AO2008A116,Angola,AO,Namibe,none,Namibe,Beans (mixed),Main,2014,10,2015,4,All (PS),production,1698.0
5219,AO2008A116,Angola,AO,Namibe,none,Namibe,Beans (mixed),Main,2015,10,2016,4,All (PS),production,1698.0
5220,AO2008A116,Angola,AO,Namibe,none,Namibe,Beans (mixed),Main,2016,10,2017,4,All (PS),production,1547.0
5221,AO2008A116,Angola,AO,Namibe,none,Namibe,Cassava,Main,1996,10,1997,4,All (PS),production,171990.0
5222,AO2008A116,Angola,AO,Namibe,none,Namibe,Cassava,Main,1997,10,1998,4,All (PS),production,172000.0
5223,AO2008A116,Angola,AO,Namibe,none,Namibe,Cassava,Main,2007,10,2008,4,All (PS),production,3858.0
5224,AO2008A116,Angola,AO,Namibe,none,Namibe,Cassava,Main,2008,10,2009,4,All (PS),production,54069.0
5225,AO2008A116,Angola,AO,Namibe,none,Namibe,Cassava,Main,2009,10,2010,4,All (PS),production,22218.0
5226,AO2008A116,Angola,AO,Namibe,none,Namibe,Cassava,Main,2010,10,2011,4,All (PS),production,23488.0
5227,AO2008A116,Angola,AO,Namibe,none,Namibe,Cassava,Main,2011,10,2012,4,All (PS),production,19379.0
5228,AO2008A116,Angola,AO,Namibe,none,Namibe,Cassava,Main,2012,10,2013,4,All (PS),production,26170.0
5229,AO2008A116,Angola,AO,Namibe,none,Namibe,Cassava,Main,2013,10,2014,4,All (PS),production,27193.0
5230,AO2008A116,Angola,AO,Namibe,none,Namibe,Cassava,Main,2015,10,2016,4,All (PS),production,28730.0
5231,AO2008A116,Angola,AO,Namibe,none,Namibe,Cassava,Main,2016,10,2017,4,All (PS),production,29323.0
5232,AO2008A116,Angola,AO,Namibe,none,Namibe,Potato,Main,2001,10,2002,4,All (PS),production,2550.0
5233,AO2008A116,Angola,AO,Namibe,none,Namibe,Potato,Main,2002,10,2003,4,All (PS),production,326.0
5234,AO2008A116,Angola,AO,Namibe,none,Namibe,Potato,Main,2003,10,2004,4,All (PS),production,271.0
5235,AO2008A116,Angola,AO,Namibe,none,Namibe,Potato,Main,2004,10,2005,4,All (PS),production,270.0
5236,AO2008A116,Angola,AO,Namibe,none,Namibe,Potato,Main,2006,10,2007,4,All (PS),production,6355.0
5237,AO2008A116,Angola,AO,Namibe,none,Namibe,Potato,Main,2007,10,2008,4,All (PS),production,7415.0
5238,AO2008A116,Angola,AO,Namibe,none,Namibe,Potato,Main,2008,10,2009,4,All (PS),production,15365.0
5239,AO2008A116,Angola,AO,Namibe,none,Namibe,Potato,Main,2009,10,2010,4,All (PS),production,16800.0
5240,AO2008A116,Angola,AO,Namibe,none,Namibe,Potato,Main,2010,10,2011,4,All (PS),production,18966.0
5241,AO2008A116,Angola,AO,Namibe,none,Namibe,Potato,Main,2011,10,2012,4,All (PS),production,16390.0
5242,AO2008A116,Angola,AO,Namibe,none,Namibe,Potato,Main,2012,10,2013,4,All (PS),production,17308.0
5243,AO2008A116,Angola,AO,Namibe,none,Namibe,Potato,Main,2013,10,2014,4,All (PS),production,17428.0
5244,AO2008A116,Angola,AO,Namibe,none,Namibe,Potato,Main,2014,10,2015,4,All (PS),production,17478.0
5245,AO2008A116,Angola,AO,Namibe,none,Namibe,Potato,Main,2015,10,2016,4,All (PS),production,17478.0
5246,AO2008A116,Angola,AO,Namibe,none,Namibe,Potato,Main,2016,10,2017,4,All (PS),production,15405.0
5247,AO2008A116,Angola,AO,Namibe,none,Namibe,Pineapple,Main,2007,10,2008,4,All (PS),production,21581.0
5248,AO2008A116,Angola,AO,Namibe,none,Namibe,Sorghum,Main,2006,10,2007,4,All (PS),production,6066.0
5249,AO2008A116,Angola,AO,Namibe,none,Namibe,Sorghum,Main,2007,10,2008,4,All (PS),production,502.0
5250,AO2008A116,Angola,AO,Namibe,none,Namibe,Sorghum,Main,2008,10,2009,4,All (PS),production,2554.0
5251,AO2008A116,Angola,AO,Namibe,none,Namibe,Sorghum,Main,2009,10,2010,4,All (PS),production,3005.0
5252,AO2008A116,Angola,AO,Namibe,none,Namibe,Sorghum,Main,2010,10,2011,4,All (PS),production,3258.0
5253,AO2008A116,Angola,AO,Namibe,none,Namibe,Sorghum,Main,2011,10,2012,4,All (PS),production,579.0
5254,AO2008A116,Angola,AO,Namibe,none,Namibe,Sorghum,Main,2012,10,2013,4,All (PS),production,1037.0
5255,AO2008A116,Angola,AO,Namibe,none,Namibe,Sorghum,Main,2013,10,2014,4,All (PS),production,1048.0
5256,AO2008A116,Angola,AO,Namibe,none,Namibe,Sorghum,Main,2014,10,2015,4,All (PS),production,1190.0
5257,AO2008A116,Angola,AO,Namibe,none,Namibe,Sorghum,Main,2015,10,2016,4,All (PS),production,1190.0
5258,AO2008A116,Angola,AO,Namibe,none,Namibe,Sorghum,Main,2016,10,2017,4,All (PS),production,787.0
5259,AO2008A116,Angola,AO,Namibe,none,Namibe,Cabbage,Main,2014,10,2015,4,All (PS),production,12718.0
5260,AO2008A116,Angola,AO,Namibe,none,Namibe,Cabbage,Main,2015,10,2016,4,All (PS),production,12718.0
5261,AO2008A116,Angola,AO,Namibe,none,Namibe,Cabbage,Main,2016,10,2017,4,All (PS),production,12948.0
5262,AO2008A116,Angola,AO,Namibe,none,Namibe,Millet,Main,2014,10,2015,4,All (PS),production,577.0
5263,AO2008A116,Angola,AO,Namibe,none,Namibe,Millet,Main,2015,10,2016,4,All (PS),production,577.0
5264,AO2008A116,Angola,AO,Namibe,none,Namibe,Millet,Main,2016,10,2017,4,All (PS),production,895.0
5265,AO2008A116,Angola,AO,Namibe,none,Namibe,Millet,Main,2000,10,2001,4,All (PS),production,1517.0
5266,AO2008A116,Angola,AO,Namibe,none,Namibe,Millet,Main,2001,10,2002,4,All (PS),production,1700.0
5267,AO2008A116,Angola,AO,Namibe,none,Namibe,Millet,Main,2002,10,2003,4,All (PS),production,1827.0
5268,AO2008A116,Angola,AO,Namibe,none,Namibe,Millet,Main,2003,10,2004,4,All (PS),production,1519.0
5269,AO2008A116,Angola,AO,Namibe,none,Namibe,Millet,Main,2004,10,2005,4,All (PS),production,1809.0
5270,AO2008A116,Angola,AO,Namibe,none,Namibe,Millet,Main,2005,10,2006,4,All (PS),production,1818.0
5271,AO2008A116,Angola,AO,Namibe,none,Namibe,Millet,Main,2006,10,2007,4,All (PS),production,3359.0
5272,AO2008A116,Angola,AO,Namibe,none,Namibe,Millet,Main,2007,10,2008,4,All (PS),production,289.0
5273,AO2008A116,Angola,AO,Namibe,none,Namibe,Millet,Main,2008,10,2009,4,All (PS),production,169.0
5274,AO2008A116,Angola,AO,Namibe,none,Namibe,Millet,Main,2009,10,2010,4,All (PS),production,874.0
5275,AO2008A116,Angola,AO,Namibe,none,Namibe,Millet,Main,2010,10,2011,4,All (PS),production,1025.0
5276,AO2008A116,Angola,AO,Namibe,none,Namibe,Millet,Main,2011,10,2012,4,All (PS),production,366.0
5277,AO2008A116,Angola,AO,Namibe,none,Namibe,Millet,Main,2012,10,2013,4,All (PS),production,454.0
5278,AO2008A116,Angola,AO,Namibe,none,Namibe,Millet,Main,2013,10,2014,4,All (PS),production,505.0
5279,AO2008A116,Angola,AO,Namibe,none,Namibe,Garlic,Main,2008,10,2009,4,All (PS),production,397.69
5280,AO2008A116,Angola,AO,Namibe,none,Namibe,Garlic,Main,2009,10,2010,4,All (PS),production,405.38
5281,AO2008A116,Angola,AO,Namibe,none,Namibe,Garlic,Main,2010,10,2011,4,All (PS),production,570.0
5282,AO2008A116,Angola,AO,Namibe,none,Namibe,Garlic,Main,2011,10,2012,4,All (PS),production,500.87
5283,AO2008A117,Angola,AO,Uige,none,Uige,Maize,Main,1996,10,1997,4,All (PS),production,6630.0
5284,AO2008A117,Angola,AO,Uige,none,Uige,Maize,Main,1997,10,1998,4,All (PS),production,3000.0
5285,AO2008A117,Angola,AO,Uige,none,Uige,Maize,Main,1998,10,1999,4,All (PS),production,13786.0
5286,AO2008A117,Angola,AO,Uige,none,Uige,Maize,Main,1999,10,2000,4,All (PS),production,13429.0
5287,AO2008A117,Angola,AO,Uige,none,Uige,Maize,Main,2000,10,2001,4,All (PS),production,8310.0
5288,AO2008A117,Angola,AO,Uige,none,Uige,Maize,Main,2001,10,2002,4,All (PS),production,22697.0
5289,AO2008A117,Angola,AO,Uige,none,Uige,Maize,Main,2002,10,2003,4,All (PS),production,9363.0
5290,AO2008A117,Angola,AO,Uige,none,Uige,Maize,Main,2003,10,2004,4,All (PS),production,13494.0
5291,AO2008A117,Angola,AO,Uige,none,Uige,Maize,Main,2004,10,2005,4,All (PS),production,9714.0
5292,AO2008A117,Angola,AO,Uige,none,Uige,Maize,Main,2005,10,2006,4,All (PS),production,9962.0
5293,AO2008A117,Angola,AO,Uige,none,Uige,Maize,Main,2006,10,2007,4,All (PS),production,10759.0
5294,AO2008A117,Angola,AO,Uige,none,Uige,Maize,Main,2007,10,2008,4,All (PS),production,17886.0
5295,AO2008A117,Angola,AO,Uige,none,Uige,Maize,Main,2008,10,2009,4,All (PS),production,4679.0
5296,AO2008A117,Angola,AO,Uige,none,Uige,Maize,Main,2009,10,2010,4,All (PS),production,25934.0
5297,AO2008A117,Angola,AO,Uige,none,Uige,Maize,Main,2010,10,2011,4,All (PS),production,33972.0
5298,AO2008A117,Angola,AO,Uige,none,Uige,Maize,Main,2011,10,2012,4,All (PS),production,1614.0
5299,AO2008A117,Angola,AO,Uige,none,Uige,Maize,Main,2012,10,2013,4,All (PS),production,35259.0
5300,AO2008A117,Angola,AO,Uige,none,Uige,Maize,Main,2013,10,2014,4,All (PS),production,35377.0
5301,AO2008A117,Angola,AO,Uige,none,Uige,Maize,Main,2014,10,2015,4,All (PS),production,46123.0
5302,AO2008A117,Angola,AO,Uige,none,Uige,Maize,Main,2015,10,2016,4,All (PS),production,46123.0
5303,AO2008A117,Angola,AO,Uige,none,Uige,Maize,Main,2016,10,2017,4,All (PS),production,67792.0
5304,AO2008A117,Angola,AO,Uige,none,Uige,Chili Pepper,Main,2014,10,2015,4,All (PS),production,347.0
5305,AO2008A117,Angola,AO,Uige,none,Uige,Chili Pepper,Main,2015,10,2016,4,All (PS),production,347.0
5306,AO2008A117,Angola,AO,Uige,none,Uige,Chili Pepper,Main,2016,10,2017,4,All (PS),production,410.0
5307,AO2008A117,Angola,AO,Uige,none,Uige,Sweet Potatoes,Main,2000,10,2001,4,All (PS),production,56981.0
5308,AO2008A117,Angola,AO,Uige,none,Uige,Sweet Potatoes,Main,2001,10,2002,4,All (PS),production,78567.0
5309,AO2008A117,Angola,AO,Uige,none,Uige,Sweet Potatoes,Main,2002,10,2003,4,All (PS),production,51046.0
5310,AO2008A117,Angola,AO,Uige,none,Uige,Sweet Potatoes,Main,2003,10,2004,4,All (PS),production,69089.0
5311,AO2008A117,Angola,AO,Uige,none,Uige,Sweet Potatoes,Main,2004,10,2005,4,All (PS),production,101030.0
5312,AO2008A117,Angola,AO,Uige,none,Uige,Sweet Potatoes,Main,2005,10,2006,4,All (PS),production,100176.0
5313,AO2008A117,Angola,AO,Uige,none,Uige,Sweet Potatoes,Main,2006,10,2007,4,All (PS),production,62136.0
5314,AO2008A117,Angola,AO,Uige,none,Uige,Sweet Potatoes,Main,2007,10,2008,4,All (PS),production,101030.0
5315,AO2008A117,Angola,AO,Uige,none,Uige,Sweet Potatoes,Main,2008,10,2009,4,All (PS),production,73849.0
5316,AO2008A117,Angola,AO,Uige,none,Uige,Sweet Potatoes,Main,2009,10,2010,4,All (PS),production,108952.0
5317,AO2008A117,Angola,AO,Uige,none,Uige,Sweet Potatoes,Main,2010,10,2011,4,All (PS),production,112153.0
5318,AO2008A117,Angola,AO,Uige,none,Uige,Sweet Potatoes,Main,2011,10,2012,4,All (PS),production,71653.0
5319,AO2008A117,Angola,AO,Uige,none,Uige,Sweet Potatoes,Main,2012,10,2013,4,All (PS),production,123326.0
5320,AO2008A117,Angola,AO,Uige,none,Uige,Sweet Potatoes,Main,2013,10,2014,4,All (PS),production,191944.0
5321,AO2008A117,Angola,AO,Uige,none,Uige,Sweet Potatoes,Main,2014,10,2015,4,All (PS),production,191496.0
5322,AO2008A117,Angola,AO,Uige,none,Uige,Sweet Potatoes,Main,2015,10,2016,4,All (PS),production,191496.0
5323,AO2008A117,Angola,AO,Uige,none,Uige,Sweet Potatoes,Main,2016,10,2017,4,All (PS),production,202616.0
5324,AO2008A117,Angola,AO,Uige,none,Uige,Banana,Main,2006,10,2007,4,All (PS),production,37200.0
5325,AO2008A117,Angola,AO,Uige,none,Uige,Banana,Main,2007,10,2008,4,All (PS),production,237698.0
5326,AO2008A117,Angola,AO,Uige,none,Uige,Banana,Main,2008,10,2009,4,All (PS),production,383960.0
5327,AO2008A117,Angola,AO,Uige,none,Uige,Banana,Main,2009,10,2010,4,All (PS),production,393626.0
5328,AO2008A117,Angola,AO,Uige,none,Uige,Banana,Main,2010,10,2011,4,All (PS),production,324837.0
5329,AO2008A117,Angola,AO,Uige,none,Uige,Banana,Main,2011,10,2012,4,All (PS),production,289141.0
5330,AO2008A117,Angola,AO,Uige,none,Uige,Banana,Main,2012,10,2013,4,All (PS),production,361341.0
5331,AO2008A117,Angola,AO,Uige,none,Uige,Banana,Main,2013,10,2014,4,All (PS),production,408234.0
5332,AO2008A117,Angola,AO,Uige,none,Uige,Banana,Main,2014,10,2015,4,All (PS),production,436364.0
5333,AO2008A117,Angola,AO,Uige,none,Uige,Banana,Main,2015,10,2016,4,All (PS),production,436364.0
5334,AO2008A117,Angola,AO,Uige,none,Uige,Banana,Main,2016,10,2017,4,All (PS),production,492732.0
5335,AO2008A117,Angola,AO,Uige,none,Uige,Tomato,Main,2014,10,2015,4,All (PS),production,7057.0
5336,AO2008A117,Angola,AO,Uige,none,Uige,Tomato,Main,2015,10,2016,4,All (PS),production,7057.0
5337,AO2008A117,Angola,AO,Uige,none,Uige,Tomato,Main,2016,10,2017,4,All (PS),production,7504.0
5338,AO2008A117,Angola,AO,Uige,none,Uige,Onions,Main,2014,10,2015,4,All (PS),production,1567.0
5339,AO2008A117,Angola,AO,Uige,none,Uige,Onions,Main,2015,10,2016,4,All (PS),production,1567.0
5340,AO2008A117,Angola,AO,Uige,none,Uige,Onions,Main,2016,10,2017,4,All (PS),production,1679.0
5341,AO2008A117,Angola,AO,Uige,none,Uige,Mango,Main,2015,10,2016,4,All (PS),production,11886.0
5342,AO2008A117,Angola,AO,Uige,none,Uige,Mango,Main,2016,10,2017,4,All (PS),production,9538.0
5343,AO2008A117,Angola,AO,Uige,none,Uige,Groundnuts (In Shell),Main,2001,10,2002,4,All (PS),production,8148.0
5344,AO2008A117,Angola,AO,Uige,none,Uige,Groundnuts (In Shell),Main,2002,10,2003,4,All (PS),production,13566.0
5345,AO2008A117,Angola,AO,Uige,none,Uige,Groundnuts (In Shell),Main,2003,10,2004,4,All (PS),production,19431.0
5346,AO2008A117,Angola,AO,Uige,none,Uige,Groundnuts (In Shell),Main,2004,10,2005,4,All (PS),production,23315.0
5347,AO2008A117,Angola,AO,Uige,none,Uige,Groundnuts (In Shell),Main,2005,10,2006,4,All (PS),production,26502.0
5348,AO2008A117,Angola,AO,Uige,none,Uige,Groundnuts (In Shell),Main,2006,10,2007,4,All (PS),production,23206.0
5349,AO2008A117,Angola,AO,Uige,none,Uige,Groundnuts (In Shell),Main,2007,10,2008,4,All (PS),production,21517.0
5350,AO2008A117,Angola,AO,Uige,none,Uige,Groundnuts (In Shell),Main,2008,10,2009,4,All (PS),production,20380.0
5351,AO2008A117,Angola,AO,Uige,none,Uige,Groundnuts (In Shell),Main,2009,10,2010,4,All (PS),production,20231.0
5352,AO2008A117,Angola,AO,Uige,none,Uige,Groundnuts (In Shell),Main,2010,10,2011,4,All (PS),production,29409.0
5353,AO2008A117,Angola,AO,Uige,none,Uige,Groundnuts (In Shell),Main,2011,10,2012,4,All (PS),production,15888.0
5354,AO2008A117,Angola,AO,Uige,none,Uige,Groundnuts (In Shell),Main,2012,10,2013,4,All (PS),production,35352.0
5355,AO2008A117,Angola,AO,Uige,none,Uige,Groundnuts (In Shell),Main,2013,10,2014,4,All (PS),production,46621.0
5356,AO2008A117,Angola,AO,Uige,none,Uige,Groundnuts (In Shell),Main,2014,10,2015,4,All (PS),production,49848.0
5357,AO2008A117,Angola,AO,Uige,none,Uige,Groundnuts (In Shell),Main,2015,10,2016,4,All (PS),production,49848.0
5358,AO2008A117,Angola,AO,Uige,none,Uige,Groundnuts (In Shell),Main,2016,10,2017,4,All (PS),production,36389.0
5359,AO2008A117,Angola,AO,Uige,none,Uige,Lemon,Main,2015,10,2016,4,All (PS),production,11025.0
5360,AO2008A117,Angola,AO,Uige,none,Uige,Lemon,Main,2016,10,2017,4,All (PS),production,8042.0
5361,AO2008A117,Angola,AO,Uige,none,Uige,Beans (mixed),Main,2000,10,2001,4,All (PS),production,9616.0
5362,AO2008A117,Angola,AO,Uige,none,Uige,Beans (mixed),Main,2001,10,2002,4,All (PS),production,11785.0
5363,AO2008A117,Angola,AO,Uige,none,Uige,Beans (mixed),Main,2002,10,2003,4,All (PS),production,5119.0
5364,AO2008A117,Angola,AO,Uige,none,Uige,Beans (mixed),Main,2003,10,2004,4,All (PS),production,10795.0
5365,AO2008A117,Angola,AO,Uige,none,Uige,Beans (mixed),Main,2004,10,2005,4,All (PS),production,12046.0
5366,AO2008A117,Angola,AO,Uige,none,Uige,Beans (mixed),Main,2005,10,2006,4,All (PS),production,13549.0
5367,AO2008A117,Angola,AO,Uige,none,Uige,Beans (mixed),Main,2006,10,2007,4,All (PS),production,16906.0
5368,AO2008A117,Angola,AO,Uige,none,Uige,Beans (mixed),Main,2007,10,2008,4,All (PS),production,20078.0
5369,AO2008A117,Angola,AO,Uige,none,Uige,Beans (mixed),Main,2008,10,2009,4,All (PS),production,14759.0
5370,AO2008A117,Angola,AO,Uige,none,Uige,Beans (mixed),Main,2009,10,2010,4,All (PS),production,14945.0
5371,AO2008A117,Angola,AO,Uige,none,Uige,Beans (mixed),Main,2010,10,2011,4,All (PS),production,20873.0
5372,AO2008A117,Angola,AO,Uige,none,Uige,Beans (mixed),Main,2011,10,2012,4,All (PS),production,11941.0
5373,AO2008A117,Angola,AO,Uige,none,Uige,Beans (mixed),Main,2012,10,2013,4,All (PS),production,20839.0
5374,AO2008A117,Angola,AO,Uige,none,Uige,Beans (mixed),Main,2013,10,2014,4,All (PS),production,27746.0
5375,AO2008A117,Angola,AO,Uige,none,Uige,Beans (mixed),Main,2014,10,2015,4,All (PS),production,27747.0
5376,AO2008A117,Angola,AO,Uige,none,Uige,Beans (mixed),Main,2015,10,2016,4,All (PS),production,27747.0
5377,AO2008A117,Angola,AO,Uige,none,Uige,Beans (mixed),Main,2016,10,2017,4,All (PS),production,23370.0
5378,AO2008A117,Angola,AO,Uige,none,Uige,Cassava,Main,1997,10,1998,4,All (PS),production,8000.0
5379,AO2008A117,Angola,AO,Uige,none,Uige,Cassava,Main,1998,10,1999,4,All (PS),production,633342.0
5380,AO2008A117,Angola,AO,Uige,none,Uige,Cassava,Main,1999,10,2000,4,All (PS),production,1175050.0
5381,AO2008A117,Angola,AO,Uige,none,Uige,Cassava,Main,2000,10,2001,4,All (PS),production,1697553.0
5382,AO2008A117,Angola,AO,Uige,none,Uige,Cassava,Main,2001,10,2002,4,All (PS),production,2145797.0
5383,AO2008A117,Angola,AO,Uige,none,Uige,Cassava,Main,2002,10,2003,4,All (PS),production,1659852.0
5384,AO2008A117,Angola,AO,Uige,none,Uige,Cassava,Main,2003,10,2004,4,All (PS),production,1704754.0
5385,AO2008A117,Angola,AO,Uige,none,Uige,Cassava,Main,2004,10,2005,4,All (PS),production,1804535.0
5386,AO2008A117,Angola,AO,Uige,none,Uige,Cassava,Main,2005,10,2006,4,All (PS),production,2773516.0
5387,AO2008A117,Angola,AO,Uige,none,Uige,Cassava,Main,2006,10,2007,4,All (PS),production,2909407.0
5388,AO2008A117,Angola,AO,Uige,none,Uige,Cassava,Main,2007,10,2008,4,All (PS),production,2708994.0
5389,AO2008A117,Angola,AO,Uige,none,Uige,Cassava,Main,2008,10,2009,4,All (PS),production,2554094.0
5390,AO2008A117,Angola,AO,Uige,none,Uige,Cassava,Main,2009,10,2010,4,All (PS),production,1181677.0
5391,AO2008A117,Angola,AO,Uige,none,Uige,Cassava,Main,2010,10,2011,4,All (PS),production,1186317.0
5392,AO2008A117,Angola,AO,Uige,none,Uige,Cassava,Main,2011,10,2012,4,All (PS),production,889268.0
5393,AO2008A117,Angola,AO,Uige,none,Uige,Cassava,Main,2012,10,2013,4,All (PS),production,1375620.0
5394,AO2008A117,Angola,AO,Uige,none,Uige,Cassava,Main,2013,10,2014,4,All (PS),production,1607224.0
5395,AO2008A117,Angola,AO,Uige,none,Uige,Cassava,Main,2015,10,2016,4,All (PS),production,1669094.0
5396,AO2008A117,Angola,AO,Uige,none,Uige,Cassava,Main,2016,10,2017,4,All (PS),production,1691800.0
5397,AO2008A117,Angola,AO,Uige,none,Uige,Potato,Main,2000,10,2001,4,All (PS),production,9497.0
5398,AO2008A117,Angola,AO,Uige,none,Uige,Potato,Main,2001,10,2002,4,All (PS),production,11640.0
5399,AO2008A117,Angola,AO,Uige,none,Uige,Potato,Main,2003,10,2004,4,All (PS),production,3598.0
5400,AO2008A117,Angola,AO,Uige,none,Uige,Potato,Main,2004,10,2005,4,All (PS),production,2710.0
5401,AO2008A117,Angola,AO,Uige,none,Uige,Potato,Main,2006,10,2007,4,All (PS),production,8589.0
5402,AO2008A117,Angola,AO,Uige,none,Uige,Potato,Main,2007,10,2008,4,All (PS),production,27018.0
5403,AO2008A117,Angola,AO,Uige,none,Uige,Potato,Main,2008,10,2009,4,All (PS),production,33992.0
5404,AO2008A117,Angola,AO,Uige,none,Uige,Potato,Main,2009,10,2010,4,All (PS),production,89851.0
5405,AO2008A117,Angola,AO,Uige,none,Uige,Potato,Main,2010,10,2011,4,All (PS),production,90768.0
5406,AO2008A117,Angola,AO,Uige,none,Uige,Potato,Main,2011,10,2012,4,All (PS),production,68302.0
5407,AO2008A117,Angola,AO,Uige,none,Uige,Potato,Main,2012,10,2013,4,All (PS),production,76605.0
5408,AO2008A117,Angola,AO,Uige,none,Uige,Potato,Main,2013,10,2014,4,All (PS),production,76630.0
5409,AO2008A117,Angola,AO,Uige,none,Uige,Potato,Main,2014,10,2015,4,All (PS),production,74336.0
5410,AO2008A117,Angola,AO,Uige,none,Uige,Potato,Main,2015,10,2016,4,All (PS),production,74336.0
5411,AO2008A117,Angola,AO,Uige,none,Uige,Potato,Main,2016,10,2017,4,All (PS),production,47107.0
5412,AO2008A117,Angola,AO,Uige,none,Uige,Pineapple,Main,2006,10,2007,4,All (PS),production,245.0
5413,AO2008A117,Angola,AO,Uige,none,Uige,Pineapple,Main,2014,10,2015,4,All (PS),production,31140.0
5414,AO2008A117,Angola,AO,Uige,none,Uige,Pineapple,Main,2015,10,2016,4,All (PS),production,31140.0
5415,AO2008A117,Angola,AO,Uige,none,Uige,Pineapple,Main,2016,10,2017,4,All (PS),production,30943.0
5416,AO2008A117,Angola,AO,Uige,none,Uige,Sorghum,Main,1996,10,1997,4,All (PS),production,6300.0
5417,AO2008A117,Angola,AO,Uige,none,Uige,Sorghum,Main,1997,10,1998,4,All (PS),production,7200.0
5418,AO2008A117,Angola,AO,Uige,none,Uige,Coffee,Main,2006,10,2007,4,All (PS),production,4346.0
5419,AO2008A117,Angola,AO,Uige,none,Uige,Coffee,Main,2007,10,2008,4,All (PS),production,8100.0
5420,AO2008A117,Angola,AO,Uige,none,Uige,Coffee,Main,2008,10,2009,4,All (PS),production,2108.0
5421,AO2008A117,Angola,AO,Uige,none,Uige,Coffee,Main,2012,10,2013,4,All (PS),production,3688.0
5422,AO2008A117,Angola,AO,Uige,none,Uige,Coffee,Main,2013,10,2014,4,All (PS),production,4598.0
5423,AO2008A117,Angola,AO,Uige,none,Uige,Soybean,Main,2000,10,2001,4,All (PS),production,5817.0
5424,AO2008A117,Angola,AO,Uige,none,Uige,Soybean,Main,2011,10,2012,4,All (PS),production,606.0
5425,AO2008A117,Angola,AO,Uige,none,Uige,Soybean,Main,2012,10,2013,4,All (PS),production,927.0
5426,AO2008A117,Angola,AO,Uige,none,Uige,Soybean,Main,2013,10,2014,4,All (PS),production,1180.0
5427,AO2008A117,Angola,AO,Uige,none,Uige,Soybean,Main,2014,10,2015,4,All (PS),production,1349.0
5428,AO2008A117,Angola,AO,Uige,none,Uige,Soybean,Main,2015,10,2016,4,All (PS),production,1349.0
5429,AO2008A117,Angola,AO,Uige,none,Uige,Okras,Main,2014,10,2015,4,All (PS),production,447.0
5430,AO2008A117,Angola,AO,Uige,none,Uige,Okras,Main,2015,10,2016,4,All (PS),production,447.0
5431,AO2008A117,Angola,AO,Uige,none,Uige,Okras,Main,2016,10,2017,4,All (PS),production,475.0
5432,AO2008A117,Angola,AO,Uige,none,Uige,Cabbage,Main,2014,10,2015,4,All (PS),production,2346.0
5433,AO2008A117,Angola,AO,Uige,none,Uige,Cabbage,Main,2015,10,2016,4,All (PS),production,2346.0
5434,AO2008A117,Angola,AO,Uige,none,Uige,Cabbage,Main,2016,10,2017,4,All (PS),production,2637.0
5435,AO2008A117,Angola,AO,Uige,none,Uige,Carrots,Main,2014,10,2015,4,All (PS),production,1329.0
5436,AO2008A117,Angola,AO,Uige,none,Uige,Carrots,Main,2015,10,2016,4,All (PS),production,1329.0
5437,AO2008A117,Angola,AO,Uige,none,Uige,Carrots,Main,2016,10,2017,4,All (PS),production,1312.0
5438,AO2008A117,Angola,AO,Uige,none,Uige,Millet,Main,1996,10,1997,4,All (PS),production,3000.0
5439,AO2008A117,Angola,AO,Uige,none,Uige,Millet,Main,1997,10,1998,4,All (PS),production,10800.0
5440,AO2008A117,Angola,AO,Uige,none,Uige,Rice,Main,2003,10,2004,4,All (PS),production,2785.0
5441,AO2008A117,Angola,AO,Uige,none,Uige,Rice,Main,2004,10,2005,4,All (PS),production,2720.0
5442,AO2008A117,Angola,AO,Uige,none,Uige,Rice,Main,2009,10,2010,4,All (PS),production,3804.0
5443,AO2008A117,Angola,AO,Uige,none,Uige,Rice,Main,2010,10,2011,4,All (PS),production,4626.0
5444,AO2008A117,Angola,AO,Uige,none,Uige,Rice,Main,2011,10,2012,4,All (PS),production,4466.0
5445,AO2008A117,Angola,AO,Uige,none,Uige,Rice,Main,2012,10,2013,4,All (PS),production,6508.0
5446,AO2008A117,Angola,AO,Uige,none,Uige,Rice,Main,2013,10,2014,4,All (PS),production,7287.0
5447,AO2008A117,Angola,AO,Uige,none,Uige,Rice,Main,2014,10,2015,4,All (PS),production,4899.0
5448,AO2008A117,Angola,AO,Uige,none,Uige,Rice,Main,2015,10,2016,4,All (PS),production,4899.0
5449,AO2008A117,Angola,AO,Uige,none,Uige,Rice,Main,2016,10,2017,4,All (PS),production,1837.0
5450,AO2008A117,Angola,AO,Uige,none,Uige,Garlic,Main,2008,10,2009,4,All (PS),production,104.19
5451,AO2008A117,Angola,AO,Uige,none,Uige,Garlic,Main,2009,10,2010,4,All (PS),production,106.21
5452,AO2008A117,Angola,AO,Uige,none,Uige,Garlic,Main,2010,10,2011,4,All (PS),production,173.0
5453,AO2008A117,Angola,AO,Uige,none,Uige,Garlic,Main,2011,10,2012,4,All (PS),production,174.46
5454,AO2008A117,Angola,AO,Uige,none,Uige,Avocado,Main,2016,10,2017,4,All (PS),production,7576.0
5455,AO2008A118,Angola,AO,Zaire,none,Zaire,Maize,Main,1996,10,1997,4,All (PS),production,5797.0
5456,AO2008A118,Angola,AO,Zaire,none,Zaire,Maize,Main,1997,10,1998,4,All (PS),production,13390.0
5457,AO2008A118,Angola,AO,Zaire,none,Zaire,Maize,Main,1998,10,1999,4,All (PS),production,5227.0
5458,AO2008A118,Angola,AO,Zaire,none,Zaire,Maize,Main,1999,10,2000,4,All (PS),production,5720.0
5459,AO2008A118,Angola,AO,Zaire,none,Zaire,Maize,Main,2000,10,2001,4,All (PS),production,2730.0
5460,AO2008A118,Angola,AO,Zaire,none,Zaire,Maize,Main,2001,10,2002,4,All (PS),production,5135.0
5461,AO2008A118,Angola,AO,Zaire,none,Zaire,Maize,Main,2002,10,2003,4,All (PS),production,2672.0
5462,AO2008A118,Angola,AO,Zaire,none,Zaire,Maize,Main,2003,10,2004,4,All (PS),production,1370.0
5463,AO2008A118,Angola,AO,Zaire,none,Zaire,Maize,Main,2004,10,2005,4,All (PS),production,605.0
5464,AO2008A118,Angola,AO,Zaire,none,Zaire,Maize,Main,2005,10,2006,4,All (PS),production,541.0
5465,AO2008A118,Angola,AO,Zaire,none,Zaire,Maize,Main,2006,10,2007,4,All (PS),production,557.0
5466,AO2008A118,Angola,AO,Zaire,none,Zaire,Maize,Main,2007,10,2008,4,All (PS),production,1189.0
5467,AO2008A118,Angola,AO,Zaire,none,Zaire,Maize,Main,2008,10,2009,4,All (PS),production,3626.0
5468,AO2008A118,Angola,AO,Zaire,none,Zaire,Maize,Main,2009,10,2010,4,All (PS),production,5236.0
5469,AO2008A118,Angola,AO,Zaire,none,Zaire,Maize,Main,2010,10,2011,4,All (PS),production,5508.0
5470,AO2008A118,Angola,AO,Zaire,none,Zaire,Maize,Main,2011,10,2012,4,All (PS),production,3164.0
5471,AO2008A118,Angola,AO,Zaire,none,Zaire,Maize,Main,2012,10,2013,4,All (PS),production,5987.0
5472,AO2008A118,Angola,AO,Zaire,none,Zaire,Maize,Main,2013,10,2014,4,All (PS),production,6410.0
5473,AO2008A118,Angola,AO,Zaire,none,Zaire,Maize,Main,2014,10,2015,4,All (PS),production,8445.0
5474,AO2008A118,Angola,AO,Zaire,none,Zaire,Maize,Main,2015,10,2016,4,All (PS),production,8445.0
5475,AO2008A118,Angola,AO,Zaire,none,Zaire,Maize,Main,2016,10,2017,4,All (PS),production,10713.0
5476,AO2008A118,Angola,AO,Zaire,none,Zaire,Sweet Potatoes,Main,2000,10,2001,4,All (PS),production,13941.0
5477,AO2008A118,Angola,AO,Zaire,none,Zaire,Sweet Potatoes,Main,2001,10,2002,4,All (PS),production,20739.0
5478,AO2008A118,Angola,AO,Zaire,none,Zaire,Sweet Potatoes,Main,2002,10,2003,4,All (PS),production,7400.0
5479,AO2008A118,Angola,AO,Zaire,none,Zaire,Sweet Potatoes,Main,2003,10,2004,4,All (PS),production,9250.0
5480,AO2008A118,Angola,AO,Zaire,none,Zaire,Sweet Potatoes,Main,2004,10,2005,4,All (PS),production,4839.0
5481,AO2008A118,Angola,AO,Zaire,none,Zaire,Sweet Potatoes,Main,2005,10,2006,4,All (PS),production,5408.0
5482,AO2008A118,Angola,AO,Zaire,none,Zaire,Sweet Potatoes,Main,2006,10,2007,4,All (PS),production,5457.0
5483,AO2008A118,Angola,AO,Zaire,none,Zaire,Sweet Potatoes,Main,2007,10,2008,4,All (PS),production,7268.0
5484,AO2008A118,Angola,AO,Zaire,none,Zaire,Sweet Potatoes,Main,2008,10,2009,4,All (PS),production,54579.0
5485,AO2008A118,Angola,AO,Zaire,none,Zaire,Sweet Potatoes,Main,2009,10,2010,4,All (PS),production,54752.0
5486,AO2008A118,Angola,AO,Zaire,none,Zaire,Sweet Potatoes,Main,2010,10,2011,4,All (PS),production,56002.0
5487,AO2008A118,Angola,AO,Zaire,none,Zaire,Sweet Potatoes,Main,2011,10,2012,4,All (PS),production,24609.0
5488,AO2008A118,Angola,AO,Zaire,none,Zaire,Sweet Potatoes,Main,2012,10,2013,4,All (PS),production,61671.0
5489,AO2008A118,Angola,AO,Zaire,none,Zaire,Sweet Potatoes,Main,2013,10,2014,4,All (PS),production,66933.0
5490,AO2008A118,Angola,AO,Zaire,none,Zaire,Sweet Potatoes,Main,2014,10,2015,4,All (PS),production,98753.0
5491,AO2008A118,Angola,AO,Zaire,none,Zaire,Sweet Potatoes,Main,2015,10,2016,4,All (PS),production,98753.0
5492,AO2008A118,Angola,AO,Zaire,none,Zaire,Sweet Potatoes,Main,2016,10,2017,4,All (PS),production,76194.0
5493,AO2008A118,Angola,AO,Zaire,none,Zaire,Banana,Main,2006,10,2007,4,All (PS),production,24782.0
5494,AO2008A118,Angola,AO,Zaire,none,Zaire,Banana,Main,2007,10,2008,4,All (PS),production,36556.0
5495,AO2008A118,Angola,AO,Zaire,none,Zaire,Banana,Main,2008,10,2009,4,All (PS),production,145817.0
5496,AO2008A118,Angola,AO,Zaire,none,Zaire,Banana,Main,2009,10,2010,4,All (PS),production,154393.0
5497,AO2008A118,Angola,AO,Zaire,none,Zaire,Banana,Main,2010,10,2011,4,All (PS),production,161828.0
5498,AO2008A118,Angola,AO,Zaire,none,Zaire,Banana,Main,2011,10,2012,4,All (PS),production,157789.0
5499,AO2008A118,Angola,AO,Zaire,none,Zaire,Banana,Main,2012,10,2013,4,All (PS),production,210378.0
5500,AO2008A118,Angola,AO,Zaire,none,Zaire,Banana,Main,2013,10,2014,4,All (PS),production,240022.0
5501,AO2008A118,Angola,AO,Zaire,none,Zaire,Banana,Main,2014,10,2015,4,All (PS),production,256472.0
5502,AO2008A118,Angola,AO,Zaire,none,Zaire,Banana,Main,2015,10,2016,4,All (PS),production,256472.0
5503,AO2008A118,Angola,AO,Zaire,none,Zaire,Banana,Main,2016,10,2017,4,All (PS),production,266002.0
5504,AO2008A118,Angola,AO,Zaire,none,Zaire,Tomato,Main,2016,10,2017,4,All (PS),production,9247.0
5505,AO2008A118,Angola,AO,Zaire,none,Zaire,Mango,Main,2015,10,2016,4,All (PS),production,5048.0
5506,AO2008A118,Angola,AO,Zaire,none,Zaire,Mango,Main,2016,10,2017,4,All (PS),production,410.0
5507,AO2008A118,Angola,AO,Zaire,none,Zaire,Groundnuts (In Shell),Main,2001,10,2002,4,All (PS),production,2634.0
5508,AO2008A118,Angola,AO,Zaire,none,Zaire,Groundnuts (In Shell),Main,2002,10,2003,4,All (PS),production,1850.0
5509,AO2008A118,Angola,AO,Zaire,none,Zaire,Groundnuts (In Shell),Main,2003,10,2004,4,All (PS),production,689.0
5510,AO2008A118,Angola,AO,Zaire,none,Zaire,Groundnuts (In Shell),Main,2004,10,2005,4,All (PS),production,939.0
5511,AO2008A118,Angola,AO,Zaire,none,Zaire,Groundnuts (In Shell),Main,2005,10,2006,4,All (PS),production,892.0
5512,AO2008A118,Angola,AO,Zaire,none,Zaire,Groundnuts (In Shell),Main,2006,10,2007,4,All (PS),production,994.0
5513,AO2008A118,Angola,AO,Zaire,none,Zaire,Groundnuts (In Shell),Main,2007,10,2008,4,All (PS),production,1170.0
5514,AO2008A118,Angola,AO,Zaire,none,Zaire,Groundnuts (In Shell),Main,2008,10,2009,4,All (PS),production,2639.0
5515,AO2008A118,Angola,AO,Zaire,none,Zaire,Groundnuts (In Shell),Main,2009,10,2010,4,All (PS),production,2658.0
5516,AO2008A118,Angola,AO,Zaire,none,Zaire,Groundnuts (In Shell),Main,2010,10,2011,4,All (PS),production,3793.0
5517,AO2008A118,Angola,AO,Zaire,none,Zaire,Groundnuts (In Shell),Main,2011,10,2012,4,All (PS),production,2507.0
5518,AO2008A118,Angola,AO,Zaire,none,Zaire,Groundnuts (In Shell),Main,2012,10,2013,4,All (PS),production,4641.0
5519,AO2008A118,Angola,AO,Zaire,none,Zaire,Groundnuts (In Shell),Main,2013,10,2014,4,All (PS),production,6499.0
5520,AO2008A118,Angola,AO,Zaire,none,Zaire,Groundnuts (In Shell),Main,2014,10,2015,4,All (PS),production,6988.0
5521,AO2008A118,Angola,AO,Zaire,none,Zaire,Groundnuts (In Shell),Main,2015,10,2016,4,All (PS),production,6988.0
5522,AO2008A118,Angola,AO,Zaire,none,Zaire,Groundnuts (In Shell),Main,2016,10,2017,4,All (PS),production,5763.0
5523,AO2008A118,Angola,AO,Zaire,none,Zaire,Lemon,Main,2015,10,2016,4,All (PS),production,1160.0
5524,AO2008A118,Angola,AO,Zaire,none,Zaire,Lemon,Main,2016,10,2017,4,All (PS),production,955.0
5525,AO2008A118,Angola,AO,Zaire,none,Zaire,Beans (mixed),Main,2000,10,2001,4,All (PS),production,3130.0
5526,AO2008A118,Angola,AO,Zaire,none,Zaire,Beans (mixed),Main,2001,10,2002,4,All (PS),production,2897.0
5527,AO2008A118,Angola,AO,Zaire,none,Zaire,Beans (mixed),Main,2002,10,2003,4,All (PS),production,206.0
5528,AO2008A118,Angola,AO,Zaire,none,Zaire,Beans (mixed),Main,2003,10,2004,4,All (PS),production,1233.0
5529,AO2008A118,Angola,AO,Zaire,none,Zaire,Beans (mixed),Main,2004,10,2005,4,All (PS),production,750.0
5530,AO2008A118,Angola,AO,Zaire,none,Zaire,Beans (mixed),Main,2005,10,2006,4,All (PS),production,838.0
5531,AO2008A118,Angola,AO,Zaire,none,Zaire,Beans (mixed),Main,2006,10,2007,4,All (PS),production,936.0
5532,AO2008A118,Angola,AO,Zaire,none,Zaire,Beans (mixed),Main,2007,10,2008,4,All (PS),production,1223.0
5533,AO2008A118,Angola,AO,Zaire,none,Zaire,Beans (mixed),Main,2008,10,2009,4,All (PS),production,1527.0
5534,AO2008A118,Angola,AO,Zaire,none,Zaire,Beans (mixed),Main,2009,10,2010,4,All (PS),production,2183.0
5535,AO2008A118,Angola,AO,Zaire,none,Zaire,Beans (mixed),Main,2010,10,2011,4,All (PS),production,2646.0
5536,AO2008A118,Angola,AO,Zaire,none,Zaire,Beans (mixed),Main,2011,10,2012,4,All (PS),production,1624.0
5537,AO2008A118,Angola,AO,Zaire,none,Zaire,Beans (mixed),Main,2012,10,2013,4,All (PS),production,2049.0
5538,AO2008A118,Angola,AO,Zaire,none,Zaire,Beans (mixed),Main,2013,10,2014,4,All (PS),production,2879.0
5539,AO2008A118,Angola,AO,Zaire,none,Zaire,Beans (mixed),Main,2014,10,2015,4,All (PS),production,2884.0
5540,AO2008A118,Angola,AO,Zaire,none,Zaire,Beans (mixed),Main,2015,10,2016,4,All (PS),production,2884.0
5541,AO2008A118,Angola,AO,Zaire,none,Zaire,Beans (mixed),Main,2016,10,2017,4,All (PS),production,3314.0
5542,AO2008A118,Angola,AO,Zaire,none,Zaire,Cassava,Main,1996,10,1997,4,All (PS),production,145000.0
5543,AO2008A118,Angola,AO,Zaire,none,Zaire,Cassava,Main,1997,10,1998,4,All (PS),production,216710.0
5544,AO2008A118,Angola,AO,Zaire,none,Zaire,Cassava,Main,1998,10,1999,4,All (PS),production,194464.0
5545,AO2008A118,Angola,AO,Zaire,none,Zaire,Cassava,Main,1999,10,2000,4,All (PS),production,64485.0
5546,AO2008A118,Angola,AO,Zaire,none,Zaire,Cassava,Main,2000,10,2001,4,All (PS),production,324330.0
5547,AO2008A118,Angola,AO,Zaire,none,Zaire,Cassava,Main,2001,10,2002,4,All (PS),production,404583.0
5548,AO2008A118,Angola,AO,Zaire,none,Zaire,Cassava,Main,2002,10,2003,4,All (PS),production,148130.0
5549,AO2008A118,Angola,AO,Zaire,none,Zaire,Cassava,Main,2003,10,2004,4,All (PS),production,130713.0
5550,AO2008A118,Angola,AO,Zaire,none,Zaire,Cassava,Main,2004,10,2005,4,All (PS),production,122050.0
5551,AO2008A118,Angola,AO,Zaire,none,Zaire,Cassava,Main,2005,10,2006,4,All (PS),production,195905.0
5552,AO2008A118,Angola,AO,Zaire,none,Zaire,Cassava,Main,2006,10,2007,4,All (PS),production,201785.0
5553,AO2008A118,Angola,AO,Zaire,none,Zaire,Cassava,Main,2007,10,2008,4,All (PS),production,491627.0
5554,AO2008A118,Angola,AO,Zaire,none,Zaire,Cassava,Main,2008,10,2009,4,All (PS),production,586480.0
5555,AO2008A118,Angola,AO,Zaire,none,Zaire,Cassava,Main,2009,10,2010,4,All (PS),production,238731.0
5556,AO2008A118,Angola,AO,Zaire,none,Zaire,Cassava,Main,2010,10,2011,4,All (PS),production,241409.0
5557,AO2008A118,Angola,AO,Zaire,none,Zaire,Cassava,Main,2011,10,2012,4,All (PS),production,184860.0
5558,AO2008A118,Angola,AO,Zaire,none,Zaire,Cassava,Main,2012,10,2013,4,All (PS),production,298982.0
5559,AO2008A118,Angola,AO,Zaire,none,Zaire,Cassava,Main,2013,10,2014,4,All (PS),production,345292.0
5560,AO2008A118,Angola,AO,Zaire,none,Zaire,Cassava,Main,2015,10,2016,4,All (PS),production,357170.0
5561,AO2008A118,Angola,AO,Zaire,none,Zaire,Cassava,Main,2016,10,2017,4,All (PS),production,283867.0
5562,AO2008A118,Angola,AO,Zaire,none,Zaire,Potato,Main,2000,10,2001,4,All (PS),production,4076.0
5563,AO2008A118,Angola,AO,Zaire,none,Zaire,Potato,Main,2001,10,2002,4,All (PS),production,4713.0
5564,AO2008A118,Angola,AO,Zaire,none,Zaire,Potato,Main,2008,10,2009,4,All (PS),production,7233.0
5565,AO2008A118,Angola,AO,Zaire,none,Zaire,Potato,Main,2009,10,2010,4,All (PS),production,7150.0
5566,AO2008A118,Angola,AO,Zaire,none,Zaire,Potato,Main,2010,10,2011,4,All (PS),production,7093.0
5567,AO2008A118,Angola,AO,Zaire,none,Zaire,Potato,Main,2011,10,2012,4,All (PS),production,5720.0
5568,AO2008A118,Angola,AO,Zaire,none,Zaire,Potato,Main,2012,10,2013,4,All (PS),production,5063.0
5569,AO2008A118,Angola,AO,Zaire,none,Zaire,Potato,Main,2013,10,2014,4,All (PS),production,5134.0
5570,AO2008A118,Angola,AO,Zaire,none,Zaire,Potato,Main,2014,10,2015,4,All (PS),production,5144.0
5571,AO2008A118,Angola,AO,Zaire,none,Zaire,Potato,Main,2015,10,2016,4,All (PS),production,5144.0
5572,AO2008A118,Angola,AO,Zaire,none,Zaire,Pineapple,Main,2006,10,2007,4,All (PS),production,3350.0
5573,AO2008A118,Angola,AO,Zaire,none,Zaire,Pineapple,Main,2007,10,2008,4,All (PS),production,12407.0
5574,AO2008A118,Angola,AO,Zaire,none,Zaire,Pineapple,Main,2014,10,2015,4,All (PS),production,28103.0
5575,AO2008A118,Angola,AO,Zaire,none,Zaire,Pineapple,Main,2015,10,2016,4,All (PS),production,28103.0
5576,AO2008A118,Angola,AO,Zaire,none,Zaire,Sorghum,Main,1997,10,1998,4,All (PS),production,700.0
5577,AO2008A118,Angola,AO,Zaire,none,Zaire,Soybean,Main,2000,10,2001,4,All (PS),production,1821.0
5578,AO2008A118,Angola,AO,Zaire,none,Zaire,Garlic,Main,2008,10,2009,4,All (PS),production,14.65
5579,AO2008A118,Angola,AO,Zaire,none,Zaire,Garlic,Main,2009,10,2010,4,All (PS),production,14.93
5580,AO2008A118,Angola,AO,Zaire,none,Zaire,Garlic,Main,2010,10,2011,4,All (PS),production,20.0
5581,AO2008A118,Angola,AO,Zaire,none,Zaire,Garlic,Main,2011,10,2012,4,All (PS),production,21.95
5582,AO2008A101,Angola,AO,Bengo,none,Bengo,Maize,Main,1996,10,1997,4,All (PS),yield,0.61
5583,AO2008A101,Angola,AO,Bengo,none,Bengo,Maize,Main,1997,10,1998,4,All (PS),yield,0.7
5584,AO2008A101,Angola,AO,Bengo,none,Bengo,Maize,Main,1998,10,1999,4,All (PS),yield,0.8999564080209241
5585,AO2008A101,Angola,AO,Bengo,none,Bengo,Maize,Main,1999,10,2000,4,All (PS),yield,1.1999600079984003
5586,AO2008A101,Angola,AO,Bengo,none,Bengo,Maize,Main,2000,10,2001,4,All (PS),yield,0.6000314070351759
5587,AO2008A101,Angola,AO,Bengo,none,Bengo,Maize,Main,2001,10,2002,4,All (PS),yield,0.6499757712808916
5588,AO2008A101,Angola,AO,Bengo,none,Bengo,Maize,Main,2002,10,2003,4,All (PS),yield,0.6000255819902789
5589,AO2008A101,Angola,AO,Bengo,none,Bengo,Maize,Main,2003,10,2004,4,All (PS),yield,0.7499561018437225
5590,AO2008A101,Angola,AO,Bengo,none,Bengo,Maize,Main,2004,10,2005,4,All (PS),yield,0.4999354422207876
5591,AO2008A101,Angola,AO,Bengo,none,Bengo,Maize,Main,2005,10,2006,4,All (PS),yield,0.3399462434404198
5592,AO2008A101,Angola,AO,Bengo,none,Bengo,Maize,Main,2006,10,2007,4,All (PS),yield,0.40461275626423693
5593,AO2008A101,Angola,AO,Bengo,none,Bengo,Maize,Main,2007,10,2008,4,All (PS),yield,0.7989387909797233
5594,AO2008A101,Angola,AO,Bengo,none,Bengo,Maize,Main,2008,10,2009,4,All (PS),yield,0.6965620328849028
5595,AO2008A101,Angola,AO,Bengo,none,Bengo,Maize,Main,2009,10,2010,4,All (PS),yield,0.5293751555887478
5596,AO2008A101,Angola,AO,Bengo,none,Bengo,Maize,Main,2010,10,2011,4,All (PS),yield,0.5957561686733978
5597,AO2008A101,Angola,AO,Bengo,none,Bengo,Maize,Main,2011,10,2012,4,All (PS),yield,0.21377183967112023
5598,AO2008A101,Angola,AO,Bengo,none,Bengo,Maize,Main,2012,10,2013,4,All (PS),yield,0.6225276567214214
5599,AO2008A101,Angola,AO,Bengo,none,Bengo,Maize,Main,2013,10,2014,4,All (PS),yield,0.6485685609138269
5600,AO2008A101,Angola,AO,Bengo,none,Bengo,Maize,Main,2014,10,2015,4,All (PS),yield,0.3740961897798359
5601,AO2008A101,Angola,AO,Bengo,none,Bengo,Maize,Main,2015,10,2016,4,All (PS),yield,0.3740961897798359
5602,AO2008A101,Angola,AO,Bengo,none,Bengo,Maize,Main,2016,10,2017,4,All (PS),yield,0.5904077573679594
5603,AO2008A101,Angola,AO,Bengo,none,Bengo,Chili Pepper,Main,2014,10,2015,4,All (PS),yield,1.0
5604,AO2008A101,Angola,AO,Bengo,none,Bengo,Chili Pepper,Main,2015,10,2016,4,All (PS),yield,1.0
5605,AO2008A101,Angola,AO,Bengo,none,Bengo,Chili Pepper,Main,2016,10,2017,4,All (PS),yield,4.285157771717959
5606,AO2008A101,Angola,AO,Bengo,none,Bengo,Sweet Potatoes,Main,2000,10,2001,4,All (PS),yield,4.000235571260307
5607,AO2008A101,Angola,AO,Bengo,none,Bengo,Sweet Potatoes,Main,2001,10,2002,4,All (PS),yield,4.500363460140538
5608,AO2008A101,Angola,AO,Bengo,none,Bengo,Sweet Potatoes,Main,2002,10,2003,4,All (PS),yield,4.0
5609,AO2008A101,Angola,AO,Bengo,none,Bengo,Sweet Potatoes,Main,2003,10,2004,4,All (PS),yield,4.0
5610,AO2008A101,Angola,AO,Bengo,none,Bengo,Sweet Potatoes,Main,2004,10,2005,4,All (PS),yield,5.000368935620735
5611,AO2008A101,Angola,AO,Bengo,none,Bengo,Sweet Potatoes,Main,2005,10,2006,4,All (PS),yield,5.000345960906418
5612,AO2008A101,Angola,AO,Bengo,none,Bengo,Sweet Potatoes,Main,2006,10,2007,4,All (PS),yield,5.799491889779167
5613,AO2008A101,Angola,AO,Bengo,none,Bengo,Sweet Potatoes,Main,2007,10,2008,4,All (PS),yield,7.860459433040078
5614,AO2008A101,Angola,AO,Bengo,none,Bengo,Sweet Potatoes,Main,2008,10,2009,4,All (PS),yield,7.999512551791372
5615,AO2008A101,Angola,AO,Bengo,none,Bengo,Sweet Potatoes,Main,2009,10,2010,4,All (PS),yield,7.999829700272479
5616,AO2008A101,Angola,AO,Bengo,none,Bengo,Sweet Potatoes,Main,2010,10,2011,4,All (PS),yield,7.315610955651658
5617,AO2008A101,Angola,AO,Bengo,none,Bengo,Sweet Potatoes,Main,2011,10,2012,4,All (PS),yield,3.779387667097887
5618,AO2008A101,Angola,AO,Bengo,none,Bengo,Sweet Potatoes,Main,2012,10,2013,4,All (PS),yield,8.150397130412504
5619,AO2008A101,Angola,AO,Bengo,none,Bengo,Sweet Potatoes,Main,2013,10,2014,4,All (PS),yield,12.794520547945206
5620,AO2008A101,Angola,AO,Bengo,none,Bengo,Sweet Potatoes,Main,2014,10,2015,4,All (PS),yield,13.37868186922346
5621,AO2008A101,Angola,AO,Bengo,none,Bengo,Sweet Potatoes,Main,2015,10,2016,4,All (PS),yield,13.37868186922346
5622,AO2008A101,Angola,AO,Bengo,none,Bengo,Sweet Potatoes,Main,2016,10,2017,4,All (PS),yield,9.883864740128503
5623,AO2008A101,Angola,AO,Bengo,none,Bengo,Banana,Main,2007,10,2008,4,All (PS),yield,14.360703812316716
5624,AO2008A101,Angola,AO,Bengo,none,Bengo,Banana,Main,2008,10,2009,4,All (PS),yield,15.592113768584356
5625,AO2008A101,Angola,AO,Bengo,none,Bengo,Banana,Main,2014,10,2015,4,All (PS),yield,28.79588291496569
5626,AO2008A101,Angola,AO,Bengo,none,Bengo,Banana,Main,2015,10,2016,4,All (PS),yield,28.79588291496569
5627,AO2008A101,Angola,AO,Bengo,none,Bengo,Banana,Main,2016,10,2017,4,All (PS),yield,27.808958958562638
5628,AO2008A101,Angola,AO,Bengo,none,Bengo,Tomato,Main,2014,10,2015,4,All (PS),yield,17.666666666666668
5629,AO2008A101,Angola,AO,Bengo,none,Bengo,Tomato,Main,2015,10,2016,4,All (PS),yield,17.666666666666668
5630,AO2008A101,Angola,AO,Bengo,none,Bengo,Tomato,Main,2016,10,2017,4,All (PS),yield,17.347097779509156
5631,AO2008A101,Angola,AO,Bengo,none,Bengo,Onions,Main,2014,10,2015,4,All (PS),yield,13.990719257540603
5632,AO2008A101,Angola,AO,Bengo,none,Bengo,Onions,Main,2015,10,2016,4,All (PS),yield,13.990719257540603
5633,AO2008A101,Angola,AO,Bengo,none,Bengo,Onions,Main,2016,10,2017,4,All (PS),yield,15.9189612715469
5634,AO2008A101,Angola,AO,Bengo,none,Bengo,Mango,Main,2015,10,2016,4,All (PS),yield,10.135859519408502
5635,AO2008A101,Angola,AO,Bengo,none,Bengo,Mango,Main,2016,10,2017,4,All (PS),yield,14.263337651631138
5636,AO2008A101,Angola,AO,Bengo,none,Bengo,Groundnuts (In Shell),Main,2005,10,2006,4,All (PS),yield,0.31643625192012287
5637,AO2008A101,Angola,AO,Bengo,none,Bengo,Groundnuts (In Shell),Main,2007,10,2008,4,All (PS),yield,0.40004887585532745
5638,AO2008A101,Angola,AO,Bengo,none,Bengo,Groundnuts (In Shell),Main,2008,10,2009,4,All (PS),yield,0.3
5639,AO2008A101,Angola,AO,Bengo,none,Bengo,Groundnuts (In Shell),Main,2014,10,2015,4,All (PS),yield,0.9011624213936352
5640,AO2008A101,Angola,AO,Bengo,none,Bengo,Groundnuts (In Shell),Main,2015,10,2016,4,All (PS),yield,0.9011624213936352
5641,AO2008A101,Angola,AO,Bengo,none,Bengo,Groundnuts (In Shell),Main,2016,10,2017,4,All (PS),yield,0.3028624192059095
5642,AO2008A101,Angola,AO,Bengo,none,Bengo,Lemon,Main,2015,10,2016,4,All (PS),yield,6.357195845697329
5643,AO2008A101,Angola,AO,Bengo,none,Bengo,Lemon,Main,2016,10,2017,4,All (PS),yield,9.084059456688877
5644,AO2008A101,Angola,AO,Bengo,none,Bengo,Beans (mixed),Main,2005,10,2006,4,All (PS),yield,0.25792
5645,AO2008A101,Angola,AO,Bengo,none,Bengo,Beans (mixed),Main,2006,10,2007,4,All (PS),yield,0.20172478440194977
5646,AO2008A101,Angola,AO,Bengo,none,Bengo,Beans (mixed),Main,2007,10,2008,4,All (PS),yield,0.35084376701143166
5647,AO2008A101,Angola,AO,Bengo,none,Bengo,Beans (mixed),Main,2008,10,2009,4,All (PS),yield,0.2999565909419766
5648,AO2008A101,Angola,AO,Bengo,none,Bengo,Beans (mixed),Main,2014,10,2015,4,All (PS),yield,0.38853031425246004
5649,AO2008A101,Angola,AO,Bengo,none,Bengo,Beans (mixed),Main,2015,10,2016,4,All (PS),yield,0.38853031425246004
5650,AO2008A101,Angola,AO,Bengo,none,Bengo,Beans (mixed),Main,2016,10,2017,4,All (PS),yield,0.394256510099781
5651,AO2008A101,Angola,AO,Bengo,none,Bengo,Cassava,Main,1996,10,1997,4,All (PS),yield,3.5
5652,AO2008A101,Angola,AO,Bengo,none,Bengo,Cassava,Main,1997,10,1998,4,All (PS),yield,6.5
5653,AO2008A101,Angola,AO,Bengo,none,Bengo,Cassava,Main,1998,10,1999,4,All (PS),yield,6.0
5654,AO2008A101,Angola,AO,Bengo,none,Bengo,Cassava,Main,1999,10,2000,4,All (PS),yield,9.0
5655,AO2008A101,Angola,AO,Bengo,none,Bengo,Cassava,Main,2005,10,2006,4,All (PS),yield,12.0001142831021
5656,AO2008A101,Angola,AO,Bengo,none,Bengo,Cassava,Main,2006,10,2007,4,All (PS),yield,9.736897782080936
5657,AO2008A101,Angola,AO,Bengo,none,Bengo,Cassava,Main,2007,10,2008,4,All (PS),yield,15.688392198914283
5658,AO2008A101,Angola,AO,Bengo,none,Bengo,Cassava,Main,2008,10,2009,4,All (PS),yield,15.981457170987857
5659,AO2008A101,Angola,AO,Bengo,none,Bengo,Cassava,Main,2014,10,2015,4,All (PS),yield,6.625435540069686
5660,AO2008A101,Angola,AO,Bengo,none,Bengo,Cassava,Main,2015,10,2016,4,All (PS),yield,3.8761785201885632
5661,AO2008A101,Angola,AO,Bengo,none,Bengo,Cassava,Main,2016,10,2017,4,All (PS),yield,6.099031353715396
5662,AO2008A101,Angola,AO,Bengo,none,Bengo,Potato,Main,2000,10,2001,4,All (PS),yield,4.995294117647059
5663,AO2008A101,Angola,AO,Bengo,none,Bengo,Potato,Main,2001,10,2002,4,All (PS),yield,2.997578692493947
5664,AO2008A101,Angola,AO,Bengo,none,Bengo,Potato,Main,2004,10,2005,4,All (PS),yield,2.0043103448275863
5665,AO2008A101,Angola,AO,Bengo,none,Bengo,Potato,Main,2006,10,2007,4,All (PS),yield,5.003968253968254
5666,AO2008A101,Angola,AO,Bengo,none,Bengo,Potato,Main,2007,10,2008,4,All (PS),yield,6.330278592375366
5667,AO2008A101,Angola,AO,Bengo,none,Bengo,Potato,Main,2008,10,2009,4,All (PS),yield,6.0105878057685285
5668,AO2008A101,Angola,AO,Bengo,none,Bengo,Potato,Main,2009,10,2010,4,All (PS),yield,6.009031791907514
5669,AO2008A101,Angola,AO,Bengo,none,Bengo,Potato,Main,2010,10,2011,4,All (PS),yield,6.35927927927928
5670,AO2008A101,Angola,AO,Bengo,none,Bengo,Potato,Main,2011,10,2012,4,All (PS),yield,5.321261682242991
5671,AO2008A101,Angola,AO,Bengo,none,Bengo,Potato,Main,2012,10,2013,4,All (PS),yield,5.35851966075559
5672,AO2008A101,Angola,AO,Bengo,none,Bengo,Potato,Main,2013,10,2014,4,All (PS),yield,5.402990797546012
5673,AO2008A101,Angola,AO,Bengo,none,Bengo,Potato,Main,2014,10,2015,4,All (PS),yield,5.408249807247494
5674,AO2008A101,Angola,AO,Bengo,none,Bengo,Potato,Main,2015,10,2016,4,All (PS),yield,5.408249807247494
5675,AO2008A101,Angola,AO,Bengo,none,Bengo,Pineapple,Main,2006,10,2007,4,All (PS),yield,9.7
5676,AO2008A101,Angola,AO,Bengo,none,Bengo,Pineapple,Main,2014,10,2015,4,All (PS),yield,10.307142857142857
5677,AO2008A101,Angola,AO,Bengo,none,Bengo,Pineapple,Main,2015,10,2016,4,All (PS),yield,10.307142857142857
5678,AO2008A101,Angola,AO,Bengo,none,Bengo,Sorghum,Main,2008,10,2009,4,All (PS),yield,0.30357142857142855
5679,AO2008A101,Angola,AO,Bengo,none,Bengo,Sorghum,Main,2009,10,2010,4,All (PS),yield,0.425
5680,AO2008A101,Angola,AO,Bengo,none,Bengo,Sorghum,Main,2010,10,2011,4,All (PS),yield,0.4423076923076923
5681,AO2008A101,Angola,AO,Bengo,none,Bengo,Sorghum,Main,2011,10,2012,4,All (PS),yield,0.08643457382953182
5682,AO2008A101,Angola,AO,Bengo,none,Bengo,Sorghum,Main,2012,10,2013,4,All (PS),yield,0.27689243027888444
5683,AO2008A102,Angola,AO,Benguela,none,Benguela,Maize,Main,1996,10,1997,4,All (PS),yield,0.53
5684,AO2008A102,Angola,AO,Benguela,none,Benguela,Maize,Main,1997,10,1998,4,All (PS),yield,0.9
5685,AO2008A102,Angola,AO,Benguela,none,Benguela,Maize,Main,1998,10,1999,4,All (PS),yield,0.5999981961993921
5686,AO2008A102,Angola,AO,Benguela,none,Benguela,Maize,Main,1999,10,2000,4,All (PS),yield,0.8000017860172708
5687,AO2008A102,Angola,AO,Benguela,none,Benguela,Maize,Main,2000,10,2001,4,All (PS),yield,0.7
5688,AO2008A102,Angola,AO,Benguela,none,Benguela,Maize,Main,2001,10,2002,4,All (PS),yield,0.5499966653010281
5689,AO2008A102,Angola,AO,Benguela,none,Benguela,Maize,Main,2002,10,2003,4,All (PS),yield,0.4999888435192003
5690,AO2008A102,Angola,AO,Benguela,none,Benguela,Maize,Main,2003,10,2004,4,All (PS),yield,0.7000017091971901
5691,AO2008A102,Angola,AO,Benguela,none,Benguela,Maize,Main,2004,10,2005,4,All (PS),yield,0.6999980931678202
5692,AO2008A102,Angola,AO,Benguela,none,Benguela,Maize,Main,2005,10,2006,4,All (PS),yield,0.4399969209452698
5693,AO2008A102,Angola,AO,Benguela,none,Benguela,Maize,Main,2006,10,2007,4,All (PS),yield,0.49795876535196354
5694,AO2008A102,Angola,AO,Benguela,none,Benguela,Maize,Main,2007,10,2008,4,All (PS),yield,1.12023923955997
5695,AO2008A102,Angola,AO,Benguela,none,Benguela,Maize,Main,2008,10,2009,4,All (PS),yield,0.7099826986012966
5696,AO2008A102,Angola,AO,Benguela,none,Benguela,Maize,Main,2009,10,2010,4,All (PS),yield,0.5521519247307687
5697,AO2008A102,Angola,AO,Benguela,none,Benguela,Maize,Main,2010,10,2011,4,All (PS),yield,0.5589810032597956
5698,AO2008A102,Angola,AO,Benguela,none,Benguela,Maize,Main,2011,10,2012,4,All (PS),yield,0.16744278452674577
5699,AO2008A102,Angola,AO,Benguela,none,Benguela,Maize,Main,2012,10,2013,4,All (PS),yield,0.6837505597526976
5700,AO2008A102,Angola,AO,Benguela,none,Benguela,Maize,Main,2013,10,2014,4,All (PS),yield,0.7498112572431536
5701,AO2008A102,Angola,AO,Benguela,none,Benguela,Maize,Main,2014,10,2015,4,All (PS),yield,0.7925145821107729
5702,AO2008A102,Angola,AO,Benguela,none,Benguela,Maize,Main,2015,10,2016,4,All (PS),yield,0.7925145821107729
5703,AO2008A102,Angola,AO,Benguela,none,Benguela,Maize,Main,2016,10,2017,4,All (PS),yield,0.6984085630663038
5704,AO2008A102,Angola,AO,Benguela,none,Benguela,Chili Pepper,Main,2014,10,2015,4,All (PS),yield,1.9896373056994818
5705,AO2008A102,Angola,AO,Benguela,none,Benguela,Chili Pepper,Main,2015,10,2016,4,All (PS),yield,1.9896373056994818
5706,AO2008A102,Angola,AO,Benguela,none,Benguela,Chili Pepper,Main,2016,10,2017,4,All (PS),yield,2.5294117647058822
5707,AO2008A102,Angola,AO,Benguela,none,Benguela,Sweet Potatoes,Main,2000,10,2001,4,All (PS),yield,3.500051171835022
5708,AO2008A102,Angola,AO,Benguela,none,Benguela,Sweet Potatoes,Main,2001,10,2002,4,All (PS),yield,4.0
5709,AO2008A102,Angola,AO,Benguela,none,Benguela,Sweet Potatoes,Main,2004,10,2005,4,All (PS),yield,4.000476758045292
5710,AO2008A102,Angola,AO,Benguela,none,Benguela,Sweet Potatoes,Main,2005,10,2006,4,All (PS),yield,3.499772933696639
5711,AO2008A102,Angola,AO,Benguela,none,Benguela,Sweet Potatoes,Main,2007,10,2008,4,All (PS),yield,6.948148148148148
5712,AO2008A102,Angola,AO,Benguela,none,Benguela,Sweet Potatoes,Main,2008,10,2009,4,All (PS),yield,8.047345132743363
5713,AO2008A102,Angola,AO,Benguela,none,Benguela,Sweet Potatoes,Main,2009,10,2010,4,All (PS),yield,6.88655934107076
5714,AO2008A102,Angola,AO,Benguela,none,Benguela,Sweet Potatoes,Main,2010,10,2011,4,All (PS),yield,8.911707180776753
5715,AO2008A102,Angola,AO,Benguela,none,Benguela,Sweet Potatoes,Main,2011,10,2012,4,All (PS),yield,4.832490518331226
5716,AO2008A102,Angola,AO,Benguela,none,Benguela,Sweet Potatoes,Main,2012,10,2013,4,All (PS),yield,10.940791523839202
5717,AO2008A102,Angola,AO,Benguela,none,Benguela,Sweet Potatoes,Main,2013,10,2014,4,All (PS),yield,14.957434892187063
5718,AO2008A102,Angola,AO,Benguela,none,Benguela,Sweet Potatoes,Main,2014,10,2015,4,All (PS),yield,14.7544
5719,AO2008A102,Angola,AO,Benguela,none,Benguela,Sweet Potatoes,Main,2015,10,2016,4,All (PS),yield,15.602641056422568
5720,AO2008A102,Angola,AO,Benguela,none,Benguela,Sweet Potatoes,Main,2016,10,2017,4,All (PS),yield,7.919486886939361
5721,AO2008A102,Angola,AO,Benguela,none,Benguela,Banana,Main,2006,10,2007,4,All (PS),yield,22.170351105331598
5722,AO2008A102,Angola,AO,Benguela,none,Benguela,Banana,Main,2007,10,2008,4,All (PS),yield,25.740132797583424
5723,AO2008A102,Angola,AO,Benguela,none,Benguela,Banana,Main,2008,10,2009,4,All (PS),yield,25.740871245488904
5724,AO2008A102,Angola,AO,Benguela,none,Benguela,Banana,Main,2009,10,2010,4,All (PS),yield,26.310474434437275
5725,AO2008A102,Angola,AO,Benguela,none,Benguela,Banana,Main,2010,10,2011,4,All (PS),yield,30.32521201330647
5726,AO2008A102,Angola,AO,Benguela,none,Benguela,Banana,Main,2011,10,2012,4,All (PS),yield,44.41023682200153
5727,AO2008A102,Angola,AO,Benguela,none,Benguela,Banana,Main,2012,10,2013,4,All (PS),yield,35.83234555499749
5728,AO2008A102,Angola,AO,Benguela,none,Benguela,Banana,Main,2013,10,2014,4,All (PS),yield,34.72077350013215
5729,AO2008A102,Angola,AO,Benguela,none,Benguela,Banana,Main,2014,10,2015,4,All (PS),yield,38.77314644042789
5730,AO2008A102,Angola,AO,Benguela,none,Benguela,Banana,Main,2015,10,2016,4,All (PS),yield,38.77314644042789
5731,AO2008A102,Angola,AO,Benguela,none,Benguela,Banana,Main,2016,10,2017,4,All (PS),yield,23.974763144542134
5732,AO2008A102,Angola,AO,Benguela,none,Benguela,Tomato,Main,2014,10,2015,4,All (PS),yield,21.05828729281768
5733,AO2008A102,Angola,AO,Benguela,none,Benguela,Tomato,Main,2015,10,2016,4,All (PS),yield,21.05828729281768
5734,AO2008A102,Angola,AO,Benguela,none,Benguela,Tomato,Main,2016,10,2017,4,All (PS),yield,23.318216646768477
5735,AO2008A102,Angola,AO,Benguela,none,Benguela,Onions,Main,2014,10,2015,4,All (PS),yield,19.163456246560266
5736,AO2008A102,Angola,AO,Benguela,none,Benguela,Onions,Main,2015,10,2016,4,All (PS),yield,19.163456246560266
5737,AO2008A102,Angola,AO,Benguela,none,Benguela,Onions,Main,2016,10,2017,4,All (PS),yield,19.212307063273023
5738,AO2008A102,Angola,AO,Benguela,none,Benguela,Mango,Main,2015,10,2016,4,All (PS),yield,13.261467889908257
5739,AO2008A102,Angola,AO,Benguela,none,Benguela,Mango,Main,2016,10,2017,4,All (PS),yield,12.713493241659505
5740,AO2008A102,Angola,AO,Benguela,none,Benguela,Groundnuts (In Shell),Main,2001,10,2002,4,All (PS),yield,0.43996696944673824
5741,AO2008A102,Angola,AO,Benguela,none,Benguela,Groundnuts (In Shell),Main,2002,10,2003,4,All (PS),yield,0.14017857142857143
5742,AO2008A102,Angola,AO,Benguela,none,Benguela,Groundnuts (In Shell),Main,2003,10,2004,4,All (PS),yield,0.3998136067101584
5743,AO2008A102,Angola,AO,Benguela,none,Benguela,Groundnuts (In Shell),Main,2004,10,2005,4,All (PS),yield,0.39956011730205276
5744,AO2008A102,Angola,AO,Benguela,none,Benguela,Groundnuts (In Shell),Main,2005,10,2006,4,All (PS),yield,0.32905982905982906
5745,AO2008A102,Angola,AO,Benguela,none,Benguela,Groundnuts (In Shell),Main,2006,10,2007,4,All (PS),yield,0.29996475149806134
5746,AO2008A102,Angola,AO,Benguela,none,Benguela,Groundnuts (In Shell),Main,2007,10,2008,4,All (PS),yield,0.27008547008547007
5747,AO2008A102,Angola,AO,Benguela,none,Benguela,Groundnuts (In Shell),Main,2008,10,2009,4,All (PS),yield,0.2699629171817058
5748,AO2008A102,Angola,AO,Benguela,none,Benguela,Groundnuts (In Shell),Main,2009,10,2010,4,All (PS),yield,0.27001703577512776
5749,AO2008A102,Angola,AO,Benguela,none,Benguela,Groundnuts (In Shell),Main,2010,10,2011,4,All (PS),yield,0.4462559241706161
5750,AO2008A102,Angola,AO,Benguela,none,Benguela,Groundnuts (In Shell),Main,2011,10,2012,4,All (PS),yield,0.11245307654643381
5751,AO2008A102,Angola,AO,Benguela,none,Benguela,Groundnuts (In Shell),Main,2012,10,2013,4,All (PS),yield,0.4660035871514756
5752,AO2008A102,Angola,AO,Benguela,none,Benguela,Groundnuts (In Shell),Main,2013,10,2014,4,All (PS),yield,0.6469076305220883
5753,AO2008A102,Angola,AO,Benguela,none,Benguela,Groundnuts (In Shell),Main,2014,10,2015,4,All (PS),yield,0.6399876390605687
5754,AO2008A102,Angola,AO,Benguela,none,Benguela,Groundnuts (In Shell),Main,2015,10,2016,4,All (PS),yield,0.6399876390605687
5755,AO2008A102,Angola,AO,Benguela,none,Benguela,Groundnuts (In Shell),Main,2016,10,2017,4,All (PS),yield,0.42948911203357987
5756,AO2008A102,Angola,AO,Benguela,none,Benguela,Lemon,Main,2015,10,2016,4,All (PS),yield,11.263492063492064
5757,AO2008A102,Angola,AO,Benguela,none,Benguela,Lemon,Main,2016,10,2017,4,All (PS),yield,11.989525679938104
5758,AO2008A102,Angola,AO,Benguela,none,Benguela,Beans (mixed),Main,2000,10,2001,4,All (PS),yield,0.3500153515505066
5759,AO2008A102,Angola,AO,Benguela,none,Benguela,Beans (mixed),Main,2001,10,2002,4,All (PS),yield,0.3499855497295735
5760,AO2008A102,Angola,AO,Benguela,none,Benguela,Beans (mixed),Main,2002,10,2003,4,All (PS),yield,0.1399618152445293
5761,AO2008A102,Angola,AO,Benguela,none,Benguela,Beans (mixed),Main,2003,10,2004,4,All (PS),yield,0.25002563839606196
5762,AO2008A102,Angola,AO,Benguela,none,Benguela,Beans (mixed),Main,2004,10,2005,4,All (PS),yield,0.3000238350613753
5763,AO2008A102,Angola,AO,Benguela,none,Benguela,Beans (mixed),Main,2005,10,2006,4,All (PS),yield,0.07312199109819238
5764,AO2008A102,Angola,AO,Benguela,none,Benguela,Beans (mixed),Main,2006,10,2007,4,All (PS),yield,0.39990817263544537
5765,AO2008A102,Angola,AO,Benguela,none,Benguela,Beans (mixed),Main,2007,10,2008,4,All (PS),yield,0.29999145079935025
5766,AO2008A102,Angola,AO,Benguela,none,Benguela,Beans (mixed),Main,2008,10,2009,4,All (PS),yield,0.30276060476219624
5767,AO2008A102,Angola,AO,Benguela,none,Benguela,Beans (mixed),Main,2009,10,2010,4,All (PS),yield,0.3027772169092678
5768,AO2008A102,Angola,AO,Benguela,none,Benguela,Beans (mixed),Main,2010,10,2011,4,All (PS),yield,0.35294083573720736
5769,AO2008A102,Angola,AO,Benguela,none,Benguela,Beans (mixed),Main,2011,10,2012,4,All (PS),yield,0.10517174191393419
5770,AO2008A102,Angola,AO,Benguela,none,Benguela,Beans (mixed),Main,2012,10,2013,4,All (PS),yield,0.3179776152195828
5771,AO2008A102,Angola,AO,Benguela,none,Benguela,Beans (mixed),Main,2013,10,2014,4,All (PS),yield,0.3986959435080666
5772,AO2008A102,Angola,AO,Benguela,none,Benguela,Beans (mixed),Main,2014,10,2015,4,All (PS),yield,0.5262317518248175
5773,AO2008A102,Angola,AO,Benguela,none,Benguela,Beans (mixed),Main,2015,10,2016,4,All (PS),yield,0.5262317518248175
5774,AO2008A102,Angola,AO,Benguela,none,Benguela,Beans (mixed),Main,2016,10,2017,4,All (PS),yield,0.4700286638212305
5775,AO2008A102,Angola,AO,Benguela,none,Benguela,Cassava,Main,1996,10,1997,4,All (PS),yield,4.0
5776,AO2008A102,Angola,AO,Benguela,none,Benguela,Cassava,Main,1997,10,1998,4,All (PS),yield,6.0
5777,AO2008A102,Angola,AO,Benguela,none,Benguela,Cassava,Main,1998,10,1999,4,All (PS),yield,5.0
5778,AO2008A102,Angola,AO,Benguela,none,Benguela,Cassava,Main,1999,10,2000,4,All (PS),yield,5.0
5779,AO2008A102,Angola,AO,Benguela,none,Benguela,Cassava,Main,2000,10,2001,4,All (PS),yield,6.500213219616205
5780,AO2008A102,Angola,AO,Benguela,none,Benguela,Cassava,Main,2001,10,2002,4,All (PS),yield,6.340239618052427
5781,AO2008A102,Angola,AO,Benguela,none,Benguela,Cassava,Main,2004,10,2005,4,All (PS),yield,6.671433110899269
5782,AO2008A102,Angola,AO,Benguela,none,Benguela,Cassava,Main,2005,10,2006,4,All (PS),yield,7.999545867393278
5783,AO2008A102,Angola,AO,Benguela,none,Benguela,Cassava,Main,2006,10,2007,4,All (PS),yield,8.717688575209529
5784,AO2008A102,Angola,AO,Benguela,none,Benguela,Cassava,Main,2007,10,2008,4,All (PS),yield,7.999545867393278
5785,AO2008A102,Angola,AO,Benguela,none,Benguela,Cassava,Main,2008,10,2009,4,All (PS),yield,7.9050739765816465
5786,AO2008A102,Angola,AO,Benguela,none,Benguela,Cassava,Main,2009,10,2010,4,All (PS),yield,3.299253758246512
5787,AO2008A102,Angola,AO,Benguela,none,Benguela,Cassava,Main,2010,10,2011,4,All (PS),yield,3.3181413068171888
5788,AO2008A102,Angola,AO,Benguela,none,Benguela,Cassava,Main,2011,10,2012,4,All (PS),yield,2.2654999589187415
5789,AO2008A102,Angola,AO,Benguela,none,Benguela,Cassava,Main,2012,10,2013,4,All (PS),yield,3.81857529023891
5790,AO2008A102,Angola,AO,Benguela,none,Benguela,Cassava,Main,2013,10,2014,4,All (PS),yield,4.036295117920521
5791,AO2008A102,Angola,AO,Benguela,none,Benguela,Cassava,Main,2015,10,2016,4,All (PS),yield,5.636660632165969
5792,AO2008A102,Angola,AO,Benguela,none,Benguela,Cassava,Main,2016,10,2017,4,All (PS),yield,5.583924607147521
5793,AO2008A102,Angola,AO,Benguela,none,Benguela,Potato,Main,2004,10,2005,4,All (PS),yield,2.4995233555767395
5794,AO2008A102,Angola,AO,Benguela,none,Benguela,Potato,Main,2008,10,2009,4,All (PS),yield,7.1542262678803645
5795,AO2008A102,Angola,AO,Benguela,none,Benguela,Potato,Main,2009,10,2010,4,All (PS),yield,7.060943983402489
5796,AO2008A102,Angola,AO,Benguela,none,Benguela,Potato,Main,2010,10,2011,4,All (PS),yield,6.95850761251464
5797,AO2008A102,Angola,AO,Benguela,none,Benguela,Potato,Main,2011,10,2012,4,All (PS),yield,4.349330721514855
5798,AO2008A102,Angola,AO,Benguela,none,Benguela,Potato,Main,2012,10,2013,4,All (PS),yield,4.3755168220510745
5799,AO2008A102,Angola,AO,Benguela,none,Benguela,Potato,Main,2013,10,2014,4,All (PS),yield,4.302384737678856
5800,AO2008A102,Angola,AO,Benguela,none,Benguela,Potato,Main,2014,10,2015,4,All (PS),yield,7.622169081446054
5801,AO2008A102,Angola,AO,Benguela,none,Benguela,Potato,Main,2015,10,2016,4,All (PS),yield,7.622169081446054
5802,AO2008A102,Angola,AO,Benguela,none,Benguela,Potato,Main,2016,10,2017,4,All (PS),yield,6.340386771300448
5803,AO2008A102,Angola,AO,Benguela,none,Benguela,Pineapple,Main,2006,10,2007,4,All (PS),yield,13.4
5804,AO2008A102,Angola,AO,Benguela,none,Benguela,Pineapple,Main,2014,10,2015,4,All (PS),yield,15.197948098974049
5805,AO2008A102,Angola,AO,Benguela,none,Benguela,Pineapple,Main,2015,10,2016,4,All (PS),yield,15.197948098974049
5806,AO2008A102,Angola,AO,Benguela,none,Benguela,Pineapple,Main,2016,10,2017,4,All (PS),yield,13.131977032265587
5807,AO2008A102,Angola,AO,Benguela,none,Benguela,Sorghum,Main,2006,10,2007,4,All (PS),yield,0.30004361098996946
5808,AO2008A102,Angola,AO,Benguela,none,Benguela,Sorghum,Main,2008,10,2009,4,All (PS),yield,0.2997946611909651
5809,AO2008A102,Angola,AO,Benguela,none,Benguela,Sorghum,Main,2009,10,2010,4,All (PS),yield,0.385929648241206
5810,AO2008A102,Angola,AO,Benguela,none,Benguela,Sorghum,Main,2010,10,2011,4,All (PS),yield,0.36713665943600865
5811,AO2008A102,Angola,AO,Benguela,none,Benguela,Sorghum,Main,2011,10,2012,4,All (PS),yield,0.07943782462572563
5812,AO2008A102,Angola,AO,Benguela,none,Benguela,Sorghum,Main,2012,10,2013,4,All (PS),yield,0.3563323017173372
5813,AO2008A102,Angola,AO,Benguela,none,Benguela,Sorghum,Main,2013,10,2014,4,All (PS),yield,0.36981979248831987
5814,AO2008A102,Angola,AO,Benguela,none,Benguela,Sorghum,Main,2014,10,2015,4,All (PS),yield,0.3757647950619958
5815,AO2008A102,Angola,AO,Benguela,none,Benguela,Sorghum,Main,2015,10,2016,4,All (PS),yield,0.3757647950619958
5816,AO2008A102,Angola,AO,Benguela,none,Benguela,Sorghum,Main,2016,10,2017,4,All (PS),yield,0.3636237742944037
5817,AO2008A102,Angola,AO,Benguela,none,Benguela,Coffee,Main,2012,10,2013,4,All (PS),yield,0.0957983193277311
5818,AO2008A102,Angola,AO,Benguela,none,Benguela,Coffee,Main,2013,10,2014,4,All (PS),yield,0.07478991596638655
5819,AO2008A102,Angola,AO,Benguela,none,Benguela,Soybean,Main,2008,10,2009,4,All (PS),yield,0.4002016129032258
5820,AO2008A102,Angola,AO,Benguela,none,Benguela,Soybean,Main,2009,10,2010,4,All (PS),yield,0.3999373629815221
5821,AO2008A102,Angola,AO,Benguela,none,Benguela,Soybean,Main,2010,10,2011,4,All (PS),yield,0.5167701863354037
5822,AO2008A102,Angola,AO,Benguela,none,Benguela,Soybean,Main,2011,10,2012,4,All (PS),yield,0.3230252100840336
5823,AO2008A102,Angola,AO,Benguela,none,Benguela,Soybean,Main,2012,10,2013,4,All (PS),yield,0.5611111111111111
5824,AO2008A102,Angola,AO,Benguela,none,Benguela,Soybean,Main,2013,10,2014,4,All (PS),yield,0.7010024196335983
5825,AO2008A102,Angola,AO,Benguela,none,Benguela,Soybean,Main,2014,10,2015,4,All (PS),yield,0.7096098455092956
5826,AO2008A102,Angola,AO,Benguela,none,Benguela,Soybean,Main,2015,10,2016,4,All (PS),yield,0.7096098455092956
5827,AO2008A102,Angola,AO,Benguela,none,Benguela,Soybean,Main,2016,10,2017,4,All (PS),yield,0.5528286610666937
5828,AO2008A102,Angola,AO,Benguela,none,Benguela,Watermelon,Main,2014,10,2015,4,All (PS),yield,8.426470588235293
5829,AO2008A102,Angola,AO,Benguela,none,Benguela,Watermelon,Main,2015,10,2016,4,All (PS),yield,8.426470588235293
5830,AO2008A102,Angola,AO,Benguela,none,Benguela,Watermelon,Main,2016,10,2017,4,All (PS),yield,7.388888888888889
5831,AO2008A102,Angola,AO,Benguela,none,Benguela,Okras,Main,2014,10,2015,4,All (PS),yield,3.6052631578947367
5832,AO2008A102,Angola,AO,Benguela,none,Benguela,Okras,Main,2015,10,2016,4,All (PS),yield,3.6052631578947367
5833,AO2008A102,Angola,AO,Benguela,none,Benguela,Okras,Main,2016,10,2017,4,All (PS),yield,3.3461538461538463
5834,AO2008A102,Angola,AO,Benguela,none,Benguela,Cabbage,Main,2014,10,2015,4,All (PS),yield,17.324755105429187
5835,AO2008A102,Angola,AO,Benguela,none,Benguela,Cabbage,Main,2015,10,2016,4,All (PS),yield,17.324755105429187
5836,AO2008A102,Angola,AO,Benguela,none,Benguela,Cabbage,Main,2016,10,2017,4,All (PS),yield,17.69004676018704
5837,AO2008A102,Angola,AO,Benguela,none,Benguela,Carrots,Main,2014,10,2015,4,All (PS),yield,10.4
5838,AO2008A102,Angola,AO,Benguela,none,Benguela,Carrots,Main,2015,10,2016,4,All (PS),yield,10.4
5839,AO2008A102,Angola,AO,Benguela,none,Benguela,Carrots,Main,2016,10,2017,4,All (PS),yield,10.930091185410335
5840,AO2008A102,Angola,AO,Benguela,none,Benguela,Melon,Main,2014,10,2015,4,All (PS),yield,7.873015873015873
5841,AO2008A102,Angola,AO,Benguela,none,Benguela,Melon,Main,2015,10,2016,4,All (PS),yield,7.873015873015873
5842,AO2008A102,Angola,AO,Benguela,none,Benguela,Melon,Main,2016,10,2017,4,All (PS),yield,9.6
5843,AO2008A102,Angola,AO,Benguela,none,Benguela,Millet,Main,2014,10,2015,4,All (PS),yield,0.36814520042706006
5844,AO2008A102,Angola,AO,Benguela,none,Benguela,Millet,Main,2015,10,2016,4,All (PS),yield,0.36814520042706006
5845,AO2008A102,Angola,AO,Benguela,none,Benguela,Green Bean,Main,2015,10,2016,4,All (PS),yield,2.0708661417322833
5846,AO2008A102,Angola,AO,Benguela,none,Benguela,Millet,Main,2000,10,2001,4,All (PS),yield,0.6000068229113362
5847,AO2008A102,Angola,AO,Benguela,none,Benguela,Millet,Main,2001,10,2002,4,All (PS),yield,0.5399986788215088
5848,AO2008A102,Angola,AO,Benguela,none,Benguela,Millet,Main,2002,10,2003,4,All (PS),yield,0.45999516557892195
5849,AO2008A102,Angola,AO,Benguela,none,Benguela,Millet,Main,2003,10,2004,4,All (PS),yield,0.4600108518719479
5850,AO2008A102,Angola,AO,Benguela,none,Benguela,Millet,Main,2004,10,2005,4,All (PS),yield,0.3500023835629499
5851,AO2008A102,Angola,AO,Benguela,none,Benguela,Millet,Main,2005,10,2006,4,All (PS),yield,0.3499967559852073
5852,AO2008A102,Angola,AO,Benguela,none,Benguela,Millet,Main,2009,10,2010,4,All (PS),yield,0.3186639034499573
5853,AO2008A102,Angola,AO,Benguela,none,Benguela,Millet,Main,2010,10,2011,4,All (PS),yield,0.3387367915465898
5854,AO2008A102,Angola,AO,Benguela,none,Benguela,Millet,Main,2011,10,2012,4,All (PS),yield,0.07304503697064754
5855,AO2008A102,Angola,AO,Benguela,none,Benguela,Millet,Main,2012,10,2013,4,All (PS),yield,0.3684210526315789
5856,AO2008A102,Angola,AO,Benguela,none,Benguela,Millet,Main,2013,10,2014,4,All (PS),yield,0.4098616688978135
5857,AO2008A102,Angola,AO,Benguela,none,Benguela,Rice,Main,2008,10,2009,4,All (PS),yield,0.8888888888888888
5858,AO2008A102,Angola,AO,Benguela,none,Benguela,Rice,Main,2009,10,2010,4,All (PS),yield,1.0
5859,AO2008A102,Angola,AO,Benguela,none,Benguela,Rice,Main,2010,10,2011,4,All (PS),yield,1.24
5860,AO2008A102,Angola,AO,Benguela,none,Benguela,Garlic,Main,2008,10,2009,4,All (PS),yield,6.89595770083575
5861,AO2008A102,Angola,AO,Benguela,none,Benguela,Garlic,Main,2009,10,2010,4,All (PS),yield,6.237098320133179
5862,AO2008A102,Angola,AO,Benguela,none,Benguela,Garlic,Main,2010,10,2011,4,All (PS),yield,6.883620689655173
5863,AO2008A102,Angola,AO,Benguela,none,Benguela,Garlic,Main,2011,10,2012,4,All (PS),yield,4.203900281463611
5864,AO2008A103,Angola,AO,Bie,none,Bie,Maize,Main,1996,10,1997,4,All (PS),yield,0.416
5865,AO2008A103,Angola,AO,Bie,none,Bie,Maize,Main,1997,10,1998,4,All (PS),yield,0.6
5866,AO2008A103,Angola,AO,Bie,none,Bie,Maize,Main,1998,10,1999,4,All (PS),yield,0.6
5867,AO2008A103,Angola,AO,Bie,none,Bie,Maize,Main,1999,10,2000,4,All (PS),yield,0.4000022537242794
5868,AO2008A103,Angola,AO,Bie,none,Bie,Maize,Main,2000,10,2001,4,All (PS),yield,0.5000050863147615
5869,AO2008A103,Angola,AO,Bie,none,Bie,Maize,Main,2001,10,2002,4,All (PS),yield,0.6499928568027049
5870,AO2008A103,Angola,AO,Bie,none,Bie,Maize,Main,2002,10,2003,4,All (PS),yield,0.6000019549768824
5871,AO2008A103,Angola,AO,Bie,none,Bie,Maize,Main,2003,10,2004,4,All (PS),yield,0.4
5872,AO2008A103,Angola,AO,Bie,none,Bie,Maize,Main,2004,10,2005,4,All (PS),yield,0.6999974993123109
5873,AO2008A103,Angola,AO,Bie,none,Bie,Maize,Main,2005,10,2006,4,All (PS),yield,0.6607241528275918
5874,AO2008A103,Angola,AO,Bie,none,Bie,Maize,Main,2006,10,2007,4,All (PS),yield,0.6104302811693506
5875,AO2008A103,Angola,AO,Bie,none,Bie,Maize,Main,2007,10,2008,4,All (PS),yield,1.1860318833172803
5876,AO2008A103,Angola,AO,Bie,none,Bie,Maize,Main,2008,10,2009,4,All (PS),yield,0.6659529043179464
5877,AO2008A103,Angola,AO,Bie,none,Bie,Maize,Main,2009,10,2010,4,All (PS),yield,0.7693689609724566
5878,AO2008A103,Angola,AO,Bie,none,Bie,Maize,Main,2010,10,2011,4,All (PS),yield,0.8709797198543179
5879,AO2008A103,Angola,AO,Bie,none,Bie,Maize,Main,2011,10,2012,4,All (PS),yield,0.2759858553274308
5880,AO2008A103,Angola,AO,Bie,none,Bie,Maize,Main,2012,10,2013,4,All (PS),yield,1.0883651212850922
5881,AO2008A103,Angola,AO,Bie,none,Bie,Maize,Main,2013,10,2014,4,All (PS),yield,1.202783687528737
5882,AO2008A103,Angola,AO,Bie,none,Bie,Maize,Main,2014,10,2015,4,All (PS),yield,1.409901880986479
5883,AO2008A103,Angola,AO,Bie,none,Bie,Maize,Main,2015,10,2016,4,All (PS),yield,1.409901880986479
5884,AO2008A103,Angola,AO,Bie,none,Bie,Maize,Main,2016,10,2017,4,All (PS),yield,0.9372404347220566
5885,AO2008A103,Angola,AO,Bie,none,Bie,Chili Pepper,Main,2014,10,2015,4,All (PS),yield,2.8076923076923075
5886,AO2008A103,Angola,AO,Bie,none,Bie,Sweet Potatoes,Main,2000,10,2001,4,All (PS),yield,3.499750789167636
5887,AO2008A103,Angola,AO,Bie,none,Bie,Sweet Potatoes,Main,2001,10,2002,4,All (PS),yield,4.000155569383946
5888,AO2008A103,Angola,AO,Bie,none,Bie,Sweet Potatoes,Main,2002,10,2003,4,All (PS),yield,3.5000297636764093
5889,AO2008A103,Angola,AO,Bie,none,Bie,Sweet Potatoes,Main,2003,10,2004,4,All (PS),yield,4.500849308420286
5890,AO2008A103,Angola,AO,Bie,none,Bie,Sweet Potatoes,Main,2004,10,2005,4,All (PS),yield,3.9999249812453113
5891,AO2008A103,Angola,AO,Bie,none,Bie,Sweet Potatoes,Main,2005,10,2006,4,All (PS),yield,3.9999271190146493
5892,AO2008A103,Angola,AO,Bie,none,Bie,Sweet Potatoes,Main,2006,10,2007,4,All (PS),yield,5.700176366843033
5893,AO2008A103,Angola,AO,Bie,none,Bie,Sweet Potatoes,Main,2007,10,2008,4,All (PS),yield,5.159876543209877
5894,AO2008A103,Angola,AO,Bie,none,Bie,Sweet Potatoes,Main,2008,10,2009,4,All (PS),yield,5.0
5895,AO2008A103,Angola,AO,Bie,none,Bie,Sweet Potatoes,Main,2009,10,2010,4,All (PS),yield,6.102655458442354
5896,AO2008A103,Angola,AO,Bie,none,Bie,Sweet Potatoes,Main,2010,10,2011,4,All (PS),yield,6.353889409559513
5897,AO2008A103,Angola,AO,Bie,none,Bie,Sweet Potatoes,Main,2011,10,2012,4,All (PS),yield,3.693440549331406
5898,AO2008A103,Angola,AO,Bie,none,Bie,Sweet Potatoes,Main,2012,10,2013,4,All (PS),yield,10.012649143267247
5899,AO2008A103,Angola,AO,Bie,none,Bie,Sweet Potatoes,Main,2013,10,2014,4,All (PS),yield,16.415399322151735
5900,AO2008A103,Angola,AO,Bie,none,Bie,Sweet Potatoes,Main,2014,10,2015,4,All (PS),yield,15.449071375031231
5901,AO2008A103,Angola,AO,Bie,none,Bie,Sweet Potatoes,Main,2015,10,2016,4,All (PS),yield,15.693977163775822
5902,AO2008A103,Angola,AO,Bie,none,Bie,Sweet Potatoes,Main,2016,10,2017,4,All (PS),yield,13.688394532728722
5903,AO2008A103,Angola,AO,Bie,none,Bie,Banana,Main,2006,10,2007,4,All (PS),yield,18.983645983645985
5904,AO2008A103,Angola,AO,Bie,none,Bie,Banana,Main,2007,10,2008,4,All (PS),yield,8.059876543209876
5905,AO2008A103,Angola,AO,Bie,none,Bie,Banana,Main,2008,10,2009,4,All (PS),yield,8.059876543209876
5906,AO2008A103,Angola,AO,Bie,none,Bie,Banana,Main,2009,10,2010,4,All (PS),yield,6.612761276127613
5907,AO2008A103,Angola,AO,Bie,none,Bie,Banana,Main,2010,10,2011,4,All (PS),yield,20.937178445708096
5908,AO2008A103,Angola,AO,Bie,none,Bie,Banana,Main,2011,10,2012,4,All (PS),yield,21.798116397005554
5909,AO2008A103,Angola,AO,Bie,none,Bie,Banana,Main,2012,10,2013,4,All (PS),yield,17.216078264568267
5910,AO2008A103,Angola,AO,Bie,none,Bie,Banana,Main,2013,10,2014,4,All (PS),yield,21.058823529411764
5911,AO2008A103,Angola,AO,Bie,none,Bie,Banana,Main,2014,10,2015,4,All (PS),yield,22.832544938505205
5912,AO2008A103,Angola,AO,Bie,none,Bie,Banana,Main,2015,10,2016,4,All (PS),yield,22.832544938505205
5913,AO2008A103,Angola,AO,Bie,none,Bie,Banana,Main,2016,10,2017,4,All (PS),yield,26.64432956793669
5914,AO2008A103,Angola,AO,Bie,none,Bie,Tomato,Main,2014,10,2015,4,All (PS),yield,17.148070175438598
5915,AO2008A103,Angola,AO,Bie,none,Bie,Tomato,Main,2015,10,2016,4,All (PS),yield,17.148070175438598
5916,AO2008A103,Angola,AO,Bie,none,Bie,Tomato,Main,2016,10,2017,4,All (PS),yield,17.357244594069662
5917,AO2008A103,Angola,AO,Bie,none,Bie,Onions,Main,2014,10,2015,4,All (PS),yield,12.431091877496671
5918,AO2008A103,Angola,AO,Bie,none,Bie,Onions,Main,2015,10,2016,4,All (PS),yield,12.431091877496671
5919,AO2008A103,Angola,AO,Bie,none,Bie,Onions,Main,2016,10,2017,4,All (PS),yield,12.602927650552637
5920,AO2008A103,Angola,AO,Bie,none,Bie,Mango,Main,2015,10,2016,4,All (PS),yield,9.558282208588958
5921,AO2008A103,Angola,AO,Bie,none,Bie,Mango,Main,2016,10,2017,4,All (PS),yield,10.195708901130763
5922,AO2008A103,Angola,AO,Bie,none,Bie,Groundnuts (In Shell),Main,2001,10,2002,4,All (PS),yield,0.29993777224642193
5923,AO2008A103,Angola,AO,Bie,none,Bie,Groundnuts (In Shell),Main,2002,10,2003,4,All (PS),yield,0.1499767837796007
5924,AO2008A103,Angola,AO,Bie,none,Bie,Groundnuts (In Shell),Main,2003,10,2004,4,All (PS),yield,0.24997978164173068
5925,AO2008A103,Angola,AO,Bie,none,Bie,Groundnuts (In Shell),Main,2004,10,2005,4,All (PS),yield,0.3499960514885888
5926,AO2008A103,Angola,AO,Bie,none,Bie,Groundnuts (In Shell),Main,2005,10,2006,4,All (PS),yield,0.42051241247612986
5927,AO2008A103,Angola,AO,Bie,none,Bie,Groundnuts (In Shell),Main,2006,10,2007,4,All (PS),yield,0.29999535898268903
5928,AO2008A103,Angola,AO,Bie,none,Bie,Groundnuts (In Shell),Main,2007,10,2008,4,All (PS),yield,0.37999438832772164
5929,AO2008A103,Angola,AO,Bie,none,Bie,Groundnuts (In Shell),Main,2008,10,2009,4,All (PS),yield,0.37998317914213625
5930,AO2008A103,Angola,AO,Bie,none,Bie,Groundnuts (In Shell),Main,2009,10,2010,4,All (PS),yield,0.38
5931,AO2008A103,Angola,AO,Bie,none,Bie,Groundnuts (In Shell),Main,2010,10,2011,4,All (PS),yield,0.43667055662604826
5932,AO2008A103,Angola,AO,Bie,none,Bie,Groundnuts (In Shell),Main,2011,10,2012,4,All (PS),yield,0.07819697010037541
5933,AO2008A103,Angola,AO,Bie,none,Bie,Groundnuts (In Shell),Main,2012,10,2013,4,All (PS),yield,0.5210559897910353
5934,AO2008A103,Angola,AO,Bie,none,Bie,Groundnuts (In Shell),Main,2013,10,2014,4,All (PS),yield,0.6677903118779032
5935,AO2008A103,Angola,AO,Bie,none,Bie,Groundnuts (In Shell),Main,2014,10,2015,4,All (PS),yield,0.6918060674794443
5936,AO2008A103,Angola,AO,Bie,none,Bie,Groundnuts (In Shell),Main,2015,10,2016,4,All (PS),yield,0.6918060674794443
5937,AO2008A103,Angola,AO,Bie,none,Bie,Groundnuts (In Shell),Main,2016,10,2017,4,All (PS),yield,0.5855668962465079
5938,AO2008A103,Angola,AO,Bie,none,Bie,Lemon,Main,2015,10,2016,4,All (PS),yield,13.38150289017341
5939,AO2008A103,Angola,AO,Bie,none,Bie,Lemon,Main,2016,10,2017,4,All (PS),yield,13.330721880246223
5940,AO2008A103,Angola,AO,Bie,none,Bie,Beans (mixed),Main,2000,10,2001,4,All (PS),yield,0.4000124614473971
5941,AO2008A103,Angola,AO,Bie,none,Bie,Beans (mixed),Main,2001,10,2002,4,All (PS),yield,0.4000116672500292
5942,AO2008A103,Angola,AO,Bie,none,Bie,Beans (mixed),Main,2002,10,2003,4,All (PS),yield,0.3
5943,AO2008A103,Angola,AO,Bie,none,Bie,Beans (mixed),Main,2003,10,2004,4,All (PS),yield,0.2
5944,AO2008A103,Angola,AO,Bie,none,Bie,Beans (mixed),Main,2004,10,2005,4,All (PS),yield,0.30000562651212515
5945,AO2008A103,Angola,AO,Bie,none,Bie,Beans (mixed),Main,2005,10,2006,4,All (PS),yield,0.39998778352404607
5946,AO2008A103,Angola,AO,Bie,none,Bie,Beans (mixed),Main,2006,10,2007,4,All (PS),yield,0.30093183079993396
5947,AO2008A103,Angola,AO,Bie,none,Bie,Beans (mixed),Main,2007,10,2008,4,All (PS),yield,0.4204759163308386
5948,AO2008A103,Angola,AO,Bie,none,Bie,Beans (mixed),Main,2008,10,2009,4,All (PS),yield,0.42
5949,AO2008A103,Angola,AO,Bie,none,Bie,Beans (mixed),Main,2009,10,2010,4,All (PS),yield,0.42373170831682355
5950,AO2008A103,Angola,AO,Bie,none,Bie,Beans (mixed),Main,2010,10,2011,4,All (PS),yield,0.41952710352545436
5951,AO2008A103,Angola,AO,Bie,none,Bie,Beans (mixed),Main,2011,10,2012,4,All (PS),yield,0.0980778286741727
5952,AO2008A103,Angola,AO,Bie,none,Bie,Beans (mixed),Main,2012,10,2013,4,All (PS),yield,0.37988646223820244
5953,AO2008A103,Angola,AO,Bie,none,Bie,Beans (mixed),Main,2013,10,2014,4,All (PS),yield,0.491210021141171
5954,AO2008A103,Angola,AO,Bie,none,Bie,Beans (mixed),Main,2014,10,2015,4,All (PS),yield,0.5551701006229037
5955,AO2008A103,Angola,AO,Bie,none,Bie,Beans (mixed),Main,2015,10,2016,4,All (PS),yield,0.5551701006229037
5956,AO2008A103,Angola,AO,Bie,none,Bie,Beans (mixed),Main,2016,10,2017,4,All (PS),yield,0.48854401816631815
5957,AO2008A103,Angola,AO,Bie,none,Bie,Cassava,Main,1996,10,1997,4,All (PS),yield,4.0
5958,AO2008A103,Angola,AO,Bie,none,Bie,Cassava,Main,1997,10,1998,4,All (PS),yield,4.0
5959,AO2008A103,Angola,AO,Bie,none,Bie,Cassava,Main,1998,10,1999,4,All (PS),yield,6.5
5960,AO2008A103,Angola,AO,Bie,none,Bie,Cassava,Main,1999,10,2000,4,All (PS),yield,6.500012549255829
5961,AO2008A103,Angola,AO,Bie,none,Bie,Cassava,Main,2000,10,2001,4,All (PS),yield,6.49991099084986
5962,AO2008A103,Angola,AO,Bie,none,Bie,Cassava,Main,2001,10,2002,4,All (PS),yield,6.340256017067804
5963,AO2008A103,Angola,AO,Bie,none,Bie,Cassava,Main,2002,10,2003,4,All (PS),yield,5.678732642620695
5964,AO2008A103,Angola,AO,Bie,none,Bie,Cassava,Main,2003,10,2004,4,All (PS),yield,6.380410170149447
5965,AO2008A103,Angola,AO,Bie,none,Bie,Cassava,Main,2004,10,2005,4,All (PS),yield,5.338015579108671
5966,AO2008A103,Angola,AO,Bie,none,Bie,Cassava,Main,2005,10,2006,4,All (PS),yield,7.99987534280728
5967,AO2008A103,Angola,AO,Bie,none,Bie,Cassava,Main,2006,10,2007,4,All (PS),yield,10.829185091598232
5968,AO2008A103,Angola,AO,Bie,none,Bie,Cassava,Main,2007,10,2008,4,All (PS),yield,8.941650766295316
5969,AO2008A103,Angola,AO,Bie,none,Bie,Cassava,Main,2008,10,2009,4,All (PS),yield,6.740221155984875
5970,AO2008A103,Angola,AO,Bie,none,Bie,Cassava,Main,2009,10,2010,4,All (PS),yield,2.483787562989737
5971,AO2008A103,Angola,AO,Bie,none,Bie,Cassava,Main,2010,10,2011,4,All (PS),yield,2.5722549445915854
5972,AO2008A103,Angola,AO,Bie,none,Bie,Cassava,Main,2011,10,2012,4,All (PS),yield,1.8068063236982157
5973,AO2008A103,Angola,AO,Bie,none,Bie,Cassava,Main,2012,10,2013,4,All (PS),yield,2.94474514824627
5974,AO2008A103,Angola,AO,Bie,none,Bie,Cassava,Main,2013,10,2014,4,All (PS),yield,3.2261210549617356
5975,AO2008A103,Angola,AO,Bie,none,Bie,Cassava,Main,2015,10,2016,4,All (PS),yield,3.682114207451715
5976,AO2008A103,Angola,AO,Bie,none,Bie,Cassava,Main,2016,10,2017,4,All (PS),yield,5.03055438341439
5977,AO2008A103,Angola,AO,Bie,none,Bie,Potato,Main,2000,10,2001,4,All (PS),yield,4.0
5978,AO2008A103,Angola,AO,Bie,none,Bie,Potato,Main,2001,10,2002,4,All (PS),yield,3.9999066641777112
5979,AO2008A103,Angola,AO,Bie,none,Bie,Potato,Main,2002,10,2003,4,All (PS),yield,3.9999372568703726
5980,AO2008A103,Angola,AO,Bie,none,Bie,Potato,Main,2003,10,2004,4,All (PS),yield,2.0
5981,AO2008A103,Angola,AO,Bie,none,Bie,Potato,Main,2004,10,2005,4,All (PS),yield,2.499978565610666
5982,AO2008A103,Angola,AO,Bie,none,Bie,Potato,Main,2005,10,2006,4,All (PS),yield,6.000152710613388
5983,AO2008A103,Angola,AO,Bie,none,Bie,Potato,Main,2006,10,2007,4,All (PS),yield,5.517385456314569
5984,AO2008A103,Angola,AO,Bie,none,Bie,Potato,Main,2007,10,2008,4,All (PS),yield,7.806064880112835
5985,AO2008A103,Angola,AO,Bie,none,Bie,Potato,Main,2008,10,2009,4,All (PS),yield,8.160365389495052
5986,AO2008A103,Angola,AO,Bie,none,Bie,Potato,Main,2009,10,2010,4,All (PS),yield,8.150695322376738
5987,AO2008A103,Angola,AO,Bie,none,Bie,Potato,Main,2010,10,2011,4,All (PS),yield,8.552384267316395
5988,AO2008A103,Angola,AO,Bie,none,Bie,Potato,Main,2011,10,2012,4,All (PS),yield,8.091900035448422
5989,AO2008A103,Angola,AO,Bie,none,Bie,Potato,Main,2012,10,2013,4,All (PS),yield,8.15947632018276
5990,AO2008A103,Angola,AO,Bie,none,Bie,Potato,Main,2013,10,2014,4,All (PS),yield,7.978102189781022
5991,AO2008A103,Angola,AO,Bie,none,Bie,Potato,Main,2014,10,2015,4,All (PS),yield,8.153178430512932
5992,AO2008A103,Angola,AO,Bie,none,Bie,Potato,Main,2015,10,2016,4,All (PS),yield,8.153178430512932
5993,AO2008A103,Angola,AO,Bie,none,Bie,Potato,Main,2016,10,2017,4,All (PS),yield,8.764396462129087
5994,AO2008A103,Angola,AO,Bie,none,Bie,Pineapple,Main,2006,10,2007,4,All (PS),yield,8.0
5995,AO2008A103,Angola,AO,Bie,none,Bie,Pineapple,Main,2014,10,2015,4,All (PS),yield,18.87976470588235
5996,AO2008A103,Angola,AO,Bie,none,Bie,Pineapple,Main,2015,10,2016,4,All (PS),yield,18.87976470588235
5997,AO2008A103,Angola,AO,Bie,none,Bie,Pineapple,Main,2016,10,2017,4,All (PS),yield,12.212653681953936
5998,AO2008A103,Angola,AO,Bie,none,Bie,Sorghum,Main,2006,10,2007,4,All (PS),yield,0.30036630036630035
5999,AO2008A103,Angola,AO,Bie,none,Bie,Sorghum,Main,2007,10,2008,4,All (PS),yield,0.35
6000,AO2008A103,Angola,AO,Bie,none,Bie,Sorghum,Main,2008,10,2009,4,All (PS),yield,0.3500309214594929
6001,AO2008A103,Angola,AO,Bie,none,Bie,Sorghum,Main,2009,10,2010,4,All (PS),yield,0.363901018922853
6002,AO2008A103,Angola,AO,Bie,none,Bie,Sorghum,Main,2010,10,2011,4,All (PS),yield,0.31426247288503256
6003,AO2008A103,Angola,AO,Bie,none,Bie,Sorghum,Main,2011,10,2012,4,All (PS),yield,0.02909006283453572
6004,AO2008A103,Angola,AO,Bie,none,Bie,Sorghum,Main,2012,10,2013,4,All (PS),yield,0.12579617834394904
6005,AO2008A103,Angola,AO,Bie,none,Bie,Sorghum,Main,2013,10,2014,4,All (PS),yield,0.13749146369223766
6006,AO2008A103,Angola,AO,Bie,none,Bie,Sorghum,Main,2014,10,2015,4,All (PS),yield,0.3497183819764465
6007,AO2008A103,Angola,AO,Bie,none,Bie,Sorghum,Main,2015,10,2016,4,All (PS),yield,0.3497183819764465
6008,AO2008A103,Angola,AO,Bie,none,Bie,Coffee,Main,2012,10,2013,4,All (PS),yield,0.1092436974789916
6009,AO2008A103,Angola,AO,Bie,none,Bie,Coffee,Main,2013,10,2014,4,All (PS),yield,0.13318112633181126
6010,AO2008A103,Angola,AO,Bie,none,Bie,Soybean,Main,2006,10,2007,4,All (PS),yield,0.5998962117280747
6011,AO2008A103,Angola,AO,Bie,none,Bie,Soybean,Main,2007,10,2008,4,All (PS),yield,0.4456902592852137
6012,AO2008A103,Angola,AO,Bie,none,Bie,Soybean,Main,2008,10,2009,4,All (PS),yield,0.42992125984251967
6013,AO2008A103,Angola,AO,Bie,none,Bie,Soybean,Main,2009,10,2010,4,All (PS),yield,0.4300501882057716
6014,AO2008A103,Angola,AO,Bie,none,Bie,Soybean,Main,2010,10,2011,4,All (PS),yield,0.525494901019796
6015,AO2008A103,Angola,AO,Bie,none,Bie,Soybean,Main,2011,10,2012,4,All (PS),yield,0.25952380952380955
6016,AO2008A103,Angola,AO,Bie,none,Bie,Soybean,Main,2012,10,2013,4,All (PS),yield,0.5416991426344505
6017,AO2008A103,Angola,AO,Bie,none,Bie,Soybean,Main,2013,10,2014,4,All (PS),yield,0.7424612876935616
6018,AO2008A103,Angola,AO,Bie,none,Bie,Soybean,Main,2014,10,2015,4,All (PS),yield,0.7301399098885464
6019,AO2008A103,Angola,AO,Bie,none,Bie,Soybean,Main,2015,10,2016,4,All (PS),yield,0.7301399098885464
6020,AO2008A103,Angola,AO,Bie,none,Bie,Soybean,Main,2016,10,2017,4,All (PS),yield,0.47630684016535324
6021,AO2008A103,Angola,AO,Bie,none,Bie,Cabbage,Main,2014,10,2015,4,All (PS),yield,8.736764705882353
6022,AO2008A103,Angola,AO,Bie,none,Bie,Cabbage,Main,2015,10,2016,4,All (PS),yield,8.736764705882353
6023,AO2008A103,Angola,AO,Bie,none,Bie,Cabbage,Main,2016,10,2017,4,All (PS),yield,8.367683429513603
6024,AO2008A103,Angola,AO,Bie,none,Bie,Carrots,Main,2014,10,2015,4,All (PS),yield,16.41823056300268
6025,AO2008A103,Angola,AO,Bie,none,Bie,Carrots,Main,2015,10,2016,4,All (PS),yield,16.41823056300268
6026,AO2008A103,Angola,AO,Bie,none,Bie,Carrots,Main,2016,10,2017,4,All (PS),yield,16.6996699669967
6027,AO2008A103,Angola,AO,Bie,none,Bie,Millet,Main,2000,10,2001,4,All (PS),yield,0.6000142419710888
6028,AO2008A103,Angola,AO,Bie,none,Bie,Millet,Main,2001,10,2002,4,All (PS),yield,0.6000400026668444
6029,AO2008A103,Angola,AO,Bie,none,Bie,Millet,Main,2002,10,2003,4,All (PS),yield,0.419953596287703
6030,AO2008A103,Angola,AO,Bie,none,Bie,Millet,Main,2003,10,2004,4,All (PS),yield,0.3999676532427624
6031,AO2008A103,Angola,AO,Bie,none,Bie,Millet,Main,2004,10,2005,4,All (PS),yield,0.35003750937734435
6032,AO2008A103,Angola,AO,Bie,none,Bie,Millet,Main,2005,10,2006,4,All (PS),yield,0.3834308984474421
6033,AO2008A103,Angola,AO,Bie,none,Bie,Rice,Main,2004,10,2005,4,All (PS),yield,0.6987951807228916
6034,AO2008A103,Angola,AO,Bie,none,Bie,Rice,Main,2005,10,2006,4,All (PS),yield,0.7083333333333334
6035,AO2008A103,Angola,AO,Bie,none,Bie,Rice,Main,2006,10,2007,4,All (PS),yield,0.5702479338842975
6036,AO2008A103,Angola,AO,Bie,none,Bie,Rice,Main,2007,10,2008,4,All (PS),yield,0.5512585812356979
6037,AO2008A103,Angola,AO,Bie,none,Bie,Rice,Main,2008,10,2009,4,All (PS),yield,0.5513612445664607
6038,AO2008A103,Angola,AO,Bie,none,Bie,Rice,Main,2009,10,2010,4,All (PS),yield,0.6516115573172003
6039,AO2008A103,Angola,AO,Bie,none,Bie,Rice,Main,2010,10,2011,4,All (PS),yield,0.8691513064614138
6040,AO2008A103,Angola,AO,Bie,none,Bie,Rice,Main,2011,10,2012,4,All (PS),yield,0.7589789254971802
6041,AO2008A103,Angola,AO,Bie,none,Bie,Rice,Main,2012,10,2013,4,All (PS),yield,1.2284304047384007
6042,AO2008A103,Angola,AO,Bie,none,Bie,Rice,Main,2013,10,2014,4,All (PS),yield,1.3506954720331459
6043,AO2008A103,Angola,AO,Bie,none,Bie,Rice,Main,2014,10,2015,4,All (PS),yield,1.4890850722311397
6044,AO2008A103,Angola,AO,Bie,none,Bie,Rice,Main,2015,10,2016,4,All (PS),yield,1.4890850722311397
6045,AO2008A103,Angola,AO,Bie,none,Bie,Rice,Main,2016,10,2017,4,All (PS),yield,0.5647950548237545
6046,AO2008A103,Angola,AO,Bie,none,Bie,Garlic,Main,2008,10,2009,4,All (PS),yield,5.4961759903755265
6047,AO2008A103,Angola,AO,Bie,none,Bie,Garlic,Main,2009,10,2010,4,All (PS),yield,4.63764404609475
6048,AO2008A103,Angola,AO,Bie,none,Bie,Garlic,Main,2010,10,2011,4,All (PS),yield,5.980392156862745
6049,AO2008A103,Angola,AO,Bie,none,Bie,Garlic,Main,2011,10,2012,4,All (PS),yield,2.924046937941503
6050,AO2008A104,Angola,AO,Cabinda,none,Cabinda,Maize,Main,1996,10,1997,4,All (PS),yield,0.5299972853135463
6051,AO2008A104,Angola,AO,Cabinda,none,Cabinda,Maize,Main,1997,10,1998,4,All (PS),yield,0.7
6052,AO2008A104,Angola,AO,Cabinda,none,Cabinda,Maize,Main,1998,10,1999,4,All (PS),yield,0.7002262443438914
6053,AO2008A104,Angola,AO,Cabinda,none,Cabinda,Maize,Main,1999,10,2000,4,All (PS),yield,0.8
6054,AO2008A104,Angola,AO,Cabinda,none,Cabinda,Maize,Main,2000,10,2001,4,All (PS),yield,0.8000678311005596
6055,AO2008A104,Angola,AO,Cabinda,none,Cabinda,Maize,Main,2001,10,2002,4,All (PS),yield,0.6500415627597672
6056,AO2008A104,Angola,AO,Cabinda,none,Cabinda,Maize,Main,2002,10,2003,4,All (PS),yield,0.8000308356460067
6057,AO2008A104,Angola,AO,Cabinda,none,Cabinda,Maize,Main,2003,10,2004,4,All (PS),yield,0.7999003239471717
6058,AO2008A104,Angola,AO,Cabinda,none,Cabinda,Maize,Main,2004,10,2005,4,All (PS),yield,0.5
6059,AO2008A104,Angola,AO,Cabinda,none,Cabinda,Maize,Main,2005,10,2006,4,All (PS),yield,0.5398912058023572
6060,AO2008A104,Angola,AO,Cabinda,none,Cabinda,Maize,Main,2006,10,2007,4,All (PS),yield,0.4
6061,AO2008A104,Angola,AO,Cabinda,none,Cabinda,Maize,Main,2007,10,2008,4,All (PS),yield,1.0600961538461537
6062,AO2008A104,Angola,AO,Cabinda,none,Cabinda,Maize,Main,2008,10,2009,4,All (PS),yield,0.4823741596983112
6063,AO2008A104,Angola,AO,Cabinda,none,Cabinda,Maize,Main,2009,10,2010,4,All (PS),yield,0.46323089800310896
6064,AO2008A104,Angola,AO,Cabinda,none,Cabinda,Maize,Main,2010,10,2011,4,All (PS),yield,0.45902207837244247
6065,AO2008A104,Angola,AO,Cabinda,none,Cabinda,Maize,Main,2011,10,2012,4,All (PS),yield,0.29136856681283174
6066,AO2008A104,Angola,AO,Cabinda,none,Cabinda,Maize,Main,2012,10,2013,4,All (PS),yield,0.4285551374158969
6067,AO2008A104,Angola,AO,Cabinda,none,Cabinda,Maize,Main,2013,10,2014,4,All (PS),yield,0.3750284284739595
6068,AO2008A104,Angola,AO,Cabinda,none,Cabinda,Maize,Main,2014,10,2015,4,All (PS),yield,0.35862146134049455
6069,AO2008A104,Angola,AO,Cabinda,none,Cabinda,Maize,Main,2015,10,2016,4,All (PS),yield,0.35862146134049455
6070,AO2008A104,Angola,AO,Cabinda,none,Cabinda,Maize,Main,2016,10,2017,4,All (PS),yield,0.34269220676987666
6071,AO2008A104,Angola,AO,Cabinda,none,Cabinda,Sweet Potatoes,Main,2000,10,2001,4,All (PS),yield,4.000537056928034
6072,AO2008A104,Angola,AO,Cabinda,none,Cabinda,Sweet Potatoes,Main,2001,10,2002,4,All (PS),yield,4.498947368421053
6073,AO2008A104,Angola,AO,Cabinda,none,Cabinda,Sweet Potatoes,Main,2002,10,2003,4,All (PS),yield,4.499759615384615
6074,AO2008A104,Angola,AO,Cabinda,none,Cabinda,Sweet Potatoes,Main,2003,10,2004,4,All (PS),yield,6.000623052959502
6075,AO2008A104,Angola,AO,Cabinda,none,Cabinda,Sweet Potatoes,Main,2004,10,2005,4,All (PS),yield,5.033898305084746
6076,AO2008A104,Angola,AO,Cabinda,none,Cabinda,Sweet Potatoes,Main,2005,10,2006,4,All (PS),yield,4.99909338168631
6077,AO2008A104,Angola,AO,Cabinda,none,Cabinda,Sweet Potatoes,Main,2006,10,2007,4,All (PS),yield,5.900031793614025
6078,AO2008A104,Angola,AO,Cabinda,none,Cabinda,Sweet Potatoes,Main,2007,10,2008,4,All (PS),yield,6.0799113544518315
6079,AO2008A104,Angola,AO,Cabinda,none,Cabinda,Sweet Potatoes,Main,2008,10,2009,4,All (PS),yield,6.0
6080,AO2008A104,Angola,AO,Cabinda,none,Cabinda,Sweet Potatoes,Main,2009,10,2010,4,All (PS),yield,5.99987662444481
6081,AO2008A104,Angola,AO,Cabinda,none,Cabinda,Sweet Potatoes,Main,2010,10,2011,4,All (PS),yield,4.742716535433071
6082,AO2008A104,Angola,AO,Cabinda,none,Cabinda,Sweet Potatoes,Main,2011,10,2012,4,All (PS),yield,3.3299093655589123
6083,AO2008A104,Angola,AO,Cabinda,none,Cabinda,Sweet Potatoes,Main,2012,10,2013,4,All (PS),yield,4.883420528728182
6084,AO2008A104,Angola,AO,Cabinda,none,Cabinda,Sweet Potatoes,Main,2013,10,2014,4,All (PS),yield,7.5169530460351
6085,AO2008A104,Angola,AO,Cabinda,none,Cabinda,Sweet Potatoes,Main,2014,10,2015,4,All (PS),yield,7.886361500140991
6086,AO2008A104,Angola,AO,Cabinda,none,Cabinda,Sweet Potatoes,Main,2015,10,2016,4,All (PS),yield,7.886361500140991
6087,AO2008A104,Angola,AO,Cabinda,none,Cabinda,Sweet Potatoes,Main,2016,10,2017,4,All (PS),yield,8.9583955923344
6088,AO2008A104,Angola,AO,Cabinda,none,Cabinda,Banana,Main,2006,10,2007,4,All (PS),yield,20.08452830188679
6089,AO2008A104,Angola,AO,Cabinda,none,Cabinda,Banana,Main,2007,10,2008,4,All (PS),yield,9.309896167158056
6090,AO2008A104,Angola,AO,Cabinda,none,Cabinda,Banana,Main,2008,10,2009,4,All (PS),yield,13.416449572013398
6091,AO2008A104,Angola,AO,Cabinda,none,Cabinda,Banana,Main,2009,10,2010,4,All (PS),yield,14.11051800206983
6092,AO2008A104,Angola,AO,Cabinda,none,Cabinda,Banana,Main,2010,10,2011,4,All (PS),yield,20.973214285714285
6093,AO2008A104,Angola,AO,Cabinda,none,Cabinda,Banana,Main,2011,10,2012,4,All (PS),yield,16.645152844144793
6094,AO2008A104,Angola,AO,Cabinda,none,Cabinda,Banana,Main,2012,10,2013,4,All (PS),yield,21.634661639472146
6095,AO2008A104,Angola,AO,Cabinda,none,Cabinda,Banana,Main,2013,10,2014,4,All (PS),yield,24.377169602808294
6096,AO2008A104,Angola,AO,Cabinda,none,Cabinda,Banana,Main,2014,10,2015,4,All (PS),yield,27.877777003969637
6097,AO2008A104,Angola,AO,Cabinda,none,Cabinda,Banana,Main,2015,10,2016,4,All (PS),yield,27.877777003969637
6098,AO2008A104,Angola,AO,Cabinda,none,Cabinda,Banana,Main,2016,10,2017,4,All (PS),yield,22.418807380603486
6099,AO2008A104,Angola,AO,Cabinda,none,Cabinda,Mango,Main,2015,10,2016,4,All (PS),yield,8.807692307692308
6100,AO2008A104,Angola,AO,Cabinda,none,Cabinda,Mango,Main,2016,10,2017,4,All (PS),yield,8.029810298102982
6101,AO2008A104,Angola,AO,Cabinda,none,Cabinda,Groundnuts (In Shell),Main,2001,10,2002,4,All (PS),yield,0.30006317119393555
6102,AO2008A104,Angola,AO,Cabinda,none,Cabinda,Groundnuts (In Shell),Main,2002,10,2003,4,All (PS),yield,0.8001064679265372
6103,AO2008A104,Angola,AO,Cabinda,none,Cabinda,Groundnuts (In Shell),Main,2003,10,2004,4,All (PS),yield,0.5
6104,AO2008A104,Angola,AO,Cabinda,none,Cabinda,Groundnuts (In Shell),Main,2004,10,2005,4,All (PS),yield,0.399955035971223
6105,AO2008A104,Angola,AO,Cabinda,none,Cabinda,Groundnuts (In Shell),Main,2005,10,2006,4,All (PS),yield,0.4898728214790391
6106,AO2008A104,Angola,AO,Cabinda,none,Cabinda,Groundnuts (In Shell),Main,2006,10,2007,4,All (PS),yield,0.3999530295913574
6107,AO2008A104,Angola,AO,Cabinda,none,Cabinda,Groundnuts (In Shell),Main,2007,10,2008,4,All (PS),yield,0.3999572695224869
6108,AO2008A104,Angola,AO,Cabinda,none,Cabinda,Groundnuts (In Shell),Main,2008,10,2009,4,All (PS),yield,0.7000050309402828
6109,AO2008A104,Angola,AO,Cabinda,none,Cabinda,Groundnuts (In Shell),Main,2009,10,2010,4,All (PS),yield,0.7000496524329692
6110,AO2008A104,Angola,AO,Cabinda,none,Cabinda,Groundnuts (In Shell),Main,2010,10,2011,4,All (PS),yield,0.6017815037987949
6111,AO2008A104,Angola,AO,Cabinda,none,Cabinda,Groundnuts (In Shell),Main,2011,10,2012,4,All (PS),yield,0.41651162790697677
6112,AO2008A104,Angola,AO,Cabinda,none,Cabinda,Groundnuts (In Shell),Main,2012,10,2013,4,All (PS),yield,0.6312622177929396
6113,AO2008A104,Angola,AO,Cabinda,none,Cabinda,Groundnuts (In Shell),Main,2013,10,2014,4,All (PS),yield,0.8170694401957785
6114,AO2008A104,Angola,AO,Cabinda,none,Cabinda,Groundnuts (In Shell),Main,2014,10,2015,4,All (PS),yield,0.8495040011800715
6115,AO2008A104,Angola,AO,Cabinda,none,Cabinda,Groundnuts (In Shell),Main,2015,10,2016,4,All (PS),yield,0.8495040011800715
6116,AO2008A104,Angola,AO,Cabinda,none,Cabinda,Groundnuts (In Shell),Main,2016,10,2017,4,All (PS),yield,0.8373607736847308
6117,AO2008A104,Angola,AO,Cabinda,none,Cabinda,Lemon,Main,2015,10,2016,4,All (PS),yield,11.981302385557704
6118,AO2008A104,Angola,AO,Cabinda,none,Cabinda,Lemon,Main,2016,10,2017,4,All (PS),yield,12.878787878787879
6119,AO2008A104,Angola,AO,Cabinda,none,Cabinda,Beans (mixed),Main,2000,10,2001,4,All (PS),yield,0.49986577181208053
6120,AO2008A104,Angola,AO,Cabinda,none,Cabinda,Beans (mixed),Main,2001,10,2002,4,All (PS),yield,0.40010529086601737
6121,AO2008A104,Angola,AO,Cabinda,none,Cabinda,Beans (mixed),Main,2002,10,2003,4,All (PS),yield,0.4
6122,AO2008A104,Angola,AO,Cabinda,none,Cabinda,Beans (mixed),Main,2003,10,2004,4,All (PS),yield,0.30004152823920266
6123,AO2008A104,Angola,AO,Cabinda,none,Cabinda,Beans (mixed),Main,2004,10,2005,4,All (PS),yield,0.3100269784172662
6124,AO2008A104,Angola,AO,Cabinda,none,Cabinda,Beans (mixed),Main,2005,10,2006,4,All (PS),yield,0.34776299879081013
6125,AO2008A104,Angola,AO,Cabinda,none,Cabinda,Beans (mixed),Main,2006,10,2007,4,All (PS),yield,0.29998391507157796
6126,AO2008A104,Angola,AO,Cabinda,none,Cabinda,Beans (mixed),Main,2007,10,2008,4,All (PS),yield,0.349969408268508
6127,AO2008A104,Angola,AO,Cabinda,none,Cabinda,Beans (mixed),Main,2008,10,2009,4,All (PS),yield,0.3500428449014567
6128,AO2008A104,Angola,AO,Cabinda,none,Cabinda,Beans (mixed),Main,2009,10,2010,4,All (PS),yield,0.35297624116494936
6129,AO2008A104,Angola,AO,Cabinda,none,Cabinda,Beans (mixed),Main,2010,10,2011,4,All (PS),yield,0.3970129656983424
6130,AO2008A104,Angola,AO,Cabinda,none,Cabinda,Beans (mixed),Main,2011,10,2012,4,All (PS),yield,0.2874439461883408
6131,AO2008A104,Angola,AO,Cabinda,none,Cabinda,Beans (mixed),Main,2012,10,2013,4,All (PS),yield,0.3495480931736351
6132,AO2008A104,Angola,AO,Cabinda,none,Cabinda,Beans (mixed),Main,2013,10,2014,4,All (PS),yield,0.4507597895967271
6133,AO2008A104,Angola,AO,Cabinda,none,Cabinda,Beans (mixed),Main,2014,10,2015,4,All (PS),yield,0.5311289072591062
6134,AO2008A104,Angola,AO,Cabinda,none,Cabinda,Beans (mixed),Main,2015,10,2016,4,All (PS),yield,0.5311289072591062
6135,AO2008A104,Angola,AO,Cabinda,none,Cabinda,Beans (mixed),Main,2016,10,2017,4,All (PS),yield,0.47030085351253237
6136,AO2008A104,Angola,AO,Cabinda,none,Cabinda,Cassava,Main,1996,10,1997,4,All (PS),yield,4.0
6137,AO2008A104,Angola,AO,Cabinda,none,Cabinda,Cassava,Main,1997,10,1998,4,All (PS),yield,4.0
6138,AO2008A104,Angola,AO,Cabinda,none,Cabinda,Cassava,Main,1998,10,1999,4,All (PS),yield,6.0
6139,AO2008A104,Angola,AO,Cabinda,none,Cabinda,Cassava,Main,1999,10,2000,4,All (PS),yield,10.0
6140,AO2008A104,Angola,AO,Cabinda,none,Cabinda,Cassava,Main,2000,10,2001,4,All (PS),yield,11.500098625813663
6141,AO2008A104,Angola,AO,Cabinda,none,Cabinda,Cassava,Main,2001,10,2002,4,All (PS),yield,12.192870495713272
6142,AO2008A104,Angola,AO,Cabinda,none,Cabinda,Cassava,Main,2002,10,2003,4,All (PS),yield,10.140798887122417
6143,AO2008A104,Angola,AO,Cabinda,none,Cabinda,Cassava,Main,2003,10,2004,4,All (PS),yield,7.975615544348858
6144,AO2008A104,Angola,AO,Cabinda,none,Cabinda,Cassava,Main,2004,10,2005,4,All (PS),yield,8.00667963683528
6145,AO2008A104,Angola,AO,Cabinda,none,Cabinda,Cassava,Main,2005,10,2006,4,All (PS),yield,12.498618211966285
6146,AO2008A104,Angola,AO,Cabinda,none,Cabinda,Cassava,Main,2006,10,2007,4,All (PS),yield,12.500282397238783
6147,AO2008A104,Angola,AO,Cabinda,none,Cabinda,Cassava,Main,2007,10,2008,4,All (PS),yield,6.389664590844532
6148,AO2008A104,Angola,AO,Cabinda,none,Cabinda,Cassava,Main,2008,10,2009,4,All (PS),yield,6.8839099314047125
6149,AO2008A104,Angola,AO,Cabinda,none,Cabinda,Cassava,Main,2009,10,2010,4,All (PS),yield,6.5865254055599225
6150,AO2008A104,Angola,AO,Cabinda,none,Cabinda,Cassava,Main,2010,10,2011,4,All (PS),yield,6.316737143636612
6151,AO2008A104,Angola,AO,Cabinda,none,Cabinda,Cassava,Main,2011,10,2012,4,All (PS),yield,5.966845549946654
6152,AO2008A104,Angola,AO,Cabinda,none,Cabinda,Cassava,Main,2012,10,2013,4,All (PS),yield,6.20351420080272
6153,AO2008A104,Angola,AO,Cabinda,none,Cabinda,Cassava,Main,2013,10,2014,4,All (PS),yield,7.551587483742637
6154,AO2008A104,Angola,AO,Cabinda,none,Cabinda,Cassava,Main,2015,10,2016,4,All (PS),yield,7.52079793128925
6155,AO2008A104,Angola,AO,Cabinda,none,Cabinda,Cassava,Main,2016,10,2017,4,All (PS),yield,10.300154856280056
6156,AO2008A104,Angola,AO,Cabinda,none,Cabinda,Potato,Main,2006,10,2007,4,All (PS),yield,7.001980198019802
6157,AO2008A104,Angola,AO,Cabinda,none,Cabinda,Potato,Main,2007,10,2008,4,All (PS),yield,7.0
6158,AO2008A104,Angola,AO,Cabinda,none,Cabinda,Potato,Main,2008,10,2009,4,All (PS),yield,7.0
6159,AO2008A104,Angola,AO,Cabinda,none,Cabinda,Potato,Main,2009,10,2010,4,All (PS),yield,6.969387755102041
6160,AO2008A104,Angola,AO,Cabinda,none,Cabinda,Potato,Main,2010,10,2011,4,All (PS),yield,7.1020408163265305
6161,AO2008A104,Angola,AO,Cabinda,none,Cabinda,Potato,Main,2011,10,2012,4,All (PS),yield,5.0510948905109485
6162,AO2008A104,Angola,AO,Cabinda,none,Cabinda,Potato,Main,2012,10,2013,4,All (PS),yield,5.3768115942028984
6163,AO2008A104,Angola,AO,Cabinda,none,Cabinda,Potato,Main,2013,10,2014,4,All (PS),yield,5.194444444444445
6164,AO2008A104,Angola,AO,Cabinda,none,Cabinda,Potato,Main,2014,10,2015,4,All (PS),yield,5.366906474820144
6165,AO2008A104,Angola,AO,Cabinda,none,Cabinda,Potato,Main,2015,10,2016,4,All (PS),yield,5.366906474820144
6166,AO2008A104,Angola,AO,Cabinda,none,Cabinda,Pineapple,Main,2006,10,2007,4,All (PS),yield,11.5
6167,AO2008A104,Angola,AO,Cabinda,none,Cabinda,Pineapple,Main,2007,10,2008,4,All (PS),yield,10.511538461538462
6168,AO2008A104,Angola,AO,Cabinda,none,Cabinda,Pineapple,Main,2014,10,2015,4,All (PS),yield,17.566146993318487
6169,AO2008A104,Angola,AO,Cabinda,none,Cabinda,Pineapple,Main,2015,10,2016,4,All (PS),yield,17.566146993318487
6170,AO2008A104,Angola,AO,Cabinda,none,Cabinda,Pineapple,Main,2016,10,2017,4,All (PS),yield,14.759712760081017
6171,AO2008A104,Angola,AO,Cabinda,none,Cabinda,Sorghum,Main,1996,10,1997,4,All (PS),yield,0.5000669254450542
6172,AO2008A104,Angola,AO,Cabinda,none,Cabinda,Sorghum,Main,1997,10,1998,4,All (PS),yield,0.6
6173,AO2008A104,Angola,AO,Cabinda,none,Cabinda,Coffee,Main,2008,10,2009,4,All (PS),yield,0.25
6174,AO2008A104,Angola,AO,Cabinda,none,Cabinda,Coffee,Main,2012,10,2013,4,All (PS),yield,0.14186851211072665
6175,AO2008A104,Angola,AO,Cabinda,none,Cabinda,Coffee,Main,2013,10,2014,4,All (PS),yield,0.1506136110078096
6176,AO2008A104,Angola,AO,Cabinda,none,Cabinda,Millet,Main,1996,10,1997,4,All (PS),yield,0.5000289167775143
6177,AO2008A104,Angola,AO,Cabinda,none,Cabinda,Garlic,Main,2008,10,2009,4,All (PS),yield,4.61021505376344
6178,AO2008A104,Angola,AO,Cabinda,none,Cabinda,Garlic,Main,2009,10,2010,4,All (PS),yield,4.37
6179,AO2008A104,Angola,AO,Cabinda,none,Cabinda,Garlic,Main,2010,10,2011,4,All (PS),yield,5.666666666666667
6180,AO2008A104,Angola,AO,Cabinda,none,Cabinda,Garlic,Main,2011,10,2012,4,All (PS),yield,5.772139303482587
6181,AO2008A104,Angola,AO,Cabinda,none,Cabinda,Avocado,Main,2014,10,2015,4,All (PS),yield,11.751173708920188
6182,AO2008A104,Angola,AO,Cabinda,none,Cabinda,Avocado,Main,2015,10,2016,4,All (PS),yield,11.751173708920188
6183,AO2008A105,Angola,AO,Cunene,none,Cunene,Maize,Main,1996,10,1997,4,All (PS),yield,0.82
6184,AO2008A105,Angola,AO,Cunene,none,Cunene,Maize,Main,1997,10,1998,4,All (PS),yield,0.7
6185,AO2008A105,Angola,AO,Cunene,none,Cunene,Maize,Main,1998,10,1999,4,All (PS),yield,0.4
6186,AO2008A105,Angola,AO,Cunene,none,Cunene,Maize,Main,1999,10,2000,4,All (PS),yield,0.4000315855969678
6187,AO2008A105,Angola,AO,Cunene,none,Cunene,Maize,Main,2000,10,2001,4,All (PS),yield,0.40003045530683723
6188,AO2008A105,Angola,AO,Cunene,none,Cunene,Maize,Main,2001,10,2002,4,All (PS),yield,0.30013106159895153
6189,AO2008A105,Angola,AO,Cunene,none,Cunene,Maize,Main,2002,10,2003,4,All (PS),yield,0.1500256541816316
6190,AO2008A105,Angola,AO,Cunene,none,Cunene,Maize,Main,2003,10,2004,4,All (PS),yield,0.14997851310700472
6191,AO2008A105,Angola,AO,Cunene,none,Cunene,Maize,Main,2004,10,2005,4,All (PS),yield,0.29996901146575766
6192,AO2008A105,Angola,AO,Cunene,none,Cunene,Maize,Main,2005,10,2006,4,All (PS),yield,0.3412592733498193
6193,AO2008A105,Angola,AO,Cunene,none,Cunene,Maize,Main,2006,10,2007,4,All (PS),yield,0.3
6194,AO2008A105,Angola,AO,Cunene,none,Cunene,Maize,Main,2007,10,2008,4,All (PS),yield,0.01999417079568639
6195,AO2008A105,Angola,AO,Cunene,none,Cunene,Maize,Main,2008,10,2009,4,All (PS),yield,0.0009909647333139027
6196,AO2008A105,Angola,AO,Cunene,none,Cunene,Maize,Main,2009,10,2010,4,All (PS),yield,0.36075872900809475
6197,AO2008A105,Angola,AO,Cunene,none,Cunene,Maize,Main,2010,10,2011,4,All (PS),yield,0.48460795881154134
6198,AO2008A105,Angola,AO,Cunene,none,Cunene,Maize,Main,2011,10,2012,4,All (PS),yield,0.09411991765311374
6199,AO2008A105,Angola,AO,Cunene,none,Cunene,Maize,Main,2012,10,2013,4,All (PS),yield,0.056713336344280274
6200,AO2008A105,Angola,AO,Cunene,none,Cunene,Maize,Main,2013,10,2014,4,All (PS),yield,0.14663658736669402
6201,AO2008A105,Angola,AO,Cunene,none,Cunene,Maize,Main,2014,10,2015,4,All (PS),yield,0.2072554722179703
6202,AO2008A105,Angola,AO,Cunene,none,Cunene,Maize,Main,2015,10,2016,4,All (PS),yield,0.2072554722179703
6203,AO2008A105,Angola,AO,Cunene,none,Cunene,Maize,Main,2016,10,2017,4,All (PS),yield,0.3778864414087944
6204,AO2008A105,Angola,AO,Cunene,none,Cunene,Sweet Potatoes,Main,2000,10,2001,4,All (PS),yield,1.5003427004797807
6205,AO2008A105,Angola,AO,Cunene,none,Cunene,Sweet Potatoes,Main,2011,10,2012,4,All (PS),yield,4.810645033636724
6206,AO2008A105,Angola,AO,Cunene,none,Cunene,Sweet Potatoes,Main,2012,10,2013,4,All (PS),yield,3.0856393129770994
6207,AO2008A105,Angola,AO,Cunene,none,Cunene,Sweet Potatoes,Main,2013,10,2014,4,All (PS),yield,8.194929442717052
6208,AO2008A105,Angola,AO,Cunene,none,Cunene,Sweet Potatoes,Main,2014,10,2015,4,All (PS),yield,3.502463676563487
6209,AO2008A105,Angola,AO,Cunene,none,Cunene,Sweet Potatoes,Main,2015,10,2016,4,All (PS),yield,3.502463676563487
6210,AO2008A105,Angola,AO,Cunene,none,Cunene,Sweet Potatoes,Main,2016,10,2017,4,All (PS),yield,5.190050307434321
6211,AO2008A105,Angola,AO,Cunene,none,Cunene,Banana,Main,2006,10,2007,4,All (PS),yield,15.0
6212,AO2008A105,Angola,AO,Cunene,none,Cunene,Banana,Main,2009,10,2010,4,All (PS),yield,10.070688030160227
6213,AO2008A105,Angola,AO,Cunene,none,Cunene,Banana,Main,2010,10,2011,4,All (PS),yield,13.95111111111111
6214,AO2008A105,Angola,AO,Cunene,none,Cunene,Banana,Main,2011,10,2012,4,All (PS),yield,15.918020679468242
6215,AO2008A105,Angola,AO,Cunene,none,Cunene,Banana,Main,2012,10,2013,4,All (PS),yield,15.913454545454545
6216,AO2008A105,Angola,AO,Cunene,none,Cunene,Banana,Main,2013,10,2014,4,All (PS),yield,18.467503692762186
6217,AO2008A105,Angola,AO,Cunene,none,Cunene,Banana,Main,2014,10,2015,4,All (PS),yield,20.53410852713178
6218,AO2008A105,Angola,AO,Cunene,none,Cunene,Banana,Main,2015,10,2016,4,All (PS),yield,20.53410852713178
6219,AO2008A105,Angola,AO,Cunene,none,Cunene,Banana,Main,2016,10,2017,4,All (PS),yield,25.599590023915272
6220,AO2008A105,Angola,AO,Cunene,none,Cunene,Tomato,Main,2014,10,2015,4,All (PS),yield,8.242718446601941
6221,AO2008A105,Angola,AO,Cunene,none,Cunene,Tomato,Main,2015,10,2016,4,All (PS),yield,8.242718446601941
6222,AO2008A105,Angola,AO,Cunene,none,Cunene,Tomato,Main,2016,10,2017,4,All (PS),yield,9.184466019417476
6223,AO2008A105,Angola,AO,Cunene,none,Cunene,Onions,Main,2014,10,2015,4,All (PS),yield,8.263157894736842
6224,AO2008A105,Angola,AO,Cunene,none,Cunene,Onions,Main,2015,10,2016,4,All (PS),yield,8.263157894736842
6225,AO2008A105,Angola,AO,Cunene,none,Cunene,Onions,Main,2016,10,2017,4,All (PS),yield,7.642857142857143
6226,AO2008A105,Angola,AO,Cunene,none,Cunene,Mango,Main,2015,10,2016,4,All (PS),yield,5.783567134268537
6227,AO2008A105,Angola,AO,Cunene,none,Cunene,Mango,Main,2016,10,2017,4,All (PS),yield,8.138144329896907
6228,AO2008A105,Angola,AO,Cunene,none,Cunene,Groundnuts (In Shell),Main,2011,10,2012,4,All (PS),yield,0.1810344827586207
6229,AO2008A105,Angola,AO,Cunene,none,Cunene,Lemon,Main,2015,10,2016,4,All (PS),yield,10.751586582048958
6230,AO2008A105,Angola,AO,Cunene,none,Cunene,Lemon,Main,2016,10,2017,4,All (PS),yield,10.638914953510193
6231,AO2008A105,Angola,AO,Cunene,none,Cunene,Beans (mixed),Main,2000,10,2001,4,All (PS),yield,0.25
6232,AO2008A105,Angola,AO,Cunene,none,Cunene,Beans (mixed),Main,2001,10,2002,4,All (PS),yield,0.10026212319790301
6233,AO2008A105,Angola,AO,Cunene,none,Cunene,Beans (mixed),Main,2003,10,2004,4,All (PS),yield,0.1498549790525298
6234,AO2008A105,Angola,AO,Cunene,none,Cunene,Beans (mixed),Main,2004,10,2005,4,All (PS),yield,0.24985074626865672
6235,AO2008A105,Angola,AO,Cunene,none,Cunene,Beans (mixed),Main,2005,10,2006,4,All (PS),yield,0.25432171110460006
6236,AO2008A105,Angola,AO,Cunene,none,Cunene,Beans (mixed),Main,2006,10,2007,4,All (PS),yield,0.20042757883484769
6237,AO2008A105,Angola,AO,Cunene,none,Cunene,Beans (mixed),Main,2007,10,2008,4,All (PS),yield,0.17036290322580644
6238,AO2008A105,Angola,AO,Cunene,none,Cunene,Beans (mixed),Main,2009,10,2010,4,All (PS),yield,0.23972602739726026
6239,AO2008A105,Angola,AO,Cunene,none,Cunene,Beans (mixed),Main,2010,10,2011,4,All (PS),yield,0.31426969442108216
6240,AO2008A105,Angola,AO,Cunene,none,Cunene,Beans (mixed),Main,2011,10,2012,4,All (PS),yield,0.08976660682226212
6241,AO2008A105,Angola,AO,Cunene,none,Cunene,Beans (mixed),Main,2012,10,2013,4,All (PS),yield,0.07088285229202038
6242,AO2008A105,Angola,AO,Cunene,none,Cunene,Beans (mixed),Main,2013,10,2014,4,All (PS),yield,0.09258098223615464
6243,AO2008A105,Angola,AO,Cunene,none,Cunene,Beans (mixed),Main,2014,10,2015,4,All (PS),yield,0.3772401433691756
6244,AO2008A105,Angola,AO,Cunene,none,Cunene,Beans (mixed),Main,2015,10,2016,4,All (PS),yield,0.3772401433691756
6245,AO2008A105,Angola,AO,Cunene,none,Cunene,Beans (mixed),Main,2016,10,2017,4,All (PS),yield,0.40387722132471726
6246,AO2008A105,Angola,AO,Cunene,none,Cunene,Cassava,Main,1996,10,1997,4,All (PS),yield,5.0
6247,AO2008A105,Angola,AO,Cunene,none,Cunene,Cassava,Main,1997,10,1998,4,All (PS),yield,6.0
6248,AO2008A105,Angola,AO,Cunene,none,Cunene,Cassava,Main,2009,10,2010,4,All (PS),yield,4.527345998848589
6249,AO2008A105,Angola,AO,Cunene,none,Cunene,Cassava,Main,2010,10,2011,4,All (PS),yield,4.643526170798898
6250,AO2008A105,Angola,AO,Cunene,none,Cunene,Cassava,Main,2011,10,2012,4,All (PS),yield,3.459805427547363
6251,AO2008A105,Angola,AO,Cunene,none,Cunene,Cassava,Main,2012,10,2013,4,All (PS),yield,3.8768335862417804
6252,AO2008A105,Angola,AO,Cunene,none,Cunene,Cassava,Main,2013,10,2014,4,All (PS),yield,3.835239717692869
6253,AO2008A105,Angola,AO,Cunene,none,Cunene,Cassava,Main,2015,10,2016,4,All (PS),yield,4.0090708506987
6254,AO2008A105,Angola,AO,Cunene,none,Cunene,Cassava,Main,2016,10,2017,4,All (PS),yield,11.138827990756651
6255,AO2008A105,Angola,AO,Cunene,none,Cunene,Sorghum,Main,2006,10,2007,4,All (PS),yield,0.3955539466539417
6256,AO2008A105,Angola,AO,Cunene,none,Cunene,Sorghum,Main,2007,10,2008,4,All (PS),yield,0.05043006102541925
6257,AO2008A105,Angola,AO,Cunene,none,Cunene,Sorghum,Main,2009,10,2010,4,All (PS),yield,0.16167181192115887
6258,AO2008A105,Angola,AO,Cunene,none,Cunene,Sorghum,Main,2010,10,2011,4,All (PS),yield,0.22601132781951325
6259,AO2008A105,Angola,AO,Cunene,none,Cunene,Sorghum,Main,2011,10,2012,4,All (PS),yield,0.03864834500043211
6260,AO2008A105,Angola,AO,Cunene,none,Cunene,Sorghum,Main,2012,10,2013,4,All (PS),yield,0.05299567854030695
6261,AO2008A105,Angola,AO,Cunene,none,Cunene,Sorghum,Main,2013,10,2014,4,All (PS),yield,0.07702157173089577
6262,AO2008A105,Angola,AO,Cunene,none,Cunene,Sorghum,Main,2014,10,2015,4,All (PS),yield,0.09079045488441462
6263,AO2008A105,Angola,AO,Cunene,none,Cunene,Sorghum,Main,2015,10,2016,4,All (PS),yield,0.09079045488441462
6264,AO2008A105,Angola,AO,Cunene,none,Cunene,Sorghum,Main,2016,10,2017,4,All (PS),yield,0.20727252867987447
6265,AO2008A105,Angola,AO,Cunene,none,Cunene,Cabbage,Main,2014,10,2015,4,All (PS),yield,6.554054054054054
6266,AO2008A105,Angola,AO,Cunene,none,Cunene,Cabbage,Main,2015,10,2016,4,All (PS),yield,6.554054054054054
6267,AO2008A105,Angola,AO,Cunene,none,Cunene,Cabbage,Main,2016,10,2017,4,All (PS),yield,7.054054054054054
6268,AO2008A105,Angola,AO,Cunene,none,Cunene,Millet,Main,2014,10,2015,4,All (PS),yield,0.1458755208943484
6269,AO2008A105,Angola,AO,Cunene,none,Cunene,Millet,Main,2015,10,2016,4,All (PS),yield,0.1458755208943484
6270,AO2008A105,Angola,AO,Cunene,none,Cunene,Millet,Main,2016,10,2017,4,All (PS),yield,0.179554781446841
6271,AO2008A105,Angola,AO,Cunene,none,Cunene,Millet,Main,2000,10,2001,4,All (PS),yield,0.5
6272,AO2008A105,Angola,AO,Cunene,none,Cunene,Millet,Main,2001,10,2002,4,All (PS),yield,0.4000027587348442
6273,AO2008A105,Angola,AO,Cunene,none,Cunene,Millet,Main,2002,10,2003,4,All (PS),yield,0.18999604013946436
6274,AO2008A105,Angola,AO,Cunene,none,Cunene,Millet,Main,2003,10,2004,4,All (PS),yield,0.3000007495521426
6275,AO2008A105,Angola,AO,Cunene,none,Cunene,Millet,Main,2004,10,2005,4,All (PS),yield,0.3733034011169491
6276,AO2008A105,Angola,AO,Cunene,none,Cunene,Millet,Main,2005,10,2006,4,All (PS),yield,0.35526698454566974
6277,AO2008A105,Angola,AO,Cunene,none,Cunene,Millet,Main,2006,10,2007,4,All (PS),yield,0.5004313280363224
6278,AO2008A105,Angola,AO,Cunene,none,Cunene,Millet,Main,2007,10,2008,4,All (PS),yield,0.1
6279,AO2008A105,Angola,AO,Cunene,none,Cunene,Millet,Main,2008,10,2009,4,All (PS),yield,0.0010017963244438304
6280,AO2008A105,Angola,AO,Cunene,none,Cunene,Millet,Main,2009,10,2010,4,All (PS),yield,0.12223272563583165
6281,AO2008A105,Angola,AO,Cunene,none,Cunene,Millet,Main,2010,10,2011,4,All (PS),yield,0.23413054540408013
6282,AO2008A105,Angola,AO,Cunene,none,Cunene,Millet,Main,2011,10,2012,4,All (PS),yield,0.07313682829120044
6283,AO2008A105,Angola,AO,Cunene,none,Cunene,Millet,Main,2012,10,2013,4,All (PS),yield,0.12998835035626236
6284,AO2008A105,Angola,AO,Cunene,none,Cunene,Millet,Main,2013,10,2014,4,All (PS),yield,0.1427978682206281
6285,AO2008A105,Angola,AO,Cunene,none,Cunene,Rice,Main,1997,10,1998,4,All (PS),yield,0.5
6286,AO2008A106,Angola,AO,Huambo,none,Huambo,Maize,Main,1996,10,1997,4,All (PS),yield,0.5099605954465849
6287,AO2008A106,Angola,AO,Huambo,none,Huambo,Maize,Main,1997,10,1998,4,All (PS),yield,0.6
6288,AO2008A106,Angola,AO,Huambo,none,Huambo,Maize,Main,1998,10,1999,4,All (PS),yield,0.6000022415744819
6289,AO2008A106,Angola,AO,Huambo,none,Huambo,Maize,Main,1999,10,2000,4,All (PS),yield,0.4000010275538567
6290,AO2008A106,Angola,AO,Huambo,none,Huambo,Maize,Main,2000,10,2001,4,All (PS),yield,0.6499991467139956
6291,AO2008A106,Angola,AO,Huambo,none,Huambo,Maize,Main,2001,10,2002,4,All (PS),yield,0.75
6292,AO2008A106,Angola,AO,Huambo,none,Huambo,Maize,Main,2002,10,2003,4,All (PS),yield,0.6000009546174848
6293,AO2008A106,Angola,AO,Huambo,none,Huambo,Maize,Main,2003,10,2004,4,All (PS),yield,0.4
6294,AO2008A106,Angola,AO,Huambo,none,Huambo,Maize,Main,2004,10,2005,4,All (PS),yield,0.6999991702369527
6295,AO2008A106,Angola,AO,Huambo,none,Huambo,Maize,Main,2005,10,2006,4,All (PS),yield,0.41656039203130174
6296,AO2008A106,Angola,AO,Huambo,none,Huambo,Maize,Main,2006,10,2007,4,All (PS),yield,0.5388784364381792
6297,AO2008A106,Angola,AO,Huambo,none,Huambo,Maize,Main,2007,10,2008,4,All (PS),yield,1.0010384153661465
6298,AO2008A106,Angola,AO,Huambo,none,Huambo,Maize,Main,2008,10,2009,4,All (PS),yield,1.1717397721723632
6299,AO2008A106,Angola,AO,Huambo,none,Huambo,Maize,Main,2009,10,2010,4,All (PS),yield,0.7933916887618238
6300,AO2008A106,Angola,AO,Huambo,none,Huambo,Maize,Main,2010,10,2011,4,All (PS),yield,0.8045477161421241
6301,AO2008A106,Angola,AO,Huambo,none,Huambo,Maize,Main,2011,10,2012,4,All (PS),yield,0.2519535359888025
6302,AO2008A106,Angola,AO,Huambo,none,Huambo,Maize,Main,2012,10,2013,4,All (PS),yield,1.0976796742674084
6303,AO2008A106,Angola,AO,Huambo,none,Huambo,Maize,Main,2013,10,2014,4,All (PS),yield,1.2121427931348365
6304,AO2008A106,Angola,AO,Huambo,none,Huambo,Maize,Main,2014,10,2015,4,All (PS),yield,1.3580589671391106
6305,AO2008A106,Angola,AO,Huambo,none,Huambo,Maize,Main,2015,10,2016,4,All (PS),yield,1.3580589671391106
6306,AO2008A106,Angola,AO,Huambo,none,Huambo,Maize,Main,2016,10,2017,4,All (PS),yield,1.01955624375586
6307,AO2008A106,Angola,AO,Huambo,none,Huambo,Chili Pepper,Main,2014,10,2015,4,All (PS),yield,2.871794871794872
6308,AO2008A106,Angola,AO,Huambo,none,Huambo,Chili Pepper,Main,2015,10,2016,4,All (PS),yield,2.871794871794872
6309,AO2008A106,Angola,AO,Huambo,none,Huambo,Chili Pepper,Main,2016,10,2017,4,All (PS),yield,3.2975778546712804
6310,AO2008A106,Angola,AO,Huambo,none,Huambo,Sweet Potatoes,Main,2000,10,2001,4,All (PS),yield,3.4998805447160946
6311,AO2008A106,Angola,AO,Huambo,none,Huambo,Sweet Potatoes,Main,2001,10,2002,4,All (PS),yield,3.9999240410178505
6312,AO2008A106,Angola,AO,Huambo,none,Huambo,Sweet Potatoes,Main,2002,10,2003,4,All (PS),yield,4.000065316786414
6313,AO2008A106,Angola,AO,Huambo,none,Huambo,Sweet Potatoes,Main,2003,10,2004,4,All (PS),yield,7.800107549368147
6314,AO2008A106,Angola,AO,Huambo,none,Huambo,Sweet Potatoes,Main,2004,10,2005,4,All (PS),yield,6.0
6315,AO2008A106,Angola,AO,Huambo,none,Huambo,Sweet Potatoes,Main,2005,10,2006,4,All (PS),yield,4.999940691536683
6316,AO2008A106,Angola,AO,Huambo,none,Huambo,Sweet Potatoes,Main,2006,10,2007,4,All (PS),yield,6.899885583524028
6317,AO2008A106,Angola,AO,Huambo,none,Huambo,Sweet Potatoes,Main,2007,10,2008,4,All (PS),yield,6.0
6318,AO2008A106,Angola,AO,Huambo,none,Huambo,Sweet Potatoes,Main,2008,10,2009,4,All (PS),yield,10.00036398932298
6319,AO2008A106,Angola,AO,Huambo,none,Huambo,Sweet Potatoes,Main,2009,10,2010,4,All (PS),yield,5.610530816688046
6320,AO2008A106,Angola,AO,Huambo,none,Huambo,Sweet Potatoes,Main,2010,10,2011,4,All (PS),yield,5.8303391998051275
6321,AO2008A106,Angola,AO,Huambo,none,Huambo,Sweet Potatoes,Main,2011,10,2012,4,All (PS),yield,2.842340767671118
6322,AO2008A106,Angola,AO,Huambo,none,Huambo,Sweet Potatoes,Main,2012,10,2013,4,All (PS),yield,7.33236050309221
6323,AO2008A106,Angola,AO,Huambo,none,Huambo,Sweet Potatoes,Main,2013,10,2014,4,All (PS),yield,11.876049282426212
6324,AO2008A106,Angola,AO,Huambo,none,Huambo,Sweet Potatoes,Main,2014,10,2015,4,All (PS),yield,11.666823308270677
6325,AO2008A106,Angola,AO,Huambo,none,Huambo,Sweet Potatoes,Main,2015,10,2016,4,All (PS),yield,11.666823308270677
6326,AO2008A106,Angola,AO,Huambo,none,Huambo,Sweet Potatoes,Main,2016,10,2017,4,All (PS),yield,8.544406149613271
6327,AO2008A106,Angola,AO,Huambo,none,Huambo,Banana,Main,2007,10,2008,4,All (PS),yield,9.10009671179884
6328,AO2008A106,Angola,AO,Huambo,none,Huambo,Banana,Main,2008,10,2009,4,All (PS),yield,9.10009671179884
6329,AO2008A106,Angola,AO,Huambo,none,Huambo,Banana,Main,2009,10,2010,4,All (PS),yield,9.025989229688598
6330,AO2008A106,Angola,AO,Huambo,none,Huambo,Banana,Main,2010,10,2011,4,All (PS),yield,18.284875528417096
6331,AO2008A106,Angola,AO,Huambo,none,Huambo,Banana,Main,2011,10,2012,4,All (PS),yield,21.966357558766443
6332,AO2008A106,Angola,AO,Huambo,none,Huambo,Banana,Main,2012,10,2013,4,All (PS),yield,4.926051482417835
6333,AO2008A106,Angola,AO,Huambo,none,Huambo,Banana,Main,2013,10,2014,4,All (PS),yield,20.37117079311792
6334,AO2008A106,Angola,AO,Huambo,none,Huambo,Banana,Main,2014,10,2015,4,All (PS),yield,21.861269238878346
6335,AO2008A106,Angola,AO,Huambo,none,Huambo,Banana,Main,2015,10,2016,4,All (PS),yield,21.861269238878346
6336,AO2008A106,Angola,AO,Huambo,none,Huambo,Banana,Main,2016,10,2017,4,All (PS),yield,19.09929413476932
6337,AO2008A106,Angola,AO,Huambo,none,Huambo,Tomato,Main,2014,10,2015,4,All (PS),yield,17.852272727272727
6338,AO2008A106,Angola,AO,Huambo,none,Huambo,Tomato,Main,2015,10,2016,4,All (PS),yield,17.852272727272727
6339,AO2008A106,Angola,AO,Huambo,none,Huambo,Tomato,Main,2016,10,2017,4,All (PS),yield,19.102260972365894
6340,AO2008A106,Angola,AO,Huambo,none,Huambo,Onions,Main,2014,10,2015,4,All (PS),yield,17.59502923976608
6341,AO2008A106,Angola,AO,Huambo,none,Huambo,Onions,Main,2015,10,2016,4,All (PS),yield,17.59502923976608
6342,AO2008A106,Angola,AO,Huambo,none,Huambo,Onions,Main,2016,10,2017,4,All (PS),yield,17.400772983937284
6343,AO2008A106,Angola,AO,Huambo,none,Huambo,Mango,Main,2015,10,2016,4,All (PS),yield,12.927845528455284
6344,AO2008A106,Angola,AO,Huambo,none,Huambo,Mango,Main,2016,10,2017,4,All (PS),yield,11.674002844179592
6345,AO2008A106,Angola,AO,Huambo,none,Huambo,Groundnuts (In Shell),Main,2001,10,2002,4,All (PS),yield,0.39995442114858704
6346,AO2008A106,Angola,AO,Huambo,none,Huambo,Groundnuts (In Shell),Main,2002,10,2003,4,All (PS),yield,0.47998758920260626
6347,AO2008A106,Angola,AO,Huambo,none,Huambo,Groundnuts (In Shell),Main,2003,10,2004,4,All (PS),yield,0.24995926348378686
6348,AO2008A106,Angola,AO,Huambo,none,Huambo,Groundnuts (In Shell),Main,2004,10,2005,4,All (PS),yield,0.30000414886113763
6349,AO2008A106,Angola,AO,Huambo,none,Huambo,Groundnuts (In Shell),Main,2005,10,2006,4,All (PS),yield,0.3000651253663302
6350,AO2008A106,Angola,AO,Huambo,none,Huambo,Groundnuts (In Shell),Main,2006,10,2007,4,All (PS),yield,0.39996270743986573
6351,AO2008A106,Angola,AO,Huambo,none,Huambo,Groundnuts (In Shell),Main,2007,10,2008,4,All (PS),yield,0.39990328820116056
6352,AO2008A106,Angola,AO,Huambo,none,Huambo,Groundnuts (In Shell),Main,2008,10,2009,4,All (PS),yield,0.4
6353,AO2008A106,Angola,AO,Huambo,none,Huambo,Groundnuts (In Shell),Main,2009,10,2010,4,All (PS),yield,0.3999914940671118
6354,AO2008A106,Angola,AO,Huambo,none,Huambo,Groundnuts (In Shell),Main,2010,10,2011,4,All (PS),yield,0.41630628338845077
6355,AO2008A106,Angola,AO,Huambo,none,Huambo,Groundnuts (In Shell),Main,2011,10,2012,4,All (PS),yield,0.0895858464012867
6356,AO2008A106,Angola,AO,Huambo,none,Huambo,Groundnuts (In Shell),Main,2012,10,2013,4,All (PS),yield,0.47838998354669127
6357,AO2008A106,Angola,AO,Huambo,none,Huambo,Groundnuts (In Shell),Main,2013,10,2014,4,All (PS),yield,0.6459900752361133
6358,AO2008A106,Angola,AO,Huambo,none,Huambo,Groundnuts (In Shell),Main,2014,10,2015,4,All (PS),yield,0.6906541305046608
6359,AO2008A106,Angola,AO,Huambo,none,Huambo,Groundnuts (In Shell),Main,2015,10,2016,4,All (PS),yield,0.6906541305046608
6360,AO2008A106,Angola,AO,Huambo,none,Huambo,Groundnuts (In Shell),Main,2016,10,2017,4,All (PS),yield,1.5998550574593644
6361,AO2008A106,Angola,AO,Huambo,none,Huambo,Lemon,Main,2015,10,2016,4,All (PS),yield,11.726390444195596
6362,AO2008A106,Angola,AO,Huambo,none,Huambo,Lemon,Main,2016,10,2017,4,All (PS),yield,12.331296493092454
6363,AO2008A106,Angola,AO,Huambo,none,Huambo,Beans (mixed),Main,2000,10,2001,4,All (PS),yield,0.3999920359972922
6364,AO2008A106,Angola,AO,Huambo,none,Huambo,Beans (mixed),Main,2001,10,2002,4,All (PS),yield,0.39255297340613876
6365,AO2008A106,Angola,AO,Huambo,none,Huambo,Beans (mixed),Main,2002,10,2003,4,All (PS),yield,0.34999224365272247
6366,AO2008A106,Angola,AO,Huambo,none,Huambo,Beans (mixed),Main,2003,10,2004,4,All (PS),yield,0.15000137881587292
6367,AO2008A106,Angola,AO,Huambo,none,Huambo,Beans (mixed),Main,2004,10,2005,4,All (PS),yield,0.3000073757191326
6368,AO2008A106,Angola,AO,Huambo,none,Huambo,Beans (mixed),Main,2005,10,2006,4,All (PS),yield,0.25
6369,AO2008A106,Angola,AO,Huambo,none,Huambo,Beans (mixed),Main,2006,10,2007,4,All (PS),yield,0.40910017323958014
6370,AO2008A106,Angola,AO,Huambo,none,Huambo,Beans (mixed),Main,2007,10,2008,4,All (PS),yield,0.3605034922096861
6371,AO2008A106,Angola,AO,Huambo,none,Huambo,Beans (mixed),Main,2008,10,2009,4,All (PS),yield,0.35335697455791704
6372,AO2008A106,Angola,AO,Huambo,none,Huambo,Beans (mixed),Main,2009,10,2010,4,All (PS),yield,0.35166504562086054
6373,AO2008A106,Angola,AO,Huambo,none,Huambo,Beans (mixed),Main,2010,10,2011,4,All (PS),yield,0.3581893994330543
6374,AO2008A106,Angola,AO,Huambo,none,Huambo,Beans (mixed),Main,2011,10,2012,4,All (PS),yield,0.08735279378601854
6375,AO2008A106,Angola,AO,Huambo,none,Huambo,Beans (mixed),Main,2012,10,2013,4,All (PS),yield,0.32835113374368846
6376,AO2008A106,Angola,AO,Huambo,none,Huambo,Beans (mixed),Main,2013,10,2014,4,All (PS),yield,0.42656832375896925
6377,AO2008A106,Angola,AO,Huambo,none,Huambo,Beans (mixed),Main,2014,10,2015,4,All (PS),yield,0.48585599424761405
6378,AO2008A106,Angola,AO,Huambo,none,Huambo,Beans (mixed),Main,2015,10,2016,4,All (PS),yield,0.48585599424761405
6379,AO2008A106,Angola,AO,Huambo,none,Huambo,Beans (mixed),Main,2016,10,2017,4,All (PS),yield,0.3759271329489429
6380,AO2008A106,Angola,AO,Huambo,none,Huambo,Cassava,Main,1996,10,1997,4,All (PS),yield,4.0
6381,AO2008A106,Angola,AO,Huambo,none,Huambo,Cassava,Main,1997,10,1998,4,All (PS),yield,4.0
6382,AO2008A106,Angola,AO,Huambo,none,Huambo,Cassava,Main,1998,10,1999,4,All (PS),yield,6.5
6383,AO2008A106,Angola,AO,Huambo,none,Huambo,Cassava,Main,1999,10,2000,4,All (PS),yield,6.5
6384,AO2008A106,Angola,AO,Huambo,none,Huambo,Cassava,Main,2000,10,2001,4,All (PS),yield,6.5
6385,AO2008A106,Angola,AO,Huambo,none,Huambo,Cassava,Main,2001,10,2002,4,All (PS),yield,6.34070191431176
6386,AO2008A106,Angola,AO,Huambo,none,Huambo,Cassava,Main,2003,10,2004,4,All (PS),yield,4.466319745591211
6387,AO2008A106,Angola,AO,Huambo,none,Huambo,Cassava,Main,2004,10,2005,4,All (PS),yield,5.3379014989293365
6388,AO2008A106,Angola,AO,Huambo,none,Huambo,Cassava,Main,2005,10,2006,4,All (PS),yield,8.000157554750276
6389,AO2008A106,Angola,AO,Huambo,none,Huambo,Cassava,Main,2006,10,2007,4,All (PS),yield,9.0
6390,AO2008A106,Angola,AO,Huambo,none,Huambo,Cassava,Main,2007,10,2008,4,All (PS),yield,8.0
6391,AO2008A106,Angola,AO,Huambo,none,Huambo,Cassava,Main,2008,10,2009,4,All (PS),yield,5.500157356412274
6392,AO2008A106,Angola,AO,Huambo,none,Huambo,Cassava,Main,2009,10,2010,4,All (PS),yield,2.893594306049822
6393,AO2008A106,Angola,AO,Huambo,none,Huambo,Cassava,Main,2010,10,2011,4,All (PS),yield,2.840958973493162
6394,AO2008A106,Angola,AO,Huambo,none,Huambo,Cassava,Main,2011,10,2012,4,All (PS),yield,1.7662863756613756
6395,AO2008A106,Angola,AO,Huambo,none,Huambo,Cassava,Main,2012,10,2013,4,All (PS),yield,3.1550315366972477
6396,AO2008A106,Angola,AO,Huambo,none,Huambo,Cassava,Main,2013,10,2014,4,All (PS),yield,3.461414226529036
6397,AO2008A106,Angola,AO,Huambo,none,Huambo,Cassava,Main,2015,10,2016,4,All (PS),yield,3.503785792951542
6398,AO2008A106,Angola,AO,Huambo,none,Huambo,Cassava,Main,2016,10,2017,4,All (PS),yield,4.315678574849152
6399,AO2008A106,Angola,AO,Huambo,none,Huambo,Potato,Main,2000,10,2001,4,All (PS),yield,5.0
6400,AO2008A106,Angola,AO,Huambo,none,Huambo,Potato,Main,2001,10,2002,4,All (PS),yield,5.0
6401,AO2008A106,Angola,AO,Huambo,none,Huambo,Potato,Main,2002,10,2003,4,All (PS),yield,5.0
6402,AO2008A106,Angola,AO,Huambo,none,Huambo,Potato,Main,2003,10,2004,4,All (PS),yield,1.390005198157343
6403,AO2008A106,Angola,AO,Huambo,none,Huambo,Potato,Main,2004,10,2005,4,All (PS),yield,2.5000087343872828
6404,AO2008A106,Angola,AO,Huambo,none,Huambo,Potato,Main,2005,10,2006,4,All (PS),yield,5.000325626831651
6405,AO2008A106,Angola,AO,Huambo,none,Huambo,Potato,Main,2006,10,2007,4,All (PS),yield,6.353167514085475
6406,AO2008A106,Angola,AO,Huambo,none,Huambo,Potato,Main,2007,10,2008,4,All (PS),yield,7.486510907448045
6407,AO2008A106,Angola,AO,Huambo,none,Huambo,Potato,Main,2008,10,2009,4,All (PS),yield,9.163090128755364
6408,AO2008A106,Angola,AO,Huambo,none,Huambo,Potato,Main,2009,10,2010,4,All (PS),yield,7.520764119601329
6409,AO2008A106,Angola,AO,Huambo,none,Huambo,Potato,Main,2010,10,2011,4,All (PS),yield,7.3337564562724324
6410,AO2008A106,Angola,AO,Huambo,none,Huambo,Potato,Main,2011,10,2012,4,All (PS),yield,4.746607587925783
6411,AO2008A106,Angola,AO,Huambo,none,Huambo,Potato,Main,2012,10,2013,4,All (PS),yield,4.760631221615671
6412,AO2008A106,Angola,AO,Huambo,none,Huambo,Potato,Main,2013,10,2014,4,All (PS),yield,4.7318039055032095
6413,AO2008A106,Angola,AO,Huambo,none,Huambo,Potato,Main,2014,10,2015,4,All (PS),yield,4.932825583045555
6414,AO2008A106,Angola,AO,Huambo,none,Huambo,Potato,Main,2015,10,2016,4,All (PS),yield,4.932825583045555
6415,AO2008A106,Angola,AO,Huambo,none,Huambo,Potato,Main,2016,10,2017,4,All (PS),yield,6.4559386973180075
6416,AO2008A106,Angola,AO,Huambo,none,Huambo,Pineapple,Main,2014,10,2015,4,All (PS),yield,15.443871572533396
6417,AO2008A106,Angola,AO,Huambo,none,Huambo,Pineapple,Main,2015,10,2016,4,All (PS),yield,15.443871572533396
6418,AO2008A106,Angola,AO,Huambo,none,Huambo,Pineapple,Main,2016,10,2017,4,All (PS),yield,16.30003732387795
6419,AO2008A106,Angola,AO,Huambo,none,Huambo,Sorghum,Main,2006,10,2007,4,All (PS),yield,0.2999907037278052
6420,AO2008A106,Angola,AO,Huambo,none,Huambo,Sorghum,Main,2007,10,2008,4,All (PS),yield,0.30004835589941975
6421,AO2008A106,Angola,AO,Huambo,none,Huambo,Sorghum,Main,2008,10,2009,4,All (PS),yield,0.2999080036798528
6422,AO2008A106,Angola,AO,Huambo,none,Huambo,Sorghum,Main,2009,10,2010,4,All (PS),yield,0.3308625336927224
6423,AO2008A106,Angola,AO,Huambo,none,Huambo,Sorghum,Main,2010,10,2011,4,All (PS),yield,0.36989061600460565
6424,AO2008A106,Angola,AO,Huambo,none,Huambo,Sorghum,Main,2011,10,2012,4,All (PS),yield,0.05165692007797271
6425,AO2008A106,Angola,AO,Huambo,none,Huambo,Sorghum,Main,2012,10,2013,4,All (PS),yield,0.38122883405902275
6426,AO2008A106,Angola,AO,Huambo,none,Huambo,Sorghum,Main,2013,10,2014,4,All (PS),yield,0.4
6427,AO2008A106,Angola,AO,Huambo,none,Huambo,Sorghum,Main,2014,10,2015,4,All (PS),yield,0.40480789869070616
6428,AO2008A106,Angola,AO,Huambo,none,Huambo,Sorghum,Main,2015,10,2016,4,All (PS),yield,0.40480789869070616
6429,AO2008A106,Angola,AO,Huambo,none,Huambo,Sorghum,Main,2016,10,2017,4,All (PS),yield,0.24167773907422702
6430,AO2008A106,Angola,AO,Huambo,none,Huambo,Coffee,Main,2009,10,2010,4,All (PS),yield,0.012727272727272728
6431,AO2008A106,Angola,AO,Huambo,none,Huambo,Coffee,Main,2012,10,2013,4,All (PS),yield,0.03480278422273782
6432,AO2008A106,Angola,AO,Huambo,none,Huambo,Coffee,Main,2013,10,2014,4,All (PS),yield,0.03956228956228956
6433,AO2008A106,Angola,AO,Huambo,none,Huambo,Soybean,Main,2006,10,2007,4,All (PS),yield,0.6741214057507987
6434,AO2008A106,Angola,AO,Huambo,none,Huambo,Soybean,Main,2007,10,2008,4,All (PS),yield,0.4456980688032117
6435,AO2008A106,Angola,AO,Huambo,none,Huambo,Soybean,Main,2008,10,2009,4,All (PS),yield,0.4400528945048487
6436,AO2008A106,Angola,AO,Huambo,none,Huambo,Soybean,Main,2009,10,2010,4,All (PS),yield,0.44
6437,AO2008A106,Angola,AO,Huambo,none,Huambo,Soybean,Main,2010,10,2011,4,All (PS),yield,0.532876329043089
6438,AO2008A106,Angola,AO,Huambo,none,Huambo,Soybean,Main,2011,10,2012,4,All (PS),yield,0.0890573751010125
6439,AO2008A106,Angola,AO,Huambo,none,Huambo,Soybean,Main,2012,10,2013,4,All (PS),yield,0.5336935166994106
6440,AO2008A106,Angola,AO,Huambo,none,Huambo,Soybean,Main,2013,10,2014,4,All (PS),yield,0.6706721375537319
6441,AO2008A106,Angola,AO,Huambo,none,Huambo,Soybean,Main,2014,10,2015,4,All (PS),yield,0.7340722801788375
6442,AO2008A106,Angola,AO,Huambo,none,Huambo,Soybean,Main,2015,10,2016,4,All (PS),yield,0.7340722801788375
6443,AO2008A106,Angola,AO,Huambo,none,Huambo,Soybean,Main,2016,10,2017,4,All (PS),yield,1.0447481289829654
6444,AO2008A106,Angola,AO,Huambo,none,Huambo,Cabbage,Main,2014,10,2015,4,All (PS),yield,14.90282447881641
6445,AO2008A106,Angola,AO,Huambo,none,Huambo,Cabbage,Main,2015,10,2016,4,All (PS),yield,14.90282447881641
6446,AO2008A106,Angola,AO,Huambo,none,Huambo,Cabbage,Main,2016,10,2017,4,All (PS),yield,16.45097017441682
6447,AO2008A106,Angola,AO,Huambo,none,Huambo,Carrots,Main,2014,10,2015,4,All (PS),yield,19.11656617858168
6448,AO2008A106,Angola,AO,Huambo,none,Huambo,Carrots,Main,2015,10,2016,4,All (PS),yield,19.11656617858168
6449,AO2008A106,Angola,AO,Huambo,none,Huambo,Carrots,Main,2016,10,2017,4,All (PS),yield,18.638266108608143
6450,AO2008A106,Angola,AO,Huambo,none,Huambo,Millet,Main,2014,10,2015,4,All (PS),yield,0.3617391304347826
6451,AO2008A106,Angola,AO,Huambo,none,Huambo,Millet,Main,2015,10,2016,4,All (PS),yield,0.3617391304347826
6452,AO2008A106,Angola,AO,Huambo,none,Huambo,Millet,Main,2000,10,2001,4,All (PS),yield,0.6500119460040616
6453,AO2008A106,Angola,AO,Huambo,none,Huambo,Millet,Main,2001,10,2002,4,All (PS),yield,0.4999896418139255
6454,AO2008A106,Angola,AO,Huambo,none,Huambo,Millet,Main,2002,10,2003,4,All (PS),yield,0.46949327817993797
6455,AO2008A106,Angola,AO,Huambo,none,Huambo,Millet,Main,2003,10,2004,4,All (PS),yield,0.4
6456,AO2008A106,Angola,AO,Huambo,none,Huambo,Millet,Main,2004,10,2005,4,All (PS),yield,0.3500097618117923
6457,AO2008A106,Angola,AO,Huambo,none,Huambo,Millet,Main,2005,10,2006,4,All (PS),yield,0.3499808465811147
6458,AO2008A106,Angola,AO,Huambo,none,Huambo,Millet,Main,2008,10,2009,4,All (PS),yield,0.20056497175141244
6459,AO2008A106,Angola,AO,Huambo,none,Huambo,Millet,Main,2009,10,2010,4,All (PS),yield,0.2026315789473684
6460,AO2008A106,Angola,AO,Huambo,none,Huambo,Millet,Main,2010,10,2011,4,All (PS),yield,0.31291028446389496
6461,AO2008A106,Angola,AO,Huambo,none,Huambo,Millet,Main,2011,10,2012,4,All (PS),yield,0.06299212598425197
6462,AO2008A106,Angola,AO,Huambo,none,Huambo,Millet,Main,2012,10,2013,4,All (PS),yield,0.322265625
6463,AO2008A106,Angola,AO,Huambo,none,Huambo,Millet,Main,2013,10,2014,4,All (PS),yield,0.3415559772296015
6464,AO2008A106,Angola,AO,Huambo,none,Huambo,Rice,Main,1997,10,1998,4,All (PS),yield,0.6799428104575164
6465,AO2008A106,Angola,AO,Huambo,none,Huambo,Garlic,Main,2008,10,2009,4,All (PS),yield,7.964035497431107
6466,AO2008A106,Angola,AO,Huambo,none,Huambo,Garlic,Main,2009,10,2010,4,All (PS),yield,6.276657741376594
6467,AO2008A106,Angola,AO,Huambo,none,Huambo,Garlic,Main,2010,10,2011,4,All (PS),yield,5.837638376383764
6468,AO2008A106,Angola,AO,Huambo,none,Huambo,Garlic,Main,2011,10,2012,4,All (PS),yield,3.686918718597442
6469,AO2008A106,Angola,AO,Huambo,none,Huambo,Avocado,Main,2014,10,2015,4,All (PS),yield,13.108599111828825
6470,AO2008A106,Angola,AO,Huambo,none,Huambo,Avocado,Main,2015,10,2016,4,All (PS),yield,13.108599111828825
6471,AO2008A106,Angola,AO,Huambo,none,Huambo,Avocado,Main,2016,10,2017,4,All (PS),yield,14.386440207009134
6472,AO2008A106,Angola,AO,Huambo,none,Huambo,Wheat,Main,2016,10,2017,4,All (PS),yield,0.6099927840951505
6473,AO2008A107,Angola,AO,Huila,none,Huila,Maize,Main,1996,10,1997,4,All (PS),yield,0.32001718213058417
6474,AO2008A107,Angola,AO,Huila,none,Huila,Maize,Main,1997,10,1998,4,All (PS),yield,0.29982817869415807
6475,AO2008A107,Angola,AO,Huila,none,Huila,Maize,Main,1998,10,1999,4,All (PS),yield,0.7000012016775419
6476,AO2008A107,Angola,AO,Huila,none,Huila,Maize,Main,1999,10,2000,4,All (PS),yield,0.700002325202874
6477,AO2008A107,Angola,AO,Huila,none,Huila,Maize,Main,2000,10,2001,4,All (PS),yield,0.7999935203084333
6478,AO2008A107,Angola,AO,Huila,none,Huila,Maize,Main,2001,10,2002,4,All (PS),yield,0.7500023344196166
6479,AO2008A107,Angola,AO,Huila,none,Huila,Maize,Main,2002,10,2003,4,All (PS),yield,1.1999981287162527
6480,AO2008A107,Angola,AO,Huila,none,Huila,Maize,Main,2003,10,2004,4,All (PS),yield,0.6000017216445148
6481,AO2008A107,Angola,AO,Huila,none,Huila,Maize,Main,2004,10,2005,4,All (PS),yield,0.6999971833366194
6482,AO2008A107,Angola,AO,Huila,none,Huila,Maize,Main,2005,10,2006,4,All (PS),yield,0.4020429248837094
6483,AO2008A107,Angola,AO,Huila,none,Huila,Maize,Main,2006,10,2007,4,All (PS),yield,0.39999915305556377
6484,AO2008A107,Angola,AO,Huila,none,Huila,Maize,Main,2007,10,2008,4,All (PS),yield,0.3184565703403163
6485,AO2008A107,Angola,AO,Huila,none,Huila,Maize,Main,2008,10,2009,4,All (PS),yield,0.5297174239894955
6486,AO2008A107,Angola,AO,Huila,none,Huila,Maize,Main,2009,10,2010,4,All (PS),yield,0.730294475975396
6487,AO2008A107,Angola,AO,Huila,none,Huila,Maize,Main,2010,10,2011,4,All (PS),yield,0.8216338573920952
6488,AO2008A107,Angola,AO,Huila,none,Huila,Maize,Main,2011,10,2012,4,All (PS),yield,0.26942832068924044
6489,AO2008A107,Angola,AO,Huila,none,Huila,Maize,Main,2012,10,2013,4,All (PS),yield,0.5231367900890262
6490,AO2008A107,Angola,AO,Huila,none,Huila,Maize,Main,2013,10,2014,4,All (PS),yield,0.5638763024735979
6491,AO2008A107,Angola,AO,Huila,none,Huila,Maize,Main,2014,10,2015,4,All (PS),yield,0.680969851013492
6492,AO2008A107,Angola,AO,Huila,none,Huila,Maize,Main,2015,10,2016,4,All (PS),yield,0.680969851013492
6493,AO2008A107,Angola,AO,Huila,none,Huila,Maize,Main,2016,10,2017,4,All (PS),yield,0.6748746842485043
6494,AO2008A107,Angola,AO,Huila,none,Huila,Chili Pepper,Main,2014,10,2015,4,All (PS),yield,1.0517241379310345
6495,AO2008A107,Angola,AO,Huila,none,Huila,Chili Pepper,Main,2015,10,2016,4,All (PS),yield,1.0517241379310345
6496,AO2008A107,Angola,AO,Huila,none,Huila,Chili Pepper,Main,2016,10,2017,4,All (PS),yield,1.0
6497,AO2008A107,Angola,AO,Huila,none,Huila,Sweet Potatoes,Main,2000,10,2001,4,All (PS),yield,3.000147601476015
6498,AO2008A107,Angola,AO,Huila,none,Huila,Sweet Potatoes,Main,2001,10,2002,4,All (PS),yield,3.5
6499,AO2008A107,Angola,AO,Huila,none,Huila,Sweet Potatoes,Main,2002,10,2003,4,All (PS),yield,3.0
6500,AO2008A107,Angola,AO,Huila,none,Huila,Sweet Potatoes,Main,2003,10,2004,4,All (PS),yield,2.3001302083333335
6501,AO2008A107,Angola,AO,Huila,none,Huila,Sweet Potatoes,Main,2004,10,2005,4,All (PS),yield,3.9999429060805025
6502,AO2008A107,Angola,AO,Huila,none,Huila,Sweet Potatoes,Main,2005,10,2006,4,All (PS),yield,2.999953857511997
6503,AO2008A107,Angola,AO,Huila,none,Huila,Sweet Potatoes,Main,2006,10,2007,4,All (PS),yield,5.500184365781711
6504,AO2008A107,Angola,AO,Huila,none,Huila,Sweet Potatoes,Main,2007,10,2008,4,All (PS),yield,6.139960695968941
6505,AO2008A107,Angola,AO,Huila,none,Huila,Sweet Potatoes,Main,2008,10,2009,4,All (PS),yield,4.999952082035555
6506,AO2008A107,Angola,AO,Huila,none,Huila,Sweet Potatoes,Main,2009,10,2010,4,All (PS),yield,6.163070660075603
6507,AO2008A107,Angola,AO,Huila,none,Huila,Sweet Potatoes,Main,2010,10,2011,4,All (PS),yield,7.482257852543041
6508,AO2008A107,Angola,AO,Huila,none,Huila,Sweet Potatoes,Main,2011,10,2012,4,All (PS),yield,4.6896135265700485
6509,AO2008A107,Angola,AO,Huila,none,Huila,Sweet Potatoes,Main,2012,10,2013,4,All (PS),yield,8.017127883939413
6510,AO2008A107,Angola,AO,Huila,none,Huila,Sweet Potatoes,Main,2013,10,2014,4,All (PS),yield,12.995178935657334
6511,AO2008A107,Angola,AO,Huila,none,Huila,Sweet Potatoes,Main,2014,10,2015,4,All (PS),yield,11.354155881507046
6512,AO2008A107,Angola,AO,Huila,none,Huila,Sweet Potatoes,Main,2015,10,2016,4,All (PS),yield,11.386045358780517
6513,AO2008A107,Angola,AO,Huila,none,Huila,Sweet Potatoes,Main,2016,10,2017,4,All (PS),yield,8.464009048421863
6514,AO2008A107,Angola,AO,Huila,none,Huila,Banana,Main,2009,10,2010,4,All (PS),yield,11.494228751311647
6515,AO2008A107,Angola,AO,Huila,none,Huila,Banana,Main,2010,10,2011,4,All (PS),yield,19.381082000680504
6516,AO2008A107,Angola,AO,Huila,none,Huila,Banana,Main,2011,10,2012,4,All (PS),yield,11.442432814710042
6517,AO2008A107,Angola,AO,Huila,none,Huila,Banana,Main,2012,10,2013,4,All (PS),yield,11.943558539655896
6518,AO2008A107,Angola,AO,Huila,none,Huila,Banana,Main,2013,10,2014,4,All (PS),yield,17.631766968947513
6519,AO2008A107,Angola,AO,Huila,none,Huila,Banana,Main,2014,10,2015,4,All (PS),yield,17.99710906701708
6520,AO2008A107,Angola,AO,Huila,none,Huila,Banana,Main,2015,10,2016,4,All (PS),yield,17.99710906701708
6521,AO2008A107,Angola,AO,Huila,none,Huila,Banana,Main,2016,10,2017,4,All (PS),yield,23.019243041578715
6522,AO2008A107,Angola,AO,Huila,none,Huila,Tomato,Main,2014,10,2015,4,All (PS),yield,0.9989304812834224
6523,AO2008A107,Angola,AO,Huila,none,Huila,Tomato,Main,2015,10,2016,4,All (PS),yield,0.9989304812834224
6524,AO2008A107,Angola,AO,Huila,none,Huila,Tomato,Main,2016,10,2017,4,All (PS),yield,1.0
6525,AO2008A107,Angola,AO,Huila,none,Huila,Onions,Main,2014,10,2015,4,All (PS),yield,11.576494023904383
6526,AO2008A107,Angola,AO,Huila,none,Huila,Onions,Main,2015,10,2016,4,All (PS),yield,11.576494023904383
6527,AO2008A107,Angola,AO,Huila,none,Huila,Onions,Main,2016,10,2017,4,All (PS),yield,11.611617536798075
6528,AO2008A107,Angola,AO,Huila,none,Huila,Mango,Main,2015,10,2016,4,All (PS),yield,7.438820912124583
6529,AO2008A107,Angola,AO,Huila,none,Huila,Mango,Main,2016,10,2017,4,All (PS),yield,9.144329896907216
6530,AO2008A107,Angola,AO,Huila,none,Huila,Groundnuts (In Shell),Main,2001,10,2002,4,All (PS),yield,0.4000765696784073
6531,AO2008A107,Angola,AO,Huila,none,Huila,Groundnuts (In Shell),Main,2002,10,2003,4,All (PS),yield,0.45013339388091045
6532,AO2008A107,Angola,AO,Huila,none,Huila,Groundnuts (In Shell),Main,2003,10,2004,4,All (PS),yield,0.16003787878787878
6533,AO2008A107,Angola,AO,Huila,none,Huila,Groundnuts (In Shell),Main,2004,10,2005,4,All (PS),yield,0.299718574108818
6534,AO2008A107,Angola,AO,Huila,none,Huila,Groundnuts (In Shell),Main,2005,10,2006,4,All (PS),yield,0.10018050541516245
6535,AO2008A107,Angola,AO,Huila,none,Huila,Groundnuts (In Shell),Main,2006,10,2007,4,All (PS),yield,0.30001310100877765
6536,AO2008A107,Angola,AO,Huila,none,Huila,Groundnuts (In Shell),Main,2007,10,2008,4,All (PS),yield,0.21990030674846625
6537,AO2008A107,Angola,AO,Huila,none,Huila,Groundnuts (In Shell),Main,2008,10,2009,4,All (PS),yield,0.21996879875195008
6538,AO2008A107,Angola,AO,Huila,none,Huila,Groundnuts (In Shell),Main,2009,10,2010,4,All (PS),yield,0.21999591085667553
6539,AO2008A107,Angola,AO,Huila,none,Huila,Groundnuts (In Shell),Main,2010,10,2011,4,All (PS),yield,0.44647887323943664
6540,AO2008A107,Angola,AO,Huila,none,Huila,Groundnuts (In Shell),Main,2011,10,2012,4,All (PS),yield,0.12996777658431793
6541,AO2008A107,Angola,AO,Huila,none,Huila,Groundnuts (In Shell),Main,2012,10,2013,4,All (PS),yield,0.4645711241342568
6542,AO2008A107,Angola,AO,Huila,none,Huila,Groundnuts (In Shell),Main,2013,10,2014,4,All (PS),yield,0.6181046676096181
6543,AO2008A107,Angola,AO,Huila,none,Huila,Groundnuts (In Shell),Main,2014,10,2015,4,All (PS),yield,0.9471938775510204
6544,AO2008A107,Angola,AO,Huila,none,Huila,Groundnuts (In Shell),Main,2015,10,2016,4,All (PS),yield,0.9471938775510204
6545,AO2008A107,Angola,AO,Huila,none,Huila,Groundnuts (In Shell),Main,2016,10,2017,4,All (PS),yield,0.5974558141065727
6546,AO2008A107,Angola,AO,Huila,none,Huila,Lemon,Main,2015,10,2016,4,All (PS),yield,11.401874961196995
6547,AO2008A107,Angola,AO,Huila,none,Huila,Lemon,Main,2016,10,2017,4,All (PS),yield,11.965542192724188
6548,AO2008A107,Angola,AO,Huila,none,Huila,Beans (mixed),Main,2000,10,2001,4,All (PS),yield,0.4499667921186628
6549,AO2008A107,Angola,AO,Huila,none,Huila,Beans (mixed),Main,2001,10,2002,4,All (PS),yield,0.3
6550,AO2008A107,Angola,AO,Huila,none,Huila,Beans (mixed),Main,2002,10,2003,4,All (PS),yield,0.600005552779166
6551,AO2008A107,Angola,AO,Huila,none,Huila,Beans (mixed),Main,2003,10,2004,4,All (PS),yield,0.25000493184194433
6552,AO2008A107,Angola,AO,Huila,none,Huila,Beans (mixed),Main,2004,10,2005,4,All (PS),yield,0.3499951249634372
6553,AO2008A107,Angola,AO,Huila,none,Huila,Beans (mixed),Main,2005,10,2006,4,All (PS),yield,0.09233333333333334
6554,AO2008A107,Angola,AO,Huila,none,Huila,Beans (mixed),Main,2006,10,2007,4,All (PS),yield,0.3000041592147403
6555,AO2008A107,Angola,AO,Huila,none,Huila,Beans (mixed),Main,2007,10,2008,4,All (PS),yield,0.33999271430488714
6556,AO2008A107,Angola,AO,Huila,none,Huila,Beans (mixed),Main,2008,10,2009,4,All (PS),yield,0.3401528812856071
6557,AO2008A107,Angola,AO,Huila,none,Huila,Beans (mixed),Main,2009,10,2010,4,All (PS),yield,0.3403923667968258
6558,AO2008A107,Angola,AO,Huila,none,Huila,Beans (mixed),Main,2010,10,2011,4,All (PS),yield,0.3466232236105252
6559,AO2008A107,Angola,AO,Huila,none,Huila,Beans (mixed),Main,2011,10,2012,4,All (PS),yield,0.090754877014419
6560,AO2008A107,Angola,AO,Huila,none,Huila,Beans (mixed),Main,2012,10,2013,4,All (PS),yield,0.22459351782060946
6561,AO2008A107,Angola,AO,Huila,none,Huila,Beans (mixed),Main,2013,10,2014,4,All (PS),yield,0.2849666881581775
6562,AO2008A107,Angola,AO,Huila,none,Huila,Beans (mixed),Main,2014,10,2015,4,All (PS),yield,0.4048557662223891
6563,AO2008A107,Angola,AO,Huila,none,Huila,Beans (mixed),Main,2015,10,2016,4,All (PS),yield,0.4048557662223891
6564,AO2008A107,Angola,AO,Huila,none,Huila,Beans (mixed),Main,2016,10,2017,4,All (PS),yield,0.39557454993701147
6565,AO2008A107,Angola,AO,Huila,none,Huila,Cassava,Main,1998,10,1999,4,All (PS),yield,4.0
6566,AO2008A107,Angola,AO,Huila,none,Huila,Cassava,Main,1999,10,2000,4,All (PS),yield,4.0
6567,AO2008A107,Angola,AO,Huila,none,Huila,Cassava,Main,2000,10,2001,4,All (PS),yield,3.9999446535311045
6568,AO2008A107,Angola,AO,Huila,none,Huila,Cassava,Main,2001,10,2002,4,All (PS),yield,3.9017036753445637
6569,AO2008A107,Angola,AO,Huila,none,Huila,Cassava,Main,2004,10,2005,4,All (PS),yield,5.337558090409801
6570,AO2008A107,Angola,AO,Huila,none,Huila,Cassava,Main,2005,10,2006,4,All (PS),yield,5.1389721133901825
6571,AO2008A107,Angola,AO,Huila,none,Huila,Cassava,Main,2006,10,2007,4,All (PS),yield,8.0
6572,AO2008A107,Angola,AO,Huila,none,Huila,Cassava,Main,2007,10,2008,4,All (PS),yield,7.488642763281397
6573,AO2008A107,Angola,AO,Huila,none,Huila,Cassava,Main,2008,10,2009,4,All (PS),yield,6.031718329096635
6574,AO2008A107,Angola,AO,Huila,none,Huila,Cassava,Main,2009,10,2010,4,All (PS),yield,2.490761884990658
6575,AO2008A107,Angola,AO,Huila,none,Huila,Cassava,Main,2010,10,2011,4,All (PS),yield,2.604417942810679
6576,AO2008A107,Angola,AO,Huila,none,Huila,Cassava,Main,2011,10,2012,4,All (PS),yield,1.860121495079184
6577,AO2008A107,Angola,AO,Huila,none,Huila,Cassava,Main,2012,10,2013,4,All (PS),yield,2.609763067650421
6578,AO2008A107,Angola,AO,Huila,none,Huila,Cassava,Main,2013,10,2014,4,All (PS),yield,2.8156167134361403
6579,AO2008A107,Angola,AO,Huila,none,Huila,Cassava,Main,2015,10,2016,4,All (PS),yield,2.862623512805001
6580,AO2008A107,Angola,AO,Huila,none,Huila,Cassava,Main,2016,10,2017,4,All (PS),yield,4.057865033688548
6581,AO2008A107,Angola,AO,Huila,none,Huila,Potato,Main,2000,10,2001,4,All (PS),yield,4.00088573959256
6582,AO2008A107,Angola,AO,Huila,none,Huila,Potato,Main,2001,10,2002,4,All (PS),yield,4.0
6583,AO2008A107,Angola,AO,Huila,none,Huila,Potato,Main,2002,10,2003,4,All (PS),yield,4.99555594667136
6584,AO2008A107,Angola,AO,Huila,none,Huila,Potato,Main,2003,10,2004,4,All (PS),yield,2.8999842184171074
6585,AO2008A107,Angola,AO,Huila,none,Huila,Potato,Main,2004,10,2005,4,All (PS),yield,2.5
6586,AO2008A107,Angola,AO,Huila,none,Huila,Potato,Main,2005,10,2006,4,All (PS),yield,5.0
6587,AO2008A107,Angola,AO,Huila,none,Huila,Potato,Main,2006,10,2007,4,All (PS),yield,6.000064112838596
6588,AO2008A107,Angola,AO,Huila,none,Huila,Potato,Main,2007,10,2008,4,All (PS),yield,9.467779839208411
6589,AO2008A107,Angola,AO,Huila,none,Huila,Potato,Main,2008,10,2009,4,All (PS),yield,8.56141036284612
6590,AO2008A107,Angola,AO,Huila,none,Huila,Potato,Main,2009,10,2010,4,All (PS),yield,8.298741898589402
6591,AO2008A107,Angola,AO,Huila,none,Huila,Potato,Main,2010,10,2011,4,All (PS),yield,8.51204181086235
6592,AO2008A107,Angola,AO,Huila,none,Huila,Potato,Main,2011,10,2012,4,All (PS),yield,7.696223425326819
6593,AO2008A107,Angola,AO,Huila,none,Huila,Potato,Main,2012,10,2013,4,All (PS),yield,7.608086077600261
6594,AO2008A107,Angola,AO,Huila,none,Huila,Potato,Main,2013,10,2014,4,All (PS),yield,7.691522969593261
6595,AO2008A107,Angola,AO,Huila,none,Huila,Potato,Main,2014,10,2015,4,All (PS),yield,7.715543871179757
6596,AO2008A107,Angola,AO,Huila,none,Huila,Potato,Main,2015,10,2016,4,All (PS),yield,7.715543871179757
6597,AO2008A107,Angola,AO,Huila,none,Huila,Potato,Main,2016,10,2017,4,All (PS),yield,8.865721567378145
6598,AO2008A107,Angola,AO,Huila,none,Huila,Pineapple,Main,2014,10,2015,4,All (PS),yield,9.998598458304135
6599,AO2008A107,Angola,AO,Huila,none,Huila,Pineapple,Main,2015,10,2016,4,All (PS),yield,9.998598458304135
6600,AO2008A107,Angola,AO,Huila,none,Huila,Pineapple,Main,2016,10,2017,4,All (PS),yield,12.289052358286456
6601,AO2008A107,Angola,AO,Huila,none,Huila,Sorghum,Main,1996,10,1997,4,All (PS),yield,0.20006381620931718
6602,AO2008A107,Angola,AO,Huila,none,Huila,Sorghum,Main,2006,10,2007,4,All (PS),yield,0.3999961008324723
6603,AO2008A107,Angola,AO,Huila,none,Huila,Sorghum,Main,2007,10,2008,4,All (PS),yield,0.08000153382074748
6604,AO2008A107,Angola,AO,Huila,none,Huila,Sorghum,Main,2008,10,2009,4,All (PS),yield,0.3499948720578432
6605,AO2008A107,Angola,AO,Huila,none,Huila,Sorghum,Main,2009,10,2010,4,All (PS),yield,0.26751402400056806
6606,AO2008A107,Angola,AO,Huila,none,Huila,Sorghum,Main,2010,10,2011,4,All (PS),yield,0.3482633313614468
6607,AO2008A107,Angola,AO,Huila,none,Huila,Sorghum,Main,2011,10,2012,4,All (PS),yield,0.047096569753624334
6608,AO2008A107,Angola,AO,Huila,none,Huila,Sorghum,Main,2012,10,2013,4,All (PS),yield,0.1166244592170518
6609,AO2008A107,Angola,AO,Huila,none,Huila,Sorghum,Main,2013,10,2014,4,All (PS),yield,0.12113694544878731
6610,AO2008A107,Angola,AO,Huila,none,Huila,Sorghum,Main,2014,10,2015,4,All (PS),yield,0.12526295658825778
6611,AO2008A107,Angola,AO,Huila,none,Huila,Sorghum,Main,2015,10,2016,4,All (PS),yield,0.12526295658825778
6612,AO2008A107,Angola,AO,Huila,none,Huila,Sorghum,Main,2016,10,2017,4,All (PS),yield,0.19113758229213404
6613,AO2008A107,Angola,AO,Huila,none,Huila,Coffee,Main,2012,10,2013,4,All (PS),yield,0.1978114478114478
6614,AO2008A107,Angola,AO,Huila,none,Huila,Coffee,Main,2013,10,2014,4,All (PS),yield,0.4661016949152542
6615,AO2008A107,Angola,AO,Huila,none,Huila,Soybean,Main,2016,10,2017,4,All (PS),yield,0.6948356807511737
6616,AO2008A107,Angola,AO,Huila,none,Huila,Cabbage,Main,2014,10,2015,4,All (PS),yield,7.320406715535587
6617,AO2008A107,Angola,AO,Huila,none,Huila,Cabbage,Main,2015,10,2016,4,All (PS),yield,7.320406715535587
6618,AO2008A107,Angola,AO,Huila,none,Huila,Cabbage,Main,2016,10,2017,4,All (PS),yield,6.50730411686587
6619,AO2008A107,Angola,AO,Huila,none,Huila,Carrots,Main,2014,10,2015,4,All (PS),yield,5.5934002035179535
6620,AO2008A107,Angola,AO,Huila,none,Huila,Carrots,Main,2015,10,2016,4,All (PS),yield,5.5934002035179535
6621,AO2008A107,Angola,AO,Huila,none,Huila,Carrots,Main,2016,10,2017,4,All (PS),yield,6.557245139253809
6622,AO2008A107,Angola,AO,Huila,none,Huila,Millet,Main,2014,10,2015,4,All (PS),yield,0.22859978496402283
6623,AO2008A107,Angola,AO,Huila,none,Huila,Millet,Main,2015,10,2016,4,All (PS),yield,0.22859978496402283
6624,AO2008A107,Angola,AO,Huila,none,Huila,Millet,Main,2016,10,2017,4,All (PS),yield,0.21164918525305831
6625,AO2008A107,Angola,AO,Huila,none,Huila,Green Bean,Main,2015,10,2016,4,All (PS),yield,1.1973684210526316
6626,AO2008A107,Angola,AO,Huila,none,Huila,Millet,Main,1996,10,1997,4,All (PS),yield,0.2
6627,AO2008A107,Angola,AO,Huila,none,Huila,Millet,Main,1997,10,1998,4,All (PS),yield,0.3
6628,AO2008A107,Angola,AO,Huila,none,Huila,Millet,Main,2000,10,2001,4,All (PS),yield,0.7499965407978304
6629,AO2008A107,Angola,AO,Huila,none,Huila,Millet,Main,2001,10,2002,4,All (PS),yield,0.6999940180654424
6630,AO2008A107,Angola,AO,Huila,none,Huila,Millet,Main,2002,10,2003,4,All (PS),yield,0.5000079822474816
6631,AO2008A107,Angola,AO,Huila,none,Huila,Millet,Main,2003,10,2004,4,All (PS),yield,0.4299938307915238
6632,AO2008A107,Angola,AO,Huila,none,Huila,Millet,Main,2004,10,2005,4,All (PS),yield,0.4000023472249932
6633,AO2008A107,Angola,AO,Huila,none,Huila,Millet,Main,2005,10,2006,4,All (PS),yield,0.38140248372942914
6634,AO2008A107,Angola,AO,Huila,none,Huila,Millet,Main,2006,10,2007,4,All (PS),yield,0.4
6635,AO2008A107,Angola,AO,Huila,none,Huila,Millet,Main,2007,10,2008,4,All (PS),yield,0.1299896468422869
6636,AO2008A107,Angola,AO,Huila,none,Huila,Millet,Main,2008,10,2009,4,All (PS),yield,0.30009054675004865
6637,AO2008A107,Angola,AO,Huila,none,Huila,Millet,Main,2009,10,2010,4,All (PS),yield,0.25581967989392934
6638,AO2008A107,Angola,AO,Huila,none,Huila,Millet,Main,2010,10,2011,4,All (PS),yield,0.3759123442608465
6639,AO2008A107,Angola,AO,Huila,none,Huila,Millet,Main,2011,10,2012,4,All (PS),yield,0.07459914106965063
6640,AO2008A107,Angola,AO,Huila,none,Huila,Millet,Main,2012,10,2013,4,All (PS),yield,0.1863654172652475
6641,AO2008A107,Angola,AO,Huila,none,Huila,Millet,Main,2013,10,2014,4,All (PS),yield,0.21356984350298056
6642,AO2008A107,Angola,AO,Huila,none,Huila,Garlic,Main,2008,10,2009,4,All (PS),yield,7.971164779187701
6643,AO2008A107,Angola,AO,Huila,none,Huila,Garlic,Main,2009,10,2010,4,All (PS),yield,7.004273504273504
6644,AO2008A107,Angola,AO,Huila,none,Huila,Garlic,Main,2010,10,2011,4,All (PS),yield,6.530249110320285
6645,AO2008A107,Angola,AO,Huila,none,Huila,Garlic,Main,2011,10,2012,4,All (PS),yield,4.314461736109084
6646,AO2008A107,Angola,AO,Huila,none,Huila,Wheat,Main,2016,10,2017,4,All (PS),yield,1.0249260186660596
6647,AO2008A107,Angola,AO,Huila,none,Huila,Cowpea,Main,2006,10,2007,4,All (PS),yield,0.3000119146908138
6648,AO2008A108,Angola,AO,Kuando Kubango,none,Kuando Kubango,Maize,Main,1996,10,1997,4,All (PS),yield,0.8199818346957312
6649,AO2008A108,Angola,AO,Kuando Kubango,none,Kuando Kubango,Maize,Main,1997,10,1998,4,All (PS),yield,0.8
6650,AO2008A108,Angola,AO,Kuando Kubango,none,Kuando Kubango,Maize,Main,1998,10,1999,4,All (PS),yield,0.5999746042495556
6651,AO2008A108,Angola,AO,Kuando Kubango,none,Kuando Kubango,Maize,Main,1999,10,2000,4,All (PS),yield,0.6000209139391405
6652,AO2008A108,Angola,AO,Kuando Kubango,none,Kuando Kubango,Maize,Main,2000,10,2001,4,All (PS),yield,0.6000261591786018
6653,AO2008A108,Angola,AO,Kuando Kubango,none,Kuando Kubango,Maize,Main,2001,10,2002,4,All (PS),yield,0.6000229454281234
6654,AO2008A108,Angola,AO,Kuando Kubango,none,Kuando Kubango,Maize,Main,2002,10,2003,4,All (PS),yield,0.5
6655,AO2008A108,Angola,AO,Kuando Kubango,none,Kuando Kubango,Maize,Main,2003,10,2004,4,All (PS),yield,0.30000737844019776
6656,AO2008A108,Angola,AO,Kuando Kubango,none,Kuando Kubango,Maize,Main,2004,10,2005,4,All (PS),yield,0.3999942109528772
6657,AO2008A108,Angola,AO,Kuando Kubango,none,Kuando Kubango,Maize,Main,2005,10,2006,4,All (PS),yield,0.40791347081247414
6658,AO2008A108,Angola,AO,Kuando Kubango,none,Kuando Kubango,Maize,Main,2006,10,2007,4,All (PS),yield,0.3999957512799269
6659,AO2008A108,Angola,AO,Kuando Kubango,none,Kuando Kubango,Maize,Main,2007,10,2008,4,All (PS),yield,0.5300060243755503
6660,AO2008A108,Angola,AO,Kuando Kubango,none,Kuando Kubango,Maize,Main,2008,10,2009,4,All (PS),yield,0.3208819894429236
6661,AO2008A108,Angola,AO,Kuando Kubango,none,Kuando Kubango,Maize,Main,2009,10,2010,4,All (PS),yield,0.5037254767926721
6662,AO2008A108,Angola,AO,Kuando Kubango,none,Kuando Kubango,Maize,Main,2010,10,2011,4,All (PS),yield,0.5079180402042531
6663,AO2008A108,Angola,AO,Kuando Kubango,none,Kuando Kubango,Maize,Main,2011,10,2012,4,All (PS),yield,0.18376835612024123
6664,AO2008A108,Angola,AO,Kuando Kubango,none,Kuando Kubango,Maize,Main,2012,10,2013,4,All (PS),yield,0.4630067204713536
6665,AO2008A108,Angola,AO,Kuando Kubango,none,Kuando Kubango,Maize,Main,2013,10,2014,4,All (PS),yield,0.51262853912326
6666,AO2008A108,Angola,AO,Kuando Kubango,none,Kuando Kubango,Maize,Main,2014,10,2015,4,All (PS),yield,1.053397369168165
6667,AO2008A108,Angola,AO,Kuando Kubango,none,Kuando Kubango,Maize,Main,2015,10,2016,4,All (PS),yield,1.053397369168165
6668,AO2008A108,Angola,AO,Kuando Kubango,none,Kuando Kubango,Maize,Main,2016,10,2017,4,All (PS),yield,0.9212144504227517
6669,AO2008A108,Angola,AO,Kuando Kubango,none,Kuando Kubango,Sweet Potatoes,Main,2000,10,2001,4,All (PS),yield,2.999509563511525
6670,AO2008A108,Angola,AO,Kuando Kubango,none,Kuando Kubango,Sweet Potatoes,Main,2001,10,2002,4,All (PS),yield,3.4995698308001146
6671,AO2008A108,Angola,AO,Kuando Kubango,none,Kuando Kubango,Sweet Potatoes,Main,2002,10,2003,4,All (PS),yield,2.9997416688194267
6672,AO2008A108,Angola,AO,Kuando Kubango,none,Kuando Kubango,Sweet Potatoes,Main,2004,10,2005,4,All (PS),yield,2.00012061271258
6673,AO2008A108,Angola,AO,Kuando Kubango,none,Kuando Kubango,Sweet Potatoes,Main,2005,10,2006,4,All (PS),yield,4.499719992533135
6674,AO2008A108,Angola,AO,Kuando Kubango,none,Kuando Kubango,Sweet Potatoes,Main,2006,10,2007,4,All (PS),yield,6.265067123678949
6675,AO2008A108,Angola,AO,Kuando Kubango,none,Kuando Kubango,Sweet Potatoes,Main,2007,10,2008,4,All (PS),yield,4.675247524752475
6676,AO2008A108,Angola,AO,Kuando Kubango,none,Kuando Kubango,Sweet Potatoes,Main,2008,10,2009,4,All (PS),yield,4.747949080622348
6677,AO2008A108,Angola,AO,Kuando Kubango,none,Kuando Kubango,Sweet Potatoes,Main,2009,10,2010,4,All (PS),yield,5.050256687381789
6678,AO2008A108,Angola,AO,Kuando Kubango,none,Kuando Kubango,Sweet Potatoes,Main,2010,10,2011,4,All (PS),yield,5.2122503328894805
6679,AO2008A108,Angola,AO,Kuando Kubango,none,Kuando Kubango,Sweet Potatoes,Main,2011,10,2012,4,All (PS),yield,2.3002748511223086
6680,AO2008A108,Angola,AO,Kuando Kubango,none,Kuando Kubango,Sweet Potatoes,Main,2012,10,2013,4,All (PS),yield,4.86048604860486
6681,AO2008A108,Angola,AO,Kuando Kubango,none,Kuando Kubango,Sweet Potatoes,Main,2013,10,2014,4,All (PS),yield,7.3455531453362255
6682,AO2008A108,Angola,AO,Kuando Kubango,none,Kuando Kubango,Sweet Potatoes,Main,2014,10,2015,4,All (PS),yield,7.558862144420131
6683,AO2008A108,Angola,AO,Kuando Kubango,none,Kuando Kubango,Sweet Potatoes,Main,2015,10,2016,4,All (PS),yield,7.558862144420131
6684,AO2008A108,Angola,AO,Kuando Kubango,none,Kuando Kubango,Sweet Potatoes,Main,2016,10,2017,4,All (PS),yield,10.885714285714286
6685,AO2008A108,Angola,AO,Kuando Kubango,none,Kuando Kubango,Banana,Main,2006,10,2007,4,All (PS),yield,18.600436681222707
6686,AO2008A108,Angola,AO,Kuando Kubango,none,Kuando Kubango,Banana,Main,2007,10,2008,4,All (PS),yield,9.559985279685966
6687,AO2008A108,Angola,AO,Kuando Kubango,none,Kuando Kubango,Banana,Main,2008,10,2009,4,All (PS),yield,10.0
6688,AO2008A108,Angola,AO,Kuando Kubango,none,Kuando Kubango,Banana,Main,2009,10,2010,4,All (PS),yield,10.004586279380852
6689,AO2008A108,Angola,AO,Kuando Kubango,none,Kuando Kubango,Banana,Main,2010,10,2011,4,All (PS),yield,10.067844925883694
6690,AO2008A108,Angola,AO,Kuando Kubango,none,Kuando Kubango,Banana,Main,2011,10,2012,4,All (PS),yield,2.062025956514411
6691,AO2008A108,Angola,AO,Kuando Kubango,none,Kuando Kubango,Banana,Main,2012,10,2013,4,All (PS),yield,10.40974212034384
6692,AO2008A108,Angola,AO,Kuando Kubango,none,Kuando Kubango,Banana,Main,2013,10,2014,4,All (PS),yield,11.74127759986516
6693,AO2008A108,Angola,AO,Kuando Kubango,none,Kuando Kubango,Banana,Main,2014,10,2015,4,All (PS),yield,11.954940457032507
6694,AO2008A108,Angola,AO,Kuando Kubango,none,Kuando Kubango,Banana,Main,2015,10,2016,4,All (PS),yield,11.954940457032507
6695,AO2008A108,Angola,AO,Kuando Kubango,none,Kuando Kubango,Banana,Main,2016,10,2017,4,All (PS),yield,13.851768865860276
6696,AO2008A108,Angola,AO,Kuando Kubango,none,Kuando Kubango,Mango,Main,2015,10,2016,4,All (PS),yield,11.638461538461538
6697,AO2008A108,Angola,AO,Kuando Kubango,none,Kuando Kubango,Mango,Main,2016,10,2017,4,All (PS),yield,12.974264705882353
6698,AO2008A108,Angola,AO,Kuando Kubango,none,Kuando Kubango,Groundnuts (In Shell),Main,2002,10,2003,4,All (PS),yield,0.30025839793281656
6699,AO2008A108,Angola,AO,Kuando Kubango,none,Kuando Kubango,Groundnuts (In Shell),Main,2004,10,2005,4,All (PS),yield,0.29992764109985526
6700,AO2008A108,Angola,AO,Kuando Kubango,none,Kuando Kubango,Groundnuts (In Shell),Main,2005,10,2006,4,All (PS),yield,0.38010471204188484
6701,AO2008A108,Angola,AO,Kuando Kubango,none,Kuando Kubango,Groundnuts (In Shell),Main,2006,10,2007,4,All (PS),yield,0.29997504367357125
6702,AO2008A108,Angola,AO,Kuando Kubango,none,Kuando Kubango,Groundnuts (In Shell),Main,2007,10,2008,4,All (PS),yield,0.3399833171138607
6703,AO2008A108,Angola,AO,Kuando Kubango,none,Kuando Kubango,Groundnuts (In Shell),Main,2008,10,2009,4,All (PS),yield,0.29999481247082016
6704,AO2008A108,Angola,AO,Kuando Kubango,none,Kuando Kubango,Groundnuts (In Shell),Main,2009,10,2010,4,All (PS),yield,0.29999494617678274
6705,AO2008A108,Angola,AO,Kuando Kubango,none,Kuando Kubango,Groundnuts (In Shell),Main,2010,10,2011,4,All (PS),yield,0.46718475808473303
6706,AO2008A108,Angola,AO,Kuando Kubango,none,Kuando Kubango,Groundnuts (In Shell),Main,2011,10,2012,4,All (PS),yield,0.12151825660268437
6707,AO2008A108,Angola,AO,Kuando Kubango,none,Kuando Kubango,Groundnuts (In Shell),Main,2012,10,2013,4,All (PS),yield,0.5461408992546285
6708,AO2008A108,Angola,AO,Kuando Kubango,none,Kuando Kubango,Groundnuts (In Shell),Main,2013,10,2014,4,All (PS),yield,0.6865671641791045
6709,AO2008A108,Angola,AO,Kuando Kubango,none,Kuando Kubango,Groundnuts (In Shell),Main,2014,10,2015,4,All (PS),yield,0.8902951191827468
6710,AO2008A108,Angola,AO,Kuando Kubango,none,Kuando Kubango,Groundnuts (In Shell),Main,2015,10,2016,4,All (PS),yield,0.8902951191827468
6711,AO2008A108,Angola,AO,Kuando Kubango,none,Kuando Kubango,Groundnuts (In Shell),Main,2016,10,2017,4,All (PS),yield,0.5632619981676806
6712,AO2008A108,Angola,AO,Kuando Kubango,none,Kuando Kubango,Lemon,Main,2015,10,2016,4,All (PS),yield,9.660624370594158
6713,AO2008A108,Angola,AO,Kuando Kubango,none,Kuando Kubango,Lemon,Main,2016,10,2017,4,All (PS),yield,9.199373946544666
6714,AO2008A108,Angola,AO,Kuando Kubango,none,Kuando Kubango,Beans (mixed),Main,2000,10,2001,4,All (PS),yield,0.39976461357395054
6715,AO2008A108,Angola,AO,Kuando Kubango,none,Kuando Kubango,Beans (mixed),Main,2001,10,2002,4,All (PS),yield,0.3999541073887104
6716,AO2008A108,Angola,AO,Kuando Kubango,none,Kuando Kubango,Beans (mixed),Main,2002,10,2003,4,All (PS),yield,0.30012401818933443
6717,AO2008A108,Angola,AO,Kuando Kubango,none,Kuando Kubango,Beans (mixed),Main,2003,10,2004,4,All (PS),yield,0.20002305741295826
6718,AO2008A108,Angola,AO,Kuando Kubango,none,Kuando Kubango,Beans (mixed),Main,2004,10,2005,4,All (PS),yield,0.3499773857982813
6719,AO2008A108,Angola,AO,Kuando Kubango,none,Kuando Kubango,Beans (mixed),Main,2005,10,2006,4,All (PS),yield,0.4427534208321698
6720,AO2008A108,Angola,AO,Kuando Kubango,none,Kuando Kubango,Beans (mixed),Main,2006,10,2007,4,All (PS),yield,0.3
6721,AO2008A108,Angola,AO,Kuando Kubango,none,Kuando Kubango,Beans (mixed),Main,2007,10,2008,4,All (PS),yield,0.2999670727691801
6722,AO2008A108,Angola,AO,Kuando Kubango,none,Kuando Kubango,Beans (mixed),Main,2008,10,2009,4,All (PS),yield,0.29991557619248627
6723,AO2008A108,Angola,AO,Kuando Kubango,none,Kuando Kubango,Beans (mixed),Main,2009,10,2010,4,All (PS),yield,0.29998038061604865
6724,AO2008A108,Angola,AO,Kuando Kubango,none,Kuando Kubango,Beans (mixed),Main,2010,10,2011,4,All (PS),yield,0.3255769230769231
6725,AO2008A108,Angola,AO,Kuando Kubango,none,Kuando Kubango,Beans (mixed),Main,2011,10,2012,4,All (PS),yield,0.08633934535738143
6726,AO2008A108,Angola,AO,Kuando Kubango,none,Kuando Kubango,Beans (mixed),Main,2012,10,2013,4,All (PS),yield,0.30396741589983406
6727,AO2008A108,Angola,AO,Kuando Kubango,none,Kuando Kubango,Beans (mixed),Main,2013,10,2014,4,All (PS),yield,0.40180419994084593
6728,AO2008A108,Angola,AO,Kuando Kubango,none,Kuando Kubango,Beans (mixed),Main,2014,10,2015,4,All (PS),yield,1.2564152035500675
6729,AO2008A108,Angola,AO,Kuando Kubango,none,Kuando Kubango,Beans (mixed),Main,2015,10,2016,4,All (PS),yield,1.2564152035500675
6730,AO2008A108,Angola,AO,Kuando Kubango,none,Kuando Kubango,Beans (mixed),Main,2016,10,2017,4,All (PS),yield,0.4462952225326376
6731,AO2008A108,Angola,AO,Kuando Kubango,none,Kuando Kubango,Cassava,Main,1996,10,1997,4,All (PS),yield,5.0
6732,AO2008A108,Angola,AO,Kuando Kubango,none,Kuando Kubango,Cassava,Main,1997,10,1998,4,All (PS),yield,5.0
6733,AO2008A108,Angola,AO,Kuando Kubango,none,Kuando Kubango,Cassava,Main,1998,10,1999,4,All (PS),yield,4.0
6734,AO2008A108,Angola,AO,Kuando Kubango,none,Kuando Kubango,Cassava,Main,1999,10,2000,4,All (PS),yield,4.0
6735,AO2008A108,Angola,AO,Kuando Kubango,none,Kuando Kubango,Cassava,Main,2000,10,2001,4,All (PS),yield,4.0
6736,AO2008A108,Angola,AO,Kuando Kubango,none,Kuando Kubango,Cassava,Main,2001,10,2002,4,All (PS),yield,4.876761717469682
6737,AO2008A108,Angola,AO,Kuando Kubango,none,Kuando Kubango,Cassava,Main,2002,10,2003,4,All (PS),yield,3.244906997342781
6738,AO2008A108,Angola,AO,Kuando Kubango,none,Kuando Kubango,Cassava,Main,2003,10,2004,4,All (PS),yield,5.046273079553226
6739,AO2008A108,Angola,AO,Kuando Kubango,none,Kuando Kubango,Cassava,Main,2004,10,2005,4,All (PS),yield,6.672678690714763
6740,AO2008A108,Angola,AO,Kuando Kubango,none,Kuando Kubango,Cassava,Main,2005,10,2006,4,All (PS),yield,9.86894436217474
6741,AO2008A108,Angola,AO,Kuando Kubango,none,Kuando Kubango,Cassava,Main,2006,10,2007,4,All (PS),yield,6.472751859364435
6742,AO2008A108,Angola,AO,Kuando Kubango,none,Kuando Kubango,Cassava,Main,2007,10,2008,4,All (PS),yield,7.658658658658658
6743,AO2008A108,Angola,AO,Kuando Kubango,none,Kuando Kubango,Cassava,Main,2008,10,2009,4,All (PS),yield,7.727235123796017
6744,AO2008A108,Angola,AO,Kuando Kubango,none,Kuando Kubango,Cassava,Main,2009,10,2010,4,All (PS),yield,6.584332393041843
6745,AO2008A108,Angola,AO,Kuando Kubango,none,Kuando Kubango,Cassava,Main,2010,10,2011,4,All (PS),yield,6.244710748183891
6746,AO2008A108,Angola,AO,Kuando Kubango,none,Kuando Kubango,Cassava,Main,2011,10,2012,4,All (PS),yield,4.165953980859295
6747,AO2008A108,Angola,AO,Kuando Kubango,none,Kuando Kubango,Cassava,Main,2012,10,2013,4,All (PS),yield,4.593066056506168
6748,AO2008A108,Angola,AO,Kuando Kubango,none,Kuando Kubango,Cassava,Main,2013,10,2014,4,All (PS),yield,4.898193359375
6749,AO2008A108,Angola,AO,Kuando Kubango,none,Kuando Kubango,Cassava,Main,2015,10,2016,4,All (PS),yield,4.520005230125523
6750,AO2008A108,Angola,AO,Kuando Kubango,none,Kuando Kubango,Cassava,Main,2016,10,2017,4,All (PS),yield,5.213242619754178
6751,AO2008A108,Angola,AO,Kuando Kubango,none,Kuando Kubango,Potato,Main,2002,10,2003,4,All (PS),yield,2.0
6752,AO2008A108,Angola,AO,Kuando Kubango,none,Kuando Kubango,Potato,Main,2004,10,2005,4,All (PS),yield,1.502262443438914
6753,AO2008A108,Angola,AO,Kuando Kubango,none,Kuando Kubango,Potato,Main,2008,10,2009,4,All (PS),yield,5.0
6754,AO2008A108,Angola,AO,Kuando Kubango,none,Kuando Kubango,Potato,Main,2009,10,2010,4,All (PS),yield,5.0
6755,AO2008A108,Angola,AO,Kuando Kubango,none,Kuando Kubango,Potato,Main,2010,10,2011,4,All (PS),yield,5.1020408163265305
6756,AO2008A108,Angola,AO,Kuando Kubango,none,Kuando Kubango,Potato,Main,2011,10,2012,4,All (PS),yield,4.880645161290323
6757,AO2008A108,Angola,AO,Kuando Kubango,none,Kuando Kubango,Potato,Main,2012,10,2013,4,All (PS),yield,5.425806451612903
6758,AO2008A108,Angola,AO,Kuando Kubango,none,Kuando Kubango,Potato,Main,2013,10,2014,4,All (PS),yield,5.283489096573208
6759,AO2008A108,Angola,AO,Kuando Kubango,none,Kuando Kubango,Potato,Main,2014,10,2015,4,All (PS),yield,5.3249211356466875
6760,AO2008A108,Angola,AO,Kuando Kubango,none,Kuando Kubango,Potato,Main,2015,10,2016,4,All (PS),yield,5.3249211356466875
6761,AO2008A108,Angola,AO,Kuando Kubango,none,Kuando Kubango,Sorghum,Main,1997,10,1998,4,All (PS),yield,0.5505154639175258
6762,AO2008A108,Angola,AO,Kuando Kubango,none,Kuando Kubango,Sorghum,Main,2006,10,2007,4,All (PS),yield,0.5
6763,AO2008A108,Angola,AO,Kuando Kubango,none,Kuando Kubango,Sorghum,Main,2007,10,2008,4,All (PS),yield,0.2
6764,AO2008A108,Angola,AO,Kuando Kubango,none,Kuando Kubango,Sorghum,Main,2008,10,2009,4,All (PS),yield,0.20001814223512338
6765,AO2008A108,Angola,AO,Kuando Kubango,none,Kuando Kubango,Sorghum,Main,2009,10,2010,4,All (PS),yield,0.3402
6766,AO2008A108,Angola,AO,Kuando Kubango,none,Kuando Kubango,Sorghum,Main,2010,10,2011,4,All (PS),yield,0.388520216186632
6767,AO2008A108,Angola,AO,Kuando Kubango,none,Kuando Kubango,Sorghum,Main,2011,10,2012,4,All (PS),yield,0.0591176259766325
6768,AO2008A108,Angola,AO,Kuando Kubango,none,Kuando Kubango,Sorghum,Main,2012,10,2013,4,All (PS),yield,0.4425178232364848
6769,AO2008A108,Angola,AO,Kuando Kubango,none,Kuando Kubango,Sorghum,Main,2013,10,2014,4,All (PS),yield,0.43800039404631835
6770,AO2008A108,Angola,AO,Kuando Kubango,none,Kuando Kubango,Sorghum,Main,2014,10,2015,4,All (PS),yield,0.3870105062082139
6771,AO2008A108,Angola,AO,Kuando Kubango,none,Kuando Kubango,Sorghum,Main,2015,10,2016,4,All (PS),yield,0.3870105062082139
6772,AO2008A108,Angola,AO,Kuando Kubango,none,Kuando Kubango,Millet,Main,2014,10,2015,4,All (PS),yield,0.2588569312430564
6773,AO2008A108,Angola,AO,Kuando Kubango,none,Kuando Kubango,Millet,Main,2015,10,2016,4,All (PS),yield,0.2588569312430564
6774,AO2008A108,Angola,AO,Kuando Kubango,none,Kuando Kubango,Millet,Main,2016,10,2017,4,All (PS),yield,0.24353701976731745
6775,AO2008A108,Angola,AO,Kuando Kubango,none,Kuando Kubango,Millet,Main,2000,10,2001,4,All (PS),yield,0.50002002002002
6776,AO2008A108,Angola,AO,Kuando Kubango,none,Kuando Kubango,Millet,Main,2001,10,2002,4,All (PS),yield,0.49998829341387463
6777,AO2008A108,Angola,AO,Kuando Kubango,none,Kuando Kubango,Millet,Main,2002,10,2003,4,All (PS),yield,0.39999156402901975
6778,AO2008A108,Angola,AO,Kuando Kubango,none,Kuando Kubango,Millet,Main,2003,10,2004,4,All (PS),yield,0.39998870673266956
6779,AO2008A108,Angola,AO,Kuando Kubango,none,Kuando Kubango,Millet,Main,2004,10,2005,4,All (PS),yield,0.4499955696015595
6780,AO2008A108,Angola,AO,Kuando Kubango,none,Kuando Kubango,Millet,Main,2005,10,2006,4,All (PS),yield,0.5000072119892108
6781,AO2008A108,Angola,AO,Kuando Kubango,none,Kuando Kubango,Millet,Main,2006,10,2007,4,All (PS),yield,0.4
6782,AO2008A108,Angola,AO,Kuando Kubango,none,Kuando Kubango,Millet,Main,2007,10,2008,4,All (PS),yield,0.2100214489990467
6783,AO2008A108,Angola,AO,Kuando Kubango,none,Kuando Kubango,Millet,Main,2008,10,2009,4,All (PS),yield,0.2499290780141844
6784,AO2008A108,Angola,AO,Kuando Kubango,none,Kuando Kubango,Millet,Main,2009,10,2010,4,All (PS),yield,0.350882709671623
6785,AO2008A108,Angola,AO,Kuando Kubango,none,Kuando Kubango,Millet,Main,2010,10,2011,4,All (PS),yield,0.35846691143547954
6786,AO2008A108,Angola,AO,Kuando Kubango,none,Kuando Kubango,Millet,Main,2011,10,2012,4,All (PS),yield,0.12287060529177238
6787,AO2008A108,Angola,AO,Kuando Kubango,none,Kuando Kubango,Millet,Main,2012,10,2013,4,All (PS),yield,0.1804083636810017
6788,AO2008A108,Angola,AO,Kuando Kubango,none,Kuando Kubango,Millet,Main,2013,10,2014,4,All (PS),yield,0.2083554973607758
6789,AO2008A108,Angola,AO,Kuando Kubango,none,Kuando Kubango,Rice,Main,2012,10,2013,4,All (PS),yield,4.0
6790,AO2008A108,Angola,AO,Kuando Kubango,none,Kuando Kubango,Rice,Main,2013,10,2014,4,All (PS),yield,3.506666666666667
6791,AO2008A108,Angola,AO,Kuando Kubango,none,Kuando Kubango,Rice,Main,2014,10,2015,4,All (PS),yield,2.9265129682997117
6792,AO2008A108,Angola,AO,Kuando Kubango,none,Kuando Kubango,Rice,Main,2015,10,2016,4,All (PS),yield,2.9265129682997117
6793,AO2008A109,Angola,AO,Kuanza Norte,none,Kuanza Norte,Maize,Main,1996,10,1997,4,All (PS),yield,0.71
6794,AO2008A109,Angola,AO,Kuanza Norte,none,Kuanza Norte,Maize,Main,1997,10,1998,4,All (PS),yield,0.75
6795,AO2008A109,Angola,AO,Kuanza Norte,none,Kuanza Norte,Maize,Main,1998,10,1999,4,All (PS),yield,0.7499474237644584
6796,AO2008A109,Angola,AO,Kuanza Norte,none,Kuanza Norte,Maize,Main,1999,10,2000,4,All (PS),yield,0.6999777925827226
6797,AO2008A109,Angola,AO,Kuanza Norte,none,Kuanza Norte,Maize,Main,2000,10,2001,4,All (PS),yield,0.29993612555890137
6798,AO2008A109,Angola,AO,Kuanza Norte,none,Kuanza Norte,Maize,Main,2001,10,2002,4,All (PS),yield,0.6
6799,AO2008A109,Angola,AO,Kuanza Norte,none,Kuanza Norte,Maize,Main,2002,10,2003,4,All (PS),yield,0.6
6800,AO2008A109,Angola,AO,Kuanza Norte,none,Kuanza Norte,Maize,Main,2003,10,2004,4,All (PS),yield,0.49997181351823666
6801,AO2008A109,Angola,AO,Kuanza Norte,none,Kuanza Norte,Maize,Main,2004,10,2005,4,All (PS),yield,0.5
6802,AO2008A109,Angola,AO,Kuanza Norte,none,Kuanza Norte,Maize,Main,2005,10,2006,4,All (PS),yield,0.49000620732464306
6803,AO2008A109,Angola,AO,Kuanza Norte,none,Kuanza Norte,Maize,Main,2006,10,2007,4,All (PS),yield,0.5802858189813118
6804,AO2008A109,Angola,AO,Kuanza Norte,none,Kuanza Norte,Maize,Main,2007,10,2008,4,All (PS),yield,0.7575027602127873
6805,AO2008A109,Angola,AO,Kuanza Norte,none,Kuanza Norte,Maize,Main,2008,10,2009,4,All (PS),yield,0.6448867953198602
6806,AO2008A109,Angola,AO,Kuanza Norte,none,Kuanza Norte,Maize,Main,2009,10,2010,4,All (PS),yield,0.7175941635561588
6807,AO2008A109,Angola,AO,Kuanza Norte,none,Kuanza Norte,Maize,Main,2010,10,2011,4,All (PS),yield,0.7280611842623985
6808,AO2008A109,Angola,AO,Kuanza Norte,none,Kuanza Norte,Maize,Main,2011,10,2012,4,All (PS),yield,0.20459220917114607
6809,AO2008A109,Angola,AO,Kuanza Norte,none,Kuanza Norte,Maize,Main,2012,10,2013,4,All (PS),yield,0.6085688358828105
6810,AO2008A109,Angola,AO,Kuanza Norte,none,Kuanza Norte,Maize,Main,2013,10,2014,4,All (PS),yield,0.644962038347703
6811,AO2008A109,Angola,AO,Kuanza Norte,none,Kuanza Norte,Maize,Main,2014,10,2015,4,All (PS),yield,0.7327769508824155
6812,AO2008A109,Angola,AO,Kuanza Norte,none,Kuanza Norte,Maize,Main,2015,10,2016,4,All (PS),yield,0.7327769508824155
6813,AO2008A109,Angola,AO,Kuanza Norte,none,Kuanza Norte,Maize,Main,2016,10,2017,4,All (PS),yield,1.226598881121795
6814,AO2008A109,Angola,AO,Kuanza Norte,none,Kuanza Norte,Chili Pepper,Main,2014,10,2015,4,All (PS),yield,3.782608695652174
6815,AO2008A109,Angola,AO,Kuanza Norte,none,Kuanza Norte,Chili Pepper,Main,2015,10,2016,4,All (PS),yield,3.782608695652174
6816,AO2008A109,Angola,AO,Kuanza Norte,none,Kuanza Norte,Chili Pepper,Main,2016,10,2017,4,All (PS),yield,2.890625
6817,AO2008A109,Angola,AO,Kuanza Norte,none,Kuanza Norte,Sweet Potatoes,Main,2000,10,2001,4,All (PS),yield,4.499915268598542
6818,AO2008A109,Angola,AO,Kuanza Norte,none,Kuanza Norte,Sweet Potatoes,Main,2001,10,2002,4,All (PS),yield,4.499909272364362
6819,AO2008A109,Angola,AO,Kuanza Norte,none,Kuanza Norte,Sweet Potatoes,Main,2002,10,2003,4,All (PS),yield,4.500625260525219
6820,AO2008A109,Angola,AO,Kuanza Norte,none,Kuanza Norte,Sweet Potatoes,Main,2003,10,2004,4,All (PS),yield,3.9590834697217674
6821,AO2008A109,Angola,AO,Kuanza Norte,none,Kuanza Norte,Sweet Potatoes,Main,2004,10,2005,4,All (PS),yield,4.999470899470899
6822,AO2008A109,Angola,AO,Kuanza Norte,none,Kuanza Norte,Sweet Potatoes,Main,2005,10,2006,4,All (PS),yield,5.0
6823,AO2008A109,Angola,AO,Kuanza Norte,none,Kuanza Norte,Sweet Potatoes,Main,2006,10,2007,4,All (PS),yield,7.800779727095517
6824,AO2008A109,Angola,AO,Kuanza Norte,none,Kuanza Norte,Sweet Potatoes,Main,2007,10,2008,4,All (PS),yield,8.520841373986878
6825,AO2008A109,Angola,AO,Kuanza Norte,none,Kuanza Norte,Sweet Potatoes,Main,2008,10,2009,4,All (PS),yield,7.999806725937379
6826,AO2008A109,Angola,AO,Kuanza Norte,none,Kuanza Norte,Sweet Potatoes,Main,2009,10,2010,4,All (PS),yield,7.999807618314737
6827,AO2008A109,Angola,AO,Kuanza Norte,none,Kuanza Norte,Sweet Potatoes,Main,2010,10,2011,4,All (PS),yield,8.373348650201034
6828,AO2008A109,Angola,AO,Kuanza Norte,none,Kuanza Norte,Sweet Potatoes,Main,2011,10,2012,4,All (PS),yield,6.09995737425405
6829,AO2008A109,Angola,AO,Kuanza Norte,none,Kuanza Norte,Sweet Potatoes,Main,2012,10,2013,4,All (PS),yield,10.096767422334173
6830,AO2008A109,Angola,AO,Kuanza Norte,none,Kuanza Norte,Sweet Potatoes,Main,2013,10,2014,4,All (PS),yield,15.614426877470356
6831,AO2008A109,Angola,AO,Kuanza Norte,none,Kuanza Norte,Sweet Potatoes,Main,2014,10,2015,4,All (PS),yield,14.996240601503759
6832,AO2008A109,Angola,AO,Kuanza Norte,none,Kuanza Norte,Sweet Potatoes,Main,2015,10,2016,4,All (PS),yield,14.996240601503759
6833,AO2008A109,Angola,AO,Kuanza Norte,none,Kuanza Norte,Sweet Potatoes,Main,2016,10,2017,4,All (PS),yield,14.25002331654542
6834,AO2008A109,Angola,AO,Kuanza Norte,none,Kuanza Norte,Banana,Main,2006,10,2007,4,All (PS),yield,20.0
6835,AO2008A109,Angola,AO,Kuanza Norte,none,Kuanza Norte,Banana,Main,2007,10,2008,4,All (PS),yield,19.799057305879433
6836,AO2008A109,Angola,AO,Kuanza Norte,none,Kuanza Norte,Banana,Main,2008,10,2009,4,All (PS),yield,19.799057305879433
6837,AO2008A109,Angola,AO,Kuanza Norte,none,Kuanza Norte,Banana,Main,2009,10,2010,4,All (PS),yield,20.064306593049693
6838,AO2008A109,Angola,AO,Kuanza Norte,none,Kuanza Norte,Banana,Main,2010,10,2011,4,All (PS),yield,26.17537195314973
6839,AO2008A109,Angola,AO,Kuanza Norte,none,Kuanza Norte,Banana,Main,2011,10,2012,4,All (PS),yield,16.188948306595364
6840,AO2008A109,Angola,AO,Kuanza Norte,none,Kuanza Norte,Banana,Main,2012,10,2013,4,All (PS),yield,19.203570543020085
6841,AO2008A109,Angola,AO,Kuanza Norte,none,Kuanza Norte,Banana,Main,2013,10,2014,4,All (PS),yield,21.828415571534837
6842,AO2008A109,Angola,AO,Kuanza Norte,none,Kuanza Norte,Banana,Main,2014,10,2015,4,All (PS),yield,21.634146341463413
6843,AO2008A109,Angola,AO,Kuanza Norte,none,Kuanza Norte,Banana,Main,2015,10,2016,4,All (PS),yield,21.634146341463413
6844,AO2008A109,Angola,AO,Kuanza Norte,none,Kuanza Norte,Banana,Main,2016,10,2017,4,All (PS),yield,29.53296018491242
6845,AO2008A109,Angola,AO,Kuanza Norte,none,Kuanza Norte,Tomato,Main,2014,10,2015,4,All (PS),yield,12.510433386837882
6846,AO2008A109,Angola,AO,Kuanza Norte,none,Kuanza Norte,Tomato,Main,2015,10,2016,4,All (PS),yield,12.510433386837882
6847,AO2008A109,Angola,AO,Kuanza Norte,none,Kuanza Norte,Tomato,Main,2016,10,2017,4,All (PS),yield,12.403053435114504
6848,AO2008A109,Angola,AO,Kuanza Norte,none,Kuanza Norte,Onions,Main,2014,10,2015,4,All (PS),yield,12.055130168453292
6849,AO2008A109,Angola,AO,Kuanza Norte,none,Kuanza Norte,Onions,Main,2015,10,2016,4,All (PS),yield,12.055130168453292
6850,AO2008A109,Angola,AO,Kuanza Norte,none,Kuanza Norte,Onions,Main,2016,10,2017,4,All (PS),yield,12.966176470588236
6851,AO2008A109,Angola,AO,Kuanza Norte,none,Kuanza Norte,Mango,Main,2015,10,2016,4,All (PS),yield,10.835555555555555
6852,AO2008A109,Angola,AO,Kuanza Norte,none,Kuanza Norte,Mango,Main,2016,10,2017,4,All (PS),yield,9.0
6853,AO2008A109,Angola,AO,Kuanza Norte,none,Kuanza Norte,Groundnuts (In Shell),Main,2001,10,2002,4,All (PS),yield,0.39997459672297725
6854,AO2008A109,Angola,AO,Kuanza Norte,none,Kuanza Norte,Groundnuts (In Shell),Main,2002,10,2003,4,All (PS),yield,0.45001026483268325
6855,AO2008A109,Angola,AO,Kuanza Norte,none,Kuanza Norte,Groundnuts (In Shell),Main,2003,10,2004,4,All (PS),yield,0.396272783125128
6856,AO2008A109,Angola,AO,Kuanza Norte,none,Kuanza Norte,Groundnuts (In Shell),Main,2004,10,2005,4,All (PS),yield,0.4000392003136025
6857,AO2008A109,Angola,AO,Kuanza Norte,none,Kuanza Norte,Groundnuts (In Shell),Main,2005,10,2006,4,All (PS),yield,0.4441170279941065
6858,AO2008A109,Angola,AO,Kuanza Norte,none,Kuanza Norte,Groundnuts (In Shell),Main,2006,10,2007,4,All (PS),yield,0.3
6859,AO2008A109,Angola,AO,Kuanza Norte,none,Kuanza Norte,Groundnuts (In Shell),Main,2007,10,2008,4,All (PS),yield,0.40967937084089534
6860,AO2008A109,Angola,AO,Kuanza Norte,none,Kuanza Norte,Groundnuts (In Shell),Main,2008,10,2009,4,All (PS),yield,0.5
6861,AO2008A109,Angola,AO,Kuanza Norte,none,Kuanza Norte,Groundnuts (In Shell),Main,2009,10,2010,4,All (PS),yield,0.5
6862,AO2008A109,Angola,AO,Kuanza Norte,none,Kuanza Norte,Groundnuts (In Shell),Main,2010,10,2011,4,All (PS),yield,0.5327151175328877
6863,AO2008A109,Angola,AO,Kuanza Norte,none,Kuanza Norte,Groundnuts (In Shell),Main,2011,10,2012,4,All (PS),yield,0.1566981321550512
6864,AO2008A109,Angola,AO,Kuanza Norte,none,Kuanza Norte,Groundnuts (In Shell),Main,2012,10,2013,4,All (PS),yield,0.5975872812974354
6865,AO2008A109,Angola,AO,Kuanza Norte,none,Kuanza Norte,Groundnuts (In Shell),Main,2013,10,2014,4,All (PS),yield,0.7888233418367347
6866,AO2008A109,Angola,AO,Kuanza Norte,none,Kuanza Norte,Groundnuts (In Shell),Main,2014,10,2015,4,All (PS),yield,0.8120725428417737
6867,AO2008A109,Angola,AO,Kuanza Norte,none,Kuanza Norte,Groundnuts (In Shell),Main,2015,10,2016,4,All (PS),yield,0.8120725428417737
6868,AO2008A109,Angola,AO,Kuanza Norte,none,Kuanza Norte,Groundnuts (In Shell),Main,2016,10,2017,4,All (PS),yield,0.7096345744176218
6869,AO2008A109,Angola,AO,Kuanza Norte,none,Kuanza Norte,Lemon,Main,2015,10,2016,4,All (PS),yield,6.839169909208819
6870,AO2008A109,Angola,AO,Kuanza Norte,none,Kuanza Norte,Lemon,Main,2016,10,2017,4,All (PS),yield,4.89125
6871,AO2008A109,Angola,AO,Kuanza Norte,none,Kuanza Norte,Beans (mixed),Main,2000,10,2001,4,All (PS),yield,0.35004852798447106
6872,AO2008A109,Angola,AO,Kuanza Norte,none,Kuanza Norte,Beans (mixed),Main,2001,10,2002,4,All (PS),yield,0.3500582195405949
6873,AO2008A109,Angola,AO,Kuanza Norte,none,Kuanza Norte,Beans (mixed),Main,2002,10,2003,4,All (PS),yield,0.5
6874,AO2008A109,Angola,AO,Kuanza Norte,none,Kuanza Norte,Beans (mixed),Main,2003,10,2004,4,All (PS),yield,0.29997674598868307
6875,AO2008A109,Angola,AO,Kuanza Norte,none,Kuanza Norte,Beans (mixed),Main,2004,10,2005,4,All (PS),yield,0.30999206279213337
6876,AO2008A109,Angola,AO,Kuanza Norte,none,Kuanza Norte,Beans (mixed),Main,2005,10,2006,4,All (PS),yield,0.3470593666328132
6877,AO2008A109,Angola,AO,Kuanza Norte,none,Kuanza Norte,Beans (mixed),Main,2006,10,2007,4,All (PS),yield,0.30055550141311765
6878,AO2008A109,Angola,AO,Kuanza Norte,none,Kuanza Norte,Beans (mixed),Main,2007,10,2008,4,All (PS),yield,0.3802798818847092
6879,AO2008A109,Angola,AO,Kuanza Norte,none,Kuanza Norte,Beans (mixed),Main,2008,10,2009,4,All (PS),yield,0.3999621188206326
6880,AO2008A109,Angola,AO,Kuanza Norte,none,Kuanza Norte,Beans (mixed),Main,2009,10,2010,4,All (PS),yield,0.42520330328437245
6881,AO2008A109,Angola,AO,Kuanza Norte,none,Kuanza Norte,Beans (mixed),Main,2010,10,2011,4,All (PS),yield,0.46107648725212463
6882,AO2008A109,Angola,AO,Kuanza Norte,none,Kuanza Norte,Beans (mixed),Main,2011,10,2012,4,All (PS),yield,0.10875971068845433
6883,AO2008A109,Angola,AO,Kuanza Norte,none,Kuanza Norte,Beans (mixed),Main,2012,10,2013,4,All (PS),yield,0.4056710775047259
6884,AO2008A109,Angola,AO,Kuanza Norte,none,Kuanza Norte,Beans (mixed),Main,2013,10,2014,4,All (PS),yield,0.5204996947353591
6885,AO2008A109,Angola,AO,Kuanza Norte,none,Kuanza Norte,Beans (mixed),Main,2014,10,2015,4,All (PS),yield,0.605569320262846
6886,AO2008A109,Angola,AO,Kuanza Norte,none,Kuanza Norte,Beans (mixed),Main,2015,10,2016,4,All (PS),yield,0.605569320262846
6887,AO2008A109,Angola,AO,Kuanza Norte,none,Kuanza Norte,Beans (mixed),Main,2016,10,2017,4,All (PS),yield,0.4984350439524474
6888,AO2008A109,Angola,AO,Kuanza Norte,none,Kuanza Norte,Cassava,Main,1996,10,1997,4,All (PS),yield,4.0
6889,AO2008A109,Angola,AO,Kuanza Norte,none,Kuanza Norte,Cassava,Main,1997,10,1998,4,All (PS),yield,5.0
6890,AO2008A109,Angola,AO,Kuanza Norte,none,Kuanza Norte,Cassava,Main,1998,10,1999,4,All (PS),yield,7.0
6891,AO2008A109,Angola,AO,Kuanza Norte,none,Kuanza Norte,Cassava,Main,1999,10,2000,4,All (PS),yield,10.0
6892,AO2008A109,Angola,AO,Kuanza Norte,none,Kuanza Norte,Cassava,Main,2000,10,2001,4,All (PS),yield,10.999977187699608
6893,AO2008A109,Angola,AO,Kuanza Norte,none,Kuanza Norte,Cassava,Main,2001,10,2002,4,All (PS),yield,11.704965357967668
6894,AO2008A109,Angola,AO,Kuanza Norte,none,Kuanza Norte,Cassava,Main,2002,10,2003,4,All (PS),yield,9.735153001386076
6895,AO2008A109,Angola,AO,Kuanza Norte,none,Kuanza Norte,Cassava,Main,2003,10,2004,4,All (PS),yield,7.975692032939776
6896,AO2008A109,Angola,AO,Kuanza Norte,none,Kuanza Norte,Cassava,Main,2004,10,2005,4,All (PS),yield,8.006858654726773
6897,AO2008A109,Angola,AO,Kuanza Norte,none,Kuanza Norte,Cassava,Main,2005,10,2006,4,All (PS),yield,12.342430108869877
6898,AO2008A109,Angola,AO,Kuanza Norte,none,Kuanza Norte,Cassava,Main,2006,10,2007,4,All (PS),yield,11.8
6899,AO2008A109,Angola,AO,Kuanza Norte,none,Kuanza Norte,Cassava,Main,2007,10,2008,4,All (PS),yield,16.199913169319828
6900,AO2008A109,Angola,AO,Kuanza Norte,none,Kuanza Norte,Cassava,Main,2008,10,2009,4,All (PS),yield,16.010778638401955
6901,AO2008A109,Angola,AO,Kuanza Norte,none,Kuanza Norte,Cassava,Main,2009,10,2010,4,All (PS),yield,6.650794383180301
6902,AO2008A109,Angola,AO,Kuanza Norte,none,Kuanza Norte,Cassava,Main,2010,10,2011,4,All (PS),yield,6.556172903187774
6903,AO2008A109,Angola,AO,Kuanza Norte,none,Kuanza Norte,Cassava,Main,2011,10,2012,4,All (PS),yield,11.806291012937443
6904,AO2008A109,Angola,AO,Kuanza Norte,none,Kuanza Norte,Cassava,Main,2012,10,2013,4,All (PS),yield,7.186580858258841
6905,AO2008A109,Angola,AO,Kuanza Norte,none,Kuanza Norte,Cassava,Main,2013,10,2014,4,All (PS),yield,7.664567217227681
6906,AO2008A109,Angola,AO,Kuanza Norte,none,Kuanza Norte,Cassava,Main,2015,10,2016,4,All (PS),yield,13.093014792456062
6907,AO2008A109,Angola,AO,Kuanza Norte,none,Kuanza Norte,Cassava,Main,2016,10,2017,4,All (PS),yield,11.268671369864935
6908,AO2008A109,Angola,AO,Kuanza Norte,none,Kuanza Norte,Potato,Main,2000,10,2001,4,All (PS),yield,3.0
6909,AO2008A109,Angola,AO,Kuanza Norte,none,Kuanza Norte,Potato,Main,2001,10,2002,4,All (PS),yield,3.0012706480304954
6910,AO2008A109,Angola,AO,Kuanza Norte,none,Kuanza Norte,Potato,Main,2002,10,2003,4,All (PS),yield,1.9863013698630136
6911,AO2008A109,Angola,AO,Kuanza Norte,none,Kuanza Norte,Potato,Main,2004,10,2005,4,All (PS),yield,1.5106382978723405
6912,AO2008A109,Angola,AO,Kuanza Norte,none,Kuanza Norte,Potato,Main,2006,10,2007,4,All (PS),yield,6.117647058823529
6913,AO2008A109,Angola,AO,Kuanza Norte,none,Kuanza Norte,Potato,Main,2007,10,2008,4,All (PS),yield,6.478298611111111
6914,AO2008A109,Angola,AO,Kuanza Norte,none,Kuanza Norte,Potato,Main,2008,10,2009,4,All (PS),yield,6.842369477911647
6915,AO2008A109,Angola,AO,Kuanza Norte,none,Kuanza Norte,Potato,Main,2009,10,2010,4,All (PS),yield,6.842870999030068
6916,AO2008A109,Angola,AO,Kuanza Norte,none,Kuanza Norte,Potato,Main,2010,10,2011,4,All (PS),yield,7.765678172095284
6917,AO2008A109,Angola,AO,Kuanza Norte,none,Kuanza Norte,Potato,Main,2011,10,2012,4,All (PS),yield,8.701285855588527
6918,AO2008A109,Angola,AO,Kuanza Norte,none,Kuanza Norte,Potato,Main,2012,10,2013,4,All (PS),yield,7.308903098868667
6919,AO2008A109,Angola,AO,Kuanza Norte,none,Kuanza Norte,Potato,Main,2013,10,2014,4,All (PS),yield,7.223671497584541
6920,AO2008A109,Angola,AO,Kuanza Norte,none,Kuanza Norte,Potato,Main,2014,10,2015,4,All (PS),yield,11.319245283018867
6921,AO2008A109,Angola,AO,Kuanza Norte,none,Kuanza Norte,Potato,Main,2015,10,2016,4,All (PS),yield,11.319245283018867
6922,AO2008A109,Angola,AO,Kuanza Norte,none,Kuanza Norte,Potato,Main,2016,10,2017,4,All (PS),yield,9.771490750816104
6923,AO2008A109,Angola,AO,Kuanza Norte,none,Kuanza Norte,Pineapple,Main,2007,10,2008,4,All (PS),yield,9.206597222222221
6924,AO2008A109,Angola,AO,Kuanza Norte,none,Kuanza Norte,Pineapple,Main,2014,10,2015,4,All (PS),yield,15.069264069264069
6925,AO2008A109,Angola,AO,Kuanza Norte,none,Kuanza Norte,Pineapple,Main,2015,10,2016,4,All (PS),yield,15.069264069264069
6926,AO2008A109,Angola,AO,Kuanza Norte,none,Kuanza Norte,Pineapple,Main,2016,10,2017,4,All (PS),yield,15.267080745341614
6927,AO2008A109,Angola,AO,Kuanza Norte,none,Kuanza Norte,Sorghum,Main,1996,10,1997,4,All (PS),yield,0.5
6928,AO2008A109,Angola,AO,Kuanza Norte,none,Kuanza Norte,Sorghum,Main,1997,10,1998,4,All (PS),yield,0.7
6929,AO2008A109,Angola,AO,Kuanza Norte,none,Kuanza Norte,Coffee,Main,2006,10,2007,4,All (PS),yield,0.5
6930,AO2008A109,Angola,AO,Kuanza Norte,none,Kuanza Norte,Coffee,Main,2008,10,2009,4,All (PS),yield,0.25002468648168263
6931,AO2008A109,Angola,AO,Kuanza Norte,none,Kuanza Norte,Coffee,Main,2012,10,2013,4,All (PS),yield,0.2811320754716981
6932,AO2008A109,Angola,AO,Kuanza Norte,none,Kuanza Norte,Coffee,Main,2013,10,2014,4,All (PS),yield,0.19811320754716982
6933,AO2008A109,Angola,AO,Kuanza Norte,none,Kuanza Norte,Soybean,Main,2011,10,2012,4,All (PS),yield,0.1488095238095238
6934,AO2008A109,Angola,AO,Kuanza Norte,none,Kuanza Norte,Soybean,Main,2012,10,2013,4,All (PS),yield,0.35852713178294576
6935,AO2008A109,Angola,AO,Kuanza Norte,none,Kuanza Norte,Soybean,Main,2013,10,2014,4,All (PS),yield,0.4478178368121442
6936,AO2008A109,Angola,AO,Kuanza Norte,none,Kuanza Norte,Soybean,Main,2014,10,2015,4,All (PS),yield,0.46459412780656306
6937,AO2008A109,Angola,AO,Kuanza Norte,none,Kuanza Norte,Soybean,Main,2015,10,2016,4,All (PS),yield,0.46459412780656306
6938,AO2008A109,Angola,AO,Kuanza Norte,none,Kuanza Norte,Okras,Main,2014,10,2015,4,All (PS),yield,2.5288461538461537
6939,AO2008A109,Angola,AO,Kuanza Norte,none,Kuanza Norte,Okras,Main,2015,10,2016,4,All (PS),yield,2.5288461538461537
6940,AO2008A109,Angola,AO,Kuanza Norte,none,Kuanza Norte,Okras,Main,2016,10,2017,4,All (PS),yield,3.0085470085470085
6941,AO2008A109,Angola,AO,Kuanza Norte,none,Kuanza Norte,Cabbage,Main,2014,10,2015,4,All (PS),yield,10.984158415841584
6942,AO2008A109,Angola,AO,Kuanza Norte,none,Kuanza Norte,Cabbage,Main,2015,10,2016,4,All (PS),yield,10.984158415841584
6943,AO2008A109,Angola,AO,Kuanza Norte,none,Kuanza Norte,Cabbage,Main,2016,10,2017,4,All (PS),yield,11.041198501872659
6944,AO2008A109,Angola,AO,Kuanza Norte,none,Kuanza Norte,Carrots,Main,2014,10,2015,4,All (PS),yield,12.105263157894736
6945,AO2008A109,Angola,AO,Kuanza Norte,none,Kuanza Norte,Carrots,Main,2015,10,2016,4,All (PS),yield,12.105263157894736
6946,AO2008A109,Angola,AO,Kuanza Norte,none,Kuanza Norte,Carrots,Main,2016,10,2017,4,All (PS),yield,13.21875
6947,AO2008A109,Angola,AO,Kuanza Norte,none,Kuanza Norte,Millet,Main,1996,10,1997,4,All (PS),yield,0.5
6948,AO2008A109,Angola,AO,Kuanza Norte,none,Kuanza Norte,Millet,Main,1997,10,1998,4,All (PS),yield,0.6
6949,AO2008A109,Angola,AO,Kuanza Norte,none,Kuanza Norte,Garlic,Main,2008,10,2009,4,All (PS),yield,6.11149547631719
6950,AO2008A109,Angola,AO,Kuanza Norte,none,Kuanza Norte,Garlic,Main,2009,10,2010,4,All (PS),yield,5.336676544335537
6951,AO2008A109,Angola,AO,Kuanza Norte,none,Kuanza Norte,Garlic,Main,2010,10,2011,4,All (PS),yield,6.145833333333333
6952,AO2008A109,Angola,AO,Kuanza Norte,none,Kuanza Norte,Garlic,Main,2011,10,2012,4,All (PS),yield,3.4245214879017696
6953,AO2008A110,Angola,AO,Kuanza Sul,none,Kuanza Sul,Maize,Main,1996,10,1997,4,All (PS),yield,0.35
6954,AO2008A110,Angola,AO,Kuanza Sul,none,Kuanza Sul,Maize,Main,1997,10,1998,4,All (PS),yield,0.5
6955,AO2008A110,Angola,AO,Kuanza Sul,none,Kuanza Sul,Maize,Main,1998,10,1999,4,All (PS),yield,0.75
6956,AO2008A110,Angola,AO,Kuanza Sul,none,Kuanza Sul,Maize,Main,1999,10,2000,4,All (PS),yield,0.6
6957,AO2008A110,Angola,AO,Kuanza Sul,none,Kuanza Sul,Maize,Main,2000,10,2001,4,All (PS),yield,0.6500052144634317
6958,AO2008A110,Angola,AO,Kuanza Sul,none,Kuanza Sul,Maize,Main,2001,10,2002,4,All (PS),yield,0.6000039648712409
6959,AO2008A110,Angola,AO,Kuanza Sul,none,Kuanza Sul,Maize,Main,2002,10,2003,4,All (PS),yield,0.599997717989092
6960,AO2008A110,Angola,AO,Kuanza Sul,none,Kuanza Sul,Maize,Main,2003,10,2004,4,All (PS),yield,0.5999949596139065
6961,AO2008A110,Angola,AO,Kuanza Sul,none,Kuanza Sul,Maize,Main,2004,10,2005,4,All (PS),yield,0.6999975154044922
6962,AO2008A110,Angola,AO,Kuanza Sul,none,Kuanza Sul,Maize,Main,2005,10,2006,4,All (PS),yield,0.4433968432477671
6963,AO2008A110,Angola,AO,Kuanza Sul,none,Kuanza Sul,Maize,Main,2006,10,2007,4,All (PS),yield,0.4639503198568538
6964,AO2008A110,Angola,AO,Kuanza Sul,none,Kuanza Sul,Maize,Main,2007,10,2008,4,All (PS),yield,0.7469339390828573
6965,AO2008A110,Angola,AO,Kuanza Sul,none,Kuanza Sul,Maize,Main,2008,10,2009,4,All (PS),yield,0.7463992280739997
6966,AO2008A110,Angola,AO,Kuanza Sul,none,Kuanza Sul,Maize,Main,2009,10,2010,4,All (PS),yield,0.6072969445598381
6967,AO2008A110,Angola,AO,Kuanza Sul,none,Kuanza Sul,Maize,Main,2010,10,2011,4,All (PS),yield,0.6529296406552011
6968,AO2008A110,Angola,AO,Kuanza Sul,none,Kuanza Sul,Maize,Main,2011,10,2012,4,All (PS),yield,0.18944067519992538
6969,AO2008A110,Angola,AO,Kuanza Sul,none,Kuanza Sul,Maize,Main,2012,10,2013,4,All (PS),yield,0.6872325315856409
6970,AO2008A110,Angola,AO,Kuanza Sul,none,Kuanza Sul,Maize,Main,2013,10,2014,4,All (PS),yield,0.7566664965931176
6971,AO2008A110,Angola,AO,Kuanza Sul,none,Kuanza Sul,Maize,Main,2014,10,2015,4,All (PS),yield,0.8344967711694681
6972,AO2008A110,Angola,AO,Kuanza Sul,none,Kuanza Sul,Maize,Main,2015,10,2016,4,All (PS),yield,0.8344967711694681
6973,AO2008A110,Angola,AO,Kuanza Sul,none,Kuanza Sul,Maize,Main,2016,10,2017,4,All (PS),yield,1.006968339683288
6974,AO2008A110,Angola,AO,Kuanza Sul,none,Kuanza Sul,Chili Pepper,Main,2014,10,2015,4,All (PS),yield,3.1422594142259412
6975,AO2008A110,Angola,AO,Kuanza Sul,none,Kuanza Sul,Chili Pepper,Main,2015,10,2016,4,All (PS),yield,3.1422594142259412
6976,AO2008A110,Angola,AO,Kuanza Sul,none,Kuanza Sul,Chili Pepper,Main,2016,10,2017,4,All (PS),yield,3.394422310756972
6977,AO2008A110,Angola,AO,Kuanza Sul,none,Kuanza Sul,Sweet Potatoes,Main,2000,10,2001,4,All (PS),yield,4.49994288977727
6978,AO2008A110,Angola,AO,Kuanza Sul,none,Kuanza Sul,Sweet Potatoes,Main,2001,10,2002,4,All (PS),yield,4.999689440993789
6979,AO2008A110,Angola,AO,Kuanza Sul,none,Kuanza Sul,Sweet Potatoes,Main,2002,10,2003,4,All (PS),yield,4.5000418375031375
6980,AO2008A110,Angola,AO,Kuanza Sul,none,Kuanza Sul,Sweet Potatoes,Main,2003,10,2004,4,All (PS),yield,4.999621999622
6981,AO2008A110,Angola,AO,Kuanza Sul,none,Kuanza Sul,Sweet Potatoes,Main,2004,10,2005,4,All (PS),yield,4.000372717107715
6982,AO2008A110,Angola,AO,Kuanza Sul,none,Kuanza Sul,Sweet Potatoes,Main,2005,10,2006,4,All (PS),yield,4.000122189638319
6983,AO2008A110,Angola,AO,Kuanza Sul,none,Kuanza Sul,Sweet Potatoes,Main,2006,10,2007,4,All (PS),yield,6.202192705039005
6984,AO2008A110,Angola,AO,Kuanza Sul,none,Kuanza Sul,Sweet Potatoes,Main,2007,10,2008,4,All (PS),yield,8.00221021611002
6985,AO2008A110,Angola,AO,Kuanza Sul,none,Kuanza Sul,Sweet Potatoes,Main,2008,10,2009,4,All (PS),yield,7.936735117195602
6986,AO2008A110,Angola,AO,Kuanza Sul,none,Kuanza Sul,Sweet Potatoes,Main,2009,10,2010,4,All (PS),yield,7.792588391000189
6987,AO2008A110,Angola,AO,Kuanza Sul,none,Kuanza Sul,Sweet Potatoes,Main,2010,10,2011,4,All (PS),yield,9.018028169014084
6988,AO2008A110,Angola,AO,Kuanza Sul,none,Kuanza Sul,Sweet Potatoes,Main,2011,10,2012,4,All (PS),yield,6.0178021225607665
6989,AO2008A110,Angola,AO,Kuanza Sul,none,Kuanza Sul,Sweet Potatoes,Main,2012,10,2013,4,All (PS),yield,9.16869506423259
6990,AO2008A110,Angola,AO,Kuanza Sul,none,Kuanza Sul,Sweet Potatoes,Main,2013,10,2014,4,All (PS),yield,13.733397037744863
6991,AO2008A110,Angola,AO,Kuanza Sul,none,Kuanza Sul,Sweet Potatoes,Main,2014,10,2015,4,All (PS),yield,13.76860025220681
6992,AO2008A110,Angola,AO,Kuanza Sul,none,Kuanza Sul,Sweet Potatoes,Main,2015,10,2016,4,All (PS),yield,13.501840773124712
6993,AO2008A110,Angola,AO,Kuanza Sul,none,Kuanza Sul,Sweet Potatoes,Main,2016,10,2017,4,All (PS),yield,14.06250764226847
6994,AO2008A110,Angola,AO,Kuanza Sul,none,Kuanza Sul,Banana,Main,2006,10,2007,4,All (PS),yield,21.187394957983194
6995,AO2008A110,Angola,AO,Kuanza Sul,none,Kuanza Sul,Banana,Main,2007,10,2008,4,All (PS),yield,21.994575936883628
6996,AO2008A110,Angola,AO,Kuanza Sul,none,Kuanza Sul,Banana,Main,2008,10,2009,4,All (PS),yield,21.973436449226632
6997,AO2008A110,Angola,AO,Kuanza Sul,none,Kuanza Sul,Banana,Main,2009,10,2010,4,All (PS),yield,27.110132158590307
6998,AO2008A110,Angola,AO,Kuanza Sul,none,Kuanza Sul,Banana,Main,2010,10,2011,4,All (PS),yield,27.684632452938228
6999,AO2008A110,Angola,AO,Kuanza Sul,none,Kuanza Sul,Banana,Main,2011,10,2012,4,All (PS),yield,36.62460371728725
7000,AO2008A110,Angola,AO,Kuanza Sul,none,Kuanza Sul,Banana,Main,2012,10,2013,4,All (PS),yield,28.690446579988695
7001,AO2008A110,Angola,AO,Kuanza Sul,none,Kuanza Sul,Banana,Main,2013,10,2014,4,All (PS),yield,32.97013896864592
7002,AO2008A110,Angola,AO,Kuanza Sul,none,Kuanza Sul,Banana,Main,2014,10,2015,4,All (PS),yield,32.17894460488317
7003,AO2008A110,Angola,AO,Kuanza Sul,none,Kuanza Sul,Banana,Main,2015,10,2016,4,All (PS),yield,32.17894460488317
7004,AO2008A110,Angola,AO,Kuanza Sul,none,Kuanza Sul,Banana,Main,2016,10,2017,4,All (PS),yield,35.29197795273924
7005,AO2008A110,Angola,AO,Kuanza Sul,none,Kuanza Sul,Tomato,Main,2014,10,2015,4,All (PS),yield,15.068953804347826
7006,AO2008A110,Angola,AO,Kuanza Sul,none,Kuanza Sul,Tomato,Main,2015,10,2016,4,All (PS),yield,15.068953804347826
7007,AO2008A110,Angola,AO,Kuanza Sul,none,Kuanza Sul,Tomato,Main,2016,10,2017,4,All (PS),yield,13.543492695883135
7008,AO2008A110,Angola,AO,Kuanza Sul,none,Kuanza Sul,Onions,Main,2014,10,2015,4,All (PS),yield,14.554913294797688
7009,AO2008A110,Angola,AO,Kuanza Sul,none,Kuanza Sul,Onions,Main,2015,10,2016,4,All (PS),yield,14.554913294797688
7010,AO2008A110,Angola,AO,Kuanza Sul,none,Kuanza Sul,Onions,Main,2016,10,2017,4,All (PS),yield,14.699084668192219
7011,AO2008A110,Angola,AO,Kuanza Sul,none,Kuanza Sul,Mango,Main,2015,10,2016,4,All (PS),yield,15.659832635983264
7012,AO2008A110,Angola,AO,Kuanza Sul,none,Kuanza Sul,Mango,Main,2016,10,2017,4,All (PS),yield,15.288709570738805
7013,AO2008A110,Angola,AO,Kuanza Sul,none,Kuanza Sul,Groundnuts (In Shell),Main,2001,10,2002,4,All (PS),yield,0.3000133102622122
7014,AO2008A110,Angola,AO,Kuanza Sul,none,Kuanza Sul,Groundnuts (In Shell),Main,2002,10,2003,4,All (PS),yield,0.400011156356334
7015,AO2008A110,Angola,AO,Kuanza Sul,none,Kuanza Sul,Groundnuts (In Shell),Main,2003,10,2004,4,All (PS),yield,0.39997731911998186
7016,AO2008A110,Angola,AO,Kuanza Sul,none,Kuanza Sul,Groundnuts (In Shell),Main,2004,10,2005,4,All (PS),yield,0.4000447227191413
7017,AO2008A110,Angola,AO,Kuanza Sul,none,Kuanza Sul,Groundnuts (In Shell),Main,2005,10,2006,4,All (PS),yield,0.3412742001922285
7018,AO2008A110,Angola,AO,Kuanza Sul,none,Kuanza Sul,Groundnuts (In Shell),Main,2006,10,2007,4,All (PS),yield,0.30987806242308985
7019,AO2008A110,Angola,AO,Kuanza Sul,none,Kuanza Sul,Groundnuts (In Shell),Main,2007,10,2008,4,All (PS),yield,0.3005681982059935
7020,AO2008A110,Angola,AO,Kuanza Sul,none,Kuanza Sul,Groundnuts (In Shell),Main,2008,10,2009,4,All (PS),yield,0.2999944711671366
7021,AO2008A110,Angola,AO,Kuanza Sul,none,Kuanza Sul,Groundnuts (In Shell),Main,2009,10,2010,4,All (PS),yield,0.3000023887442372
7022,AO2008A110,Angola,AO,Kuanza Sul,none,Kuanza Sul,Groundnuts (In Shell),Main,2010,10,2011,4,All (PS),yield,0.5170123913192305
7023,AO2008A110,Angola,AO,Kuanza Sul,none,Kuanza Sul,Groundnuts (In Shell),Main,2011,10,2012,4,All (PS),yield,0.15876122495970527
7024,AO2008A110,Angola,AO,Kuanza Sul,none,Kuanza Sul,Groundnuts (In Shell),Main,2012,10,2013,4,All (PS),yield,0.48284586192356344
7025,AO2008A110,Angola,AO,Kuanza Sul,none,Kuanza Sul,Groundnuts (In Shell),Main,2013,10,2014,4,All (PS),yield,0.6164977187255407
7026,AO2008A110,Angola,AO,Kuanza Sul,none,Kuanza Sul,Groundnuts (In Shell),Main,2014,10,2015,4,All (PS),yield,0.656584396844137
7027,AO2008A110,Angola,AO,Kuanza Sul,none,Kuanza Sul,Groundnuts (In Shell),Main,2015,10,2016,4,All (PS),yield,0.656584396844137
7028,AO2008A110,Angola,AO,Kuanza Sul,none,Kuanza Sul,Groundnuts (In Shell),Main,2016,10,2017,4,All (PS),yield,0.6235636435370123
7029,AO2008A110,Angola,AO,Kuanza Sul,none,Kuanza Sul,Lemon,Main,2015,10,2016,4,All (PS),yield,1.7511418068397016
7030,AO2008A110,Angola,AO,Kuanza Sul,none,Kuanza Sul,Lemon,Main,2016,10,2017,4,All (PS),yield,12.561644837930782
7031,AO2008A110,Angola,AO,Kuanza Sul,none,Kuanza Sul,Beans (mixed),Main,2000,10,2001,4,All (PS),yield,0.40002108703674416
7032,AO2008A110,Angola,AO,Kuanza Sul,none,Kuanza Sul,Beans (mixed),Main,2001,10,2002,4,All (PS),yield,0.4000143348623853
7033,AO2008A110,Angola,AO,Kuanza Sul,none,Kuanza Sul,Beans (mixed),Main,2002,10,2003,4,All (PS),yield,0.3999933061115202
7034,AO2008A110,Angola,AO,Kuanza Sul,none,Kuanza Sul,Beans (mixed),Main,2003,10,2004,4,All (PS),yield,0.249981347459524
7035,AO2008A110,Angola,AO,Kuanza Sul,none,Kuanza Sul,Beans (mixed),Main,2004,10,2005,4,All (PS),yield,0.29997689997689997
7036,AO2008A110,Angola,AO,Kuanza Sul,none,Kuanza Sul,Beans (mixed),Main,2005,10,2006,4,All (PS),yield,0.21292723889065407
7037,AO2008A110,Angola,AO,Kuanza Sul,none,Kuanza Sul,Beans (mixed),Main,2006,10,2007,4,All (PS),yield,0.31713985859478566
7038,AO2008A110,Angola,AO,Kuanza Sul,none,Kuanza Sul,Beans (mixed),Main,2007,10,2008,4,All (PS),yield,0.2629592648377871
7039,AO2008A110,Angola,AO,Kuanza Sul,none,Kuanza Sul,Beans (mixed),Main,2008,10,2009,4,All (PS),yield,0.30463348649461075
7040,AO2008A110,Angola,AO,Kuanza Sul,none,Kuanza Sul,Beans (mixed),Main,2009,10,2010,4,All (PS),yield,0.30474699385457604
7041,AO2008A110,Angola,AO,Kuanza Sul,none,Kuanza Sul,Beans (mixed),Main,2010,10,2011,4,All (PS),yield,0.42409127393647517
7042,AO2008A110,Angola,AO,Kuanza Sul,none,Kuanza Sul,Beans (mixed),Main,2011,10,2012,4,All (PS),yield,0.11646593679520074
7043,AO2008A110,Angola,AO,Kuanza Sul,none,Kuanza Sul,Beans (mixed),Main,2012,10,2013,4,All (PS),yield,0.39002414855525025
7044,AO2008A110,Angola,AO,Kuanza Sul,none,Kuanza Sul,Beans (mixed),Main,2013,10,2014,4,All (PS),yield,0.4973967199501765
7045,AO2008A110,Angola,AO,Kuanza Sul,none,Kuanza Sul,Beans (mixed),Main,2014,10,2015,4,All (PS),yield,0.5756231055027129
7046,AO2008A110,Angola,AO,Kuanza Sul,none,Kuanza Sul,Beans (mixed),Main,2015,10,2016,4,All (PS),yield,0.5756231055027129
7047,AO2008A110,Angola,AO,Kuanza Sul,none,Kuanza Sul,Beans (mixed),Main,2016,10,2017,4,All (PS),yield,0.61695642296416
7048,AO2008A110,Angola,AO,Kuanza Sul,none,Kuanza Sul,Cassava,Main,1997,10,1998,4,All (PS),yield,4.0
7049,AO2008A110,Angola,AO,Kuanza Sul,none,Kuanza Sul,Cassava,Main,1998,10,1999,4,All (PS),yield,6.0
7050,AO2008A110,Angola,AO,Kuanza Sul,none,Kuanza Sul,Cassava,Main,1999,10,2000,4,All (PS),yield,6.0
7051,AO2008A110,Angola,AO,Kuanza Sul,none,Kuanza Sul,Cassava,Main,2000,10,2001,4,All (PS),yield,7.5
7052,AO2008A110,Angola,AO,Kuanza Sul,none,Kuanza Sul,Cassava,Main,2001,10,2002,4,All (PS),yield,9.26632993330718
7053,AO2008A110,Angola,AO,Kuanza Sul,none,Kuanza Sul,Cassava,Main,2002,10,2003,4,All (PS),yield,8.112722948870392
7054,AO2008A110,Angola,AO,Kuanza Sul,none,Kuanza Sul,Cassava,Main,2003,10,2004,4,All (PS),yield,7.656631785143564
7055,AO2008A110,Angola,AO,Kuanza Sul,none,Kuanza Sul,Cassava,Main,2004,10,2005,4,All (PS),yield,8.006784570818722
7056,AO2008A110,Angola,AO,Kuanza Sul,none,Kuanza Sul,Cassava,Main,2005,10,2006,4,All (PS),yield,11.000087877323256
7057,AO2008A110,Angola,AO,Kuanza Sul,none,Kuanza Sul,Cassava,Main,2006,10,2007,4,All (PS),yield,10.499968822098896
7058,AO2008A110,Angola,AO,Kuanza Sul,none,Kuanza Sul,Cassava,Main,2007,10,2008,4,All (PS),yield,9.5
7059,AO2008A110,Angola,AO,Kuanza Sul,none,Kuanza Sul,Cassava,Main,2008,10,2009,4,All (PS),yield,11.055938104448742
7060,AO2008A110,Angola,AO,Kuanza Sul,none,Kuanza Sul,Cassava,Main,2009,10,2010,4,All (PS),yield,4.96454312150323
7061,AO2008A110,Angola,AO,Kuanza Sul,none,Kuanza Sul,Cassava,Main,2010,10,2011,4,All (PS),yield,4.96849257645327
7062,AO2008A110,Angola,AO,Kuanza Sul,none,Kuanza Sul,Cassava,Main,2011,10,2012,4,All (PS),yield,2.764947395432384
7063,AO2008A110,Angola,AO,Kuanza Sul,none,Kuanza Sul,Cassava,Main,2012,10,2013,4,All (PS),yield,5.203671499381573
7064,AO2008A110,Angola,AO,Kuanza Sul,none,Kuanza Sul,Cassava,Main,2013,10,2014,4,All (PS),yield,5.785255637004732
7065,AO2008A110,Angola,AO,Kuanza Sul,none,Kuanza Sul,Cassava,Main,2015,10,2016,4,All (PS),yield,5.715355640046225
7066,AO2008A110,Angola,AO,Kuanza Sul,none,Kuanza Sul,Cassava,Main,2016,10,2017,4,All (PS),yield,6.472674743277521
7067,AO2008A110,Angola,AO,Kuanza Sul,none,Kuanza Sul,Potato,Main,2000,10,2001,4,All (PS),yield,2.5003427004797807
7068,AO2008A110,Angola,AO,Kuanza Sul,none,Kuanza Sul,Potato,Main,2001,10,2002,4,All (PS),yield,2.4993013507219377
7069,AO2008A110,Angola,AO,Kuanza Sul,none,Kuanza Sul,Potato,Main,2002,10,2003,4,All (PS),yield,2.4997489959839356
7070,AO2008A110,Angola,AO,Kuanza Sul,none,Kuanza Sul,Potato,Main,2003,10,2004,4,All (PS),yield,3.0000736431254142
7071,AO2008A110,Angola,AO,Kuanza Sul,none,Kuanza Sul,Potato,Main,2004,10,2005,4,All (PS),yield,2.499964165412456
7072,AO2008A110,Angola,AO,Kuanza Sul,none,Kuanza Sul,Potato,Main,2005,10,2006,4,All (PS),yield,6.000823949464433
7073,AO2008A110,Angola,AO,Kuanza Sul,none,Kuanza Sul,Potato,Main,2006,10,2007,4,All (PS),yield,5.701195219123506
7074,AO2008A110,Angola,AO,Kuanza Sul,none,Kuanza Sul,Potato,Main,2007,10,2008,4,All (PS),yield,8.178205128205128
7075,AO2008A110,Angola,AO,Kuanza Sul,none,Kuanza Sul,Potato,Main,2008,10,2009,4,All (PS),yield,5.826244271126478
7076,AO2008A110,Angola,AO,Kuanza Sul,none,Kuanza Sul,Potato,Main,2009,10,2010,4,All (PS),yield,9.64
7077,AO2008A110,Angola,AO,Kuanza Sul,none,Kuanza Sul,Potato,Main,2010,10,2011,4,All (PS),yield,8.360671236114394
7078,AO2008A110,Angola,AO,Kuanza Sul,none,Kuanza Sul,Potato,Main,2011,10,2012,4,All (PS),yield,5.568106035345115
7079,AO2008A110,Angola,AO,Kuanza Sul,none,Kuanza Sul,Potato,Main,2012,10,2013,4,All (PS),yield,5.6892374076840095
7080,AO2008A110,Angola,AO,Kuanza Sul,none,Kuanza Sul,Potato,Main,2013,10,2014,4,All (PS),yield,5.598743267504489
7081,AO2008A110,Angola,AO,Kuanza Sul,none,Kuanza Sul,Potato,Main,2014,10,2015,4,All (PS),yield,5.677416687339783
7082,AO2008A110,Angola,AO,Kuanza Sul,none,Kuanza Sul,Potato,Main,2015,10,2016,4,All (PS),yield,5.677416687339783
7083,AO2008A110,Angola,AO,Kuanza Sul,none,Kuanza Sul,Potato,Main,2016,10,2017,4,All (PS),yield,5.349833859737698
7084,AO2008A110,Angola,AO,Kuanza Sul,none,Kuanza Sul,Pineapple,Main,2006,10,2007,4,All (PS),yield,13.672611036339166
7085,AO2008A110,Angola,AO,Kuanza Sul,none,Kuanza Sul,Pineapple,Main,2007,10,2008,4,All (PS),yield,8.998027613412228
7086,AO2008A110,Angola,AO,Kuanza Sul,none,Kuanza Sul,Pineapple,Main,2014,10,2015,4,All (PS),yield,23.00885911840968
7087,AO2008A110,Angola,AO,Kuanza Sul,none,Kuanza Sul,Pineapple,Main,2015,10,2016,4,All (PS),yield,23.00885911840968
7088,AO2008A110,Angola,AO,Kuanza Sul,none,Kuanza Sul,Pineapple,Main,2016,10,2017,4,All (PS),yield,18.81781508348559
7089,AO2008A110,Angola,AO,Kuanza Sul,none,Kuanza Sul,Coffee,Main,2006,10,2007,4,All (PS),yield,0.5
7090,AO2008A110,Angola,AO,Kuanza Sul,none,Kuanza Sul,Coffee,Main,2008,10,2009,4,All (PS),yield,0.25
7091,AO2008A110,Angola,AO,Kuanza Sul,none,Kuanza Sul,Coffee,Main,2009,10,2010,4,All (PS),yield,0.7524083769633508
7092,AO2008A110,Angola,AO,Kuanza Sul,none,Kuanza Sul,Coffee,Main,2012,10,2013,4,All (PS),yield,0.5330735854068892
7093,AO2008A110,Angola,AO,Kuanza Sul,none,Kuanza Sul,Coffee,Main,2013,10,2014,4,All (PS),yield,0.35754495272449033
7094,AO2008A110,Angola,AO,Kuanza Sul,none,Kuanza Sul,Watermelon,Main,2014,10,2015,4,All (PS),yield,12.8
7095,AO2008A110,Angola,AO,Kuanza Sul,none,Kuanza Sul,Watermelon,Main,2015,10,2016,4,All (PS),yield,12.8
7096,AO2008A110,Angola,AO,Kuanza Sul,none,Kuanza Sul,Watermelon,Main,2016,10,2017,4,All (PS),yield,9.60919540229885
7097,AO2008A110,Angola,AO,Kuanza Sul,none,Kuanza Sul,Okras,Main,2014,10,2015,4,All (PS),yield,2.9389312977099236
7098,AO2008A110,Angola,AO,Kuanza Sul,none,Kuanza Sul,Okras,Main,2015,10,2016,4,All (PS),yield,2.9389312977099236
7099,AO2008A110,Angola,AO,Kuanza Sul,none,Kuanza Sul,Okras,Main,2016,10,2017,4,All (PS),yield,3.14
7100,AO2008A110,Angola,AO,Kuanza Sul,none,Kuanza Sul,Cabbage,Main,2014,10,2015,4,All (PS),yield,10.687147127200266
7101,AO2008A110,Angola,AO,Kuanza Sul,none,Kuanza Sul,Cabbage,Main,2015,10,2016,4,All (PS),yield,10.687147127200266
7102,AO2008A110,Angola,AO,Kuanza Sul,none,Kuanza Sul,Cabbage,Main,2016,10,2017,4,All (PS),yield,11.159300213504988
7103,AO2008A110,Angola,AO,Kuanza Sul,none,Kuanza Sul,Carrots,Main,2014,10,2015,4,All (PS),yield,21.337423312883434
7104,AO2008A110,Angola,AO,Kuanza Sul,none,Kuanza Sul,Carrots,Main,2015,10,2016,4,All (PS),yield,21.337423312883434
7105,AO2008A110,Angola,AO,Kuanza Sul,none,Kuanza Sul,Carrots,Main,2016,10,2017,4,All (PS),yield,29.496969696969696
7106,AO2008A110,Angola,AO,Kuanza Sul,none,Kuanza Sul,Melon,Main,2014,10,2015,4,All (PS),yield,9.565656565656566
7107,AO2008A110,Angola,AO,Kuanza Sul,none,Kuanza Sul,Melon,Main,2015,10,2016,4,All (PS),yield,9.565656565656566
7108,AO2008A110,Angola,AO,Kuanza Sul,none,Kuanza Sul,Melon,Main,2016,10,2017,4,All (PS),yield,10.787878787878787
7109,AO2008A110,Angola,AO,Kuanza Sul,none,Kuanza Sul,Green Bean,Main,2015,10,2016,4,All (PS),yield,2.635869565217391
7110,AO2008A110,Angola,AO,Kuanza Sul,none,Kuanza Sul,Millet,Main,2000,10,2001,4,All (PS),yield,0.6497601096641535
7111,AO2008A110,Angola,AO,Kuanza Sul,none,Kuanza Sul,Millet,Main,2001,10,2002,4,All (PS),yield,0.3998136067101584
7112,AO2008A110,Angola,AO,Kuanza Sul,none,Kuanza Sul,Millet,Main,2002,10,2003,4,All (PS),yield,0.4497991967871486
7113,AO2008A110,Angola,AO,Kuanza Sul,none,Kuanza Sul,Garlic,Main,2008,10,2009,4,All (PS),yield,7.286796536796536
7114,AO2008A110,Angola,AO,Kuanza Sul,none,Kuanza Sul,Garlic,Main,2009,10,2010,4,All (PS),yield,5.0231955860826485
7115,AO2008A110,Angola,AO,Kuanza Sul,none,Kuanza Sul,Garlic,Main,2010,10,2011,4,All (PS),yield,6.426829268292683
7116,AO2008A110,Angola,AO,Kuanza Sul,none,Kuanza Sul,Garlic,Main,2011,10,2012,4,All (PS),yield,3.7939247005134056
7117,AO2008A110,Angola,AO,Kuanza Sul,none,Kuanza Sul,Avocado,Main,2014,10,2015,4,All (PS),yield,11.46824224519941
7118,AO2008A110,Angola,AO,Kuanza Sul,none,Kuanza Sul,Avocado,Main,2015,10,2016,4,All (PS),yield,11.46824224519941
7119,AO2008A111,Angola,AO,Luanda,none,Luanda,Maize,Main,1996,10,1997,4,All (PS),yield,0.51
7120,AO2008A111,Angola,AO,Luanda,none,Luanda,Maize,Main,1997,10,1998,4,All (PS),yield,0.5
7121,AO2008A111,Angola,AO,Luanda,none,Luanda,Maize,Main,1998,10,1999,4,All (PS),yield,0.8002473716759431
7122,AO2008A111,Angola,AO,Luanda,none,Luanda,Maize,Main,1999,10,2000,4,All (PS),yield,0.6
7123,AO2008A111,Angola,AO,Luanda,none,Luanda,Maize,Main,2000,10,2001,4,All (PS),yield,0.5997506234413965
7124,AO2008A111,Angola,AO,Luanda,none,Luanda,Maize,Main,2001,10,2002,4,All (PS),yield,0.4999461381019067
7125,AO2008A111,Angola,AO,Luanda,none,Luanda,Maize,Main,2002,10,2003,4,All (PS),yield,0.5999450096233159
7126,AO2008A111,Angola,AO,Luanda,none,Luanda,Maize,Main,2003,10,2004,4,All (PS),yield,0.5
7127,AO2008A111,Angola,AO,Luanda,none,Luanda,Maize,Main,2004,10,2005,4,All (PS),yield,0.5002995805871779
7128,AO2008A111,Angola,AO,Luanda,none,Luanda,Maize,Main,2005,10,2006,4,All (PS),yield,0.4998067259373792
7129,AO2008A111,Angola,AO,Luanda,none,Luanda,Maize,Main,2006,10,2007,4,All (PS),yield,1.7140879196953964
7130,AO2008A111,Angola,AO,Luanda,none,Luanda,Maize,Main,2007,10,2008,4,All (PS),yield,2.984848484848485
7131,AO2008A111,Angola,AO,Luanda,none,Luanda,Maize,Main,2008,10,2009,4,All (PS),yield,1.31148912437256
7132,AO2008A111,Angola,AO,Luanda,none,Luanda,Maize,Main,2009,10,2010,4,All (PS),yield,0.5632594710507506
7133,AO2008A111,Angola,AO,Luanda,none,Luanda,Maize,Main,2010,10,2011,4,All (PS),yield,0.7250786988457503
7134,AO2008A111,Angola,AO,Luanda,none,Luanda,Maize,Main,2011,10,2012,4,All (PS),yield,0.3210702341137124
7135,AO2008A111,Angola,AO,Luanda,none,Luanda,Maize,Main,2012,10,2013,4,All (PS),yield,0.7725520431765613
7136,AO2008A111,Angola,AO,Luanda,none,Luanda,Maize,Main,2013,10,2014,4,All (PS),yield,0.898561695685087
7137,AO2008A111,Angola,AO,Luanda,none,Luanda,Maize,Main,2014,10,2015,4,All (PS),yield,0.9716183574879227
7138,AO2008A111,Angola,AO,Luanda,none,Luanda,Maize,Main,2015,10,2016,4,All (PS),yield,0.9716183574879227
7139,AO2008A111,Angola,AO,Luanda,none,Luanda,Maize,Main,2016,10,2017,4,All (PS),yield,1.0866440522049101
7140,AO2008A111,Angola,AO,Luanda,none,Luanda,Chili Pepper,Main,2014,10,2015,4,All (PS),yield,3.0620915032679736
7141,AO2008A111,Angola,AO,Luanda,none,Luanda,Chili Pepper,Main,2015,10,2016,4,All (PS),yield,3.0620915032679736
7142,AO2008A111,Angola,AO,Luanda,none,Luanda,Chili Pepper,Main,2016,10,2017,4,All (PS),yield,2.87248322147651
7143,AO2008A111,Angola,AO,Luanda,none,Luanda,Sweet Potatoes,Main,2000,10,2001,4,All (PS),yield,3.9986754966887417
7144,AO2008A111,Angola,AO,Luanda,none,Luanda,Sweet Potatoes,Main,2001,10,2002,4,All (PS),yield,4.501488095238095
7145,AO2008A111,Angola,AO,Luanda,none,Luanda,Sweet Potatoes,Main,2002,10,2003,4,All (PS),yield,3.9991408934707904
7146,AO2008A111,Angola,AO,Luanda,none,Luanda,Sweet Potatoes,Main,2004,10,2005,4,All (PS),yield,4.009009009009009
7147,AO2008A111,Angola,AO,Luanda,none,Luanda,Sweet Potatoes,Main,2005,10,2006,4,All (PS),yield,5.011627906976744
7148,AO2008A111,Angola,AO,Luanda,none,Luanda,Sweet Potatoes,Main,2006,10,2007,4,All (PS),yield,3.7880794701986753
7149,AO2008A111,Angola,AO,Luanda,none,Luanda,Sweet Potatoes,Main,2007,10,2008,4,All (PS),yield,7.630368098159509
7150,AO2008A111,Angola,AO,Luanda,none,Luanda,Sweet Potatoes,Main,2009,10,2010,4,All (PS),yield,7.080459770114943
7151,AO2008A111,Angola,AO,Luanda,none,Luanda,Sweet Potatoes,Main,2010,10,2011,4,All (PS),yield,7.3238095238095235
7152,AO2008A111,Angola,AO,Luanda,none,Luanda,Sweet Potatoes,Main,2012,10,2013,4,All (PS),yield,6.938299628559637
7153,AO2008A111,Angola,AO,Luanda,none,Luanda,Sweet Potatoes,Main,2013,10,2014,4,All (PS),yield,10.770227890445327
7154,AO2008A111,Angola,AO,Luanda,none,Luanda,Sweet Potatoes,Main,2014,10,2015,4,All (PS),yield,10.951390319258497
7155,AO2008A111,Angola,AO,Luanda,none,Luanda,Sweet Potatoes,Main,2015,10,2016,4,All (PS),yield,10.951390319258497
7156,AO2008A111,Angola,AO,Luanda,none,Luanda,Sweet Potatoes,Main,2016,10,2017,4,All (PS),yield,11.625810372771475
7157,AO2008A111,Angola,AO,Luanda,none,Luanda,Banana,Main,2006,10,2007,4,All (PS),yield,19.0
7158,AO2008A111,Angola,AO,Luanda,none,Luanda,Banana,Main,2007,10,2008,4,All (PS),yield,20.622119815668203
7159,AO2008A111,Angola,AO,Luanda,none,Luanda,Banana,Main,2008,10,2009,4,All (PS),yield,23.027428571428572
7160,AO2008A111,Angola,AO,Luanda,none,Luanda,Banana,Main,2009,10,2010,4,All (PS),yield,23.22476446837147
7161,AO2008A111,Angola,AO,Luanda,none,Luanda,Banana,Main,2010,10,2011,4,All (PS),yield,23.44632768361582
7162,AO2008A111,Angola,AO,Luanda,none,Luanda,Banana,Main,2011,10,2012,4,All (PS),yield,22.253638253638254
7163,AO2008A111,Angola,AO,Luanda,none,Luanda,Banana,Main,2012,10,2013,4,All (PS),yield,28.305597579425115
7164,AO2008A111,Angola,AO,Luanda,none,Luanda,Banana,Main,2013,10,2014,4,All (PS),yield,33.62481089258699
7165,AO2008A111,Angola,AO,Luanda,none,Luanda,Banana,Main,2014,10,2015,4,All (PS),yield,23.610271903323262
7166,AO2008A111,Angola,AO,Luanda,none,Luanda,Banana,Main,2015,10,2016,4,All (PS),yield,23.610271903323262
7167,AO2008A111,Angola,AO,Luanda,none,Luanda,Banana,Main,2016,10,2017,4,All (PS),yield,21.942468619246863
7168,AO2008A111,Angola,AO,Luanda,none,Luanda,Tomato,Main,2014,10,2015,4,All (PS),yield,15.287206266318538
7169,AO2008A111,Angola,AO,Luanda,none,Luanda,Tomato,Main,2015,10,2016,4,All (PS),yield,15.287206266318538
7170,AO2008A111,Angola,AO,Luanda,none,Luanda,Tomato,Main,2016,10,2017,4,All (PS),yield,16.366906474820144
7171,AO2008A111,Angola,AO,Luanda,none,Luanda,Onions,Main,2014,10,2015,4,All (PS),yield,14.981069958847737
7172,AO2008A111,Angola,AO,Luanda,none,Luanda,Onions,Main,2015,10,2016,4,All (PS),yield,14.981069958847737
7173,AO2008A111,Angola,AO,Luanda,none,Luanda,Onions,Main,2016,10,2017,4,All (PS),yield,15.634471273938384
7174,AO2008A111,Angola,AO,Luanda,none,Luanda,Mango,Main,2015,10,2016,4,All (PS),yield,13.725746268656716
7175,AO2008A111,Angola,AO,Luanda,none,Luanda,Mango,Main,2016,10,2017,4,All (PS),yield,15.67736757624398
7176,AO2008A111,Angola,AO,Luanda,none,Luanda,Groundnuts (In Shell),Main,2006,10,2007,4,All (PS),yield,0.4
7177,AO2008A111,Angola,AO,Luanda,none,Luanda,Lemon,Main,2015,10,2016,4,All (PS),yield,7.281725888324873
7178,AO2008A111,Angola,AO,Luanda,none,Luanda,Lemon,Main,2016,10,2017,4,All (PS),yield,10.561576354679802
7179,AO2008A111,Angola,AO,Luanda,none,Luanda,Beans (mixed),Main,2000,10,2001,4,All (PS),yield,0.5
7180,AO2008A111,Angola,AO,Luanda,none,Luanda,Beans (mixed),Main,2001,10,2002,4,All (PS),yield,0.35026580035440047
7181,AO2008A111,Angola,AO,Luanda,none,Luanda,Beans (mixed),Main,2002,10,2003,4,All (PS),yield,0.34982817869415805
7182,AO2008A111,Angola,AO,Luanda,none,Luanda,Beans (mixed),Main,2003,10,2004,4,All (PS),yield,0.3006993006993007
7183,AO2008A111,Angola,AO,Luanda,none,Luanda,Beans (mixed),Main,2004,10,2005,4,All (PS),yield,0.3057553956834532
7184,AO2008A111,Angola,AO,Luanda,none,Luanda,Beans (mixed),Main,2005,10,2006,4,All (PS),yield,0.3062645011600928
7185,AO2008A111,Angola,AO,Luanda,none,Luanda,Beans (mixed),Main,2006,10,2007,4,All (PS),yield,0.3
7186,AO2008A111,Angola,AO,Luanda,none,Luanda,Beans (mixed),Main,2007,10,2008,4,All (PS),yield,0.3709677419354839
7187,AO2008A111,Angola,AO,Luanda,none,Luanda,Beans (mixed),Main,2008,10,2009,4,All (PS),yield,0.3
7188,AO2008A111,Angola,AO,Luanda,none,Luanda,Beans (mixed),Main,2009,10,2010,4,All (PS),yield,0.3003533568904594
7189,AO2008A111,Angola,AO,Luanda,none,Luanda,Beans (mixed),Main,2010,10,2011,4,All (PS),yield,0.3535714285714286
7190,AO2008A111,Angola,AO,Luanda,none,Luanda,Beans (mixed),Main,2011,10,2012,4,All (PS),yield,0.13986013986013987
7191,AO2008A111,Angola,AO,Luanda,none,Luanda,Beans (mixed),Main,2012,10,2013,4,All (PS),yield,0.2846153846153846
7192,AO2008A111,Angola,AO,Luanda,none,Luanda,Beans (mixed),Main,2013,10,2014,4,All (PS),yield,0.36347197106690776
7193,AO2008A111,Angola,AO,Luanda,none,Luanda,Beans (mixed),Main,2014,10,2015,4,All (PS),yield,0.5527777777777778
7194,AO2008A111,Angola,AO,Luanda,none,Luanda,Beans (mixed),Main,2015,10,2016,4,All (PS),yield,0.5527777777777778
7195,AO2008A111,Angola,AO,Luanda,none,Luanda,Beans (mixed),Main,2016,10,2017,4,All (PS),yield,0.5041322314049587
7196,AO2008A111,Angola,AO,Luanda,none,Luanda,Cassava,Main,1996,10,1997,4,All (PS),yield,3.5
7197,AO2008A111,Angola,AO,Luanda,none,Luanda,Cassava,Main,1997,10,1998,4,All (PS),yield,6.0
7198,AO2008A111,Angola,AO,Luanda,none,Luanda,Cassava,Main,1998,10,1999,4,All (PS),yield,5.0
7199,AO2008A111,Angola,AO,Luanda,none,Luanda,Cassava,Main,1999,10,2000,4,All (PS),yield,9.0
7200,AO2008A111,Angola,AO,Luanda,none,Luanda,Cassava,Main,2000,10,2001,4,All (PS),yield,10.500551998233606
7201,AO2008A111,Angola,AO,Luanda,none,Luanda,Cassava,Main,2001,10,2002,4,All (PS),yield,11.704734848484849
7202,AO2008A111,Angola,AO,Luanda,none,Luanda,Cassava,Main,2002,10,2003,4,All (PS),yield,9.735184930565104
7203,AO2008A111,Angola,AO,Luanda,none,Luanda,Cassava,Main,2003,10,2004,4,All (PS),yield,7.65527950310559
7204,AO2008A111,Angola,AO,Luanda,none,Luanda,Cassava,Main,2004,10,2005,4,All (PS),yield,6.672761078400992
7205,AO2008A111,Angola,AO,Luanda,none,Luanda,Cassava,Main,2005,10,2006,4,All (PS),yield,9.999800039992001
7206,AO2008A111,Angola,AO,Luanda,none,Luanda,Cassava,Main,2006,10,2007,4,All (PS),yield,10.144390654599032
7207,AO2008A111,Angola,AO,Luanda,none,Luanda,Cassava,Main,2007,10,2008,4,All (PS),yield,12.701376421304609
7208,AO2008A111,Angola,AO,Luanda,none,Luanda,Cassava,Main,2008,10,2009,4,All (PS),yield,12.599918929874342
7209,AO2008A111,Angola,AO,Luanda,none,Luanda,Cassava,Main,2009,10,2010,4,All (PS),yield,2.782126696832579
7210,AO2008A111,Angola,AO,Luanda,none,Luanda,Cassava,Main,2010,10,2011,4,All (PS),yield,3.5267295597484276
7211,AO2008A111,Angola,AO,Luanda,none,Luanda,Cassava,Main,2011,10,2012,4,All (PS),yield,3.065814393939394
7212,AO2008A111,Angola,AO,Luanda,none,Luanda,Cassava,Main,2012,10,2013,4,All (PS),yield,4.319330601092896
7213,AO2008A111,Angola,AO,Luanda,none,Luanda,Cassava,Main,2013,10,2014,4,All (PS),yield,5.264150943396227
7214,AO2008A111,Angola,AO,Luanda,none,Luanda,Cassava,Main,2015,10,2016,4,All (PS),yield,5.513551077136901
7215,AO2008A111,Angola,AO,Luanda,none,Luanda,Cassava,Main,2016,10,2017,4,All (PS),yield,6.407586709994031
7216,AO2008A111,Angola,AO,Luanda,none,Luanda,Watermelon,Main,2014,10,2015,4,All (PS),yield,11.0
7217,AO2008A111,Angola,AO,Luanda,none,Luanda,Watermelon,Main,2015,10,2016,4,All (PS),yield,11.0
7218,AO2008A111,Angola,AO,Luanda,none,Luanda,Watermelon,Main,2016,10,2017,4,All (PS),yield,9.43859649122807
7219,AO2008A111,Angola,AO,Luanda,none,Luanda,Cabbage,Main,2014,10,2015,4,All (PS),yield,14.905109489051094
7220,AO2008A111,Angola,AO,Luanda,none,Luanda,Cabbage,Main,2015,10,2016,4,All (PS),yield,14.905109489051094
7221,AO2008A111,Angola,AO,Luanda,none,Luanda,Cabbage,Main,2016,10,2017,4,All (PS),yield,15.379821958456974
7222,AO2008A111,Angola,AO,Luanda,none,Luanda,Carrots,Main,2014,10,2015,4,All (PS),yield,10.666666666666666
7223,AO2008A111,Angola,AO,Luanda,none,Luanda,Carrots,Main,2015,10,2016,4,All (PS),yield,10.666666666666666
7224,AO2008A111,Angola,AO,Luanda,none,Luanda,Carrots,Main,2016,10,2017,4,All (PS),yield,10.916666666666666
7225,AO2008A111,Angola,AO,Luanda,none,Luanda,Green Bean,Main,2015,10,2016,4,All (PS),yield,0.9605263157894737
7226,AO2008A111,Angola,AO,Luanda,none,Luanda,Green Bean,Main,2016,10,2017,4,All (PS),yield,1.3417721518987342
7227,AO2008A112,Angola,AO,Lunda Norte,none,Lunda Norte,Maize,Main,1996,10,1997,4,All (PS),yield,0.22
7228,AO2008A112,Angola,AO,Lunda Norte,none,Lunda Norte,Maize,Main,1997,10,1998,4,All (PS),yield,0.2
7229,AO2008A112,Angola,AO,Lunda Norte,none,Lunda Norte,Maize,Main,1998,10,1999,4,All (PS),yield,0.6000640922929018
7230,AO2008A112,Angola,AO,Lunda Norte,none,Lunda Norte,Maize,Main,1999,10,2000,4,All (PS),yield,0.5000582546895025
7231,AO2008A112,Angola,AO,Lunda Norte,none,Lunda Norte,Maize,Main,2000,10,2001,4,All (PS),yield,0.400066181336863
7232,AO2008A112,Angola,AO,Lunda Norte,none,Lunda Norte,Maize,Main,2001,10,2002,4,All (PS),yield,0.5
7233,AO2008A112,Angola,AO,Lunda Norte,none,Lunda Norte,Maize,Main,2002,10,2003,4,All (PS),yield,0.7000365030114984
7234,AO2008A112,Angola,AO,Lunda Norte,none,Lunda Norte,Maize,Main,2003,10,2004,4,All (PS),yield,0.6000345244260314
7235,AO2008A112,Angola,AO,Lunda Norte,none,Lunda Norte,Maize,Main,2004,10,2005,4,All (PS),yield,0.45009208103130754
7236,AO2008A112,Angola,AO,Lunda Norte,none,Lunda Norte,Maize,Main,2005,10,2006,4,All (PS),yield,0.43998527245949925
7237,AO2008A112,Angola,AO,Lunda Norte,none,Lunda Norte,Maize,Main,2006,10,2007,4,All (PS),yield,0.42531409958120053
7238,AO2008A112,Angola,AO,Lunda Norte,none,Lunda Norte,Maize,Main,2007,10,2008,4,All (PS),yield,0.6660632391986483
7239,AO2008A112,Angola,AO,Lunda Norte,none,Lunda Norte,Maize,Main,2008,10,2009,4,All (PS),yield,0.39305270362765227
7240,AO2008A112,Angola,AO,Lunda Norte,none,Lunda Norte,Maize,Main,2009,10,2010,4,All (PS),yield,0.40573369408784754
7241,AO2008A112,Angola,AO,Lunda Norte,none,Lunda Norte,Maize,Main,2010,10,2011,4,All (PS),yield,0.48255234297108673
7242,AO2008A112,Angola,AO,Lunda Norte,none,Lunda Norte,Maize,Main,2011,10,2012,4,All (PS),yield,0.23595822749082698
7243,AO2008A112,Angola,AO,Lunda Norte,none,Lunda Norte,Maize,Main,2012,10,2013,4,All (PS),yield,0.5093343010362485
7244,AO2008A112,Angola,AO,Lunda Norte,none,Lunda Norte,Maize,Main,2013,10,2014,4,All (PS),yield,0.5531214893275558
7245,AO2008A112,Angola,AO,Lunda Norte,none,Lunda Norte,Maize,Main,2014,10,2015,4,All (PS),yield,0.6067471147206787
7246,AO2008A112,Angola,AO,Lunda Norte,none,Lunda Norte,Maize,Main,2015,10,2016,4,All (PS),yield,0.6067471147206787
7247,AO2008A112,Angola,AO,Lunda Norte,none,Lunda Norte,Maize,Main,2016,10,2017,4,All (PS),yield,0.6525781643973777
7248,AO2008A112,Angola,AO,Lunda Norte,none,Lunda Norte,Sweet Potatoes,Main,2000,10,2001,4,All (PS),yield,3.500926784059314
7249,AO2008A112,Angola,AO,Lunda Norte,none,Lunda Norte,Sweet Potatoes,Main,2001,10,2002,4,All (PS),yield,4.0003326679973386
7250,AO2008A112,Angola,AO,Lunda Norte,none,Lunda Norte,Sweet Potatoes,Main,2002,10,2003,4,All (PS),yield,3.5000499750124936
7251,AO2008A112,Angola,AO,Lunda Norte,none,Lunda Norte,Sweet Potatoes,Main,2003,10,2004,4,All (PS),yield,3.499856156501726
7252,AO2008A112,Angola,AO,Lunda Norte,none,Lunda Norte,Sweet Potatoes,Main,2004,10,2005,4,All (PS),yield,4.000906207521522
7253,AO2008A112,Angola,AO,Lunda Norte,none,Lunda Norte,Sweet Potatoes,Main,2005,10,2006,4,All (PS),yield,4.0
7254,AO2008A112,Angola,AO,Lunda Norte,none,Lunda Norte,Sweet Potatoes,Main,2006,10,2007,4,All (PS),yield,4.501025641025641
7255,AO2008A112,Angola,AO,Lunda Norte,none,Lunda Norte,Sweet Potatoes,Main,2007,10,2008,4,All (PS),yield,4.30006131207848
7256,AO2008A112,Angola,AO,Lunda Norte,none,Lunda Norte,Sweet Potatoes,Main,2008,10,2009,4,All (PS),yield,4.032207384131972
7257,AO2008A112,Angola,AO,Lunda Norte,none,Lunda Norte,Sweet Potatoes,Main,2009,10,2010,4,All (PS),yield,4.032328995067451
7258,AO2008A112,Angola,AO,Lunda Norte,none,Lunda Norte,Sweet Potatoes,Main,2010,10,2011,4,All (PS),yield,6.408761834044923
7259,AO2008A112,Angola,AO,Lunda Norte,none,Lunda Norte,Sweet Potatoes,Main,2011,10,2012,4,All (PS),yield,5.214702244212758
7260,AO2008A112,Angola,AO,Lunda Norte,none,Lunda Norte,Sweet Potatoes,Main,2012,10,2013,4,All (PS),yield,6.692070755962334
7261,AO2008A112,Angola,AO,Lunda Norte,none,Lunda Norte,Sweet Potatoes,Main,2013,10,2014,4,All (PS),yield,10.142449896337249
7262,AO2008A112,Angola,AO,Lunda Norte,none,Lunda Norte,Sweet Potatoes,Main,2014,10,2015,4,All (PS),yield,10.582500438365772
7263,AO2008A112,Angola,AO,Lunda Norte,none,Lunda Norte,Sweet Potatoes,Main,2015,10,2016,4,All (PS),yield,10.582500438365772
7264,AO2008A112,Angola,AO,Lunda Norte,none,Lunda Norte,Sweet Potatoes,Main,2016,10,2017,4,All (PS),yield,8.377056774702742
7265,AO2008A112,Angola,AO,Lunda Norte,none,Lunda Norte,Banana,Main,2006,10,2007,4,All (PS),yield,20.0
7266,AO2008A112,Angola,AO,Lunda Norte,none,Lunda Norte,Banana,Main,2008,10,2009,4,All (PS),yield,13.706163973668462
7267,AO2008A112,Angola,AO,Lunda Norte,none,Lunda Norte,Banana,Main,2009,10,2010,4,All (PS),yield,14.005102040816327
7268,AO2008A112,Angola,AO,Lunda Norte,none,Lunda Norte,Banana,Main,2010,10,2011,4,All (PS),yield,23.931788369042415
7269,AO2008A112,Angola,AO,Lunda Norte,none,Lunda Norte,Banana,Main,2011,10,2012,4,All (PS),yield,19.477228493577268
7270,AO2008A112,Angola,AO,Lunda Norte,none,Lunda Norte,Banana,Main,2012,10,2013,4,All (PS),yield,18.44737565265183
7271,AO2008A112,Angola,AO,Lunda Norte,none,Lunda Norte,Banana,Main,2013,10,2014,4,All (PS),yield,28.588984638441364
7272,AO2008A112,Angola,AO,Lunda Norte,none,Lunda Norte,Banana,Main,2014,10,2015,4,All (PS),yield,26.223688445445767
7273,AO2008A112,Angola,AO,Lunda Norte,none,Lunda Norte,Banana,Main,2015,10,2016,4,All (PS),yield,26.223688445445767
7274,AO2008A112,Angola,AO,Lunda Norte,none,Lunda Norte,Banana,Main,2016,10,2017,4,All (PS),yield,26.25890673189408
7275,AO2008A112,Angola,AO,Lunda Norte,none,Lunda Norte,Tomato,Main,2014,10,2015,4,All (PS),yield,7.245238095238095
7276,AO2008A112,Angola,AO,Lunda Norte,none,Lunda Norte,Tomato,Main,2015,10,2016,4,All (PS),yield,7.245238095238095
7277,AO2008A112,Angola,AO,Lunda Norte,none,Lunda Norte,Tomato,Main,2016,10,2017,4,All (PS),yield,8.826086956521738
7278,AO2008A112,Angola,AO,Lunda Norte,none,Lunda Norte,Onions,Main,2014,10,2015,4,All (PS),yield,7.6287262872628725
7279,AO2008A112,Angola,AO,Lunda Norte,none,Lunda Norte,Onions,Main,2015,10,2016,4,All (PS),yield,7.6287262872628725
7280,AO2008A112,Angola,AO,Lunda Norte,none,Lunda Norte,Onions,Main,2016,10,2017,4,All (PS),yield,8.529268292682927
7281,AO2008A112,Angola,AO,Lunda Norte,none,Lunda Norte,Mango,Main,2015,10,2016,4,All (PS),yield,8.735593220338982
7282,AO2008A112,Angola,AO,Lunda Norte,none,Lunda Norte,Mango,Main,2016,10,2017,4,All (PS),yield,8.631410256410257
7283,AO2008A112,Angola,AO,Lunda Norte,none,Lunda Norte,Groundnuts (In Shell),Main,2001,10,2002,4,All (PS),yield,0.2998891352549889
7284,AO2008A112,Angola,AO,Lunda Norte,none,Lunda Norte,Groundnuts (In Shell),Main,2002,10,2003,4,All (PS),yield,0.4000349833828931
7285,AO2008A112,Angola,AO,Lunda Norte,none,Lunda Norte,Groundnuts (In Shell),Main,2003,10,2004,4,All (PS),yield,0.44994246260069043
7286,AO2008A112,Angola,AO,Lunda Norte,none,Lunda Norte,Groundnuts (In Shell),Main,2004,10,2005,4,All (PS),yield,0.3998771498771499
7287,AO2008A112,Angola,AO,Lunda Norte,none,Lunda Norte,Groundnuts (In Shell),Main,2005,10,2006,4,All (PS),yield,0.3998771498771499
7288,AO2008A112,Angola,AO,Lunda Norte,none,Lunda Norte,Groundnuts (In Shell),Main,2006,10,2007,4,All (PS),yield,0.4
7289,AO2008A112,Angola,AO,Lunda Norte,none,Lunda Norte,Groundnuts (In Shell),Main,2007,10,2008,4,All (PS),yield,0.4
7290,AO2008A112,Angola,AO,Lunda Norte,none,Lunda Norte,Groundnuts (In Shell),Main,2008,10,2009,4,All (PS),yield,0.4000474833808167
7291,AO2008A112,Angola,AO,Lunda Norte,none,Lunda Norte,Groundnuts (In Shell),Main,2009,10,2010,4,All (PS),yield,0.3999682690782167
7292,AO2008A112,Angola,AO,Lunda Norte,none,Lunda Norte,Groundnuts (In Shell),Main,2010,10,2011,4,All (PS),yield,0.4785736628088833
7293,AO2008A112,Angola,AO,Lunda Norte,none,Lunda Norte,Groundnuts (In Shell),Main,2011,10,2012,4,All (PS),yield,0.41793022228764903
7294,AO2008A112,Angola,AO,Lunda Norte,none,Lunda Norte,Groundnuts (In Shell),Main,2012,10,2013,4,All (PS),yield,0.5358246285125791
7295,AO2008A112,Angola,AO,Lunda Norte,none,Lunda Norte,Groundnuts (In Shell),Main,2013,10,2014,4,All (PS),yield,0.7082177784265071
7296,AO2008A112,Angola,AO,Lunda Norte,none,Lunda Norte,Groundnuts (In Shell),Main,2014,10,2015,4,All (PS),yield,0.7454414931801866
7297,AO2008A112,Angola,AO,Lunda Norte,none,Lunda Norte,Groundnuts (In Shell),Main,2015,10,2016,4,All (PS),yield,0.7454414931801866
7298,AO2008A112,Angola,AO,Lunda Norte,none,Lunda Norte,Groundnuts (In Shell),Main,2016,10,2017,4,All (PS),yield,0.6295304712219177
7299,AO2008A112,Angola,AO,Lunda Norte,none,Lunda Norte,Lemon,Main,2015,10,2016,4,All (PS),yield,4.345758354755784
7300,AO2008A112,Angola,AO,Lunda Norte,none,Lunda Norte,Lemon,Main,2016,10,2017,4,All (PS),yield,6.197183098591549
7301,AO2008A112,Angola,AO,Lunda Norte,none,Lunda Norte,Beans (mixed),Main,2000,10,2001,4,All (PS),yield,0.3
7302,AO2008A112,Angola,AO,Lunda Norte,none,Lunda Norte,Beans (mixed),Main,2001,10,2002,4,All (PS),yield,0.30006930006930005
7303,AO2008A112,Angola,AO,Lunda Norte,none,Lunda Norte,Beans (mixed),Main,2002,10,2003,4,All (PS),yield,0.3500466417910448
7304,AO2008A112,Angola,AO,Lunda Norte,none,Lunda Norte,Beans (mixed),Main,2003,10,2004,4,All (PS),yield,0.3001233045622688
7305,AO2008A112,Angola,AO,Lunda Norte,none,Lunda Norte,Beans (mixed),Main,2004,10,2005,4,All (PS),yield,0.3029518384256862
7306,AO2008A112,Angola,AO,Lunda Norte,none,Lunda Norte,Beans (mixed),Main,2005,10,2006,4,All (PS),yield,0.3302277432712215
7307,AO2008A112,Angola,AO,Lunda Norte,none,Lunda Norte,Beans (mixed),Main,2006,10,2007,4,All (PS),yield,0.30254894717399333
7308,AO2008A112,Angola,AO,Lunda Norte,none,Lunda Norte,Beans (mixed),Main,2007,10,2008,4,All (PS),yield,0.3508631071858691
7309,AO2008A112,Angola,AO,Lunda Norte,none,Lunda Norte,Beans (mixed),Main,2008,10,2009,4,All (PS),yield,0.3500837520938023
7310,AO2008A112,Angola,AO,Lunda Norte,none,Lunda Norte,Beans (mixed),Main,2009,10,2010,4,All (PS),yield,0.3500551267916207
7311,AO2008A112,Angola,AO,Lunda Norte,none,Lunda Norte,Beans (mixed),Main,2010,10,2011,4,All (PS),yield,0.38578680203045684
7312,AO2008A112,Angola,AO,Lunda Norte,none,Lunda Norte,Beans (mixed),Main,2011,10,2012,4,All (PS),yield,0.3139991277802006
7313,AO2008A112,Angola,AO,Lunda Norte,none,Lunda Norte,Beans (mixed),Main,2012,10,2013,4,All (PS),yield,0.37048790162633877
7314,AO2008A112,Angola,AO,Lunda Norte,none,Lunda Norte,Beans (mixed),Main,2013,10,2014,4,All (PS),yield,0.5121480910142692
7315,AO2008A112,Angola,AO,Lunda Norte,none,Lunda Norte,Beans (mixed),Main,2014,10,2015,4,All (PS),yield,0.5714922048997773
7316,AO2008A112,Angola,AO,Lunda Norte,none,Lunda Norte,Beans (mixed),Main,2015,10,2016,4,All (PS),yield,0.5714922048997773
7317,AO2008A112,Angola,AO,Lunda Norte,none,Lunda Norte,Beans (mixed),Main,2016,10,2017,4,All (PS),yield,0.2858875747801395
7318,AO2008A112,Angola,AO,Lunda Norte,none,Lunda Norte,Cassava,Main,1998,10,1999,4,All (PS),yield,5.500013152702881
7319,AO2008A112,Angola,AO,Lunda Norte,none,Lunda Norte,Cassava,Main,1999,10,2000,4,All (PS),yield,10.0
7320,AO2008A112,Angola,AO,Lunda Norte,none,Lunda Norte,Cassava,Main,2000,10,2001,4,All (PS),yield,9.999848105111264
7321,AO2008A112,Angola,AO,Lunda Norte,none,Lunda Norte,Cassava,Main,2001,10,2002,4,All (PS),yield,12.192736592414866
7322,AO2008A112,Angola,AO,Lunda Norte,none,Lunda Norte,Cassava,Main,2002,10,2003,4,All (PS),yield,3.2450464916147177
7323,AO2008A112,Angola,AO,Lunda Norte,none,Lunda Norte,Cassava,Main,2003,10,2004,4,All (PS),yield,7.975703697310361
7324,AO2008A112,Angola,AO,Lunda Norte,none,Lunda Norte,Cassava,Main,2004,10,2005,4,All (PS),yield,8.006817975899247
7325,AO2008A112,Angola,AO,Lunda Norte,none,Lunda Norte,Cassava,Main,2005,10,2006,4,All (PS),yield,12.10006566880279
7326,AO2008A112,Angola,AO,Lunda Norte,none,Lunda Norte,Cassava,Main,2006,10,2007,4,All (PS),yield,9.615415836469634
7327,AO2008A112,Angola,AO,Lunda Norte,none,Lunda Norte,Cassava,Main,2007,10,2008,4,All (PS),yield,11.244177310293013
7328,AO2008A112,Angola,AO,Lunda Norte,none,Lunda Norte,Cassava,Main,2008,10,2009,4,All (PS),yield,9.735097607918615
7329,AO2008A112,Angola,AO,Lunda Norte,none,Lunda Norte,Cassava,Main,2009,10,2010,4,All (PS),yield,4.142392156341752
7330,AO2008A112,Angola,AO,Lunda Norte,none,Lunda Norte,Cassava,Main,2010,10,2011,4,All (PS),yield,4.012855610925377
7331,AO2008A112,Angola,AO,Lunda Norte,none,Lunda Norte,Cassava,Main,2011,10,2012,4,All (PS),yield,3.7858527251404235
7332,AO2008A112,Angola,AO,Lunda Norte,none,Lunda Norte,Cassava,Main,2012,10,2013,4,All (PS),yield,4.764041009044692
7333,AO2008A112,Angola,AO,Lunda Norte,none,Lunda Norte,Cassava,Main,2013,10,2014,4,All (PS),yield,5.255064722583128
7334,AO2008A112,Angola,AO,Lunda Norte,none,Lunda Norte,Cassava,Main,2015,10,2016,4,All (PS),yield,5.244980807258346
7335,AO2008A112,Angola,AO,Lunda Norte,none,Lunda Norte,Cassava,Main,2016,10,2017,4,All (PS),yield,6.825290401796534
7336,AO2008A112,Angola,AO,Lunda Norte,none,Lunda Norte,Potato,Main,2002,10,2003,4,All (PS),yield,1.5021008403361344
7337,AO2008A112,Angola,AO,Lunda Norte,none,Lunda Norte,Potato,Main,2008,10,2009,4,All (PS),yield,5.0
7338,AO2008A112,Angola,AO,Lunda Norte,none,Lunda Norte,Potato,Main,2009,10,2010,4,All (PS),yield,4.992831541218638
7339,AO2008A112,Angola,AO,Lunda Norte,none,Lunda Norte,Potato,Main,2010,10,2011,4,All (PS),yield,5.663194444444445
7340,AO2008A112,Angola,AO,Lunda Norte,none,Lunda Norte,Potato,Main,2011,10,2012,4,All (PS),yield,5.674242424242424
7341,AO2008A112,Angola,AO,Lunda Norte,none,Lunda Norte,Potato,Main,2012,10,2013,4,All (PS),yield,6.287878787878788
7342,AO2008A112,Angola,AO,Lunda Norte,none,Lunda Norte,Potato,Main,2013,10,2014,4,All (PS),yield,6.18705035971223
7343,AO2008A112,Angola,AO,Lunda Norte,none,Lunda Norte,Potato,Main,2014,10,2015,4,All (PS),yield,6.556930693069307
7344,AO2008A112,Angola,AO,Lunda Norte,none,Lunda Norte,Potato,Main,2015,10,2016,4,All (PS),yield,6.556930693069307
7345,AO2008A112,Angola,AO,Lunda Norte,none,Lunda Norte,Pineapple,Main,2006,10,2007,4,All (PS),yield,15.0
7346,AO2008A112,Angola,AO,Lunda Norte,none,Lunda Norte,Pineapple,Main,2014,10,2015,4,All (PS),yield,15.810337078651685
7347,AO2008A112,Angola,AO,Lunda Norte,none,Lunda Norte,Pineapple,Main,2015,10,2016,4,All (PS),yield,15.810337078651685
7348,AO2008A112,Angola,AO,Lunda Norte,none,Lunda Norte,Pineapple,Main,2016,10,2017,4,All (PS),yield,16.82332707942464
7349,AO2008A112,Angola,AO,Lunda Norte,none,Lunda Norte,Sorghum,Main,1996,10,1997,4,All (PS),yield,0.250026060669238
7350,AO2008A112,Angola,AO,Lunda Norte,none,Lunda Norte,Sorghum,Main,1997,10,1998,4,All (PS),yield,0.3
7351,AO2008A112,Angola,AO,Lunda Norte,none,Lunda Norte,Cabbage,Main,2014,10,2015,4,All (PS),yield,10.583333333333334
7352,AO2008A112,Angola,AO,Lunda Norte,none,Lunda Norte,Cabbage,Main,2015,10,2016,4,All (PS),yield,10.583333333333334
7353,AO2008A112,Angola,AO,Lunda Norte,none,Lunda Norte,Cabbage,Main,2016,10,2017,4,All (PS),yield,10.091286307053942
7354,AO2008A112,Angola,AO,Lunda Norte,none,Lunda Norte,Millet,Main,1996,10,1997,4,All (PS),yield,0.250026060669238
7355,AO2008A112,Angola,AO,Lunda Norte,none,Lunda Norte,Millet,Main,1997,10,1998,4,All (PS),yield,0.3
7356,AO2008A112,Angola,AO,Lunda Norte,none,Lunda Norte,Rice,Main,2000,10,2001,4,All (PS),yield,1.2004634994206258
7357,AO2008A112,Angola,AO,Lunda Norte,none,Lunda Norte,Rice,Main,2001,10,2002,4,All (PS),yield,1.199501246882793
7358,AO2008A112,Angola,AO,Lunda Norte,none,Lunda Norte,Rice,Main,2002,10,2003,4,All (PS),yield,1.1997201818817769
7359,AO2008A112,Angola,AO,Lunda Norte,none,Lunda Norte,Rice,Main,2003,10,2004,4,All (PS),yield,0.899913718723037
7360,AO2008A112,Angola,AO,Lunda Norte,none,Lunda Norte,Rice,Main,2004,10,2005,4,All (PS),yield,0.700164744645799
7361,AO2008A112,Angola,AO,Lunda Norte,none,Lunda Norte,Rice,Main,2006,10,2007,4,All (PS),yield,0.33519553072625696
7362,AO2008A112,Angola,AO,Lunda Norte,none,Lunda Norte,Rice,Main,2007,10,2008,4,All (PS),yield,0.45709281961471104
7363,AO2008A112,Angola,AO,Lunda Norte,none,Lunda Norte,Rice,Main,2008,10,2009,4,All (PS),yield,0.4605568445475638
7364,AO2008A112,Angola,AO,Lunda Norte,none,Lunda Norte,Rice,Main,2009,10,2010,4,All (PS),yield,0.6087199552822806
7365,AO2008A112,Angola,AO,Lunda Norte,none,Lunda Norte,Rice,Main,2010,10,2011,4,All (PS),yield,0.677765843179377
7366,AO2008A112,Angola,AO,Lunda Norte,none,Lunda Norte,Rice,Main,2011,10,2012,4,All (PS),yield,0.8617783396544458
7367,AO2008A112,Angola,AO,Lunda Norte,none,Lunda Norte,Rice,Main,2012,10,2013,4,All (PS),yield,0.7715008431703204
7368,AO2008A112,Angola,AO,Lunda Norte,none,Lunda Norte,Rice,Main,2013,10,2014,4,All (PS),yield,0.8138163437236732
7369,AO2008A112,Angola,AO,Lunda Norte,none,Lunda Norte,Rice,Main,2014,10,2015,4,All (PS),yield,0.9405840886203424
7370,AO2008A112,Angola,AO,Lunda Norte,none,Lunda Norte,Rice,Main,2015,10,2016,4,All (PS),yield,0.9405840886203424
7371,AO2008A112,Angola,AO,Lunda Norte,none,Lunda Norte,Garlic,Main,2008,10,2009,4,All (PS),yield,2.776506819181698
7372,AO2008A112,Angola,AO,Lunda Norte,none,Lunda Norte,Garlic,Main,2009,10,2010,4,All (PS),yield,1.989792762140427
7373,AO2008A112,Angola,AO,Lunda Norte,none,Lunda Norte,Garlic,Main,2010,10,2011,4,All (PS),yield,4.296296296296297
7374,AO2008A112,Angola,AO,Lunda Norte,none,Lunda Norte,Garlic,Main,2011,10,2012,4,All (PS),yield,3.145480449580497
7375,AO2008A112,Angola,AO,Lunda Norte,none,Lunda Norte,Avocado,Main,2014,10,2015,4,All (PS),yield,11.863818424566087
7376,AO2008A112,Angola,AO,Lunda Norte,none,Lunda Norte,Avocado,Main,2015,10,2016,4,All (PS),yield,11.863818424566087
7377,AO2008A113,Angola,AO,Lunda Sul,none,Lunda Sul,Maize,Main,1996,10,1997,4,All (PS),yield,0.6360004635305168
7378,AO2008A113,Angola,AO,Lunda Sul,none,Lunda Sul,Maize,Main,1997,10,1998,4,All (PS),yield,0.75
7379,AO2008A113,Angola,AO,Lunda Sul,none,Lunda Sul,Maize,Main,1998,10,1999,4,All (PS),yield,0.6000275938189845
7380,AO2008A113,Angola,AO,Lunda Sul,none,Lunda Sul,Maize,Main,1999,10,2000,4,All (PS),yield,0.5
7381,AO2008A113,Angola,AO,Lunda Sul,none,Lunda Sul,Maize,Main,2000,10,2001,4,All (PS),yield,0.30006930006930005
7382,AO2008A113,Angola,AO,Lunda Sul,none,Lunda Sul,Maize,Main,2001,10,2002,4,All (PS),yield,0.5499021526418787
7383,AO2008A113,Angola,AO,Lunda Sul,none,Lunda Sul,Maize,Main,2002,10,2003,4,All (PS),yield,0.4999460800172544
7384,AO2008A113,Angola,AO,Lunda Sul,none,Lunda Sul,Maize,Main,2003,10,2004,4,All (PS),yield,0.4999164298846732
7385,AO2008A113,Angola,AO,Lunda Sul,none,Lunda Sul,Maize,Main,2004,10,2005,4,All (PS),yield,0.4499290780141844
7386,AO2008A113,Angola,AO,Lunda Sul,none,Lunda Sul,Maize,Main,2005,10,2006,4,All (PS),yield,0.43996664813785435
7387,AO2008A113,Angola,AO,Lunda Sul,none,Lunda Sul,Maize,Main,2006,10,2007,4,All (PS),yield,0.5435812411179536
7388,AO2008A113,Angola,AO,Lunda Sul,none,Lunda Sul,Maize,Main,2007,10,2008,4,All (PS),yield,0.7602464505759443
7389,AO2008A113,Angola,AO,Lunda Sul,none,Lunda Sul,Maize,Main,2008,10,2009,4,All (PS),yield,0.6045810476948201
7390,AO2008A113,Angola,AO,Lunda Sul,none,Lunda Sul,Maize,Main,2009,10,2010,4,All (PS),yield,0.7935152445126427
7391,AO2008A113,Angola,AO,Lunda Sul,none,Lunda Sul,Maize,Main,2010,10,2011,4,All (PS),yield,0.7795232055159853
7392,AO2008A113,Angola,AO,Lunda Sul,none,Lunda Sul,Maize,Main,2011,10,2012,4,All (PS),yield,0.42816500711237554
7393,AO2008A113,Angola,AO,Lunda Sul,none,Lunda Sul,Maize,Main,2012,10,2013,4,All (PS),yield,0.6226438882935132
7394,AO2008A113,Angola,AO,Lunda Sul,none,Lunda Sul,Maize,Main,2013,10,2014,4,All (PS),yield,0.6695756655916019
7395,AO2008A113,Angola,AO,Lunda Sul,none,Lunda Sul,Maize,Main,2014,10,2015,4,All (PS),yield,0.7222377978845419
7396,AO2008A113,Angola,AO,Lunda Sul,none,Lunda Sul,Maize,Main,2015,10,2016,4,All (PS),yield,0.7222377978845419
7397,AO2008A113,Angola,AO,Lunda Sul,none,Lunda Sul,Maize,Main,2016,10,2017,4,All (PS),yield,0.7605788815792749
7398,AO2008A113,Angola,AO,Lunda Sul,none,Lunda Sul,Chili Pepper,Main,2014,10,2015,4,All (PS),yield,2.6136363636363638
7399,AO2008A113,Angola,AO,Lunda Sul,none,Lunda Sul,Chili Pepper,Main,2015,10,2016,4,All (PS),yield,2.6136363636363638
7400,AO2008A113,Angola,AO,Lunda Sul,none,Lunda Sul,Chili Pepper,Main,2016,10,2017,4,All (PS),yield,2.404255319148936
7401,AO2008A113,Angola,AO,Lunda Sul,none,Lunda Sul,Sweet Potatoes,Main,2000,10,2001,4,All (PS),yield,3.4998652654271085
7402,AO2008A113,Angola,AO,Lunda Sul,none,Lunda Sul,Sweet Potatoes,Main,2001,10,2002,4,All (PS),yield,3.999782561426397
7403,AO2008A113,Angola,AO,Lunda Sul,none,Lunda Sul,Sweet Potatoes,Main,2002,10,2003,4,All (PS),yield,3.500070412617941
7404,AO2008A113,Angola,AO,Lunda Sul,none,Lunda Sul,Sweet Potatoes,Main,2003,10,2004,4,All (PS),yield,3.999787505312367
7405,AO2008A113,Angola,AO,Lunda Sul,none,Lunda Sul,Sweet Potatoes,Main,2004,10,2005,4,All (PS),yield,3.9997973657548127
7406,AO2008A113,Angola,AO,Lunda Sul,none,Lunda Sul,Sweet Potatoes,Main,2005,10,2006,4,All (PS),yield,3.999603017070266
7407,AO2008A113,Angola,AO,Lunda Sul,none,Lunda Sul,Sweet Potatoes,Main,2006,10,2007,4,All (PS),yield,5.0035514967021815
7408,AO2008A113,Angola,AO,Lunda Sul,none,Lunda Sul,Sweet Potatoes,Main,2007,10,2008,4,All (PS),yield,4.503120499279885
7409,AO2008A113,Angola,AO,Lunda Sul,none,Lunda Sul,Sweet Potatoes,Main,2008,10,2009,4,All (PS),yield,5.004559635229182
7410,AO2008A113,Angola,AO,Lunda Sul,none,Lunda Sul,Sweet Potatoes,Main,2009,10,2010,4,All (PS),yield,5.005343082114735
7411,AO2008A113,Angola,AO,Lunda Sul,none,Lunda Sul,Sweet Potatoes,Main,2010,10,2011,4,All (PS),yield,5.354201446855871
7412,AO2008A113,Angola,AO,Lunda Sul,none,Lunda Sul,Sweet Potatoes,Main,2011,10,2012,4,All (PS),yield,4.1177542836310606
7413,AO2008A113,Angola,AO,Lunda Sul,none,Lunda Sul,Sweet Potatoes,Main,2012,10,2013,4,All (PS),yield,7.607040229885057
7414,AO2008A113,Angola,AO,Lunda Sul,none,Lunda Sul,Sweet Potatoes,Main,2013,10,2014,4,All (PS),yield,11.543589743589743
7415,AO2008A113,Angola,AO,Lunda Sul,none,Lunda Sul,Sweet Potatoes,Main,2014,10,2015,4,All (PS),yield,11.723995880535531
7416,AO2008A113,Angola,AO,Lunda Sul,none,Lunda Sul,Sweet Potatoes,Main,2015,10,2016,4,All (PS),yield,11.704512372634643
7417,AO2008A113,Angola,AO,Lunda Sul,none,Lunda Sul,Sweet Potatoes,Main,2016,10,2017,4,All (PS),yield,8.790350497620079
7418,AO2008A113,Angola,AO,Lunda Sul,none,Lunda Sul,Banana,Main,2006,10,2007,4,All (PS),yield,20.0
7419,AO2008A113,Angola,AO,Lunda Sul,none,Lunda Sul,Banana,Main,2009,10,2010,4,All (PS),yield,14.02280701754386
7420,AO2008A113,Angola,AO,Lunda Sul,none,Lunda Sul,Banana,Main,2010,10,2011,4,All (PS),yield,23.976983646274984
7421,AO2008A113,Angola,AO,Lunda Sul,none,Lunda Sul,Banana,Main,2011,10,2012,4,All (PS),yield,16.029380902413433
7422,AO2008A113,Angola,AO,Lunda Sul,none,Lunda Sul,Banana,Main,2012,10,2013,4,All (PS),yield,10.797625329815304
7423,AO2008A113,Angola,AO,Lunda Sul,none,Lunda Sul,Banana,Main,2013,10,2014,4,All (PS),yield,22.506780512305376
7424,AO2008A113,Angola,AO,Lunda Sul,none,Lunda Sul,Banana,Main,2014,10,2015,4,All (PS),yield,21.453488372093023
7425,AO2008A113,Angola,AO,Lunda Sul,none,Lunda Sul,Banana,Main,2015,10,2016,4,All (PS),yield,21.453488372093023
7426,AO2008A113,Angola,AO,Lunda Sul,none,Lunda Sul,Banana,Main,2016,10,2017,4,All (PS),yield,20.530403106360836
7427,AO2008A113,Angola,AO,Lunda Sul,none,Lunda Sul,Tomato,Main,2014,10,2015,4,All (PS),yield,12.007537688442211
7428,AO2008A113,Angola,AO,Lunda Sul,none,Lunda Sul,Tomato,Main,2015,10,2016,4,All (PS),yield,12.007537688442211
7429,AO2008A113,Angola,AO,Lunda Sul,none,Lunda Sul,Tomato,Main,2016,10,2017,4,All (PS),yield,12.874125874125873
7430,AO2008A113,Angola,AO,Lunda Sul,none,Lunda Sul,Onions,Main,2014,10,2015,4,All (PS),yield,10.624649859943977
7431,AO2008A113,Angola,AO,Lunda Sul,none,Lunda Sul,Onions,Main,2015,10,2016,4,All (PS),yield,10.624649859943977
7432,AO2008A113,Angola,AO,Lunda Sul,none,Lunda Sul,Onions,Main,2016,10,2017,4,All (PS),yield,10.82336956521739
7433,AO2008A113,Angola,AO,Lunda Sul,none,Lunda Sul,Mango,Main,2015,10,2016,4,All (PS),yield,9.305019305019306
7434,AO2008A113,Angola,AO,Lunda Sul,none,Lunda Sul,Mango,Main,2016,10,2017,4,All (PS),yield,10.273699925354567
7435,AO2008A113,Angola,AO,Lunda Sul,none,Lunda Sul,Groundnuts (In Shell),Main,2001,10,2002,4,All (PS),yield,0.3998695368558382
7436,AO2008A113,Angola,AO,Lunda Sul,none,Lunda Sul,Groundnuts (In Shell),Main,2002,10,2003,4,All (PS),yield,0.40003962750148603
7437,AO2008A113,Angola,AO,Lunda Sul,none,Lunda Sul,Groundnuts (In Shell),Main,2003,10,2004,4,All (PS),yield,0.10377032168799723
7438,AO2008A113,Angola,AO,Lunda Sul,none,Lunda Sul,Groundnuts (In Shell),Main,2004,10,2005,4,All (PS),yield,0.25220680958385877
7439,AO2008A113,Angola,AO,Lunda Sul,none,Lunda Sul,Groundnuts (In Shell),Main,2005,10,2006,4,All (PS),yield,0.24706609017912293
7440,AO2008A113,Angola,AO,Lunda Sul,none,Lunda Sul,Groundnuts (In Shell),Main,2006,10,2007,4,All (PS),yield,0.3
7441,AO2008A113,Angola,AO,Lunda Sul,none,Lunda Sul,Groundnuts (In Shell),Main,2007,10,2008,4,All (PS),yield,0.40019286403085824
7442,AO2008A113,Angola,AO,Lunda Sul,none,Lunda Sul,Groundnuts (In Shell),Main,2008,10,2009,4,All (PS),yield,0.30019120458891013
7443,AO2008A113,Angola,AO,Lunda Sul,none,Lunda Sul,Groundnuts (In Shell),Main,2009,10,2010,4,All (PS),yield,0.3
7444,AO2008A113,Angola,AO,Lunda Sul,none,Lunda Sul,Groundnuts (In Shell),Main,2010,10,2011,4,All (PS),yield,0.5310546060858691
7445,AO2008A113,Angola,AO,Lunda Sul,none,Lunda Sul,Groundnuts (In Shell),Main,2011,10,2012,4,All (PS),yield,0.38517946738710923
7446,AO2008A113,Angola,AO,Lunda Sul,none,Lunda Sul,Groundnuts (In Shell),Main,2012,10,2013,4,All (PS),yield,0.5887778631821675
7447,AO2008A113,Angola,AO,Lunda Sul,none,Lunda Sul,Groundnuts (In Shell),Main,2013,10,2014,4,All (PS),yield,0.7839787395596052
7448,AO2008A113,Angola,AO,Lunda Sul,none,Lunda Sul,Groundnuts (In Shell),Main,2014,10,2015,4,All (PS),yield,0.8423062237495227
7449,AO2008A113,Angola,AO,Lunda Sul,none,Lunda Sul,Groundnuts (In Shell),Main,2015,10,2016,4,All (PS),yield,0.8423062237495227
7450,AO2008A113,Angola,AO,Lunda Sul,none,Lunda Sul,Groundnuts (In Shell),Main,2016,10,2017,4,All (PS),yield,0.6199432867660449
7451,AO2008A113,Angola,AO,Lunda Sul,none,Lunda Sul,Lemon,Main,2015,10,2016,4,All (PS),yield,12.799426934097422
7452,AO2008A113,Angola,AO,Lunda Sul,none,Lunda Sul,Lemon,Main,2016,10,2017,4,All (PS),yield,13.362944162436548
7453,AO2008A113,Angola,AO,Lunda Sul,none,Lunda Sul,Beans (mixed),Main,2000,10,2001,4,All (PS),yield,0.40016168148746967
7454,AO2008A113,Angola,AO,Lunda Sul,none,Lunda Sul,Beans (mixed),Main,2001,10,2002,4,All (PS),yield,0.40005591277606933
7455,AO2008A113,Angola,AO,Lunda Sul,none,Lunda Sul,Beans (mixed),Main,2002,10,2003,4,All (PS),yield,0.4
7456,AO2008A113,Angola,AO,Lunda Sul,none,Lunda Sul,Beans (mixed),Main,2003,10,2004,4,All (PS),yield,0.03801652892561983
7457,AO2008A113,Angola,AO,Lunda Sul,none,Lunda Sul,Beans (mixed),Main,2004,10,2005,4,All (PS),yield,0.06856602435276038
7458,AO2008A113,Angola,AO,Lunda Sul,none,Lunda Sul,Beans (mixed),Main,2005,10,2006,4,All (PS),yield,0.07526632700324225
7459,AO2008A113,Angola,AO,Lunda Sul,none,Lunda Sul,Beans (mixed),Main,2006,10,2007,4,All (PS),yield,0.2995670995670996
7460,AO2008A113,Angola,AO,Lunda Sul,none,Lunda Sul,Beans (mixed),Main,2007,10,2008,4,All (PS),yield,0.39984122783805237
7461,AO2008A113,Angola,AO,Lunda Sul,none,Lunda Sul,Beans (mixed),Main,2008,10,2009,4,All (PS),yield,0.40006447453255967
7462,AO2008A113,Angola,AO,Lunda Sul,none,Lunda Sul,Beans (mixed),Main,2009,10,2010,4,All (PS),yield,0.3999092147072174
7463,AO2008A113,Angola,AO,Lunda Sul,none,Lunda Sul,Beans (mixed),Main,2010,10,2011,4,All (PS),yield,0.4040102389078498
7464,AO2008A113,Angola,AO,Lunda Sul,none,Lunda Sul,Beans (mixed),Main,2011,10,2012,4,All (PS),yield,0.29358520267611177
7465,AO2008A113,Angola,AO,Lunda Sul,none,Lunda Sul,Beans (mixed),Main,2012,10,2013,4,All (PS),yield,0.31498164831498165
7466,AO2008A113,Angola,AO,Lunda Sul,none,Lunda Sul,Beans (mixed),Main,2013,10,2014,4,All (PS),yield,0.3887661722940991
7467,AO2008A113,Angola,AO,Lunda Sul,none,Lunda Sul,Beans (mixed),Main,2014,10,2015,4,All (PS),yield,0.5109458901280463
7468,AO2008A113,Angola,AO,Lunda Sul,none,Lunda Sul,Beans (mixed),Main,2015,10,2016,4,All (PS),yield,0.5109458901280463
7469,AO2008A113,Angola,AO,Lunda Sul,none,Lunda Sul,Beans (mixed),Main,2016,10,2017,4,All (PS),yield,0.4905000659717641
7470,AO2008A113,Angola,AO,Lunda Sul,none,Lunda Sul,Cassava,Main,1996,10,1997,4,All (PS),yield,4.0
7471,AO2008A113,Angola,AO,Lunda Sul,none,Lunda Sul,Cassava,Main,1997,10,1998,4,All (PS),yield,6.0
7472,AO2008A113,Angola,AO,Lunda Sul,none,Lunda Sul,Cassava,Main,1998,10,1999,4,All (PS),yield,5.500016232185176
7473,AO2008A113,Angola,AO,Lunda Sul,none,Lunda Sul,Cassava,Main,1999,10,2000,4,All (PS),yield,10.0
7474,AO2008A113,Angola,AO,Lunda Sul,none,Lunda Sul,Cassava,Main,2000,10,2001,4,All (PS),yield,9.999794467053068
7475,AO2008A113,Angola,AO,Lunda Sul,none,Lunda Sul,Cassava,Main,2001,10,2002,4,All (PS),yield,11.704945765747835
7476,AO2008A113,Angola,AO,Lunda Sul,none,Lunda Sul,Cassava,Main,2002,10,2003,4,All (PS),yield,9.735172868685758
7477,AO2008A113,Angola,AO,Lunda Sul,none,Lunda Sul,Cassava,Main,2003,10,2004,4,All (PS),yield,7.656756877856439
7478,AO2008A113,Angola,AO,Lunda Sul,none,Lunda Sul,Cassava,Main,2004,10,2005,4,All (PS),yield,8.006915353414456
7479,AO2008A113,Angola,AO,Lunda Sul,none,Lunda Sul,Cassava,Main,2005,10,2006,4,All (PS),yield,11.90555386686352
7480,AO2008A113,Angola,AO,Lunda Sul,none,Lunda Sul,Cassava,Main,2006,10,2007,4,All (PS),yield,9.725148561520461
7481,AO2008A113,Angola,AO,Lunda Sul,none,Lunda Sul,Cassava,Main,2007,10,2008,4,All (PS),yield,12.316364195632113
7482,AO2008A113,Angola,AO,Lunda Sul,none,Lunda Sul,Cassava,Main,2008,10,2009,4,All (PS),yield,11.38207720328693
7483,AO2008A113,Angola,AO,Lunda Sul,none,Lunda Sul,Cassava,Main,2009,10,2010,4,All (PS),yield,4.561524146396188
7484,AO2008A113,Angola,AO,Lunda Sul,none,Lunda Sul,Cassava,Main,2010,10,2011,4,All (PS),yield,4.613922077922078
7485,AO2008A113,Angola,AO,Lunda Sul,none,Lunda Sul,Cassava,Main,2011,10,2012,4,All (PS),yield,3.712669433529074
7486,AO2008A113,Angola,AO,Lunda Sul,none,Lunda Sul,Cassava,Main,2012,10,2013,4,All (PS),yield,4.686658281104291
7487,AO2008A113,Angola,AO,Lunda Sul,none,Lunda Sul,Cassava,Main,2013,10,2014,4,All (PS),yield,5.291008156677535
7488,AO2008A113,Angola,AO,Lunda Sul,none,Lunda Sul,Cassava,Main,2015,10,2016,4,All (PS),yield,5.082505953101667
7489,AO2008A113,Angola,AO,Lunda Sul,none,Lunda Sul,Cassava,Main,2016,10,2017,4,All (PS),yield,8.989980497987004
7490,AO2008A113,Angola,AO,Lunda Sul,none,Lunda Sul,Potato,Main,2008,10,2009,4,All (PS),yield,6.0
7491,AO2008A113,Angola,AO,Lunda Sul,none,Lunda Sul,Potato,Main,2009,10,2010,4,All (PS),yield,10.000869187309865
7492,AO2008A113,Angola,AO,Lunda Sul,none,Lunda Sul,Potato,Main,2010,10,2011,4,All (PS),yield,9.042986425339366
7493,AO2008A113,Angola,AO,Lunda Sul,none,Lunda Sul,Potato,Main,2011,10,2012,4,All (PS),yield,6.980680772769089
7494,AO2008A113,Angola,AO,Lunda Sul,none,Lunda Sul,Potato,Main,2012,10,2013,4,All (PS),yield,7.246788990825688
7495,AO2008A113,Angola,AO,Lunda Sul,none,Lunda Sul,Potato,Main,2013,10,2014,4,All (PS),yield,7.541249403910348
7496,AO2008A113,Angola,AO,Lunda Sul,none,Lunda Sul,Potato,Main,2014,10,2015,4,All (PS),yield,7.22974828375286
7497,AO2008A113,Angola,AO,Lunda Sul,none,Lunda Sul,Potato,Main,2015,10,2016,4,All (PS),yield,7.22974828375286
7498,AO2008A113,Angola,AO,Lunda Sul,none,Lunda Sul,Potato,Main,2016,10,2017,4,All (PS),yield,8.873611560444301
7499,AO2008A113,Angola,AO,Lunda Sul,none,Lunda Sul,Pineapple,Main,2006,10,2007,4,All (PS),yield,16.52173913043478
7500,AO2008A113,Angola,AO,Lunda Sul,none,Lunda Sul,Pineapple,Main,2014,10,2015,4,All (PS),yield,12.906219151036526
7501,AO2008A113,Angola,AO,Lunda Sul,none,Lunda Sul,Pineapple,Main,2015,10,2016,4,All (PS),yield,12.906219151036526
7502,AO2008A113,Angola,AO,Lunda Sul,none,Lunda Sul,Pineapple,Main,2016,10,2017,4,All (PS),yield,12.541055397416248
7503,AO2008A113,Angola,AO,Lunda Sul,none,Lunda Sul,Sorghum,Main,1997,10,1998,4,All (PS),yield,0.7
7504,AO2008A113,Angola,AO,Lunda Sul,none,Lunda Sul,Okras,Main,2014,10,2015,4,All (PS),yield,1.7692307692307692
7505,AO2008A113,Angola,AO,Lunda Sul,none,Lunda Sul,Okras,Main,2015,10,2016,4,All (PS),yield,1.7692307692307692
7506,AO2008A113,Angola,AO,Lunda Sul,none,Lunda Sul,Okras,Main,2016,10,2017,4,All (PS),yield,1.9090909090909092
7507,AO2008A113,Angola,AO,Lunda Sul,none,Lunda Sul,Cabbage,Main,2014,10,2015,4,All (PS),yield,10.095454545454546
7508,AO2008A113,Angola,AO,Lunda Sul,none,Lunda Sul,Cabbage,Main,2015,10,2016,4,All (PS),yield,10.095454545454546
7509,AO2008A113,Angola,AO,Lunda Sul,none,Lunda Sul,Cabbage,Main,2016,10,2017,4,All (PS),yield,10.142241379310345
7510,AO2008A113,Angola,AO,Lunda Sul,none,Lunda Sul,Carrots,Main,2014,10,2015,4,All (PS),yield,11.264367816091953
7511,AO2008A113,Angola,AO,Lunda Sul,none,Lunda Sul,Carrots,Main,2015,10,2016,4,All (PS),yield,11.264367816091953
7512,AO2008A113,Angola,AO,Lunda Sul,none,Lunda Sul,Carrots,Main,2016,10,2017,4,All (PS),yield,10.617977528089888
7513,AO2008A113,Angola,AO,Lunda Sul,none,Lunda Sul,Millet,Main,2014,10,2015,4,All (PS),yield,0.43486590038314177
7514,AO2008A113,Angola,AO,Lunda Sul,none,Lunda Sul,Millet,Main,2015,10,2016,4,All (PS),yield,0.43486590038314177
7515,AO2008A113,Angola,AO,Lunda Sul,none,Lunda Sul,Green Bean,Main,2015,10,2016,4,All (PS),yield,1.4761904761904763
7516,AO2008A113,Angola,AO,Lunda Sul,none,Lunda Sul,Millet,Main,1996,10,1997,4,All (PS),yield,0.6
7517,AO2008A113,Angola,AO,Lunda Sul,none,Lunda Sul,Millet,Main,2008,10,2009,4,All (PS),yield,0.200150489089541
7518,AO2008A113,Angola,AO,Lunda Sul,none,Lunda Sul,Millet,Main,2009,10,2010,4,All (PS),yield,0.2066999287241625
7519,AO2008A113,Angola,AO,Lunda Sul,none,Lunda Sul,Millet,Main,2010,10,2011,4,All (PS),yield,0.3041958041958042
7520,AO2008A113,Angola,AO,Lunda Sul,none,Lunda Sul,Millet,Main,2011,10,2012,4,All (PS),yield,0.11920103092783506
7521,AO2008A113,Angola,AO,Lunda Sul,none,Lunda Sul,Millet,Main,2012,10,2013,4,All (PS),yield,0.3713286713286713
7522,AO2008A113,Angola,AO,Lunda Sul,none,Lunda Sul,Millet,Main,2013,10,2014,4,All (PS),yield,0.3872422680412371
7523,AO2008A113,Angola,AO,Lunda Sul,none,Lunda Sul,Rice,Main,2000,10,2001,4,All (PS),yield,1.2
7524,AO2008A113,Angola,AO,Lunda Sul,none,Lunda Sul,Rice,Main,2001,10,2002,4,All (PS),yield,1.1996086105675148
7525,AO2008A113,Angola,AO,Lunda Sul,none,Lunda Sul,Rice,Main,2002,10,2003,4,All (PS),yield,1.1666666666666667
7526,AO2008A113,Angola,AO,Lunda Sul,none,Lunda Sul,Rice,Main,2003,10,2004,4,All (PS),yield,0.8888888888888888
7527,AO2008A113,Angola,AO,Lunda Sul,none,Lunda Sul,Rice,Main,2004,10,2005,4,All (PS),yield,0.32894736842105265
7528,AO2008A113,Angola,AO,Lunda Sul,none,Lunda Sul,Rice,Main,2006,10,2007,4,All (PS),yield,1.2959183673469388
7529,AO2008A113,Angola,AO,Lunda Sul,none,Lunda Sul,Rice,Main,2007,10,2008,4,All (PS),yield,0.42039403620873267
7530,AO2008A113,Angola,AO,Lunda Sul,none,Lunda Sul,Rice,Main,2008,10,2009,4,All (PS),yield,0.42366514623021195
7531,AO2008A113,Angola,AO,Lunda Sul,none,Lunda Sul,Rice,Main,2009,10,2010,4,All (PS),yield,0.5534031413612566
7532,AO2008A113,Angola,AO,Lunda Sul,none,Lunda Sul,Rice,Main,2010,10,2011,4,All (PS),yield,0.5455702647657841
7533,AO2008A113,Angola,AO,Lunda Sul,none,Lunda Sul,Rice,Main,2011,10,2012,4,All (PS),yield,0.5290617848970252
7534,AO2008A113,Angola,AO,Lunda Sul,none,Lunda Sul,Rice,Main,2012,10,2013,4,All (PS),yield,0.7046949421637559
7535,AO2008A113,Angola,AO,Lunda Sul,none,Lunda Sul,Rice,Main,2013,10,2014,4,All (PS),yield,0.7638099568083655
7536,AO2008A113,Angola,AO,Lunda Sul,none,Lunda Sul,Rice,Main,2014,10,2015,4,All (PS),yield,0.8878048780487805
7537,AO2008A113,Angola,AO,Lunda Sul,none,Lunda Sul,Rice,Main,2015,10,2016,4,All (PS),yield,0.8878048780487805
7538,AO2008A113,Angola,AO,Lunda Sul,none,Lunda Sul,Garlic,Main,2008,10,2009,4,All (PS),yield,3.3322010869565215
7539,AO2008A113,Angola,AO,Lunda Sul,none,Lunda Sul,Garlic,Main,2009,10,2010,4,All (PS),yield,2.5924170616113744
7540,AO2008A113,Angola,AO,Lunda Sul,none,Lunda Sul,Garlic,Main,2010,10,2011,4,All (PS),yield,5.7272727272727275
7541,AO2008A113,Angola,AO,Lunda Sul,none,Lunda Sul,Garlic,Main,2011,10,2012,4,All (PS),yield,4.1066711818489665
7542,AO2008A114,Angola,AO,Malanje,none,Malanje,Maize,Main,1996,10,1997,4,All (PS),yield,0.52
7543,AO2008A114,Angola,AO,Malanje,none,Malanje,Maize,Main,1997,10,1998,4,All (PS),yield,0.7
7544,AO2008A114,Angola,AO,Malanje,none,Malanje,Maize,Main,1998,10,1999,4,All (PS),yield,0.6499927364292286
7545,AO2008A114,Angola,AO,Malanje,none,Malanje,Maize,Main,1999,10,2000,4,All (PS),yield,0.6999895156217236
7546,AO2008A114,Angola,AO,Malanje,none,Malanje,Maize,Main,2000,10,2001,4,All (PS),yield,0.40001635389836054
7547,AO2008A114,Angola,AO,Malanje,none,Malanje,Maize,Main,2001,10,2002,4,All (PS),yield,0.6499745374299779
7548,AO2008A114,Angola,AO,Malanje,none,Malanje,Maize,Main,2002,10,2003,4,All (PS),yield,0.8499930410577592
7549,AO2008A114,Angola,AO,Malanje,none,Malanje,Maize,Main,2003,10,2004,4,All (PS),yield,0.65
7550,AO2008A114,Angola,AO,Malanje,none,Malanje,Maize,Main,2004,10,2005,4,All (PS),yield,0.5
7551,AO2008A114,Angola,AO,Malanje,none,Malanje,Maize,Main,2005,10,2006,4,All (PS),yield,0.5253967532172252
7552,AO2008A114,Angola,AO,Malanje,none,Malanje,Maize,Main,2006,10,2007,4,All (PS),yield,0.503309844117019
7553,AO2008A114,Angola,AO,Malanje,none,Malanje,Maize,Main,2007,10,2008,4,All (PS),yield,0.8017593272920238
7554,AO2008A114,Angola,AO,Malanje,none,Malanje,Maize,Main,2008,10,2009,4,All (PS),yield,0.5136180084199673
7555,AO2008A114,Angola,AO,Malanje,none,Malanje,Maize,Main,2009,10,2010,4,All (PS),yield,0.7124858665805202
7556,AO2008A114,Angola,AO,Malanje,none,Malanje,Maize,Main,2010,10,2011,4,All (PS),yield,0.8190170798165747
7557,AO2008A114,Angola,AO,Malanje,none,Malanje,Maize,Main,2011,10,2012,4,All (PS),yield,0.33871158742376695
7558,AO2008A114,Angola,AO,Malanje,none,Malanje,Maize,Main,2012,10,2013,4,All (PS),yield,0.8809755817952539
7559,AO2008A114,Angola,AO,Malanje,none,Malanje,Maize,Main,2013,10,2014,4,All (PS),yield,0.9318009850810194
7560,AO2008A114,Angola,AO,Malanje,none,Malanje,Maize,Main,2014,10,2015,4,All (PS),yield,0.9979388998305317
7561,AO2008A114,Angola,AO,Malanje,none,Malanje,Maize,Main,2015,10,2016,4,All (PS),yield,0.9979388998305317
7562,AO2008A114,Angola,AO,Malanje,none,Malanje,Maize,Main,2016,10,2017,4,All (PS),yield,1.2480909813686232
7563,AO2008A114,Angola,AO,Malanje,none,Malanje,Chili Pepper,Main,2014,10,2015,4,All (PS),yield,2.84037558685446
7564,AO2008A114,Angola,AO,Malanje,none,Malanje,Chili Pepper,Main,2015,10,2016,4,All (PS),yield,2.84037558685446
7565,AO2008A114,Angola,AO,Malanje,none,Malanje,Chili Pepper,Main,2016,10,2017,4,All (PS),yield,3.0081466395112018
7566,AO2008A114,Angola,AO,Malanje,none,Malanje,Sweet Potatoes,Main,2000,10,2001,4,All (PS),yield,3.499938672881148
7567,AO2008A114,Angola,AO,Malanje,none,Malanje,Sweet Potatoes,Main,2001,10,2002,4,All (PS),yield,4.499681731381286
7568,AO2008A114,Angola,AO,Malanje,none,Malanje,Sweet Potatoes,Main,2002,10,2003,4,All (PS),yield,4.500188111361926
7569,AO2008A114,Angola,AO,Malanje,none,Malanje,Sweet Potatoes,Main,2003,10,2004,4,All (PS),yield,4.494394213381555
7570,AO2008A114,Angola,AO,Malanje,none,Malanje,Sweet Potatoes,Main,2004,10,2005,4,All (PS),yield,5.000153515505066
7571,AO2008A114,Angola,AO,Malanje,none,Malanje,Sweet Potatoes,Main,2005,10,2006,4,All (PS),yield,4.999848427434634
7572,AO2008A114,Angola,AO,Malanje,none,Malanje,Sweet Potatoes,Main,2006,10,2007,4,All (PS),yield,6.298724153101627
7573,AO2008A114,Angola,AO,Malanje,none,Malanje,Sweet Potatoes,Main,2007,10,2008,4,All (PS),yield,8.379627265764615
7574,AO2008A114,Angola,AO,Malanje,none,Malanje,Sweet Potatoes,Main,2008,10,2009,4,All (PS),yield,7.998958061995311
7575,AO2008A114,Angola,AO,Malanje,none,Malanje,Sweet Potatoes,Main,2009,10,2010,4,All (PS),yield,1.8877499044950974
7576,AO2008A114,Angola,AO,Malanje,none,Malanje,Sweet Potatoes,Main,2010,10,2011,4,All (PS),yield,6.151527835914608
7577,AO2008A114,Angola,AO,Malanje,none,Malanje,Sweet Potatoes,Main,2011,10,2012,4,All (PS),yield,3.7683571686095423
7578,AO2008A114,Angola,AO,Malanje,none,Malanje,Sweet Potatoes,Main,2012,10,2013,4,All (PS),yield,6.868649613325402
7579,AO2008A114,Angola,AO,Malanje,none,Malanje,Sweet Potatoes,Main,2013,10,2014,4,All (PS),yield,10.480269657697448
7580,AO2008A114,Angola,AO,Malanje,none,Malanje,Sweet Potatoes,Main,2014,10,2015,4,All (PS),yield,11.846355436372502
7581,AO2008A114,Angola,AO,Malanje,none,Malanje,Banana,Main,2006,10,2007,4,All (PS),yield,20.0
7582,AO2008A114,Angola,AO,Malanje,none,Malanje,Banana,Main,2007,10,2008,4,All (PS),yield,16.31358529111338
7583,AO2008A114,Angola,AO,Malanje,none,Malanje,Banana,Main,2008,10,2009,4,All (PS),yield,16.30110497237569
7584,AO2008A114,Angola,AO,Malanje,none,Malanje,Banana,Main,2009,10,2010,4,All (PS),yield,16.00956937799043
7585,AO2008A114,Angola,AO,Malanje,none,Malanje,Banana,Main,2010,10,2011,4,All (PS),yield,26.19397535371976
7586,AO2008A114,Angola,AO,Malanje,none,Malanje,Banana,Main,2011,10,2012,4,All (PS),yield,16.60205774975108
7587,AO2008A114,Angola,AO,Malanje,none,Malanje,Banana,Main,2012,10,2013,4,All (PS),yield,20.175109443402125
7588,AO2008A114,Angola,AO,Malanje,none,Malanje,Banana,Main,2013,10,2014,4,All (PS),yield,23.479987492182612
7589,AO2008A114,Angola,AO,Malanje,none,Malanje,Banana,Main,2014,10,2015,4,All (PS),yield,25.75
7590,AO2008A114,Angola,AO,Malanje,none,Malanje,Banana,Main,2015,10,2016,4,All (PS),yield,25.75
7591,AO2008A114,Angola,AO,Malanje,none,Malanje,Banana,Main,2016,10,2017,4,All (PS),yield,30.50754282792124
7592,AO2008A114,Angola,AO,Malanje,none,Malanje,Tomato,Main,2014,10,2015,4,All (PS),yield,11.940573770491802
7593,AO2008A114,Angola,AO,Malanje,none,Malanje,Tomato,Main,2015,10,2016,4,All (PS),yield,11.940573770491802
7594,AO2008A114,Angola,AO,Malanje,none,Malanje,Tomato,Main,2016,10,2017,4,All (PS),yield,10.351618447436264
7595,AO2008A114,Angola,AO,Malanje,none,Malanje,Onions,Main,2014,10,2015,4,All (PS),yield,9.615960099750623
7596,AO2008A114,Angola,AO,Malanje,none,Malanje,Onions,Main,2015,10,2016,4,All (PS),yield,9.615960099750623
7597,AO2008A114,Angola,AO,Malanje,none,Malanje,Onions,Main,2016,10,2017,4,All (PS),yield,9.470657972732662
7598,AO2008A114,Angola,AO,Malanje,none,Malanje,Mango,Main,2015,10,2016,4,All (PS),yield,9.80952380952381
7599,AO2008A114,Angola,AO,Malanje,none,Malanje,Mango,Main,2016,10,2017,4,All (PS),yield,12.887179487179488
7600,AO2008A114,Angola,AO,Malanje,none,Malanje,Groundnuts (In Shell),Main,2001,10,2002,4,All (PS),yield,0.3010036496350365
7601,AO2008A114,Angola,AO,Malanje,none,Malanje,Groundnuts (In Shell),Main,2002,10,2003,4,All (PS),yield,0.45001306847882905
7602,AO2008A114,Angola,AO,Malanje,none,Malanje,Groundnuts (In Shell),Main,2003,10,2004,4,All (PS),yield,0.29998370539351477
7603,AO2008A114,Angola,AO,Malanje,none,Malanje,Groundnuts (In Shell),Main,2004,10,2005,4,All (PS),yield,0.40002099296735594
7604,AO2008A114,Angola,AO,Malanje,none,Malanje,Groundnuts (In Shell),Main,2005,10,2006,4,All (PS),yield,0.5000259107633311
7605,AO2008A114,Angola,AO,Malanje,none,Malanje,Groundnuts (In Shell),Main,2006,10,2007,4,All (PS),yield,0.2
7606,AO2008A114,Angola,AO,Malanje,none,Malanje,Groundnuts (In Shell),Main,2007,10,2008,4,All (PS),yield,0.4000142497506294
7607,AO2008A114,Angola,AO,Malanje,none,Malanje,Groundnuts (In Shell),Main,2008,10,2009,4,All (PS),yield,0.4000142227279192
7608,AO2008A114,Angola,AO,Malanje,none,Malanje,Groundnuts (In Shell),Main,2009,10,2010,4,All (PS),yield,0.39999138599362566
7609,AO2008A114,Angola,AO,Malanje,none,Malanje,Groundnuts (In Shell),Main,2010,10,2011,4,All (PS),yield,0.5728211899953395
7610,AO2008A114,Angola,AO,Malanje,none,Malanje,Groundnuts (In Shell),Main,2011,10,2012,4,All (PS),yield,0.24779551289206384
7611,AO2008A114,Angola,AO,Malanje,none,Malanje,Groundnuts (In Shell),Main,2012,10,2013,4,All (PS),yield,0.6664449863297126
7612,AO2008A114,Angola,AO,Malanje,none,Malanje,Groundnuts (In Shell),Main,2013,10,2014,4,All (PS),yield,0.8689919339987477
7613,AO2008A114,Angola,AO,Malanje,none,Malanje,Groundnuts (In Shell),Main,2014,10,2015,4,All (PS),yield,0.9009918589356181
7614,AO2008A114,Angola,AO,Malanje,none,Malanje,Groundnuts (In Shell),Main,2015,10,2016,4,All (PS),yield,0.9009918589356181
7615,AO2008A114,Angola,AO,Malanje,none,Malanje,Groundnuts (In Shell),Main,2016,10,2017,4,All (PS),yield,0.6754263450812396
7616,AO2008A114,Angola,AO,Malanje,none,Malanje,Lemon,Main,2015,10,2016,4,All (PS),yield,12.684554973821989
7617,AO2008A114,Angola,AO,Malanje,none,Malanje,Lemon,Main,2016,10,2017,4,All (PS),yield,11.464533782361608
7618,AO2008A114,Angola,AO,Malanje,none,Malanje,Beans (mixed),Main,2000,10,2001,4,All (PS),yield,0.3499938672881148
7619,AO2008A114,Angola,AO,Malanje,none,Malanje,Beans (mixed),Main,2001,10,2002,4,All (PS),yield,0.3481950601646612
7620,AO2008A114,Angola,AO,Malanje,none,Malanje,Beans (mixed),Main,2002,10,2003,4,All (PS),yield,0.499971784887986
7621,AO2008A114,Angola,AO,Malanje,none,Malanje,Beans (mixed),Main,2003,10,2004,4,All (PS),yield,0.29999592618242554
7622,AO2008A114,Angola,AO,Malanje,none,Malanje,Beans (mixed),Main,2004,10,2005,4,All (PS),yield,0.309991045157989
7623,AO2008A114,Angola,AO,Malanje,none,Malanje,Beans (mixed),Main,2005,10,2006,4,All (PS),yield,0.3601202506063056
7624,AO2008A114,Angola,AO,Malanje,none,Malanje,Beans (mixed),Main,2006,10,2007,4,All (PS),yield,0.3000387972841901
7625,AO2008A114,Angola,AO,Malanje,none,Malanje,Beans (mixed),Main,2007,10,2008,4,All (PS),yield,0.39999296344509727
7626,AO2008A114,Angola,AO,Malanje,none,Malanje,Beans (mixed),Main,2008,10,2009,4,All (PS),yield,0.40000696330339114
7627,AO2008A114,Angola,AO,Malanje,none,Malanje,Beans (mixed),Main,2009,10,2010,4,All (PS),yield,0.4137444509446299
7628,AO2008A114,Angola,AO,Malanje,none,Malanje,Beans (mixed),Main,2010,10,2011,4,All (PS),yield,0.38626210912011244
7629,AO2008A114,Angola,AO,Malanje,none,Malanje,Beans (mixed),Main,2011,10,2012,4,All (PS),yield,0.1231369006584734
7630,AO2008A114,Angola,AO,Malanje,none,Malanje,Beans (mixed),Main,2012,10,2013,4,All (PS),yield,0.33986736883167545
7631,AO2008A114,Angola,AO,Malanje,none,Malanje,Beans (mixed),Main,2013,10,2014,4,All (PS),yield,0.438375595064607
7632,AO2008A114,Angola,AO,Malanje,none,Malanje,Beans (mixed),Main,2014,10,2015,4,All (PS),yield,0.5713419563459984
7633,AO2008A114,Angola,AO,Malanje,none,Malanje,Beans (mixed),Main,2015,10,2016,4,All (PS),yield,0.5713419563459984
7634,AO2008A114,Angola,AO,Malanje,none,Malanje,Beans (mixed),Main,2016,10,2017,4,All (PS),yield,0.5438069344039437
7635,AO2008A114,Angola,AO,Malanje,none,Malanje,Cassava,Main,1997,10,1998,4,All (PS),yield,2.0
7636,AO2008A114,Angola,AO,Malanje,none,Malanje,Cassava,Main,1998,10,1999,4,All (PS),yield,7.0
7637,AO2008A114,Angola,AO,Malanje,none,Malanje,Cassava,Main,1999,10,2000,4,All (PS),yield,7.5
7638,AO2008A114,Angola,AO,Malanje,none,Malanje,Cassava,Main,2000,10,2001,4,All (PS),yield,10.000021147461247
7639,AO2008A114,Angola,AO,Malanje,none,Malanje,Cassava,Main,2001,10,2002,4,All (PS),yield,12.192685925015367
7640,AO2008A114,Angola,AO,Malanje,none,Malanje,Cassava,Main,2002,10,2003,4,All (PS),yield,10.140789768902849
7641,AO2008A114,Angola,AO,Malanje,none,Malanje,Cassava,Main,2003,10,2004,4,All (PS),yield,8.613824794681268
7642,AO2008A114,Angola,AO,Malanje,none,Malanje,Cassava,Main,2004,10,2005,4,All (PS),yield,8.006873519718292
7643,AO2008A114,Angola,AO,Malanje,none,Malanje,Cassava,Main,2005,10,2006,4,All (PS),yield,12.199988863729166
7644,AO2008A114,Angola,AO,Malanje,none,Malanje,Cassava,Main,2006,10,2007,4,All (PS),yield,12.302603853508188
7645,AO2008A114,Angola,AO,Malanje,none,Malanje,Cassava,Main,2007,10,2008,4,All (PS),yield,15.700915009677987
7646,AO2008A114,Angola,AO,Malanje,none,Malanje,Cassava,Main,2008,10,2009,4,All (PS),yield,15.206878390477696
7647,AO2008A114,Angola,AO,Malanje,none,Malanje,Cassava,Main,2009,10,2010,4,All (PS),yield,6.664071663148018
7648,AO2008A114,Angola,AO,Malanje,none,Malanje,Cassava,Main,2010,10,2011,4,All (PS),yield,6.38735720369106
7649,AO2008A114,Angola,AO,Malanje,none,Malanje,Cassava,Main,2011,10,2012,4,All (PS),yield,4.239405403595701
7650,AO2008A114,Angola,AO,Malanje,none,Malanje,Cassava,Main,2012,10,2013,4,All (PS),yield,6.883211869668943
7651,AO2008A114,Angola,AO,Malanje,none,Malanje,Cassava,Main,2013,10,2014,4,All (PS),yield,7.815019499480667
7652,AO2008A114,Angola,AO,Malanje,none,Malanje,Cassava,Main,2015,10,2016,4,All (PS),yield,12.258795185481402
7653,AO2008A114,Angola,AO,Malanje,none,Malanje,Cassava,Main,2016,10,2017,4,All (PS),yield,11.395606998750152
7654,AO2008A114,Angola,AO,Malanje,none,Malanje,Potato,Main,2000,10,2001,4,All (PS),yield,2.499080318822808
7655,AO2008A114,Angola,AO,Malanje,none,Malanje,Potato,Main,2001,10,2002,4,All (PS),yield,3.0
7656,AO2008A114,Angola,AO,Malanje,none,Malanje,Potato,Main,2006,10,2007,4,All (PS),yield,6.608695652173913
7657,AO2008A114,Angola,AO,Malanje,none,Malanje,Potato,Main,2007,10,2008,4,All (PS),yield,8.341417910447761
7658,AO2008A114,Angola,AO,Malanje,none,Malanje,Potato,Main,2008,10,2009,4,All (PS),yield,9.27591881513988
7659,AO2008A114,Angola,AO,Malanje,none,Malanje,Potato,Main,2009,10,2010,4,All (PS),yield,9.939140145170295
7660,AO2008A114,Angola,AO,Malanje,none,Malanje,Potato,Main,2010,10,2011,4,All (PS),yield,9.26910844362368
7661,AO2008A114,Angola,AO,Malanje,none,Malanje,Potato,Main,2011,10,2012,4,All (PS),yield,8.6130541086425
7662,AO2008A114,Angola,AO,Malanje,none,Malanje,Potato,Main,2012,10,2013,4,All (PS),yield,8.869788393044207
7663,AO2008A114,Angola,AO,Malanje,none,Malanje,Potato,Main,2013,10,2014,4,All (PS),yield,8.78282043311574
7664,AO2008A114,Angola,AO,Malanje,none,Malanje,Potato,Main,2014,10,2015,4,All (PS),yield,8.871433051113202
7665,AO2008A114,Angola,AO,Malanje,none,Malanje,Potato,Main,2015,10,2016,4,All (PS),yield,8.871433051113202
7666,AO2008A114,Angola,AO,Malanje,none,Malanje,Potato,Main,2016,10,2017,4,All (PS),yield,6.471573123680571
7667,AO2008A114,Angola,AO,Malanje,none,Malanje,Pineapple,Main,2014,10,2015,4,All (PS),yield,18.303069466882068
7668,AO2008A114,Angola,AO,Malanje,none,Malanje,Pineapple,Main,2015,10,2016,4,All (PS),yield,18.303069466882068
7669,AO2008A114,Angola,AO,Malanje,none,Malanje,Pineapple,Main,2016,10,2017,4,All (PS),yield,18.16233254531127
7670,AO2008A114,Angola,AO,Malanje,none,Malanje,Sorghum,Main,1996,10,1997,4,All (PS),yield,0.35000612970454825
7671,AO2008A114,Angola,AO,Malanje,none,Malanje,Sorghum,Main,1997,10,1998,4,All (PS),yield,0.5
7672,AO2008A114,Angola,AO,Malanje,none,Malanje,Sorghum,Main,2016,10,2017,4,All (PS),yield,0.13593475131936672
7673,AO2008A114,Angola,AO,Malanje,none,Malanje,Coffee,Main,2012,10,2013,4,All (PS),yield,0.1296668581275129
7674,AO2008A114,Angola,AO,Malanje,none,Malanje,Coffee,Main,2013,10,2014,4,All (PS),yield,0.1904078116025273
7675,AO2008A114,Angola,AO,Malanje,none,Malanje,Soybean,Main,2009,10,2010,4,All (PS),yield,0.44933920704845814
7676,AO2008A114,Angola,AO,Malanje,none,Malanje,Soybean,Main,2010,10,2011,4,All (PS),yield,0.5714285714285714
7677,AO2008A114,Angola,AO,Malanje,none,Malanje,Soybean,Main,2011,10,2012,4,All (PS),yield,0.49416342412451364
7678,AO2008A114,Angola,AO,Malanje,none,Malanje,Soybean,Main,2012,10,2013,4,All (PS),yield,0.6498054474708171
7679,AO2008A114,Angola,AO,Malanje,none,Malanje,Soybean,Main,2013,10,2014,4,All (PS),yield,0.7794117647058824
7680,AO2008A114,Angola,AO,Malanje,none,Malanje,Soybean,Main,2014,10,2015,4,All (PS),yield,0.8073089700996677
7681,AO2008A114,Angola,AO,Malanje,none,Malanje,Soybean,Main,2015,10,2016,4,All (PS),yield,0.8073089700996677
7682,AO2008A114,Angola,AO,Malanje,none,Malanje,Okras,Main,2014,10,2015,4,All (PS),yield,2.827814569536424
7683,AO2008A114,Angola,AO,Malanje,none,Malanje,Okras,Main,2015,10,2016,4,All (PS),yield,2.827814569536424
7684,AO2008A114,Angola,AO,Malanje,none,Malanje,Okras,Main,2016,10,2017,4,All (PS),yield,3.1805555555555554
7685,AO2008A114,Angola,AO,Malanje,none,Malanje,Cabbage,Main,2014,10,2015,4,All (PS),yield,8.486409155937054
7686,AO2008A114,Angola,AO,Malanje,none,Malanje,Cabbage,Main,2015,10,2016,4,All (PS),yield,8.486409155937054
7687,AO2008A114,Angola,AO,Malanje,none,Malanje,Cabbage,Main,2016,10,2017,4,All (PS),yield,8.54169360051713
7688,AO2008A114,Angola,AO,Malanje,none,Malanje,Carrots,Main,2014,10,2015,4,All (PS),yield,9.491847826086957
7689,AO2008A114,Angola,AO,Malanje,none,Malanje,Carrots,Main,2015,10,2016,4,All (PS),yield,9.491847826086957
7690,AO2008A114,Angola,AO,Malanje,none,Malanje,Carrots,Main,2016,10,2017,4,All (PS),yield,8.847222222222221
7691,AO2008A114,Angola,AO,Malanje,none,Malanje,Millet,Main,2016,10,2017,4,All (PS),yield,0.11514104778353484
7692,AO2008A114,Angola,AO,Malanje,none,Malanje,Green Bean,Main,2015,10,2016,4,All (PS),yield,1.564102564102564
7693,AO2008A114,Angola,AO,Malanje,none,Malanje,Millet,Main,1996,10,1997,4,All (PS),yield,0.350002287596651
7694,AO2008A114,Angola,AO,Malanje,none,Malanje,Millet,Main,1997,10,1998,4,All (PS),yield,0.55
7695,AO2008A114,Angola,AO,Malanje,none,Malanje,Rice,Main,2004,10,2005,4,All (PS),yield,0.6978021978021978
7696,AO2008A114,Angola,AO,Malanje,none,Malanje,Rice,Main,2009,10,2010,4,All (PS),yield,0.6818181818181818
7697,AO2008A114,Angola,AO,Malanje,none,Malanje,Rice,Main,2010,10,2011,4,All (PS),yield,0.7110552763819096
7698,AO2008A114,Angola,AO,Malanje,none,Malanje,Rice,Main,2011,10,2012,4,All (PS),yield,0.559850374064838
7699,AO2008A114,Angola,AO,Malanje,none,Malanje,Rice,Main,2012,10,2013,4,All (PS),yield,0.7587064676616916
7700,AO2008A114,Angola,AO,Malanje,none,Malanje,Rice,Main,2013,10,2014,4,All (PS),yield,0.783625730994152
7701,AO2008A114,Angola,AO,Malanje,none,Malanje,Rice,Main,2014,10,2015,4,All (PS),yield,0.9597701149425287
7702,AO2008A114,Angola,AO,Malanje,none,Malanje,Rice,Main,2015,10,2016,4,All (PS),yield,0.9597701149425287
7703,AO2008A114,Angola,AO,Malanje,none,Malanje,Rice,Main,2016,10,2017,4,All (PS),yield,1.4423076923076925
7704,AO2008A114,Angola,AO,Malanje,none,Malanje,Garlic,Main,2008,10,2009,4,All (PS),yield,5.000086880973067
7705,AO2008A114,Angola,AO,Malanje,none,Malanje,Garlic,Main,2009,10,2010,4,All (PS),yield,6.1293490753317315
7706,AO2008A114,Angola,AO,Malanje,none,Malanje,Garlic,Main,2010,10,2011,4,All (PS),yield,4.041666666666667
7707,AO2008A114,Angola,AO,Malanje,none,Malanje,Garlic,Main,2011,10,2012,4,All (PS),yield,2.1946568997091456
7708,AO2008A114,Angola,AO,Malanje,none,Malanje,Avocado,Main,2014,10,2015,4,All (PS),yield,7.256410256410256
7709,AO2008A114,Angola,AO,Malanje,none,Malanje,Avocado,Main,2015,10,2016,4,All (PS),yield,7.256410256410256
7710,AO2008A115,Angola,AO,Moxico,none,Moxico,Maize,Main,1996,10,1997,4,All (PS),yield,0.5099991190203507
7711,AO2008A115,Angola,AO,Moxico,none,Moxico,Maize,Main,1997,10,1998,4,All (PS),yield,0.8
7712,AO2008A115,Angola,AO,Moxico,none,Moxico,Maize,Main,1998,10,1999,4,All (PS),yield,0.6000093707538772
7713,AO2008A115,Angola,AO,Moxico,none,Moxico,Maize,Main,1999,10,2000,4,All (PS),yield,0.5000211658129788
7714,AO2008A115,Angola,AO,Moxico,none,Moxico,Maize,Main,2000,10,2001,4,All (PS),yield,0.499980002399712
7715,AO2008A115,Angola,AO,Moxico,none,Moxico,Maize,Main,2001,10,2002,4,All (PS),yield,0.5000297956021691
7716,AO2008A115,Angola,AO,Moxico,none,Moxico,Maize,Main,2002,10,2003,4,All (PS),yield,0.49996409851367846
7717,AO2008A115,Angola,AO,Moxico,none,Moxico,Maize,Main,2003,10,2004,4,All (PS),yield,0.40003356455582906
7718,AO2008A115,Angola,AO,Moxico,none,Moxico,Maize,Main,2004,10,2005,4,All (PS),yield,0.4500314267756128
7719,AO2008A115,Angola,AO,Moxico,none,Moxico,Maize,Main,2005,10,2006,4,All (PS),yield,0.5146407243305722
7720,AO2008A115,Angola,AO,Moxico,none,Moxico,Maize,Main,2006,10,2007,4,All (PS),yield,0.5213135459425323
7721,AO2008A115,Angola,AO,Moxico,none,Moxico,Maize,Main,2007,10,2008,4,All (PS),yield,0.506779826358404
7722,AO2008A115,Angola,AO,Moxico,none,Moxico,Maize,Main,2008,10,2009,4,All (PS),yield,0.45654418124494295
7723,AO2008A115,Angola,AO,Moxico,none,Moxico,Maize,Main,2009,10,2010,4,All (PS),yield,0.686341059602649
7724,AO2008A115,Angola,AO,Moxico,none,Moxico,Maize,Main,2010,10,2011,4,All (PS),yield,0.728799849003694
7725,AO2008A115,Angola,AO,Moxico,none,Moxico,Maize,Main,2011,10,2012,4,All (PS),yield,0.22640686979643432
7726,AO2008A115,Angola,AO,Moxico,none,Moxico,Maize,Main,2012,10,2013,4,All (PS),yield,0.7234209493919184
7727,AO2008A115,Angola,AO,Moxico,none,Moxico,Maize,Main,2013,10,2014,4,All (PS),yield,0.7912592841257186
7728,AO2008A115,Angola,AO,Moxico,none,Moxico,Maize,Main,2014,10,2015,4,All (PS),yield,0.865232340070848
7729,AO2008A115,Angola,AO,Moxico,none,Moxico,Maize,Main,2015,10,2016,4,All (PS),yield,0.865232340070848
7730,AO2008A115,Angola,AO,Moxico,none,Moxico,Maize,Main,2016,10,2017,4,All (PS),yield,0.8257040028114274
7731,AO2008A115,Angola,AO,Moxico,none,Moxico,Chili Pepper,Main,2014,10,2015,4,All (PS),yield,2.382716049382716
7732,AO2008A115,Angola,AO,Moxico,none,Moxico,Chili Pepper,Main,2015,10,2016,4,All (PS),yield,2.382716049382716
7733,AO2008A115,Angola,AO,Moxico,none,Moxico,Chili Pepper,Main,2016,10,2017,4,All (PS),yield,2.244186046511628
7734,AO2008A115,Angola,AO,Moxico,none,Moxico,Sweet Potatoes,Main,2000,10,2001,4,All (PS),yield,4.000453309156845
7735,AO2008A115,Angola,AO,Moxico,none,Moxico,Sweet Potatoes,Main,2001,10,2002,4,All (PS),yield,4.49898717083052
7736,AO2008A115,Angola,AO,Moxico,none,Moxico,Sweet Potatoes,Main,2002,10,2003,4,All (PS),yield,4.0
7737,AO2008A115,Angola,AO,Moxico,none,Moxico,Sweet Potatoes,Main,2003,10,2004,4,All (PS),yield,2.9999160933042455
7738,AO2008A115,Angola,AO,Moxico,none,Moxico,Sweet Potatoes,Main,2004,10,2005,4,All (PS),yield,3.999921433060968
7739,AO2008A115,Angola,AO,Moxico,none,Moxico,Sweet Potatoes,Main,2005,10,2006,4,All (PS),yield,5.000077059412807
7740,AO2008A115,Angola,AO,Moxico,none,Moxico,Sweet Potatoes,Main,2006,10,2007,4,All (PS),yield,4.799902904765758
7741,AO2008A115,Angola,AO,Moxico,none,Moxico,Sweet Potatoes,Main,2007,10,2008,4,All (PS),yield,2.8699213630406293
7742,AO2008A115,Angola,AO,Moxico,none,Moxico,Sweet Potatoes,Main,2008,10,2009,4,All (PS),yield,4.0
7743,AO2008A115,Angola,AO,Moxico,none,Moxico,Sweet Potatoes,Main,2009,10,2010,4,All (PS),yield,3.9996782496782495
7744,AO2008A115,Angola,AO,Moxico,none,Moxico,Sweet Potatoes,Main,2010,10,2011,4,All (PS),yield,4.339731285988484
7745,AO2008A115,Angola,AO,Moxico,none,Moxico,Sweet Potatoes,Main,2011,10,2012,4,All (PS),yield,2.939781328847771
7746,AO2008A115,Angola,AO,Moxico,none,Moxico,Sweet Potatoes,Main,2012,10,2013,4,All (PS),yield,4.978843911377645
7747,AO2008A115,Angola,AO,Moxico,none,Moxico,Sweet Potatoes,Main,2013,10,2014,4,All (PS),yield,7.138949124270225
7748,AO2008A115,Angola,AO,Moxico,none,Moxico,Sweet Potatoes,Main,2014,10,2015,4,All (PS),yield,7.563140495867769
7749,AO2008A115,Angola,AO,Moxico,none,Moxico,Sweet Potatoes,Main,2015,10,2016,4,All (PS),yield,7.563140495867769
7750,AO2008A115,Angola,AO,Moxico,none,Moxico,Sweet Potatoes,Main,2016,10,2017,4,All (PS),yield,9.745865970409051
7751,AO2008A115,Angola,AO,Moxico,none,Moxico,Banana,Main,2006,10,2007,4,All (PS),yield,17.565995525727068
7752,AO2008A115,Angola,AO,Moxico,none,Moxico,Banana,Main,2009,10,2010,4,All (PS),yield,12.803638309256288
7753,AO2008A115,Angola,AO,Moxico,none,Moxico,Banana,Main,2010,10,2011,4,All (PS),yield,17.255970924195225
7754,AO2008A115,Angola,AO,Moxico,none,Moxico,Banana,Main,2011,10,2012,4,All (PS),yield,18.546341463414635
7755,AO2008A115,Angola,AO,Moxico,none,Moxico,Banana,Main,2012,10,2013,4,All (PS),yield,33.31683899556869
7756,AO2008A115,Angola,AO,Moxico,none,Moxico,Banana,Main,2013,10,2014,4,All (PS),yield,21.616842105263157
7757,AO2008A115,Angola,AO,Moxico,none,Moxico,Banana,Main,2014,10,2015,4,All (PS),yield,20.66881150643452
7758,AO2008A115,Angola,AO,Moxico,none,Moxico,Banana,Main,2015,10,2016,4,All (PS),yield,20.66881150643452
7759,AO2008A115,Angola,AO,Moxico,none,Moxico,Banana,Main,2016,10,2017,4,All (PS),yield,22.187701668664143
7760,AO2008A115,Angola,AO,Moxico,none,Moxico,Tomato,Main,2014,10,2015,4,All (PS),yield,13.174698795180722
7761,AO2008A115,Angola,AO,Moxico,none,Moxico,Tomato,Main,2015,10,2016,4,All (PS),yield,13.174698795180722
7762,AO2008A115,Angola,AO,Moxico,none,Moxico,Tomato,Main,2016,10,2017,4,All (PS),yield,12.254641909814323
7763,AO2008A115,Angola,AO,Moxico,none,Moxico,Onions,Main,2014,10,2015,4,All (PS),yield,13.096952908587257
7764,AO2008A115,Angola,AO,Moxico,none,Moxico,Onions,Main,2015,10,2016,4,All (PS),yield,13.096952908587257
7765,AO2008A115,Angola,AO,Moxico,none,Moxico,Onions,Main,2016,10,2017,4,All (PS),yield,13.576601671309191
7766,AO2008A115,Angola,AO,Moxico,none,Moxico,Mango,Main,2015,10,2016,4,All (PS),yield,10.374900714853059
7767,AO2008A115,Angola,AO,Moxico,none,Moxico,Mango,Main,2016,10,2017,4,All (PS),yield,9.375577219086711
7768,AO2008A115,Angola,AO,Moxico,none,Moxico,Groundnuts (In Shell),Main,2001,10,2002,4,All (PS),yield,0.3999189627228525
7769,AO2008A115,Angola,AO,Moxico,none,Moxico,Groundnuts (In Shell),Main,2002,10,2003,4,All (PS),yield,0.39996553506806826
7770,AO2008A115,Angola,AO,Moxico,none,Moxico,Groundnuts (In Shell),Main,2003,10,2004,4,All (PS),yield,0.2999790224459828
7771,AO2008A115,Angola,AO,Moxico,none,Moxico,Groundnuts (In Shell),Main,2004,10,2005,4,All (PS),yield,0.3999842866121936
7772,AO2008A115,Angola,AO,Moxico,none,Moxico,Groundnuts (In Shell),Main,2005,10,2006,4,All (PS),yield,0.40001541188256146
7773,AO2008A115,Angola,AO,Moxico,none,Moxico,Groundnuts (In Shell),Main,2006,10,2007,4,All (PS),yield,0.4006467840459935
7774,AO2008A115,Angola,AO,Moxico,none,Moxico,Groundnuts (In Shell),Main,2007,10,2008,4,All (PS),yield,0.12243878060969515
7775,AO2008A115,Angola,AO,Moxico,none,Moxico,Groundnuts (In Shell),Main,2008,10,2009,4,All (PS),yield,0.30002004811547717
7776,AO2008A115,Angola,AO,Moxico,none,Moxico,Groundnuts (In Shell),Main,2009,10,2010,4,All (PS),yield,0.3000049793357566
7777,AO2008A115,Angola,AO,Moxico,none,Moxico,Groundnuts (In Shell),Main,2010,10,2011,4,All (PS),yield,0.5133129637712789
7778,AO2008A115,Angola,AO,Moxico,none,Moxico,Groundnuts (In Shell),Main,2011,10,2012,4,All (PS),yield,0.10652992018526942
7779,AO2008A115,Angola,AO,Moxico,none,Moxico,Groundnuts (In Shell),Main,2012,10,2013,4,All (PS),yield,0.5610935770791491
7780,AO2008A115,Angola,AO,Moxico,none,Moxico,Groundnuts (In Shell),Main,2013,10,2014,4,All (PS),yield,0.7276763891152028
7781,AO2008A115,Angola,AO,Moxico,none,Moxico,Groundnuts (In Shell),Main,2014,10,2015,4,All (PS),yield,0.784555669050051
7782,AO2008A115,Angola,AO,Moxico,none,Moxico,Groundnuts (In Shell),Main,2015,10,2016,4,All (PS),yield,0.784555669050051
7783,AO2008A115,Angola,AO,Moxico,none,Moxico,Groundnuts (In Shell),Main,2016,10,2017,4,All (PS),yield,0.5842297248805517
7784,AO2008A115,Angola,AO,Moxico,none,Moxico,Lemon,Main,2015,10,2016,4,All (PS),yield,7.106714628297362
7785,AO2008A115,Angola,AO,Moxico,none,Moxico,Lemon,Main,2016,10,2017,4,All (PS),yield,8.389282414536495
7786,AO2008A115,Angola,AO,Moxico,none,Moxico,Beans (mixed),Main,2000,10,2001,4,All (PS),yield,0.39996114996114995
7787,AO2008A115,Angola,AO,Moxico,none,Moxico,Beans (mixed),Main,2001,10,2002,4,All (PS),yield,0.4
7788,AO2008A115,Angola,AO,Moxico,none,Moxico,Beans (mixed),Main,2002,10,2003,4,All (PS),yield,0.3999530019974151
7789,AO2008A115,Angola,AO,Moxico,none,Moxico,Beans (mixed),Main,2003,10,2004,4,All (PS),yield,0.19996467055290584
7790,AO2008A115,Angola,AO,Moxico,none,Moxico,Beans (mixed),Main,2004,10,2005,4,All (PS),yield,0.35001240592176
7791,AO2008A115,Angola,AO,Moxico,none,Moxico,Beans (mixed),Main,2005,10,2006,4,All (PS),yield,0.35001622323166776
7792,AO2008A115,Angola,AO,Moxico,none,Moxico,Beans (mixed),Main,2006,10,2007,4,All (PS),yield,0.3003798155181769
7793,AO2008A115,Angola,AO,Moxico,none,Moxico,Beans (mixed),Main,2007,10,2008,4,All (PS),yield,0.0601785070320952
7794,AO2008A115,Angola,AO,Moxico,none,Moxico,Beans (mixed),Main,2008,10,2009,4,All (PS),yield,0.3000299580587178
7795,AO2008A115,Angola,AO,Moxico,none,Moxico,Beans (mixed),Main,2009,10,2010,4,All (PS),yield,0.3000073136839026
7796,AO2008A115,Angola,AO,Moxico,none,Moxico,Beans (mixed),Main,2010,10,2011,4,All (PS),yield,0.33400953999671035
7797,AO2008A115,Angola,AO,Moxico,none,Moxico,Beans (mixed),Main,2011,10,2012,4,All (PS),yield,0.06711753253407111
7798,AO2008A115,Angola,AO,Moxico,none,Moxico,Beans (mixed),Main,2012,10,2013,4,All (PS),yield,0.3562512286219776
7799,AO2008A115,Angola,AO,Moxico,none,Moxico,Beans (mixed),Main,2013,10,2014,4,All (PS),yield,0.4603391151822257
7800,AO2008A115,Angola,AO,Moxico,none,Moxico,Beans (mixed),Main,2014,10,2015,4,All (PS),yield,0.48675940236991244
7801,AO2008A115,Angola,AO,Moxico,none,Moxico,Beans (mixed),Main,2015,10,2016,4,All (PS),yield,0.48675940236991244
7802,AO2008A115,Angola,AO,Moxico,none,Moxico,Beans (mixed),Main,2016,10,2017,4,All (PS),yield,0.48494673007626726
7803,AO2008A115,Angola,AO,Moxico,none,Moxico,Cassava,Main,1996,10,1997,4,All (PS),yield,4.0
7804,AO2008A115,Angola,AO,Moxico,none,Moxico,Cassava,Main,1997,10,1998,4,All (PS),yield,8.0
7805,AO2008A115,Angola,AO,Moxico,none,Moxico,Cassava,Main,1998,10,1999,4,All (PS),yield,6.0
7806,AO2008A115,Angola,AO,Moxico,none,Moxico,Cassava,Main,1999,10,2000,4,All (PS),yield,7.0
7807,AO2008A115,Angola,AO,Moxico,none,Moxico,Cassava,Main,2000,10,2001,4,All (PS),yield,6.9999005008125765
7808,AO2008A115,Angola,AO,Moxico,none,Moxico,Cassava,Main,2001,10,2002,4,All (PS),yield,9.754348685510971
7809,AO2008A115,Angola,AO,Moxico,none,Moxico,Cassava,Main,2002,10,2003,4,All (PS),yield,8.112566347280623
7810,AO2008A115,Angola,AO,Moxico,none,Moxico,Cassava,Main,2003,10,2004,4,All (PS),yield,7.656650817117513
7811,AO2008A115,Angola,AO,Moxico,none,Moxico,Cassava,Main,2004,10,2005,4,All (PS),yield,8.006820347369652
7812,AO2008A115,Angola,AO,Moxico,none,Moxico,Cassava,Main,2005,10,2006,4,All (PS),yield,11.990097224271638
7813,AO2008A115,Angola,AO,Moxico,none,Moxico,Cassava,Main,2006,10,2007,4,All (PS),yield,11.330771357478573
7814,AO2008A115,Angola,AO,Moxico,none,Moxico,Cassava,Main,2007,10,2008,4,All (PS),yield,16.508495414197547
7815,AO2008A115,Angola,AO,Moxico,none,Moxico,Cassava,Main,2008,10,2009,4,All (PS),yield,15.307824712167383
7816,AO2008A115,Angola,AO,Moxico,none,Moxico,Cassava,Main,2009,10,2010,4,All (PS),yield,6.203714954322487
7817,AO2008A115,Angola,AO,Moxico,none,Moxico,Cassava,Main,2010,10,2011,4,All (PS),yield,5.9775167305853785
7818,AO2008A115,Angola,AO,Moxico,none,Moxico,Cassava,Main,2011,10,2012,4,All (PS),yield,4.248627570582085
7819,AO2008A115,Angola,AO,Moxico,none,Moxico,Cassava,Main,2012,10,2013,4,All (PS),yield,7.160336783396793
7820,AO2008A115,Angola,AO,Moxico,none,Moxico,Cassava,Main,2013,10,2014,4,All (PS),yield,7.892949581809237
7821,AO2008A115,Angola,AO,Moxico,none,Moxico,Cassava,Main,2015,10,2016,4,All (PS),yield,7.890810531750129
7822,AO2008A115,Angola,AO,Moxico,none,Moxico,Cassava,Main,2016,10,2017,4,All (PS),yield,12.198913230629154
7823,AO2008A115,Angola,AO,Moxico,none,Moxico,Potato,Main,2003,10,2004,4,All (PS),yield,1.4972067039106145
7824,AO2008A115,Angola,AO,Moxico,none,Moxico,Potato,Main,2004,10,2005,4,All (PS),yield,1.498607242339833
7825,AO2008A115,Angola,AO,Moxico,none,Moxico,Potato,Main,2005,10,2006,4,All (PS),yield,4.0
7826,AO2008A115,Angola,AO,Moxico,none,Moxico,Potato,Main,2008,10,2009,4,All (PS),yield,6.104938271604938
7827,AO2008A115,Angola,AO,Moxico,none,Moxico,Potato,Main,2009,10,2010,4,All (PS),yield,6.0
7828,AO2008A115,Angola,AO,Moxico,none,Moxico,Potato,Main,2010,10,2011,4,All (PS),yield,5.993939393939394
7829,AO2008A115,Angola,AO,Moxico,none,Moxico,Potato,Main,2011,10,2012,4,All (PS),yield,5.793296089385475
7830,AO2008A115,Angola,AO,Moxico,none,Moxico,Potato,Main,2012,10,2013,4,All (PS),yield,6.564245810055866
7831,AO2008A115,Angola,AO,Moxico,none,Moxico,Potato,Main,2013,10,2014,4,All (PS),yield,6.575418994413408
7832,AO2008A115,Angola,AO,Moxico,none,Moxico,Potato,Main,2014,10,2015,4,All (PS),yield,6.575268817204301
7833,AO2008A115,Angola,AO,Moxico,none,Moxico,Potato,Main,2015,10,2016,4,All (PS),yield,6.575268817204301
7834,AO2008A115,Angola,AO,Moxico,none,Moxico,Potato,Main,2016,10,2017,4,All (PS),yield,6.7407407407407405
7835,AO2008A115,Angola,AO,Moxico,none,Moxico,Pineapple,Main,2014,10,2015,4,All (PS),yield,11.537735849056604
7836,AO2008A115,Angola,AO,Moxico,none,Moxico,Pineapple,Main,2015,10,2016,4,All (PS),yield,11.537735849056604
7837,AO2008A115,Angola,AO,Moxico,none,Moxico,Sorghum,Main,1997,10,1998,4,All (PS),yield,0.3
7838,AO2008A115,Angola,AO,Moxico,none,Moxico,Sorghum,Main,2006,10,2007,4,All (PS),yield,0.39986187845303867
7839,AO2008A115,Angola,AO,Moxico,none,Moxico,Sorghum,Main,2009,10,2010,4,All (PS),yield,0.22898318654923938
7840,AO2008A115,Angola,AO,Moxico,none,Moxico,Sorghum,Main,2010,10,2011,4,All (PS),yield,0.28401898734177217
7841,AO2008A115,Angola,AO,Moxico,none,Moxico,Sorghum,Main,2011,10,2012,4,All (PS),yield,0.04449339207048458
7842,AO2008A115,Angola,AO,Moxico,none,Moxico,Sorghum,Main,2012,10,2013,4,All (PS),yield,0.31762114537444935
7843,AO2008A115,Angola,AO,Moxico,none,Moxico,Sorghum,Main,2013,10,2014,4,All (PS),yield,0.33829321663019696
7844,AO2008A115,Angola,AO,Moxico,none,Moxico,Sorghum,Main,2014,10,2015,4,All (PS),yield,0.33499425067075506
7845,AO2008A115,Angola,AO,Moxico,none,Moxico,Sorghum,Main,2015,10,2016,4,All (PS),yield,0.33499425067075506
7846,AO2008A115,Angola,AO,Moxico,none,Moxico,Sorghum,Main,2016,10,2017,4,All (PS),yield,0.36884965441729967
7847,AO2008A115,Angola,AO,Moxico,none,Moxico,Soybean,Main,2008,10,2009,4,All (PS),yield,0.40055632823365783
7848,AO2008A115,Angola,AO,Moxico,none,Moxico,Soybean,Main,2009,10,2010,4,All (PS),yield,0.4
7849,AO2008A115,Angola,AO,Moxico,none,Moxico,Soybean,Main,2010,10,2011,4,All (PS),yield,0.50199203187251
7850,AO2008A115,Angola,AO,Moxico,none,Moxico,Soybean,Main,2011,10,2012,4,All (PS),yield,0.09177679882525698
7851,AO2008A115,Angola,AO,Moxico,none,Moxico,Soybean,Main,2012,10,2013,4,All (PS),yield,0.5
7852,AO2008A115,Angola,AO,Moxico,none,Moxico,Soybean,Main,2013,10,2014,4,All (PS),yield,0.6207317073170732
7853,AO2008A115,Angola,AO,Moxico,none,Moxico,Soybean,Main,2014,10,2015,4,All (PS),yield,0.6535874439461884
7854,AO2008A115,Angola,AO,Moxico,none,Moxico,Soybean,Main,2015,10,2016,4,All (PS),yield,0.6535874439461884
7855,AO2008A115,Angola,AO,Moxico,none,Moxico,Soybean,Main,2016,10,2017,4,All (PS),yield,0.7591623036649214
7856,AO2008A115,Angola,AO,Moxico,none,Moxico,Okras,Main,2014,10,2015,4,All (PS),yield,3.8333333333333335
7857,AO2008A115,Angola,AO,Moxico,none,Moxico,Okras,Main,2015,10,2016,4,All (PS),yield,3.8333333333333335
7858,AO2008A115,Angola,AO,Moxico,none,Moxico,Okras,Main,2016,10,2017,4,All (PS),yield,3.6666666666666665
7859,AO2008A115,Angola,AO,Moxico,none,Moxico,Cabbage,Main,2014,10,2015,4,All (PS),yield,9.275
7860,AO2008A115,Angola,AO,Moxico,none,Moxico,Cabbage,Main,2015,10,2016,4,All (PS),yield,9.275
7861,AO2008A115,Angola,AO,Moxico,none,Moxico,Cabbage,Main,2016,10,2017,4,All (PS),yield,10.488721804511279
7862,AO2008A115,Angola,AO,Moxico,none,Moxico,Millet,Main,2014,10,2015,4,All (PS),yield,0.42396924300676125
7863,AO2008A115,Angola,AO,Moxico,none,Moxico,Millet,Main,2015,10,2016,4,All (PS),yield,0.42396924300676125
7864,AO2008A115,Angola,AO,Moxico,none,Moxico,Millet,Main,2016,10,2017,4,All (PS),yield,0.37010846630245103
7865,AO2008A115,Angola,AO,Moxico,none,Moxico,Millet,Main,2000,10,2001,4,All (PS),yield,0.600181323662738
7866,AO2008A115,Angola,AO,Moxico,none,Moxico,Millet,Main,2001,10,2002,4,All (PS),yield,0.399729912221472
7867,AO2008A115,Angola,AO,Moxico,none,Moxico,Millet,Main,2002,10,2003,4,All (PS),yield,0.39896373056994816
7868,AO2008A115,Angola,AO,Moxico,none,Moxico,Millet,Main,2003,10,2004,4,All (PS),yield,0.4001677852348993
7869,AO2008A115,Angola,AO,Moxico,none,Moxico,Millet,Main,2004,10,2005,4,All (PS),yield,0.3495679497250589
7870,AO2008A115,Angola,AO,Moxico,none,Moxico,Millet,Main,2005,10,2006,4,All (PS),yield,0.349768875192604
7871,AO2008A115,Angola,AO,Moxico,none,Moxico,Millet,Main,2008,10,2009,4,All (PS),yield,0.1999657885733835
7872,AO2008A115,Angola,AO,Moxico,none,Moxico,Millet,Main,2009,10,2010,4,All (PS),yield,0.3345762711864407
7873,AO2008A115,Angola,AO,Moxico,none,Moxico,Millet,Main,2010,10,2011,4,All (PS),yield,0.3521663228059038
7874,AO2008A115,Angola,AO,Moxico,none,Moxico,Millet,Main,2011,10,2012,4,All (PS),yield,0.08853325502863016
7875,AO2008A115,Angola,AO,Moxico,none,Moxico,Millet,Main,2012,10,2013,4,All (PS),yield,0.3696960798707972
7876,AO2008A115,Angola,AO,Moxico,none,Moxico,Millet,Main,2013,10,2014,4,All (PS),yield,0.4097711267605634
7877,AO2008A115,Angola,AO,Moxico,none,Moxico,Rice,Main,2000,10,2001,4,All (PS),yield,1.5
7878,AO2008A115,Angola,AO,Moxico,none,Moxico,Rice,Main,2001,10,2002,4,All (PS),yield,1.49966239027684
7879,AO2008A115,Angola,AO,Moxico,none,Moxico,Rice,Main,2002,10,2003,4,All (PS),yield,1.499793217535153
7880,AO2008A115,Angola,AO,Moxico,none,Moxico,Rice,Main,2003,10,2004,4,All (PS),yield,0.9000289351851852
7881,AO2008A115,Angola,AO,Moxico,none,Moxico,Rice,Main,2004,10,2005,4,All (PS),yield,0.7000812787862368
7882,AO2008A115,Angola,AO,Moxico,none,Moxico,Rice,Main,2005,10,2006,4,All (PS),yield,0.4999335724724326
7883,AO2008A115,Angola,AO,Moxico,none,Moxico,Rice,Main,2006,10,2007,4,All (PS),yield,0.5210412732667925
7884,AO2008A115,Angola,AO,Moxico,none,Moxico,Rice,Main,2007,10,2008,4,All (PS),yield,0.519327731092437
7885,AO2008A115,Angola,AO,Moxico,none,Moxico,Rice,Main,2008,10,2009,4,All (PS),yield,0.5088637024120896
7886,AO2008A115,Angola,AO,Moxico,none,Moxico,Rice,Main,2009,10,2010,4,All (PS),yield,0.9246798350336445
7887,AO2008A115,Angola,AO,Moxico,none,Moxico,Rice,Main,2010,10,2011,4,All (PS),yield,1.2503980891719746
7888,AO2008A115,Angola,AO,Moxico,none,Moxico,Rice,Main,2011,10,2012,4,All (PS),yield,0.8607642830117291
7889,AO2008A115,Angola,AO,Moxico,none,Moxico,Rice,Main,2012,10,2013,4,All (PS),yield,1.715765680919194
7890,AO2008A115,Angola,AO,Moxico,none,Moxico,Rice,Main,2013,10,2014,4,All (PS),yield,1.8801491146318732
7891,AO2008A115,Angola,AO,Moxico,none,Moxico,Rice,Main,2014,10,2015,4,All (PS),yield,2.220731707317073
7892,AO2008A115,Angola,AO,Moxico,none,Moxico,Rice,Main,2015,10,2016,4,All (PS),yield,2.220731707317073
7893,AO2008A115,Angola,AO,Moxico,none,Moxico,Rice,Main,2016,10,2017,4,All (PS),yield,1.181078455185815
7894,AO2008A115,Angola,AO,Moxico,none,Moxico,Garlic,Main,2008,10,2009,4,All (PS),yield,3.0259856630824373
7895,AO2008A115,Angola,AO,Moxico,none,Moxico,Garlic,Main,2009,10,2010,4,All (PS),yield,2.159688995215311
7896,AO2008A115,Angola,AO,Moxico,none,Moxico,Garlic,Main,2010,10,2011,4,All (PS),yield,6.653846153846154
7897,AO2008A115,Angola,AO,Moxico,none,Moxico,Garlic,Main,2011,10,2012,4,All (PS),yield,3.7706655362441714
7898,AO2008A116,Angola,AO,Namibe,none,Namibe,Maize,Main,1996,10,1997,4,All (PS),yield,0.6199924414210128
7899,AO2008A116,Angola,AO,Namibe,none,Namibe,Maize,Main,1997,10,1998,4,All (PS),yield,0.8
7900,AO2008A116,Angola,AO,Namibe,none,Namibe,Maize,Main,1998,10,1999,4,All (PS),yield,0.2999872073685557
7901,AO2008A116,Angola,AO,Namibe,none,Namibe,Maize,Main,1999,10,2000,4,All (PS),yield,0.6000593383770954
7902,AO2008A116,Angola,AO,Namibe,none,Namibe,Maize,Main,2000,10,2001,4,All (PS),yield,0.5999337638681901
7903,AO2008A116,Angola,AO,Namibe,none,Namibe,Maize,Main,2001,10,2002,4,All (PS),yield,0.40008754650908296
7904,AO2008A116,Angola,AO,Namibe,none,Namibe,Maize,Main,2002,10,2003,4,All (PS),yield,0.5999643620812545
7905,AO2008A116,Angola,AO,Namibe,none,Namibe,Maize,Main,2003,10,2004,4,All (PS),yield,0.4
7906,AO2008A116,Angola,AO,Namibe,none,Namibe,Maize,Main,2004,10,2005,4,All (PS),yield,0.5
7907,AO2008A116,Angola,AO,Namibe,none,Namibe,Maize,Main,2005,10,2006,4,All (PS),yield,0.34903979410017816
7908,AO2008A116,Angola,AO,Namibe,none,Namibe,Maize,Main,2006,10,2007,4,All (PS),yield,0.3255250403877221
7909,AO2008A116,Angola,AO,Namibe,none,Namibe,Maize,Main,2007,10,2008,4,All (PS),yield,0.5190507705398506
7910,AO2008A116,Angola,AO,Namibe,none,Namibe,Maize,Main,2008,10,2009,4,All (PS),yield,0.3389094418529838
7911,AO2008A116,Angola,AO,Namibe,none,Namibe,Maize,Main,2009,10,2010,4,All (PS),yield,0.33573602434726896
7912,AO2008A116,Angola,AO,Namibe,none,Namibe,Maize,Main,2010,10,2011,4,All (PS),yield,0.40707895149897977
7913,AO2008A116,Angola,AO,Namibe,none,Namibe,Maize,Main,2011,10,2012,4,All (PS),yield,0.11840908378030802
7914,AO2008A116,Angola,AO,Namibe,none,Namibe,Maize,Main,2012,10,2013,4,All (PS),yield,0.27753222836095764
7915,AO2008A116,Angola,AO,Namibe,none,Namibe,Maize,Main,2013,10,2014,4,All (PS),yield,0.32721352147619787
7916,AO2008A116,Angola,AO,Namibe,none,Namibe,Maize,Main,2014,10,2015,4,All (PS),yield,0.41267547481420314
7917,AO2008A116,Angola,AO,Namibe,none,Namibe,Maize,Main,2015,10,2016,4,All (PS),yield,0.41267547481420314
7918,AO2008A116,Angola,AO,Namibe,none,Namibe,Maize,Main,2016,10,2017,4,All (PS),yield,0.6333642002714599
7919,AO2008A116,Angola,AO,Namibe,none,Namibe,Chili Pepper,Main,2014,10,2015,4,All (PS),yield,2.6341463414634148
7920,AO2008A116,Angola,AO,Namibe,none,Namibe,Chili Pepper,Main,2015,10,2016,4,All (PS),yield,2.6341463414634148
7921,AO2008A116,Angola,AO,Namibe,none,Namibe,Chili Pepper,Main,2016,10,2017,4,All (PS),yield,2.5755395683453237
7922,AO2008A116,Angola,AO,Namibe,none,Namibe,Sweet Potatoes,Main,2000,10,2001,4,All (PS),yield,2.5
7923,AO2008A116,Angola,AO,Namibe,none,Namibe,Sweet Potatoes,Main,2001,10,2002,4,All (PS),yield,3.0010460251046025
7924,AO2008A116,Angola,AO,Namibe,none,Namibe,Sweet Potatoes,Main,2002,10,2003,4,All (PS),yield,2.498723404255319
7925,AO2008A116,Angola,AO,Namibe,none,Namibe,Sweet Potatoes,Main,2004,10,2005,4,All (PS),yield,2.5007739938080493
7926,AO2008A116,Angola,AO,Namibe,none,Namibe,Sweet Potatoes,Main,2005,10,2006,4,All (PS),yield,3.0
7927,AO2008A116,Angola,AO,Namibe,none,Namibe,Sweet Potatoes,Main,2007,10,2008,4,All (PS),yield,3.9979274611398963
7928,AO2008A116,Angola,AO,Namibe,none,Namibe,Sweet Potatoes,Main,2008,10,2009,4,All (PS),yield,5.0
7929,AO2008A116,Angola,AO,Namibe,none,Namibe,Sweet Potatoes,Main,2009,10,2010,4,All (PS),yield,4.999664654594232
7930,AO2008A116,Angola,AO,Namibe,none,Namibe,Sweet Potatoes,Main,2010,10,2011,4,All (PS),yield,6.788663171690694
7931,AO2008A116,Angola,AO,Namibe,none,Namibe,Sweet Potatoes,Main,2011,10,2012,4,All (PS),yield,4.381388012618297
7932,AO2008A116,Angola,AO,Namibe,none,Namibe,Sweet Potatoes,Main,2012,10,2013,4,All (PS),yield,7.1950763477718915
7933,AO2008A116,Angola,AO,Namibe,none,Namibe,Sweet Potatoes,Main,2013,10,2014,4,All (PS),yield,10.432680901542112
7934,AO2008A116,Angola,AO,Namibe,none,Namibe,Sweet Potatoes,Main,2014,10,2015,4,All (PS),yield,10.418884120171674
7935,AO2008A116,Angola,AO,Namibe,none,Namibe,Sweet Potatoes,Main,2015,10,2016,4,All (PS),yield,10.347110332749562
7936,AO2008A116,Angola,AO,Namibe,none,Namibe,Sweet Potatoes,Main,2016,10,2017,4,All (PS),yield,9.55808383233533
7937,AO2008A116,Angola,AO,Namibe,none,Namibe,Banana,Main,2006,10,2007,4,All (PS),yield,18.983037475345167
7938,AO2008A116,Angola,AO,Namibe,none,Namibe,Banana,Main,2007,10,2008,4,All (PS),yield,11.090320975367007
7939,AO2008A116,Angola,AO,Namibe,none,Namibe,Banana,Main,2008,10,2009,4,All (PS),yield,11.182467372568333
7940,AO2008A116,Angola,AO,Namibe,none,Namibe,Banana,Main,2009,10,2010,4,All (PS),yield,11.040927694406548
7941,AO2008A116,Angola,AO,Namibe,none,Namibe,Banana,Main,2010,10,2011,4,All (PS),yield,22.971968503937006
7942,AO2008A116,Angola,AO,Namibe,none,Namibe,Banana,Main,2011,10,2012,4,All (PS),yield,12.674775557486244
7943,AO2008A116,Angola,AO,Namibe,none,Namibe,Banana,Main,2012,10,2013,4,All (PS),yield,17.03874883286648
7944,AO2008A116,Angola,AO,Namibe,none,Namibe,Banana,Main,2013,10,2014,4,All (PS),yield,21.91372031662269
7945,AO2008A116,Angola,AO,Namibe,none,Namibe,Banana,Main,2014,10,2015,4,All (PS),yield,18.532483810319615
7946,AO2008A116,Angola,AO,Namibe,none,Namibe,Banana,Main,2015,10,2016,4,All (PS),yield,18.532483810319615
7947,AO2008A116,Angola,AO,Namibe,none,Namibe,Banana,Main,2016,10,2017,4,All (PS),yield,22.458444260498
7948,AO2008A116,Angola,AO,Namibe,none,Namibe,Tomato,Main,2014,10,2015,4,All (PS),yield,14.782660332541568
7949,AO2008A116,Angola,AO,Namibe,none,Namibe,Tomato,Main,2015,10,2016,4,All (PS),yield,14.782660332541568
7950,AO2008A116,Angola,AO,Namibe,none,Namibe,Tomato,Main,2016,10,2017,4,All (PS),yield,15.451999756498447
7951,AO2008A116,Angola,AO,Namibe,none,Namibe,Onions,Main,2014,10,2015,4,All (PS),yield,11.9228515625
7952,AO2008A116,Angola,AO,Namibe,none,Namibe,Onions,Main,2015,10,2016,4,All (PS),yield,11.9228515625
7953,AO2008A116,Angola,AO,Namibe,none,Namibe,Onions,Main,2016,10,2017,4,All (PS),yield,12.643345607574961
7954,AO2008A116,Angola,AO,Namibe,none,Namibe,Mango,Main,2015,10,2016,4,All (PS),yield,6.957854406130268
7955,AO2008A116,Angola,AO,Namibe,none,Namibe,Mango,Main,2016,10,2017,4,All (PS),yield,8.458585858585858
7956,AO2008A116,Angola,AO,Namibe,none,Namibe,Groundnuts (In Shell),Main,2007,10,2008,4,All (PS),yield,0.19875776397515527
7957,AO2008A116,Angola,AO,Namibe,none,Namibe,Groundnuts (In Shell),Main,2008,10,2009,4,All (PS),yield,0.20095693779904306
7958,AO2008A116,Angola,AO,Namibe,none,Namibe,Groundnuts (In Shell),Main,2009,10,2010,4,All (PS),yield,0.29545454545454547
7959,AO2008A116,Angola,AO,Namibe,none,Namibe,Groundnuts (In Shell),Main,2010,10,2011,4,All (PS),yield,0.35282651072124754
7960,AO2008A116,Angola,AO,Namibe,none,Namibe,Groundnuts (In Shell),Main,2011,10,2012,4,All (PS),yield,0.10295081967213114
7961,AO2008A116,Angola,AO,Namibe,none,Namibe,Groundnuts (In Shell),Main,2012,10,2013,4,All (PS),yield,0.2898832684824903
7962,AO2008A116,Angola,AO,Namibe,none,Namibe,Groundnuts (In Shell),Main,2013,10,2014,4,All (PS),yield,0.42084942084942084
7963,AO2008A116,Angola,AO,Namibe,none,Namibe,Groundnuts (In Shell),Main,2014,10,2015,4,All (PS),yield,0.5356521739130434
7964,AO2008A116,Angola,AO,Namibe,none,Namibe,Groundnuts (In Shell),Main,2015,10,2016,4,All (PS),yield,0.5356521739130434
7965,AO2008A116,Angola,AO,Namibe,none,Namibe,Groundnuts (In Shell),Main,2016,10,2017,4,All (PS),yield,0.5101270965121003
7966,AO2008A116,Angola,AO,Namibe,none,Namibe,Lemon,Main,2015,10,2016,4,All (PS),yield,7.960835509138382
7967,AO2008A116,Angola,AO,Namibe,none,Namibe,Lemon,Main,2016,10,2017,4,All (PS),yield,6.538813038300701
7968,AO2008A116,Angola,AO,Namibe,none,Namibe,Beans (mixed),Main,2000,10,2001,4,All (PS),yield,0.20040691759918616
7969,AO2008A116,Angola,AO,Namibe,none,Namibe,Beans (mixed),Main,2001,10,2002,4,All (PS),yield,0.3
7970,AO2008A116,Angola,AO,Namibe,none,Namibe,Beans (mixed),Main,2002,10,2003,4,All (PS),yield,0.24980842911877393
7971,AO2008A116,Angola,AO,Namibe,none,Namibe,Beans (mixed),Main,2003,10,2004,4,All (PS),yield,0.24976958525345622
7972,AO2008A116,Angola,AO,Namibe,none,Namibe,Beans (mixed),Main,2004,10,2005,4,All (PS),yield,0.30013927576601673
7973,AO2008A116,Angola,AO,Namibe,none,Namibe,Beans (mixed),Main,2005,10,2006,4,All (PS),yield,0.5003465003465003
7974,AO2008A116,Angola,AO,Namibe,none,Namibe,Beans (mixed),Main,2006,10,2007,4,All (PS),yield,0.42511210762331836
7975,AO2008A116,Angola,AO,Namibe,none,Namibe,Beans (mixed),Main,2007,10,2008,4,All (PS),yield,0.32655172413793104
7976,AO2008A116,Angola,AO,Namibe,none,Namibe,Beans (mixed),Main,2008,10,2009,4,All (PS),yield,0.32026726057906457
7977,AO2008A116,Angola,AO,Namibe,none,Namibe,Beans (mixed),Main,2009,10,2010,4,All (PS),yield,0.32003469210754554
7978,AO2008A116,Angola,AO,Namibe,none,Namibe,Beans (mixed),Main,2010,10,2011,4,All (PS),yield,0.3664825046040516
7979,AO2008A116,Angola,AO,Namibe,none,Namibe,Beans (mixed),Main,2011,10,2012,4,All (PS),yield,0.13043478260869565
7980,AO2008A116,Angola,AO,Namibe,none,Namibe,Beans (mixed),Main,2012,10,2013,4,All (PS),yield,0.26915208001818597
7981,AO2008A116,Angola,AO,Namibe,none,Namibe,Beans (mixed),Main,2013,10,2014,4,All (PS),yield,0.37378535953357805
7982,AO2008A116,Angola,AO,Namibe,none,Namibe,Beans (mixed),Main,2014,10,2015,4,All (PS),yield,0.5523747560182173
7983,AO2008A116,Angola,AO,Namibe,none,Namibe,Beans (mixed),Main,2015,10,2016,4,All (PS),yield,0.5523747560182173
7984,AO2008A116,Angola,AO,Namibe,none,Namibe,Beans (mixed),Main,2016,10,2017,4,All (PS),yield,0.5390431722359664
7985,AO2008A116,Angola,AO,Namibe,none,Namibe,Cassava,Main,1996,10,1997,4,All (PS),yield,5.0
7986,AO2008A116,Angola,AO,Namibe,none,Namibe,Cassava,Main,1997,10,1998,4,All (PS),yield,5.0
7987,AO2008A116,Angola,AO,Namibe,none,Namibe,Cassava,Main,2007,10,2008,4,All (PS),yield,10.960227272727273
7988,AO2008A116,Angola,AO,Namibe,none,Namibe,Cassava,Main,2008,10,2009,4,All (PS),yield,13.229508196721312
7989,AO2008A116,Angola,AO,Namibe,none,Namibe,Cassava,Main,2009,10,2010,4,All (PS),yield,5.419024390243902
7990,AO2008A116,Angola,AO,Namibe,none,Namibe,Cassava,Main,2010,10,2011,4,All (PS),yield,5.2218763895064475
7991,AO2008A116,Angola,AO,Namibe,none,Namibe,Cassava,Main,2011,10,2012,4,All (PS),yield,3.9109989909182645
7992,AO2008A116,Angola,AO,Namibe,none,Namibe,Cassava,Main,2012,10,2013,4,All (PS),yield,5.18012668250198
7993,AO2008A116,Angola,AO,Namibe,none,Namibe,Cassava,Main,2013,10,2014,4,All (PS),yield,5.221390168970814
7994,AO2008A116,Angola,AO,Namibe,none,Namibe,Cassava,Main,2015,10,2016,4,All (PS),yield,5.182178932178932
7995,AO2008A116,Angola,AO,Namibe,none,Namibe,Cassava,Main,2016,10,2017,4,All (PS),yield,7.207147421717544
7996,AO2008A116,Angola,AO,Namibe,none,Namibe,Potato,Main,2001,10,2002,4,All (PS),yield,3.9968652037617556
7997,AO2008A116,Angola,AO,Namibe,none,Namibe,Potato,Main,2002,10,2003,4,All (PS),yield,2.4885496183206106
7998,AO2008A116,Angola,AO,Namibe,none,Namibe,Potato,Main,2003,10,2004,4,All (PS),yield,2.509259259259259
7999,AO2008A116,Angola,AO,Namibe,none,Namibe,Potato,Main,2004,10,2005,4,All (PS),yield,2.5
8000,AO2008A116,Angola,AO,Namibe,none,Namibe,Potato,Main,2006,10,2007,4,All (PS),yield,6.998898678414097
8001,AO2008A116,Angola,AO,Namibe,none,Namibe,Potato,Main,2007,10,2008,4,All (PS),yield,7.1298076923076925
8002,AO2008A116,Angola,AO,Namibe,none,Namibe,Potato,Main,2008,10,2009,4,All (PS),yield,8.25187969924812
8003,AO2008A116,Angola,AO,Namibe,none,Namibe,Potato,Main,2009,10,2010,4,All (PS),yield,8.527918781725889
8004,AO2008A116,Angola,AO,Namibe,none,Namibe,Potato,Main,2010,10,2011,4,All (PS),yield,9.603037974683545
8005,AO2008A116,Angola,AO,Namibe,none,Namibe,Potato,Main,2011,10,2012,4,All (PS),yield,7.70931326434619
8006,AO2008A116,Angola,AO,Namibe,none,Namibe,Potato,Main,2012,10,2013,4,All (PS),yield,8.076528231451237
8007,AO2008A116,Angola,AO,Namibe,none,Namibe,Potato,Main,2013,10,2014,4,All (PS),yield,8.3069590085796
8008,AO2008A116,Angola,AO,Namibe,none,Namibe,Potato,Main,2014,10,2015,4,All (PS),yield,8.117974918718067
8009,AO2008A116,Angola,AO,Namibe,none,Namibe,Potato,Main,2015,10,2016,4,All (PS),yield,8.117974918718067
8010,AO2008A116,Angola,AO,Namibe,none,Namibe,Potato,Main,2016,10,2017,4,All (PS),yield,11.777522935779816
8011,AO2008A116,Angola,AO,Namibe,none,Namibe,Pineapple,Main,2007,10,2008,4,All (PS),yield,6.101498445009895
8012,AO2008A116,Angola,AO,Namibe,none,Namibe,Sorghum,Main,2006,10,2007,4,All (PS),yield,0.4
8013,AO2008A116,Angola,AO,Namibe,none,Namibe,Sorghum,Main,2007,10,2008,4,All (PS),yield,0.060047846889952156
8014,AO2008A116,Angola,AO,Namibe,none,Namibe,Sorghum,Main,2008,10,2009,4,All (PS),yield,0.3009662974310629
8015,AO2008A116,Angola,AO,Namibe,none,Namibe,Sorghum,Main,2009,10,2010,4,All (PS),yield,0.334595256652934
8016,AO2008A116,Angola,AO,Namibe,none,Namibe,Sorghum,Main,2010,10,2011,4,All (PS),yield,0.3508507430540599
8017,AO2008A116,Angola,AO,Namibe,none,Namibe,Sorghum,Main,2011,10,2012,4,All (PS),yield,0.05307057745187901
8018,AO2008A116,Angola,AO,Namibe,none,Namibe,Sorghum,Main,2012,10,2013,4,All (PS),yield,0.09498946597050471
8019,AO2008A116,Angola,AO,Namibe,none,Namibe,Sorghum,Main,2013,10,2014,4,All (PS),yield,0.09601465872652314
8020,AO2008A116,Angola,AO,Namibe,none,Namibe,Sorghum,Main,2014,10,2015,4,All (PS),yield,0.4239401496259352
8021,AO2008A116,Angola,AO,Namibe,none,Namibe,Sorghum,Main,2015,10,2016,4,All (PS),yield,0.4239401496259352
8022,AO2008A116,Angola,AO,Namibe,none,Namibe,Sorghum,Main,2016,10,2017,4,All (PS),yield,0.309489165912934
8023,AO2008A116,Angola,AO,Namibe,none,Namibe,Cabbage,Main,2014,10,2015,4,All (PS),yield,12.898580121703853
8024,AO2008A116,Angola,AO,Namibe,none,Namibe,Cabbage,Main,2015,10,2016,4,All (PS),yield,12.898580121703853
8025,AO2008A116,Angola,AO,Namibe,none,Namibe,Cabbage,Main,2016,10,2017,4,All (PS),yield,13.391250387837419
8026,AO2008A116,Angola,AO,Namibe,none,Namibe,Millet,Main,2014,10,2015,4,All (PS),yield,0.16940692894891368
8027,AO2008A116,Angola,AO,Namibe,none,Namibe,Millet,Main,2015,10,2016,4,All (PS),yield,0.16940692894891368
8028,AO2008A116,Angola,AO,Namibe,none,Namibe,Millet,Main,2016,10,2017,4,All (PS),yield,0.2940596661847812
8029,AO2008A116,Angola,AO,Namibe,none,Namibe,Millet,Main,2000,10,2001,4,All (PS),yield,0.40005274261603374
8030,AO2008A116,Angola,AO,Namibe,none,Namibe,Millet,Main,2001,10,2002,4,All (PS),yield,0.5
8031,AO2008A116,Angola,AO,Namibe,none,Namibe,Millet,Main,2002,10,2003,4,All (PS),yield,0.39995621716287216
8032,AO2008A116,Angola,AO,Namibe,none,Namibe,Millet,Main,2003,10,2004,4,All (PS),yield,0.40005267316302345
8033,AO2008A116,Angola,AO,Namibe,none,Namibe,Millet,Main,2004,10,2005,4,All (PS),yield,0.34990328820116057
8034,AO2008A116,Angola,AO,Namibe,none,Namibe,Millet,Main,2005,10,2006,4,All (PS),yield,0.34988452655889146
8035,AO2008A116,Angola,AO,Namibe,none,Namibe,Millet,Main,2006,10,2007,4,All (PS),yield,0.3999761848059062
8036,AO2008A116,Angola,AO,Namibe,none,Namibe,Millet,Main,2007,10,2008,4,All (PS),yield,0.08989113530326594
8037,AO2008A116,Angola,AO,Namibe,none,Namibe,Millet,Main,2008,10,2009,4,All (PS),yield,0.30783242258652094
8038,AO2008A116,Angola,AO,Namibe,none,Namibe,Millet,Main,2009,10,2010,4,All (PS),yield,0.33680154142581886
8039,AO2008A116,Angola,AO,Namibe,none,Namibe,Millet,Main,2010,10,2011,4,All (PS),yield,0.3900304414003044
8040,AO2008A116,Angola,AO,Namibe,none,Namibe,Millet,Main,2011,10,2012,4,All (PS),yield,0.1195687683763476
8041,AO2008A116,Angola,AO,Namibe,none,Namibe,Millet,Main,2012,10,2013,4,All (PS),yield,0.14500159693388695
8042,AO2008A116,Angola,AO,Namibe,none,Namibe,Millet,Main,2013,10,2014,4,All (PS),yield,0.1632191338073691
8043,AO2008A116,Angola,AO,Namibe,none,Namibe,Garlic,Main,2008,10,2009,4,All (PS),yield,4.337805410122164
8044,AO2008A116,Angola,AO,Namibe,none,Namibe,Garlic,Main,2009,10,2010,4,All (PS),yield,4.564062148164828
8045,AO2008A116,Angola,AO,Namibe,none,Namibe,Garlic,Main,2010,10,2011,4,All (PS),yield,4.710743801652892
8046,AO2008A116,Angola,AO,Namibe,none,Namibe,Garlic,Main,2011,10,2012,4,All (PS),yield,2.645207288090837
8047,AO2008A117,Angola,AO,Uige,none,Uige,Maize,Main,1996,10,1997,4,All (PS),yield,0.51
8048,AO2008A117,Angola,AO,Uige,none,Uige,Maize,Main,1997,10,1998,4,All (PS),yield,0.5
8049,AO2008A117,Angola,AO,Uige,none,Uige,Maize,Main,1998,10,1999,4,All (PS),yield,0.8499907515876441
8050,AO2008A117,Angola,AO,Uige,none,Uige,Maize,Main,1999,10,2000,4,All (PS),yield,0.8000119146908138
8051,AO2008A117,Angola,AO,Uige,none,Uige,Maize,Main,2000,10,2001,4,All (PS),yield,0.35001263583522874
8052,AO2008A117,Angola,AO,Uige,none,Uige,Maize,Main,2001,10,2002,4,All (PS),yield,0.6499899768034594
8053,AO2008A117,Angola,AO,Uige,none,Uige,Maize,Main,2002,10,2003,4,All (PS),yield,0.75
8054,AO2008A117,Angola,AO,Uige,none,Uige,Maize,Main,2003,10,2004,4,All (PS),yield,0.75
8055,AO2008A117,Angola,AO,Uige,none,Uige,Maize,Main,2004,10,2005,4,All (PS),yield,0.49997426527356015
8056,AO2008A117,Angola,AO,Uige,none,Uige,Maize,Main,2005,10,2006,4,All (PS),yield,0.4999749058971142
8057,AO2008A117,Angola,AO,Uige,none,Uige,Maize,Main,2006,10,2007,4,All (PS),yield,0.5063773709229539
8058,AO2008A117,Angola,AO,Uige,none,Uige,Maize,Main,2007,10,2008,4,All (PS),yield,0.5068865839143003
8059,AO2008A117,Angola,AO,Uige,none,Uige,Maize,Main,2008,10,2009,4,All (PS),yield,0.6634056429887991
8060,AO2008A117,Angola,AO,Uige,none,Uige,Maize,Main,2009,10,2010,4,All (PS),yield,0.7057446866410864
8061,AO2008A117,Angola,AO,Uige,none,Uige,Maize,Main,2010,10,2011,4,All (PS),yield,0.8470975463794135
8062,AO2008A117,Angola,AO,Uige,none,Uige,Maize,Main,2011,10,2012,4,All (PS),yield,0.03866701803981697
8063,AO2008A117,Angola,AO,Uige,none,Uige,Maize,Main,2012,10,2013,4,All (PS),yield,0.8198051570601502
8064,AO2008A117,Angola,AO,Uige,none,Uige,Maize,Main,2013,10,2014,4,All (PS),yield,0.8180977267997133
8065,AO2008A117,Angola,AO,Uige,none,Uige,Maize,Main,2014,10,2015,4,All (PS),yield,0.8369717095831746
8066,AO2008A117,Angola,AO,Uige,none,Uige,Maize,Main,2015,10,2016,4,All (PS),yield,0.8369717095831746
8067,AO2008A117,Angola,AO,Uige,none,Uige,Maize,Main,2016,10,2017,4,All (PS),yield,1.2889487173636938
8068,AO2008A117,Angola,AO,Uige,none,Uige,Chili Pepper,Main,2014,10,2015,4,All (PS),yield,2.443661971830986
8069,AO2008A117,Angola,AO,Uige,none,Uige,Chili Pepper,Main,2015,10,2016,4,All (PS),yield,2.443661971830986
8070,AO2008A117,Angola,AO,Uige,none,Uige,Chili Pepper,Main,2016,10,2017,4,All (PS),yield,2.757229320780094
8071,AO2008A117,Angola,AO,Uige,none,Uige,Sweet Potatoes,Main,2000,10,2001,4,All (PS),yield,4.0000702000702
8072,AO2008A117,Angola,AO,Uige,none,Uige,Sweet Potatoes,Main,2001,10,2002,4,All (PS),yield,4.50008591557363
8073,AO2008A117,Angola,AO,Uige,none,Uige,Sweet Potatoes,Main,2002,10,2003,4,All (PS),yield,3.999843284751606
8074,AO2008A117,Angola,AO,Uige,none,Uige,Sweet Potatoes,Main,2003,10,2004,4,All (PS),yield,4.000057897174618
8075,AO2008A117,Angola,AO,Uige,none,Uige,Sweet Potatoes,Main,2004,10,2005,4,All (PS),yield,5.0
8076,AO2008A117,Angola,AO,Uige,none,Uige,Sweet Potatoes,Main,2005,10,2006,4,All (PS),yield,4.834282405173246
8077,AO2008A117,Angola,AO,Uige,none,Uige,Sweet Potatoes,Main,2006,10,2007,4,All (PS),yield,6.599681359532661
8078,AO2008A117,Angola,AO,Uige,none,Uige,Sweet Potatoes,Main,2007,10,2008,4,All (PS),yield,9.610006658422906
8079,AO2008A117,Angola,AO,Uige,none,Uige,Sweet Potatoes,Main,2008,10,2009,4,All (PS),yield,6.999905213270142
8080,AO2008A117,Angola,AO,Uige,none,Uige,Sweet Potatoes,Main,2009,10,2010,4,All (PS),yield,8.671070433744529
8081,AO2008A117,Angola,AO,Uige,none,Uige,Sweet Potatoes,Main,2010,10,2011,4,All (PS),yield,7.708109965635739
8082,AO2008A117,Angola,AO,Uige,none,Uige,Sweet Potatoes,Main,2011,10,2012,4,All (PS),yield,4.666123990622558
8083,AO2008A117,Angola,AO,Uige,none,Uige,Sweet Potatoes,Main,2012,10,2013,4,All (PS),yield,7.981232202951074
8084,AO2008A117,Angola,AO,Uige,none,Uige,Sweet Potatoes,Main,2013,10,2014,4,All (PS),yield,12.088676155687114
8085,AO2008A117,Angola,AO,Uige,none,Uige,Sweet Potatoes,Main,2014,10,2015,4,All (PS),yield,12.156932453021838
8086,AO2008A117,Angola,AO,Uige,none,Uige,Sweet Potatoes,Main,2015,10,2016,4,All (PS),yield,12.156932453021838
8087,AO2008A117,Angola,AO,Uige,none,Uige,Sweet Potatoes,Main,2016,10,2017,4,All (PS),yield,11.21035741949762
8088,AO2008A117,Angola,AO,Uige,none,Uige,Banana,Main,2006,10,2007,4,All (PS),yield,20.52980132450331
8089,AO2008A117,Angola,AO,Uige,none,Uige,Banana,Main,2007,10,2008,4,All (PS),yield,19.380187525479005
8090,AO2008A117,Angola,AO,Uige,none,Uige,Banana,Main,2008,10,2009,4,All (PS),yield,20.189294352718477
8091,AO2008A117,Angola,AO,Uige,none,Uige,Banana,Main,2009,10,2010,4,All (PS),yield,20.65627623845508
8092,AO2008A117,Angola,AO,Uige,none,Uige,Banana,Main,2010,10,2011,4,All (PS),yield,23.79758241758242
8093,AO2008A117,Angola,AO,Uige,none,Uige,Banana,Main,2011,10,2012,4,All (PS),yield,16.076786210731164
8094,AO2008A117,Angola,AO,Uige,none,Uige,Banana,Main,2012,10,2013,4,All (PS),yield,20.080077799388718
8095,AO2008A117,Angola,AO,Uige,none,Uige,Banana,Main,2013,10,2014,4,All (PS),yield,22.685968324534592
8096,AO2008A117,Angola,AO,Uige,none,Uige,Banana,Main,2014,10,2015,4,All (PS),yield,23.84502732240437
8097,AO2008A117,Angola,AO,Uige,none,Uige,Banana,Main,2015,10,2016,4,All (PS),yield,23.84502732240437
8098,AO2008A117,Angola,AO,Uige,none,Uige,Banana,Main,2016,10,2017,4,All (PS),yield,33.80804698649687
8099,AO2008A117,Angola,AO,Uige,none,Uige,Tomato,Main,2014,10,2015,4,All (PS),yield,10.501488095238095
8100,AO2008A117,Angola,AO,Uige,none,Uige,Tomato,Main,2015,10,2016,4,All (PS),yield,10.501488095238095
8101,AO2008A117,Angola,AO,Uige,none,Uige,Tomato,Main,2016,10,2017,4,All (PS),yield,9.34146645089008
8102,AO2008A117,Angola,AO,Uige,none,Uige,Onions,Main,2014,10,2015,4,All (PS),yield,12.637096774193548
8103,AO2008A117,Angola,AO,Uige,none,Uige,Onions,Main,2015,10,2016,4,All (PS),yield,12.637096774193548
8104,AO2008A117,Angola,AO,Uige,none,Uige,Onions,Main,2016,10,2017,4,All (PS),yield,11.067897165458142
8105,AO2008A117,Angola,AO,Uige,none,Uige,Mango,Main,2015,10,2016,4,All (PS),yield,7.100358422939068
8106,AO2008A117,Angola,AO,Uige,none,Uige,Mango,Main,2016,10,2017,4,All (PS),yield,7.365250965250965
8107,AO2008A117,Angola,AO,Uige,none,Uige,Groundnuts (In Shell),Main,2001,10,2002,4,All (PS),yield,0.400019637684717
8108,AO2008A117,Angola,AO,Uige,none,Uige,Groundnuts (In Shell),Main,2002,10,2003,4,All (PS),yield,0.3
8109,AO2008A117,Angola,AO,Uige,none,Uige,Groundnuts (In Shell),Main,2003,10,2004,4,All (PS),yield,0.3
8110,AO2008A117,Angola,AO,Uige,none,Uige,Groundnuts (In Shell),Main,2004,10,2005,4,All (PS),yield,0.40001029406718597
8111,AO2008A117,Angola,AO,Uige,none,Uige,Groundnuts (In Shell),Main,2005,10,2006,4,All (PS),yield,0.4433700271020845
8112,AO2008A117,Angola,AO,Uige,none,Uige,Groundnuts (In Shell),Main,2006,10,2007,4,All (PS),yield,0.3003157676778134
8113,AO2008A117,Angola,AO,Uige,none,Uige,Groundnuts (In Shell),Main,2007,10,2008,4,All (PS),yield,0.4205413857128897
8114,AO2008A117,Angola,AO,Uige,none,Uige,Groundnuts (In Shell),Main,2008,10,2009,4,All (PS),yield,0.40000785098824315
8115,AO2008A117,Angola,AO,Uige,none,Uige,Groundnuts (In Shell),Main,2009,10,2010,4,All (PS),yield,0.3999960457115742
8116,AO2008A117,Angola,AO,Uige,none,Uige,Groundnuts (In Shell),Main,2010,10,2011,4,All (PS),yield,0.5175180811937987
8117,AO2008A117,Angola,AO,Uige,none,Uige,Groundnuts (In Shell),Main,2011,10,2012,4,All (PS),yield,0.26640285719076445
8118,AO2008A117,Angola,AO,Uige,none,Uige,Groundnuts (In Shell),Main,2012,10,2013,4,All (PS),yield,0.5900555805918581
8119,AO2008A117,Angola,AO,Uige,none,Uige,Groundnuts (In Shell),Main,2013,10,2014,4,All (PS),yield,0.776137044682693
8120,AO2008A117,Angola,AO,Uige,none,Uige,Groundnuts (In Shell),Main,2014,10,2015,4,All (PS),yield,0.8264062733135497
8121,AO2008A117,Angola,AO,Uige,none,Uige,Groundnuts (In Shell),Main,2015,10,2016,4,All (PS),yield,0.8264062733135497
8122,AO2008A117,Angola,AO,Uige,none,Uige,Groundnuts (In Shell),Main,2016,10,2017,4,All (PS),yield,0.7513529473708118
8123,AO2008A117,Angola,AO,Uige,none,Uige,Lemon,Main,2015,10,2016,4,All (PS),yield,10.6111645813282
8124,AO2008A117,Angola,AO,Uige,none,Uige,Lemon,Main,2016,10,2017,4,All (PS),yield,9.156324718205624
8125,AO2008A117,Angola,AO,Uige,none,Uige,Beans (mixed),Main,2000,10,2001,4,All (PS),yield,0.4500187195806814
8126,AO2008A117,Angola,AO,Uige,none,Uige,Beans (mixed),Main,2001,10,2002,4,All (PS),yield,0.44999809080148157
8127,AO2008A117,Angola,AO,Uige,none,Uige,Beans (mixed),Main,2002,10,2003,4,All (PS),yield,0.3000234439104443
8128,AO2008A117,Angola,AO,Uige,none,Uige,Beans (mixed),Main,2003,10,2004,4,All (PS),yield,0.29999444197421077
8129,AO2008A117,Angola,AO,Uige,none,Uige,Beans (mixed),Main,2004,10,2005,4,All (PS),yield,0.3100005146945288
8130,AO2008A117,Angola,AO,Uige,none,Uige,Beans (mixed),Main,2005,10,2006,4,All (PS),yield,0.34000853220908933
8131,AO2008A117,Angola,AO,Uige,none,Uige,Beans (mixed),Main,2006,10,2007,4,All (PS),yield,0.30236259903779084
8132,AO2008A117,Angola,AO,Uige,none,Uige,Beans (mixed),Main,2007,10,2008,4,All (PS),yield,0.40101462011664135
8133,AO2008A117,Angola,AO,Uige,none,Uige,Beans (mixed),Main,2008,10,2009,4,All (PS),yield,0.2999918695881946
8134,AO2008A117,Angola,AO,Uige,none,Uige,Beans (mixed),Main,2009,10,2010,4,All (PS),yield,0.2999979926531104
8135,AO2008A117,Angola,AO,Uige,none,Uige,Beans (mixed),Main,2010,10,2011,4,All (PS),yield,0.3794745932187983
8136,AO2008A117,Angola,AO,Uige,none,Uige,Beans (mixed),Main,2011,10,2012,4,All (PS),yield,0.2057799682911698
8137,AO2008A117,Angola,AO,Uige,none,Uige,Beans (mixed),Main,2012,10,2013,4,All (PS),yield,0.32100990495555864
8138,AO2008A117,Angola,AO,Uige,none,Uige,Beans (mixed),Main,2013,10,2014,4,All (PS),yield,0.426304063916417
8139,AO2008A117,Angola,AO,Uige,none,Uige,Beans (mixed),Main,2014,10,2015,4,All (PS),yield,0.5320307556612276
8140,AO2008A117,Angola,AO,Uige,none,Uige,Beans (mixed),Main,2015,10,2016,4,All (PS),yield,0.5320307556612276
8141,AO2008A117,Angola,AO,Uige,none,Uige,Beans (mixed),Main,2016,10,2017,4,All (PS),yield,0.849237612105179
8142,AO2008A117,Angola,AO,Uige,none,Uige,Cassava,Main,1997,10,1998,4,All (PS),yield,2.0
8143,AO2008A117,Angola,AO,Uige,none,Uige,Cassava,Main,1998,10,1999,4,All (PS),yield,5.500004342049274
8144,AO2008A117,Angola,AO,Uige,none,Uige,Cassava,Main,1999,10,2000,4,All (PS),yield,10.0
8145,AO2008A117,Angola,AO,Uige,none,Uige,Cassava,Main,2000,10,2001,4,All (PS),yield,11.0
8146,AO2008A117,Angola,AO,Uige,none,Uige,Cassava,Main,2001,10,2002,4,All (PS),yield,11.70494316074273
8147,AO2008A117,Angola,AO,Uige,none,Uige,Cassava,Main,2002,10,2003,4,All (PS),yield,10.14077382225182
8148,AO2008A117,Angola,AO,Uige,none,Uige,Cassava,Main,2003,10,2004,4,All (PS),yield,8.613784043251984
8149,AO2008A117,Angola,AO,Uige,none,Uige,Cassava,Main,2004,10,2005,4,All (PS),yield,8.006846397543638
8150,AO2008A117,Angola,AO,Uige,none,Uige,Cassava,Main,2005,10,2006,4,All (PS),yield,12.000017306577364
8151,AO2008A117,Angola,AO,Uige,none,Uige,Cassava,Main,2006,10,2007,4,All (PS),yield,12.906548192049543
8152,AO2008A117,Angola,AO,Uige,none,Uige,Cassava,Main,2007,10,2008,4,All (PS),yield,18.600617962098326
8153,AO2008A117,Angola,AO,Uige,none,Uige,Cassava,Main,2008,10,2009,4,All (PS),yield,15.043373266895195
8154,AO2008A117,Angola,AO,Uige,none,Uige,Cassava,Main,2009,10,2010,4,All (PS),yield,6.599777713238908
8155,AO2008A117,Angola,AO,Uige,none,Uige,Cassava,Main,2010,10,2011,4,All (PS),yield,6.477297297297297
8156,AO2008A117,Angola,AO,Uige,none,Uige,Cassava,Main,2011,10,2012,4,All (PS),yield,4.630928822879997
8157,AO2008A117,Angola,AO,Uige,none,Uige,Cassava,Main,2012,10,2013,4,All (PS),yield,6.931332634633989
8158,AO2008A117,Angola,AO,Uige,none,Uige,Cassava,Main,2013,10,2014,4,All (PS),yield,8.084993787445105
8159,AO2008A117,Angola,AO,Uige,none,Uige,Cassava,Main,2015,10,2016,4,All (PS),yield,8.018900285858416
8160,AO2008A117,Angola,AO,Uige,none,Uige,Cassava,Main,2016,10,2017,4,All (PS),yield,8.276426176753898
8161,AO2008A117,Angola,AO,Uige,none,Uige,Potato,Main,2000,10,2001,4,All (PS),yield,4.000421229991575
8162,AO2008A117,Angola,AO,Uige,none,Uige,Potato,Main,2001,10,2002,4,All (PS),yield,4.0
8163,AO2008A117,Angola,AO,Uige,none,Uige,Potato,Main,2003,10,2004,4,All (PS),yield,2.0
8164,AO2008A117,Angola,AO,Uige,none,Uige,Potato,Main,2004,10,2005,4,All (PS),yield,1.4997232982844493
8165,AO2008A117,Angola,AO,Uige,none,Uige,Potato,Main,2006,10,2007,4,All (PS),yield,4.99941792782305
8166,AO2008A117,Angola,AO,Uige,none,Uige,Potato,Main,2007,10,2008,4,All (PS),yield,7.710616438356165
8167,AO2008A117,Angola,AO,Uige,none,Uige,Potato,Main,2008,10,2009,4,All (PS),yield,7.688758199502375
8168,AO2008A117,Angola,AO,Uige,none,Uige,Potato,Main,2009,10,2010,4,All (PS),yield,7.251896690879741
8169,AO2008A117,Angola,AO,Uige,none,Uige,Potato,Main,2010,10,2011,4,All (PS),yield,7.313512206913222
8170,AO2008A117,Angola,AO,Uige,none,Uige,Potato,Main,2011,10,2012,4,All (PS),yield,5.499798695547145
8171,AO2008A117,Angola,AO,Uige,none,Uige,Potato,Main,2012,10,2013,4,All (PS),yield,6.11275135652729
8172,AO2008A117,Angola,AO,Uige,none,Uige,Potato,Main,2013,10,2014,4,All (PS),yield,6.131381020963354
8173,AO2008A117,Angola,AO,Uige,none,Uige,Potato,Main,2014,10,2015,4,All (PS),yield,6.089121887287025
8174,AO2008A117,Angola,AO,Uige,none,Uige,Potato,Main,2015,10,2016,4,All (PS),yield,6.089121887287025
8175,AO2008A117,Angola,AO,Uige,none,Uige,Potato,Main,2016,10,2017,4,All (PS),yield,7.219684894556155
8176,AO2008A117,Angola,AO,Uige,none,Uige,Pineapple,Main,2006,10,2007,4,All (PS),yield,12.894736842105264
8177,AO2008A117,Angola,AO,Uige,none,Uige,Pineapple,Main,2014,10,2015,4,All (PS),yield,16.432717678100264
8178,AO2008A117,Angola,AO,Uige,none,Uige,Pineapple,Main,2015,10,2016,4,All (PS),yield,16.432717678100264
8179,AO2008A117,Angola,AO,Uige,none,Uige,Pineapple,Main,2016,10,2017,4,All (PS),yield,17.325307950727883
8180,AO2008A117,Angola,AO,Uige,none,Uige,Sorghum,Main,1996,10,1997,4,All (PS),yield,0.45
8181,AO2008A117,Angola,AO,Uige,none,Uige,Sorghum,Main,1997,10,1998,4,All (PS),yield,0.6
8182,AO2008A117,Angola,AO,Uige,none,Uige,Coffee,Main,2006,10,2007,4,All (PS),yield,0.5
8183,AO2008A117,Angola,AO,Uige,none,Uige,Coffee,Main,2008,10,2009,4,All (PS),yield,0.25005931198102016
8184,AO2008A117,Angola,AO,Uige,none,Uige,Coffee,Main,2012,10,2013,4,All (PS),yield,0.31815044858523117
8185,AO2008A117,Angola,AO,Uige,none,Uige,Coffee,Main,2013,10,2014,4,All (PS),yield,0.30979652337959845
8186,AO2008A117,Angola,AO,Uige,none,Uige,Soybean,Main,2011,10,2012,4,All (PS),yield,0.11696583671105965
8187,AO2008A117,Angola,AO,Uige,none,Uige,Soybean,Main,2012,10,2013,4,All (PS),yield,0.17895752895752895
8188,AO2008A117,Angola,AO,Uige,none,Uige,Soybean,Main,2013,10,2014,4,All (PS),yield,0.2277992277992278
8189,AO2008A117,Angola,AO,Uige,none,Uige,Soybean,Main,2014,10,2015,4,All (PS),yield,0.2552507095553453
8190,AO2008A117,Angola,AO,Uige,none,Uige,Soybean,Main,2015,10,2016,4,All (PS),yield,0.2552507095553453
8191,AO2008A117,Angola,AO,Uige,none,Uige,Okras,Main,2014,10,2015,4,All (PS),yield,5.321428571428571
8192,AO2008A117,Angola,AO,Uige,none,Uige,Okras,Main,2015,10,2016,4,All (PS),yield,5.321428571428571
8193,AO2008A117,Angola,AO,Uige,none,Uige,Okras,Main,2016,10,2017,4,All (PS),yield,4.1054451166810715
8194,AO2008A117,Angola,AO,Uige,none,Uige,Cabbage,Main,2014,10,2015,4,All (PS),yield,7.447619047619048
8195,AO2008A117,Angola,AO,Uige,none,Uige,Cabbage,Main,2015,10,2016,4,All (PS),yield,7.447619047619048
8196,AO2008A117,Angola,AO,Uige,none,Uige,Cabbage,Main,2016,10,2017,4,All (PS),yield,7.447048856255295
8197,AO2008A117,Angola,AO,Uige,none,Uige,Carrots,Main,2014,10,2015,4,All (PS),yield,12.537735849056604
8198,AO2008A117,Angola,AO,Uige,none,Uige,Carrots,Main,2015,10,2016,4,All (PS),yield,12.537735849056604
8199,AO2008A117,Angola,AO,Uige,none,Uige,Carrots,Main,2016,10,2017,4,All (PS),yield,10.555108608205954
8200,AO2008A117,Angola,AO,Uige,none,Uige,Millet,Main,1996,10,1997,4,All (PS),yield,0.5
8201,AO2008A117,Angola,AO,Uige,none,Uige,Millet,Main,1997,10,1998,4,All (PS),yield,0.6
8202,AO2008A117,Angola,AO,Uige,none,Uige,Rice,Main,2003,10,2004,4,All (PS),yield,0.9001292824822237
8203,AO2008A117,Angola,AO,Uige,none,Uige,Rice,Main,2004,10,2005,4,All (PS),yield,0.6999485331960885
8204,AO2008A117,Angola,AO,Uige,none,Uige,Rice,Main,2009,10,2010,4,All (PS),yield,0.7458823529411764
8205,AO2008A117,Angola,AO,Uige,none,Uige,Rice,Main,2010,10,2011,4,All (PS),yield,0.9111680126058697
8206,AO2008A117,Angola,AO,Uige,none,Uige,Rice,Main,2011,10,2012,4,All (PS),yield,0.755668358714044
8207,AO2008A117,Angola,AO,Uige,none,Uige,Rice,Main,2012,10,2013,4,All (PS),yield,1.0965459140690816
8208,AO2008A117,Angola,AO,Uige,none,Uige,Rice,Main,2013,10,2014,4,All (PS),yield,1.2193775100401607
8209,AO2008A117,Angola,AO,Uige,none,Uige,Rice,Main,2014,10,2015,4,All (PS),yield,1.309192944949225
8210,AO2008A117,Angola,AO,Uige,none,Uige,Rice,Main,2015,10,2016,4,All (PS),yield,1.309192944949225
8211,AO2008A117,Angola,AO,Uige,none,Uige,Rice,Main,2016,10,2017,4,All (PS),yield,1.052119129438717
8212,AO2008A117,Angola,AO,Uige,none,Uige,Garlic,Main,2008,10,2009,4,All (PS),yield,4.416701992369648
8213,AO2008A117,Angola,AO,Uige,none,Uige,Garlic,Main,2009,10,2010,4,All (PS),yield,2.5716707021791767
8214,AO2008A117,Angola,AO,Uige,none,Uige,Garlic,Main,2010,10,2011,4,All (PS),yield,4.805555555555555
8215,AO2008A117,Angola,AO,Uige,none,Uige,Garlic,Main,2011,10,2012,4,All (PS),yield,3.557504078303426
8216,AO2008A117,Angola,AO,Uige,none,Uige,Avocado,Main,2016,10,2017,4,All (PS),yield,12.999313658201785
8217,AO2008A118,Angola,AO,Zaire,none,Zaire,Maize,Main,1996,10,1997,4,All (PS),yield,0.40997171145685996
8218,AO2008A118,Angola,AO,Zaire,none,Zaire,Maize,Main,1997,10,1998,4,All (PS),yield,0.799976102282232
8219,AO2008A118,Angola,AO,Zaire,none,Zaire,Maize,Main,1998,10,1999,4,All (PS),yield,0.8500569198243617
8220,AO2008A118,Angola,AO,Zaire,none,Zaire,Maize,Main,1999,10,2000,4,All (PS),yield,0.8999370673379484
8221,AO2008A118,Angola,AO,Zaire,none,Zaire,Maize,Main,2000,10,2001,4,All (PS),yield,0.3998242530755712
8222,AO2008A118,Angola,AO,Zaire,none,Zaire,Maize,Main,2001,10,2002,4,All (PS),yield,0.6499177319326668
8223,AO2008A118,Angola,AO,Zaire,none,Zaire,Maize,Main,2002,10,2003,4,All (PS),yield,0.6499635125273656
8224,AO2008A118,Angola,AO,Zaire,none,Zaire,Maize,Main,2003,10,2004,4,All (PS),yield,0.49981758482305727
8225,AO2008A118,Angola,AO,Zaire,none,Zaire,Maize,Main,2004,10,2005,4,All (PS),yield,0.5
8226,AO2008A118,Angola,AO,Zaire,none,Zaire,Maize,Main,2005,10,2006,4,All (PS),yield,0.40014792899408286
8227,AO2008A118,Angola,AO,Zaire,none,Zaire,Maize,Main,2006,10,2007,4,All (PS),yield,0.39985642498205315
8228,AO2008A118,Angola,AO,Zaire,none,Zaire,Maize,Main,2007,10,2008,4,All (PS),yield,0.8297278436845779
8229,AO2008A118,Angola,AO,Zaire,none,Zaire,Maize,Main,2008,10,2009,4,All (PS),yield,0.45161290322580644
8230,AO2008A118,Angola,AO,Zaire,none,Zaire,Maize,Main,2009,10,2010,4,All (PS),yield,0.5633136094674556
8231,AO2008A118,Angola,AO,Zaire,none,Zaire,Maize,Main,2010,10,2011,4,All (PS),yield,0.5866439450420705
8232,AO2008A118,Angola,AO,Zaire,none,Zaire,Maize,Main,2011,10,2012,4,All (PS),yield,0.32989260765300804
8233,AO2008A118,Angola,AO,Zaire,none,Zaire,Maize,Main,2012,10,2013,4,All (PS),yield,0.6152502312198129
8234,AO2008A118,Angola,AO,Zaire,none,Zaire,Maize,Main,2013,10,2014,4,All (PS),yield,0.6567622950819673
8235,AO2008A118,Angola,AO,Zaire,none,Zaire,Maize,Main,2014,10,2015,4,All (PS),yield,0.6800612014817201
8236,AO2008A118,Angola,AO,Zaire,none,Zaire,Maize,Main,2015,10,2016,4,All (PS),yield,0.6800612014817201
8237,AO2008A118,Angola,AO,Zaire,none,Zaire,Maize,Main,2016,10,2017,4,All (PS),yield,1.1201028825946489
8238,AO2008A118,Angola,AO,Zaire,none,Zaire,Sweet Potatoes,Main,2000,10,2001,4,All (PS),yield,3.500125533517449
8239,AO2008A118,Angola,AO,Zaire,none,Zaire,Sweet Potatoes,Main,2001,10,2002,4,All (PS),yield,4.499674549793881
8240,AO2008A118,Angola,AO,Zaire,none,Zaire,Sweet Potatoes,Main,2002,10,2003,4,All (PS),yield,4.5012165450121655
8241,AO2008A118,Angola,AO,Zaire,none,Zaire,Sweet Potatoes,Main,2003,10,2004,4,All (PS),yield,4.5012165450121655
8242,AO2008A118,Angola,AO,Zaire,none,Zaire,Sweet Potatoes,Main,2004,10,2005,4,All (PS),yield,3.9991735537190083
8243,AO2008A118,Angola,AO,Zaire,none,Zaire,Sweet Potatoes,Main,2005,10,2006,4,All (PS),yield,4.0
8244,AO2008A118,Angola,AO,Zaire,none,Zaire,Sweet Potatoes,Main,2006,10,2007,4,All (PS),yield,6.996153846153846
8245,AO2008A118,Angola,AO,Zaire,none,Zaire,Sweet Potatoes,Main,2007,10,2008,4,All (PS),yield,7.610471204188482
8246,AO2008A118,Angola,AO,Zaire,none,Zaire,Sweet Potatoes,Main,2008,10,2009,4,All (PS),yield,7.0
8247,AO2008A118,Angola,AO,Zaire,none,Zaire,Sweet Potatoes,Main,2009,10,2010,4,All (PS),yield,6.999744310917924
8248,AO2008A118,Angola,AO,Zaire,none,Zaire,Sweet Potatoes,Main,2010,10,2011,4,All (PS),yield,7.134921646069563
8249,AO2008A118,Angola,AO,Zaire,none,Zaire,Sweet Potatoes,Main,2011,10,2012,4,All (PS),yield,3.105236593059937
8250,AO2008A118,Angola,AO,Zaire,none,Zaire,Sweet Potatoes,Main,2012,10,2013,4,All (PS),yield,7.7214223112557905
8251,AO2008A118,Angola,AO,Zaire,none,Zaire,Sweet Potatoes,Main,2013,10,2014,4,All (PS),yield,8.052574590952839
8252,AO2008A118,Angola,AO,Zaire,none,Zaire,Sweet Potatoes,Main,2014,10,2015,4,All (PS),yield,11.823874521072797
8253,AO2008A118,Angola,AO,Zaire,none,Zaire,Sweet Potatoes,Main,2015,10,2016,4,All (PS),yield,11.823874521072797
8254,AO2008A118,Angola,AO,Zaire,none,Zaire,Sweet Potatoes,Main,2016,10,2017,4,All (PS),yield,10.229442169564342
8255,AO2008A118,Angola,AO,Zaire,none,Zaire,Banana,Main,2006,10,2007,4,All (PS),yield,22.226008968609865
8256,AO2008A118,Angola,AO,Zaire,none,Zaire,Banana,Main,2007,10,2008,4,All (PS),yield,15.308207705192629
8257,AO2008A118,Angola,AO,Zaire,none,Zaire,Banana,Main,2008,10,2009,4,All (PS),yield,14.83085842148088
8258,AO2008A118,Angola,AO,Zaire,none,Zaire,Banana,Main,2009,10,2010,4,All (PS),yield,15.188686669945893
8259,AO2008A118,Angola,AO,Zaire,none,Zaire,Banana,Main,2010,10,2011,4,All (PS),yield,17.506274340112505
8260,AO2008A118,Angola,AO,Zaire,none,Zaire,Banana,Main,2011,10,2012,4,All (PS),yield,14.977598481252967
8261,AO2008A118,Angola,AO,Zaire,none,Zaire,Banana,Main,2012,10,2013,4,All (PS),yield,19.882619790189963
8262,AO2008A118,Angola,AO,Zaire,none,Zaire,Banana,Main,2013,10,2014,4,All (PS),yield,22.68424534543049
8263,AO2008A118,Angola,AO,Zaire,none,Zaire,Banana,Main,2014,10,2015,4,All (PS),yield,28.652887945480952
8264,AO2008A118,Angola,AO,Zaire,none,Zaire,Banana,Main,2015,10,2016,4,All (PS),yield,28.652887945480952
8265,AO2008A118,Angola,AO,Zaire,none,Zaire,Banana,Main,2016,10,2017,4,All (PS),yield,24.45882947910441
8266,AO2008A118,Angola,AO,Zaire,none,Zaire,Tomato,Main,2016,10,2017,4,All (PS),yield,14.066017645269243
8267,AO2008A118,Angola,AO,Zaire,none,Zaire,Mango,Main,2015,10,2016,4,All (PS),yield,9.596958174904943
8268,AO2008A118,Angola,AO,Zaire,none,Zaire,Mango,Main,2016,10,2017,4,All (PS),yield,9.761904761904763
8269,AO2008A118,Angola,AO,Zaire,none,Zaire,Groundnuts (In Shell),Main,2001,10,2002,4,All (PS),yield,0.5
8270,AO2008A118,Angola,AO,Zaire,none,Zaire,Groundnuts (In Shell),Main,2002,10,2003,4,All (PS),yield,0.4500121624908781
8271,AO2008A118,Angola,AO,Zaire,none,Zaire,Groundnuts (In Shell),Main,2003,10,2004,4,All (PS),yield,0.3002178649237473
8272,AO2008A118,Angola,AO,Zaire,none,Zaire,Groundnuts (In Shell),Main,2004,10,2005,4,All (PS),yield,0.4000852151683
8273,AO2008A118,Angola,AO,Zaire,none,Zaire,Groundnuts (In Shell),Main,2005,10,2006,4,All (PS),yield,0.3400686237133054
8274,AO2008A118,Angola,AO,Zaire,none,Zaire,Groundnuts (In Shell),Main,2006,10,2007,4,All (PS),yield,0.30003018412315124
8275,AO2008A118,Angola,AO,Zaire,none,Zaire,Groundnuts (In Shell),Main,2007,10,2008,4,All (PS),yield,0.34998504337421477
8276,AO2008A118,Angola,AO,Zaire,none,Zaire,Groundnuts (In Shell),Main,2008,10,2009,4,All (PS),yield,0.399969687784177
8277,AO2008A118,Angola,AO,Zaire,none,Zaire,Groundnuts (In Shell),Main,2009,10,2010,4,All (PS),yield,0.4
8278,AO2008A118,Angola,AO,Zaire,none,Zaire,Groundnuts (In Shell),Main,2010,10,2011,4,All (PS),yield,0.5538843457943925
8279,AO2008A118,Angola,AO,Zaire,none,Zaire,Groundnuts (In Shell),Main,2011,10,2012,4,All (PS),yield,0.3756930915630151
8280,AO2008A118,Angola,AO,Zaire,none,Zaire,Groundnuts (In Shell),Main,2012,10,2013,4,All (PS),yield,0.6743679163034002
8281,AO2008A118,Angola,AO,Zaire,none,Zaire,Groundnuts (In Shell),Main,2013,10,2014,4,All (PS),yield,0.9348388952819332
8282,AO2008A118,Angola,AO,Zaire,none,Zaire,Groundnuts (In Shell),Main,2014,10,2015,4,All (PS),yield,0.9704207748923761
8283,AO2008A118,Angola,AO,Zaire,none,Zaire,Groundnuts (In Shell),Main,2015,10,2016,4,All (PS),yield,0.9704207748923761
8284,AO2008A118,Angola,AO,Zaire,none,Zaire,Groundnuts (In Shell),Main,2016,10,2017,4,All (PS),yield,0.9127191523732598
8285,AO2008A118,Angola,AO,Zaire,none,Zaire,Lemon,Main,2015,10,2016,4,All (PS),yield,8.285714285714286
8286,AO2008A118,Angola,AO,Zaire,none,Zaire,Lemon,Main,2016,10,2017,4,All (PS),yield,7.8407224958949095
8287,AO2008A118,Angola,AO,Zaire,none,Zaire,Beans (mixed),Main,2000,10,2001,4,All (PS),yield,0.5000798849656495
8288,AO2008A118,Angola,AO,Zaire,none,Zaire,Beans (mixed),Main,2001,10,2002,4,All (PS),yield,0.400027616680475
8289,AO2008A118,Angola,AO,Zaire,none,Zaire,Beans (mixed),Main,2002,10,2003,4,All (PS),yield,0.40077821011673154
8290,AO2008A118,Angola,AO,Zaire,none,Zaire,Beans (mixed),Main,2003,10,2004,4,All (PS),yield,0.29992702505473123
8291,AO2008A118,Angola,AO,Zaire,none,Zaire,Beans (mixed),Main,2004,10,2005,4,All (PS),yield,0.30991735537190085
8292,AO2008A118,Angola,AO,Zaire,none,Zaire,Beans (mixed),Main,2005,10,2006,4,All (PS),yield,0.3099112426035503
8293,AO2008A118,Angola,AO,Zaire,none,Zaire,Beans (mixed),Main,2006,10,2007,4,All (PS),yield,0.3
8294,AO2008A118,Angola,AO,Zaire,none,Zaire,Beans (mixed),Main,2007,10,2008,4,All (PS),yield,0.32015706806282723
8295,AO2008A118,Angola,AO,Zaire,none,Zaire,Beans (mixed),Main,2008,10,2009,4,All (PS),yield,0.4000523971705528
8296,AO2008A118,Angola,AO,Zaire,none,Zaire,Beans (mixed),Main,2009,10,2010,4,All (PS),yield,0.38514467184191953
8297,AO2008A118,Angola,AO,Zaire,none,Zaire,Beans (mixed),Main,2010,10,2011,4,All (PS),yield,0.41285691995631146
8298,AO2008A118,Angola,AO,Zaire,none,Zaire,Beans (mixed),Main,2011,10,2012,4,All (PS),yield,0.24665856622114216
8299,AO2008A118,Angola,AO,Zaire,none,Zaire,Beans (mixed),Main,2012,10,2013,4,All (PS),yield,0.27459126239614046
8300,AO2008A118,Angola,AO,Zaire,none,Zaire,Beans (mixed),Main,2013,10,2014,4,All (PS),yield,0.37891550408002106
8301,AO2008A118,Angola,AO,Zaire,none,Zaire,Beans (mixed),Main,2014,10,2015,4,All (PS),yield,0.47630057803468207
8302,AO2008A118,Angola,AO,Zaire,none,Zaire,Beans (mixed),Main,2015,10,2016,4,All (PS),yield,0.47630057803468207
8303,AO2008A118,Angola,AO,Zaire,none,Zaire,Beans (mixed),Main,2016,10,2017,4,All (PS),yield,0.4847155185022671
8304,AO2008A118,Angola,AO,Zaire,none,Zaire,Cassava,Main,1996,10,1997,4,All (PS),yield,5.0
8305,AO2008A118,Angola,AO,Zaire,none,Zaire,Cassava,Main,1997,10,1998,4,All (PS),yield,6.5
8306,AO2008A118,Angola,AO,Zaire,none,Zaire,Cassava,Main,1998,10,1999,4,All (PS),yield,5.500014141471278
8307,AO2008A118,Angola,AO,Zaire,none,Zaire,Cassava,Main,1999,10,2000,4,All (PS),yield,9.0
8308,AO2008A118,Angola,AO,Zaire,none,Zaire,Cassava,Main,2000,10,2001,4,All (PS),yield,9.5
8309,AO2008A118,Angola,AO,Zaire,none,Zaire,Cassava,Main,2001,10,2002,4,All (PS),yield,10.241829734450548
8310,AO2008A118,Angola,AO,Zaire,none,Zaire,Cassava,Main,2002,10,2003,4,All (PS),yield,8.112711539514759
8311,AO2008A118,Angola,AO,Zaire,none,Zaire,Cassava,Main,2003,10,2004,4,All (PS),yield,7.337655776355676
8312,AO2008A118,Angola,AO,Zaire,none,Zaire,Cassava,Main,2004,10,2005,4,All (PS),yield,8.006954011677491
8313,AO2008A118,Angola,AO,Zaire,none,Zaire,Cassava,Main,2005,10,2006,4,All (PS),yield,11.50014675667743
8314,AO2008A118,Angola,AO,Zaire,none,Zaire,Cassava,Main,2006,10,2007,4,All (PS),yield,11.42934013027471
8315,AO2008A118,Angola,AO,Zaire,none,Zaire,Cassava,Main,2007,10,2008,4,All (PS),yield,17.06445678583825
8316,AO2008A118,Angola,AO,Zaire,none,Zaire,Cassava,Main,2008,10,2009,4,All (PS),yield,18.198405064076706
8317,AO2008A118,Angola,AO,Zaire,none,Zaire,Cassava,Main,2009,10,2010,4,All (PS),yield,7.407335008842968
8318,AO2008A118,Angola,AO,Zaire,none,Zaire,Cassava,Main,2010,10,2011,4,All (PS),yield,7.027918486171761
8319,AO2008A118,Angola,AO,Zaire,none,Zaire,Cassava,Main,2011,10,2012,4,All (PS),yield,5.162677688720082
8320,AO2008A118,Angola,AO,Zaire,none,Zaire,Cassava,Main,2012,10,2013,4,All (PS),yield,8.107766569042196
8321,AO2008A118,Angola,AO,Zaire,none,Zaire,Cassava,Main,2013,10,2014,4,All (PS),yield,9.321131627254076
8322,AO2008A118,Angola,AO,Zaire,none,Zaire,Cassava,Main,2015,10,2016,4,All (PS),yield,8.57365755298975
8323,AO2008A118,Angola,AO,Zaire,none,Zaire,Cassava,Main,2016,10,2017,4,All (PS),yield,13.790394667806687
8324,AO2008A118,Angola,AO,Zaire,none,Zaire,Potato,Main,2008,10,2009,4,All (PS),yield,5.3617494440326166
8325,AO2008A118,Angola,AO,Zaire,none,Zaire,Potato,Main,2009,10,2010,4,All (PS),yield,5.276752767527675
8326,AO2008A118,Angola,AO,Zaire,none,Zaire,Potato,Main,2010,10,2011,4,All (PS),yield,3.9361820199778026
8327,AO2008A118,Angola,AO,Zaire,none,Zaire,Potato,Main,2011,10,2012,4,All (PS),yield,3.0409356725146197
8328,AO2008A118,Angola,AO,Zaire,none,Zaire,Potato,Main,2012,10,2013,4,All (PS),yield,2.5596562184024267
8329,AO2008A118,Angola,AO,Zaire,none,Zaire,Potato,Main,2013,10,2014,4,All (PS),yield,2.567
8330,AO2008A118,Angola,AO,Zaire,none,Zaire,Potato,Main,2014,10,2015,4,All (PS),yield,2.586224233283057
8331,AO2008A118,Angola,AO,Zaire,none,Zaire,Potato,Main,2015,10,2016,4,All (PS),yield,2.586224233283057
8332,AO2008A118,Angola,AO,Zaire,none,Zaire,Pineapple,Main,2006,10,2007,4,All (PS),yield,8.7012987012987
8333,AO2008A118,Angola,AO,Zaire,none,Zaire,Pineapple,Main,2007,10,2008,4,All (PS),yield,12.991623036649214
8334,AO2008A118,Angola,AO,Zaire,none,Zaire,Pineapple,Main,2014,10,2015,4,All (PS),yield,15.560908084163898
8335,AO2008A118,Angola,AO,Zaire,none,Zaire,Pineapple,Main,2015,10,2016,4,All (PS),yield,15.560908084163898
8336,AO2008A118,Angola,AO,Zaire,none,Zaire,Sorghum,Main,1997,10,1998,4,All (PS),yield,0.7
8337,AO2008A118,Angola,AO,Zaire,none,Zaire,Garlic,Main,2008,10,2009,4,All (PS),yield,3.8859416445623345
8338,AO2008A118,Angola,AO,Zaire,none,Zaire,Garlic,Main,2009,10,2010,4,All (PS),yield,3.1564482029598304
8339,AO2008A118,Angola,AO,Zaire,none,Zaire,Garlic,Main,2010,10,2011,4,All (PS),yield,5.0
8340,AO2008A118,Angola,AO,Zaire,none,Zaire,Garlic,Main,2011,10,2012,4,All (PS),yield,3.752136752136752
