,fnid,country,country_code,admin_1,admin_2,name,product,season_name,planting_year,planting_month,harvest_year,harvest_month,crop_production_system,indicator,value
0,ML2016A101,Mali,ML,Kayes,none,Kayes,Bambara groundnut,Main,1984,6,1984,12,All (PS),area,230.0
1,ML2016A101,Mali,ML,Kayes,none,Kayes,Bambara groundnut,Main,1987,6,1987,12,All (PS),area,192.0
2,ML2016A101,Mali,ML,Kayes,none,Kayes,Bambara groundnut,Main,1989,6,1989,12,All (PS),area,166.0
3,ML2016A101,Mali,ML,Kayes,none,Kayes,Bambara groundnut,Main,1990,6,1990,12,All (PS),area,767.0
4,ML2016A101,Mali,ML,Kayes,none,Kayes,Bambara groundnut,Main,1992,6,1992,12,All (PS),area,808.0
5,ML2016A101,Mali,ML,Kayes,none,Kayes,Bambara groundnut,Main,1993,6,1993,12,All (PS),area,220.0
6,ML2016A101,Mali,ML,Kayes,none,Kayes,Bambara groundnut,Main,1994,6,1994,12,All (PS),area,199.0
7,ML2016A101,Mali,ML,Kayes,none,Kayes,Bambara groundnut,Main,1995,6,1995,12,All (PS),area,199.0
8,ML2016A101,Mali,ML,Kayes,none,Kayes,Bambara groundnut,Main,1996,6,1996,12,All (PS),area,1204.0
9,ML2016A101,Mali,ML,Kayes,none,Kayes,Bambara groundnut,Main,1997,6,1997,12,All (PS),area,627.0
10,ML2016A101,Mali,ML,Kayes,none,Kayes,Bambara groundnut,Main,1998,6,1998,12,All (PS),area,918.0
11,ML2016A101,Mali,ML,Kayes,none,Kayes,Bambara groundnut,Main,2000,6,2000,12,All (PS),area,532.0
12,ML2016A101,Mali,ML,Kayes,none,Kayes,Bambara groundnut,Main,2002,6,2002,12,All (PS),area,443.0
13,ML2016A101,Mali,ML,Kayes,none,Kayes,Bambara groundnut,Main,2003,6,2003,12,All (PS),area,1300.0
14,ML2016A101,Mali,ML,Kayes,none,Kayes,Bambara groundnut,Main,2004,6,2004,12,All (PS),area,467.0
15,ML2016A101,Mali,ML,Kayes,none,Kayes,Bambara groundnut,Main,2005,6,2005,12,All (PS),area,1676.0
16,ML2016A101,Mali,ML,Kayes,none,Kayes,Bambara groundnut,Main,2006,6,2006,12,All (PS),area,154.0
17,ML2016A101,Mali,ML,Kayes,none,Kayes,Bambara groundnut,Main,2007,6,2007,12,All (PS),area,84.0
18,ML2016A101,Mali,ML,Kayes,none,Kayes,Bambara groundnut,Main,2008,6,2008,12,All (PS),area,1064.0
19,ML2016A101,Mali,ML,Kayes,none,Kayes,Bambara groundnut,Main,2009,6,2009,12,All (PS),area,928.0
20,ML2016A101,Mali,ML,Kayes,none,Kayes,Bambara groundnut,Main,2010,6,2010,12,All (PS),area,928.0
21,ML2016A101,Mali,ML,Kayes,none,Kayes,Bambara groundnut,Main,2011,6,2011,12,All (PS),area,846.0
22,ML2016A101,Mali,ML,Kayes,none,Kayes,Bambara groundnut,Main,2012,6,2012,12,All (PS),area,813.0
23,ML2016A101,Mali,ML,Kayes,none,Kayes,Bambara groundnut,Main,2013,6,2013,12,All (PS),area,1131.0
24,ML2016A101,Mali,ML,Kayes,none,Kayes,Bambara groundnut,Main,2015,6,2015,12,All (PS),area,2147.0
25,ML2016A101,Mali,ML,Kayes,none,Kayes,Bambara groundnut,Main,2016,6,2016,12,All (PS),area,1750.0
26,ML2016A101,Mali,ML,Kayes,none,Kayes,Bambara groundnut,Main,2017,6,2017,12,All (PS),area,4054.0
27,ML2016A101,Mali,ML,Kayes,none,Kayes,Bambara groundnut,Main,2018,6,2018,12,All (PS),area,1714.0
28,ML2016A101,Mali,ML,Kayes,none,Kayes,Bambara groundnut,Main,2019,6,2019,12,All (PS),area,1481.0
29,ML2016A101,Mali,ML,Kayes,none,Kayes,Bambara groundnut,Main,2020,6,2020,12,All (PS),area,2635.0
30,ML2016A101,Mali,ML,Kayes,none,Kayes,Bambara groundnut,Main,2021,6,2021,12,All (PS),area,1681.0
31,ML2016A101,Mali,ML,Kayes,none,Kayes,Cotton,Main,1984,6,1984,12,All (PS),area,290.0
32,ML2016A101,Mali,ML,Kayes,none,Kayes,Cotton,Main,1985,6,1985,12,All (PS),area,108.0
33,ML2016A101,Mali,ML,Kayes,none,Kayes,Cotton,Main,1992,6,1992,12,All (PS),area,148.0
34,ML2016A101,Mali,ML,Kayes,none,Kayes,Cotton,Main,1994,6,1994,12,All (PS),area,2550.0
35,ML2016A101,Mali,ML,Kayes,none,Kayes,Cotton,Main,1995,6,1995,12,All (PS),area,13897.0
36,ML2016A101,Mali,ML,Kayes,none,Kayes,Cotton,Main,1996,6,1996,12,All (PS),area,12680.0
37,ML2016A101,Mali,ML,Kayes,none,Kayes,Cotton,Main,1997,6,1997,12,All (PS),area,21056.0
38,ML2016A101,Mali,ML,Kayes,none,Kayes,Cotton,Main,2000,6,2000,12,All (PS),area,24458.0
39,ML2016A101,Mali,ML,Kayes,none,Kayes,Cotton,Main,2001,6,2001,12,All (PS),area,34378.0
40,ML2016A101,Mali,ML,Kayes,none,Kayes,Cotton,Main,2002,6,2002,12,All (PS),area,32522.0
41,ML2016A101,Mali,ML,Kayes,none,Kayes,Cotton,Main,2003,6,2003,12,All (PS),area,42781.0
42,ML2016A101,Mali,ML,Kayes,none,Kayes,Cotton,Main,2004,6,2004,12,All (PS),area,47737.0
43,ML2016A101,Mali,ML,Kayes,none,Kayes,Cotton,Main,2005,6,2005,12,All (PS),area,38879.0
44,ML2016A101,Mali,ML,Kayes,none,Kayes,Cotton,Main,2006,6,2006,12,All (PS),area,38823.0
45,ML2016A101,Mali,ML,Kayes,none,Kayes,Cotton,Main,2007,6,2007,12,All (PS),area,29875.0
46,ML2016A101,Mali,ML,Kayes,none,Kayes,Cotton,Main,2008,6,2008,12,All (PS),area,14274.0
47,ML2016A101,Mali,ML,Kayes,none,Kayes,Cotton,Main,2009,6,2009,12,All (PS),area,13084.0
48,ML2016A101,Mali,ML,Kayes,none,Kayes,Cotton,Main,2010,6,2010,12,All (PS),area,12771.0
49,ML2016A101,Mali,ML,Kayes,none,Kayes,Cotton,Main,2011,6,2011,12,All (PS),area,36695.0
50,ML2016A101,Mali,ML,Kayes,none,Kayes,Cotton,Main,2012,6,2012,12,All (PS),area,38055.0
51,ML2016A101,Mali,ML,Kayes,none,Kayes,Cotton,Main,2013,6,2013,12,All (PS),area,38000.0
52,ML2016A101,Mali,ML,Kayes,none,Kayes,Cotton,Main,2014,6,2014,12,All (PS),area,38179.0
53,ML2016A101,Mali,ML,Kayes,none,Kayes,Cotton,Main,2015,6,2015,12,All (PS),area,41178.0
54,ML2016A101,Mali,ML,Kayes,none,Kayes,Cotton,Main,2016,6,2016,12,All (PS),area,51261.0
55,ML2016A101,Mali,ML,Kayes,none,Kayes,Cotton,Main,2017,6,2017,12,All (PS),area,57058.0
56,ML2016A101,Mali,ML,Kayes,none,Kayes,Cotton,Main,2019,6,2019,12,All (PS),area,86803.0
57,ML2016A101,Mali,ML,Kayes,none,Kayes,Cotton,Main,2020,6,2020,12,All (PS),area,70262.0
58,ML2016A101,Mali,ML,Kayes,none,Kayes,Cotton,Main,2021,6,2021,12,All (PS),area,90248.0
59,ML2016A101,Mali,ML,Kayes,none,Kayes,Rice,Main,1982,6,1982,12,All (PS),area,1013.0
60,ML2016A101,Mali,ML,Kayes,none,Kayes,Rice,Main,1983,6,1983,12,All (PS),area,1364.0
61,ML2016A101,Mali,ML,Kayes,none,Kayes,Rice,Main,1984,6,1984,12,All (PS),area,932.0
62,ML2016A101,Mali,ML,Kayes,none,Kayes,Rice,Main,1985,6,1985,12,All (PS),area,1149.0
63,ML2016A101,Mali,ML,Kayes,none,Kayes,Rice,Main,1986,6,1986,12,All (PS),area,485.0
64,ML2016A101,Mali,ML,Kayes,none,Kayes,Rice,Main,1987,6,1987,12,All (PS),area,502.0
65,ML2016A101,Mali,ML,Kayes,none,Kayes,Rice,Main,1988,6,1988,12,All (PS),area,1196.0
66,ML2016A101,Mali,ML,Kayes,none,Kayes,Rice,Main,1989,6,1989,12,All (PS),area,1279.0
67,ML2016A101,Mali,ML,Kayes,none,Kayes,Rice,Main,1990,6,1990,12,All (PS),area,2811.0
68,ML2016A101,Mali,ML,Kayes,none,Kayes,Rice,Main,1991,6,1991,12,All (PS),area,1632.0
69,ML2016A101,Mali,ML,Kayes,none,Kayes,Rice,Main,1992,6,1992,12,All (PS),area,1632.0
70,ML2016A101,Mali,ML,Kayes,none,Kayes,Rice,Main,1993,6,1993,12,All (PS),area,1915.0
71,ML2016A101,Mali,ML,Kayes,none,Kayes,Rice,Main,1994,6,1994,12,All (PS),area,6441.0
72,ML2016A101,Mali,ML,Kayes,none,Kayes,Rice,Main,1995,6,1995,12,All (PS),area,5315.0
73,ML2016A101,Mali,ML,Kayes,none,Kayes,Rice,Main,1996,6,1996,12,All (PS),area,1813.0
74,ML2016A101,Mali,ML,Kayes,none,Kayes,Rice,Main,1998,6,1998,12,All (PS),area,572.0
75,ML2016A101,Mali,ML,Kayes,none,Kayes,Rice,Main,1999,6,1999,12,All (PS),area,3345.0
76,ML2016A101,Mali,ML,Kayes,none,Kayes,Rice,Main,2000,6,2000,12,All (PS),area,2998.0
77,ML2016A101,Mali,ML,Kayes,none,Kayes,Rice,Main,2001,6,2001,12,All (PS),area,4451.0
78,ML2016A101,Mali,ML,Kayes,none,Kayes,Rice,Main,2002,6,2002,12,All (PS),area,3890.0
79,ML2016A101,Mali,ML,Kayes,none,Kayes,Rice,Main,2003,6,2003,12,All (PS),area,758.0
80,ML2016A101,Mali,ML,Kayes,none,Kayes,Rice,Main,2004,6,2004,12,All (PS),area,2493.0
81,ML2016A101,Mali,ML,Kayes,none,Kayes,Rice,Main,2005,6,2005,12,All (PS),area,1979.0
82,ML2016A101,Mali,ML,Kayes,none,Kayes,Rice,Main,2006,6,2006,12,All (PS),area,6219.39238517826
83,ML2016A101,Mali,ML,Kayes,none,Kayes,Rice,Main,2007,6,2007,12,All (PS),area,1995.0
84,ML2016A101,Mali,ML,Kayes,none,Kayes,Rice,Main,2008,6,2008,12,All (PS),area,2813.0
85,ML2016A101,Mali,ML,Kayes,none,Kayes,Rice,Main,2009,6,2009,12,All (PS),area,4799.0
86,ML2016A101,Mali,ML,Kayes,none,Kayes,Rice,Main,2010,6,2010,12,All (PS),area,37246.0
87,ML2016A101,Mali,ML,Kayes,none,Kayes,Rice,Main,2011,6,2011,12,All (PS),area,3367.0
88,ML2016A101,Mali,ML,Kayes,none,Kayes,Rice,Main,2012,6,2012,12,All (PS),area,8329.0
89,ML2016A101,Mali,ML,Kayes,none,Kayes,Rice,Main,2013,6,2013,12,All (PS),area,18960.0
90,ML2016A101,Mali,ML,Kayes,none,Kayes,Rice,Main,2014,6,2014,12,All (PS),area,10279.0
91,ML2016A101,Mali,ML,Kayes,none,Kayes,Rice,Main,2015,6,2015,12,All (PS),area,20909.0
92,ML2016A101,Mali,ML,Kayes,none,Kayes,Rice,Main,2016,6,2016,12,All (PS),area,5971.0
93,ML2016A101,Mali,ML,Kayes,none,Kayes,Rice,Main,2017,6,2017,12,All (PS),area,6231.0
94,ML2016A101,Mali,ML,Kayes,none,Kayes,Rice,Main,2018,6,2018,12,All (PS),area,8249.0
95,ML2016A101,Mali,ML,Kayes,none,Kayes,Rice,Main,2019,6,2019,12,All (PS),area,21292.0177135387
96,ML2016A101,Mali,ML,Kayes,none,Kayes,Rice,Main,2020,6,2020,12,All (PS),area,21261.0
97,ML2016A101,Mali,ML,Kayes,none,Kayes,Rice,Main,2021,6,2021,12,All (PS),area,20761.0
98,ML2016A101,Mali,ML,Kayes,none,Kayes,Rice,Main,2022,6,2022,12,All (PS),area,19919.0
99,ML2016A101,Mali,ML,Kayes,none,Kayes,Cowpea,Main,1984,6,1984,12,All (PS),area,4358.0
100,ML2016A101,Mali,ML,Kayes,none,Kayes,Cowpea,Main,1985,6,1985,12,All (PS),area,2617.0
101,ML2016A101,Mali,ML,Kayes,none,Kayes,Cowpea,Main,1986,6,1986,12,All (PS),area,1502.0
102,ML2016A101,Mali,ML,Kayes,none,Kayes,Cowpea,Main,1987,6,1987,12,All (PS),area,1904.0
103,ML2016A101,Mali,ML,Kayes,none,Kayes,Cowpea,Main,1988,6,1988,12,All (PS),area,12956.0
104,ML2016A101,Mali,ML,Kayes,none,Kayes,Cowpea,Main,1989,6,1989,12,All (PS),area,5305.0
105,ML2016A101,Mali,ML,Kayes,none,Kayes,Cowpea,Main,1990,6,1990,12,All (PS),area,9721.0
106,ML2016A101,Mali,ML,Kayes,none,Kayes,Cowpea,Main,1991,6,1991,12,All (PS),area,17548.0
107,ML2016A101,Mali,ML,Kayes,none,Kayes,Cowpea,Main,1992,6,1992,12,All (PS),area,17548.0
108,ML2016A101,Mali,ML,Kayes,none,Kayes,Cowpea,Main,1993,6,1993,12,All (PS),area,27140.0
109,ML2016A101,Mali,ML,Kayes,none,Kayes,Cowpea,Main,1994,6,1994,12,All (PS),area,34925.0
110,ML2016A101,Mali,ML,Kayes,none,Kayes,Cowpea,Main,1995,6,1995,12,All (PS),area,34925.0
111,ML2016A101,Mali,ML,Kayes,none,Kayes,Cowpea,Main,1996,6,1996,12,All (PS),area,37661.0
112,ML2016A101,Mali,ML,Kayes,none,Kayes,Cowpea,Main,1997,6,1997,12,All (PS),area,18522.0
113,ML2016A101,Mali,ML,Kayes,none,Kayes,Cowpea,Main,1998,6,1998,12,All (PS),area,23753.0
114,ML2016A101,Mali,ML,Kayes,none,Kayes,Cowpea,Main,2000,6,2000,12,All (PS),area,30462.0
115,ML2016A101,Mali,ML,Kayes,none,Kayes,Cowpea,Main,2001,6,2001,12,All (PS),area,31554.0
116,ML2016A101,Mali,ML,Kayes,none,Kayes,Cowpea,Main,2002,6,2002,12,All (PS),area,6030.0
117,ML2016A101,Mali,ML,Kayes,none,Kayes,Cowpea,Main,2003,6,2003,12,All (PS),area,29000.0
118,ML2016A101,Mali,ML,Kayes,none,Kayes,Cowpea,Main,2004,6,2004,12,All (PS),area,3707.0
119,ML2016A101,Mali,ML,Kayes,none,Kayes,Cowpea,Main,2005,6,2005,12,All (PS),area,7827.0
120,ML2016A101,Mali,ML,Kayes,none,Kayes,Cowpea,Main,2006,6,2006,12,All (PS),area,14067.7708870679
121,ML2016A101,Mali,ML,Kayes,none,Kayes,Cowpea,Main,2007,6,2007,12,All (PS),area,5426.6
122,ML2016A101,Mali,ML,Kayes,none,Kayes,Cowpea,Main,2008,6,2008,12,All (PS),area,17250.0
123,ML2016A101,Mali,ML,Kayes,none,Kayes,Cowpea,Main,2009,6,2009,12,All (PS),area,17743.0
124,ML2016A101,Mali,ML,Kayes,none,Kayes,Cowpea,Main,2010,6,2010,12,All (PS),area,9133.6
125,ML2016A101,Mali,ML,Kayes,none,Kayes,Cowpea,Main,2011,6,2011,12,All (PS),area,2281.0
126,ML2016A101,Mali,ML,Kayes,none,Kayes,Cowpea,Main,2012,6,2012,12,All (PS),area,42628.0
127,ML2016A101,Mali,ML,Kayes,none,Kayes,Cowpea,Main,2013,6,2013,12,All (PS),area,19866.0
128,ML2016A101,Mali,ML,Kayes,none,Kayes,Cowpea,Main,2014,6,2014,12,All (PS),area,19500.0
129,ML2016A101,Mali,ML,Kayes,none,Kayes,Cowpea,Main,2015,6,2015,12,All (PS),area,49863.5
130,ML2016A101,Mali,ML,Kayes,none,Kayes,Cowpea,Main,2016,6,2016,12,All (PS),area,36425.0
131,ML2016A101,Mali,ML,Kayes,none,Kayes,Cowpea,Main,2017,6,2017,12,All (PS),area,40089.0
132,ML2016A101,Mali,ML,Kayes,none,Kayes,Cowpea,Main,2018,6,2018,12,All (PS),area,43442.0
133,ML2016A101,Mali,ML,Kayes,none,Kayes,Cowpea,Main,2019,6,2019,12,All (PS),area,36567.0
134,ML2016A101,Mali,ML,Kayes,none,Kayes,Cowpea,Main,2020,6,2020,12,All (PS),area,73002.0
135,ML2016A101,Mali,ML,Kayes,none,Kayes,Cowpea,Main,2021,6,2021,12,All (PS),area,38990.0
136,ML2016A101,Mali,ML,Kayes,none,Kayes,Fonio,Main,1982,6,1982,12,All (PS),area,3192.0
137,ML2016A101,Mali,ML,Kayes,none,Kayes,Fonio,Main,1983,6,1983,12,All (PS),area,3182.0
138,ML2016A101,Mali,ML,Kayes,none,Kayes,Fonio,Main,1984,6,1984,12,All (PS),area,4801.0
139,ML2016A101,Mali,ML,Kayes,none,Kayes,Fonio,Main,1985,6,1985,12,All (PS),area,603.0
140,ML2016A101,Mali,ML,Kayes,none,Kayes,Fonio,Main,1986,6,1986,12,All (PS),area,745.0
141,ML2016A101,Mali,ML,Kayes,none,Kayes,Fonio,Main,1987,6,1987,12,All (PS),area,2495.0
142,ML2016A101,Mali,ML,Kayes,none,Kayes,Fonio,Main,1988,6,1988,12,All (PS),area,4010.0
143,ML2016A101,Mali,ML,Kayes,none,Kayes,Fonio,Main,1989,6,1989,12,All (PS),area,4191.0
144,ML2016A101,Mali,ML,Kayes,none,Kayes,Fonio,Main,1990,6,1990,12,All (PS),area,4046.0
145,ML2016A101,Mali,ML,Kayes,none,Kayes,Fonio,Main,1991,6,1991,12,All (PS),area,1784.0
146,ML2016A101,Mali,ML,Kayes,none,Kayes,Fonio,Main,1992,6,1992,12,All (PS),area,1784.0
147,ML2016A101,Mali,ML,Kayes,none,Kayes,Fonio,Main,1993,6,1993,12,All (PS),area,5248.0
148,ML2016A101,Mali,ML,Kayes,none,Kayes,Fonio,Main,1994,6,1994,12,All (PS),area,3182.0
149,ML2016A101,Mali,ML,Kayes,none,Kayes,Fonio,Main,1995,6,1995,12,All (PS),area,2987.0
150,ML2016A101,Mali,ML,Kayes,none,Kayes,Fonio,Main,1996,6,1996,12,All (PS),area,2433.0
151,ML2016A101,Mali,ML,Kayes,none,Kayes,Fonio,Main,1997,6,1997,12,All (PS),area,18109.0
152,ML2016A101,Mali,ML,Kayes,none,Kayes,Fonio,Main,1998,6,1998,12,All (PS),area,3874.0
153,ML2016A101,Mali,ML,Kayes,none,Kayes,Fonio,Main,1999,6,1999,12,All (PS),area,6242.0
154,ML2016A101,Mali,ML,Kayes,none,Kayes,Fonio,Main,2000,6,2000,12,All (PS),area,4350.0
155,ML2016A101,Mali,ML,Kayes,none,Kayes,Fonio,Main,2001,6,2001,12,All (PS),area,9504.0
156,ML2016A101,Mali,ML,Kayes,none,Kayes,Fonio,Main,2002,6,2002,12,All (PS),area,4809.0
157,ML2016A101,Mali,ML,Kayes,none,Kayes,Fonio,Main,2003,6,2003,12,All (PS),area,5675.0
158,ML2016A101,Mali,ML,Kayes,none,Kayes,Fonio,Main,2004,6,2004,12,All (PS),area,2963.0
159,ML2016A101,Mali,ML,Kayes,none,Kayes,Fonio,Main,2005,6,2005,12,All (PS),area,16865.0
160,ML2016A101,Mali,ML,Kayes,none,Kayes,Fonio,Main,2006,6,2006,12,All (PS),area,6821.21661742523
161,ML2016A101,Mali,ML,Kayes,none,Kayes,Fonio,Main,2007,6,2007,12,All (PS),area,9809.0
162,ML2016A101,Mali,ML,Kayes,none,Kayes,Fonio,Main,2008,6,2008,12,All (PS),area,7743.0
163,ML2016A101,Mali,ML,Kayes,none,Kayes,Fonio,Main,2009,6,2009,12,All (PS),area,2146.0
164,ML2016A101,Mali,ML,Kayes,none,Kayes,Fonio,Main,2010,6,2010,12,All (PS),area,20343.0
165,ML2016A101,Mali,ML,Kayes,none,Kayes,Fonio,Main,2011,6,2011,12,All (PS),area,2047.0
166,ML2016A101,Mali,ML,Kayes,none,Kayes,Fonio,Main,2012,6,2012,12,All (PS),area,2544.0
167,ML2016A101,Mali,ML,Kayes,none,Kayes,Fonio,Main,2013,6,2013,12,All (PS),area,1984.0
168,ML2016A101,Mali,ML,Kayes,none,Kayes,Fonio,Main,2014,6,2014,12,All (PS),area,2388.0
169,ML2016A101,Mali,ML,Kayes,none,Kayes,Fonio,Main,2015,6,2015,12,All (PS),area,5474.0
170,ML2016A101,Mali,ML,Kayes,none,Kayes,Fonio,Main,2016,6,2016,12,All (PS),area,2505.0
171,ML2016A101,Mali,ML,Kayes,none,Kayes,Fonio,Main,2017,6,2017,12,All (PS),area,7711.0
172,ML2016A101,Mali,ML,Kayes,none,Kayes,Fonio,Main,2018,6,2018,12,All (PS),area,1883.0
173,ML2016A101,Mali,ML,Kayes,none,Kayes,Fonio,Main,2019,6,2019,12,All (PS),area,7254.20036437625
174,ML2016A101,Mali,ML,Kayes,none,Kayes,Fonio,Main,2020,6,2020,12,All (PS),area,17620.0
175,ML2016A101,Mali,ML,Kayes,none,Kayes,Fonio,Main,2021,6,2021,12,All (PS),area,26256.0
176,ML2016A101,Mali,ML,Kayes,none,Kayes,Fonio,Main,2022,6,2022,12,All (PS),area,17578.0
177,ML2016A101,Mali,ML,Kayes,none,Kayes,Groundnuts (In Shell),Main,1982,6,1982,12,All (PS),area,50527.0
178,ML2016A101,Mali,ML,Kayes,none,Kayes,Groundnuts (In Shell),Main,1983,6,1983,12,All (PS),area,71817.0
179,ML2016A101,Mali,ML,Kayes,none,Kayes,Groundnuts (In Shell),Main,1984,6,1984,12,All (PS),area,26167.0
180,ML2016A101,Mali,ML,Kayes,none,Kayes,Groundnuts (In Shell),Main,1985,6,1985,12,All (PS),area,32174.0
181,ML2016A101,Mali,ML,Kayes,none,Kayes,Groundnuts (In Shell),Main,1986,6,1986,12,All (PS),area,27162.0
182,ML2016A101,Mali,ML,Kayes,none,Kayes,Groundnuts (In Shell),Main,1987,6,1987,12,All (PS),area,58832.0
183,ML2016A101,Mali,ML,Kayes,none,Kayes,Groundnuts (In Shell),Main,1988,6,1988,12,All (PS),area,45249.0
184,ML2016A101,Mali,ML,Kayes,none,Kayes,Groundnuts (In Shell),Main,1989,6,1989,12,All (PS),area,46120.0
185,ML2016A101,Mali,ML,Kayes,none,Kayes,Groundnuts (In Shell),Main,1990,6,1990,12,All (PS),area,51458.0
186,ML2016A101,Mali,ML,Kayes,none,Kayes,Groundnuts (In Shell),Main,1991,6,1991,12,All (PS),area,67696.0
187,ML2016A101,Mali,ML,Kayes,none,Kayes,Groundnuts (In Shell),Main,1992,6,1992,12,All (PS),area,67626.0
188,ML2016A101,Mali,ML,Kayes,none,Kayes,Groundnuts (In Shell),Main,1993,6,1993,12,All (PS),area,69686.0
189,ML2016A101,Mali,ML,Kayes,none,Kayes,Groundnuts (In Shell),Main,1994,6,1994,12,All (PS),area,77271.0
190,ML2016A101,Mali,ML,Kayes,none,Kayes,Groundnuts (In Shell),Main,1995,6,1995,12,All (PS),area,54277.0
191,ML2016A101,Mali,ML,Kayes,none,Kayes,Groundnuts (In Shell),Main,1996,6,1996,12,All (PS),area,41857.0
192,ML2016A101,Mali,ML,Kayes,none,Kayes,Groundnuts (In Shell),Main,1997,6,1997,12,All (PS),area,51549.0
193,ML2016A101,Mali,ML,Kayes,none,Kayes,Groundnuts (In Shell),Main,2000,6,2000,12,All (PS),area,51003.0
194,ML2016A101,Mali,ML,Kayes,none,Kayes,Groundnuts (In Shell),Main,2001,6,2001,12,All (PS),area,65896.0
195,ML2016A101,Mali,ML,Kayes,none,Kayes,Groundnuts (In Shell),Main,2002,6,2002,12,All (PS),area,88291.0
196,ML2016A101,Mali,ML,Kayes,none,Kayes,Groundnuts (In Shell),Main,2003,6,2003,12,All (PS),area,98500.0
197,ML2016A101,Mali,ML,Kayes,none,Kayes,Groundnuts (In Shell),Main,2004,6,2004,12,All (PS),area,47864.0
198,ML2016A101,Mali,ML,Kayes,none,Kayes,Groundnuts (In Shell),Main,2005,6,2005,12,All (PS),area,88863.0
199,ML2016A101,Mali,ML,Kayes,none,Kayes,Groundnuts (In Shell),Main,2006,6,2006,12,All (PS),area,126098.162480396
200,ML2016A101,Mali,ML,Kayes,none,Kayes,Groundnuts (In Shell),Main,2007,6,2007,12,All (PS),area,125657.0
201,ML2016A101,Mali,ML,Kayes,none,Kayes,Groundnuts (In Shell),Main,2008,6,2008,12,All (PS),area,193352.0
202,ML2016A101,Mali,ML,Kayes,none,Kayes,Groundnuts (In Shell),Main,2009,6,2009,12,All (PS),area,103299.0
203,ML2016A101,Mali,ML,Kayes,none,Kayes,Groundnuts (In Shell),Main,2010,6,2010,12,All (PS),area,103299.0
204,ML2016A101,Mali,ML,Kayes,none,Kayes,Groundnuts (In Shell),Main,2011,6,2011,12,All (PS),area,121835.0
205,ML2016A101,Mali,ML,Kayes,none,Kayes,Groundnuts (In Shell),Main,2012,6,2012,12,All (PS),area,133188.0
206,ML2016A101,Mali,ML,Kayes,none,Kayes,Groundnuts (In Shell),Main,2013,6,2013,12,All (PS),area,100530.0
207,ML2016A101,Mali,ML,Kayes,none,Kayes,Groundnuts (In Shell),Main,2014,6,2014,12,All (PS),area,121248.0
208,ML2016A101,Mali,ML,Kayes,none,Kayes,Groundnuts (In Shell),Main,2015,6,2015,12,All (PS),area,138766.9
209,ML2016A101,Mali,ML,Kayes,none,Kayes,Groundnuts (In Shell),Main,2016,6,2016,12,All (PS),area,133790.0
210,ML2016A101,Mali,ML,Kayes,none,Kayes,Groundnuts (In Shell),Main,2017,6,2017,12,All (PS),area,109082.0
211,ML2016A101,Mali,ML,Kayes,none,Kayes,Groundnuts (In Shell),Main,2018,6,2018,12,All (PS),area,165408.0
212,ML2016A101,Mali,ML,Kayes,none,Kayes,Groundnuts (In Shell),Main,2019,6,2019,12,All (PS),area,139409.0
213,ML2016A101,Mali,ML,Kayes,none,Kayes,Groundnuts (In Shell),Main,2020,6,2020,12,All (PS),area,176022.0
214,ML2016A101,Mali,ML,Kayes,none,Kayes,Groundnuts (In Shell),Main,2021,6,2021,12,All (PS),area,150081.2
215,ML2016A101,Mali,ML,Kayes,none,Kayes,Maize,Main,1974,6,1974,12,All (PS),area,16241.0
216,ML2016A101,Mali,ML,Kayes,none,Kayes,Maize,Main,1975,6,1975,12,All (PS),area,17091.0
217,ML2016A101,Mali,ML,Kayes,none,Kayes,Maize,Main,1976,6,1976,12,All (PS),area,14775.0
218,ML2016A101,Mali,ML,Kayes,none,Kayes,Maize,Main,1977,6,1977,12,All (PS),area,20067.0
219,ML2016A101,Mali,ML,Kayes,none,Kayes,Maize,Main,1978,6,1978,12,All (PS),area,13585.0
220,ML2016A101,Mali,ML,Kayes,none,Kayes,Maize,Main,1979,6,1979,12,All (PS),area,17118.0
221,ML2016A101,Mali,ML,Kayes,none,Kayes,Maize,Main,1980,6,1980,12,All (PS),area,17475.0
222,ML2016A101,Mali,ML,Kayes,none,Kayes,Maize,Main,1981,6,1981,12,All (PS),area,17475.0
223,ML2016A101,Mali,ML,Kayes,none,Kayes,Maize,Main,1982,6,1982,12,All (PS),area,13585.0
224,ML2016A101,Mali,ML,Kayes,none,Kayes,Maize,Main,1983,6,1983,12,All (PS),area,12727.0
225,ML2016A101,Mali,ML,Kayes,none,Kayes,Maize,Main,1984,6,1984,12,All (PS),area,13706.0
226,ML2016A101,Mali,ML,Kayes,none,Kayes,Maize,Main,1985,6,1985,12,All (PS),area,17785.0
227,ML2016A101,Mali,ML,Kayes,none,Kayes,Maize,Main,1986,6,1986,12,All (PS),area,12268.0
228,ML2016A101,Mali,ML,Kayes,none,Kayes,Maize,Main,1987,6,1987,12,All (PS),area,16222.0
229,ML2016A101,Mali,ML,Kayes,none,Kayes,Maize,Main,1988,6,1988,12,All (PS),area,17018.0
230,ML2016A101,Mali,ML,Kayes,none,Kayes,Maize,Main,1989,6,1989,12,All (PS),area,21247.0
231,ML2016A101,Mali,ML,Kayes,none,Kayes,Maize,Main,1990,6,1990,12,All (PS),area,29323.0
232,ML2016A101,Mali,ML,Kayes,none,Kayes,Maize,Main,1991,6,1991,12,All (PS),area,29666.0
233,ML2016A101,Mali,ML,Kayes,none,Kayes,Maize,Main,1992,6,1992,12,All (PS),area,29666.0
234,ML2016A101,Mali,ML,Kayes,none,Kayes,Maize,Main,1993,6,1993,12,All (PS),area,27538.0
235,ML2016A101,Mali,ML,Kayes,none,Kayes,Maize,Main,1994,6,1994,12,All (PS),area,40598.0
236,ML2016A101,Mali,ML,Kayes,none,Kayes,Maize,Main,1995,6,1995,12,All (PS),area,31701.0
237,ML2016A101,Mali,ML,Kayes,none,Kayes,Maize,Main,1996,6,1996,12,All (PS),area,19661.0
238,ML2016A101,Mali,ML,Kayes,none,Kayes,Maize,Main,1997,6,1997,12,All (PS),area,18109.0
239,ML2016A101,Mali,ML,Kayes,none,Kayes,Maize,Main,1998,6,1998,12,All (PS),area,16478.0
240,ML2016A101,Mali,ML,Kayes,none,Kayes,Maize,Main,1999,6,1999,12,All (PS),area,42227.0
241,ML2016A101,Mali,ML,Kayes,none,Kayes,Maize,Main,2000,6,2000,12,All (PS),area,19673.0
242,ML2016A101,Mali,ML,Kayes,none,Kayes,Maize,Main,2001,6,2001,12,All (PS),area,44819.0
243,ML2016A101,Mali,ML,Kayes,none,Kayes,Maize,Main,2002,6,2002,12,All (PS),area,55682.0
244,ML2016A101,Mali,ML,Kayes,none,Kayes,Maize,Main,2003,6,2003,12,All (PS),area,52006.0
245,ML2016A101,Mali,ML,Kayes,none,Kayes,Maize,Main,2004,6,2004,12,All (PS),area,28871.0
246,ML2016A101,Mali,ML,Kayes,none,Kayes,Maize,Main,2005,6,2005,12,All (PS),area,65582.0
247,ML2016A101,Mali,ML,Kayes,none,Kayes,Maize,Main,2006,6,2006,12,All (PS),area,62715.3948700736
248,ML2016A101,Mali,ML,Kayes,none,Kayes,Maize,Main,2007,6,2007,12,All (PS),area,54384.0
249,ML2016A101,Mali,ML,Kayes,none,Kayes,Maize,Main,2008,6,2008,12,All (PS),area,66574.0
250,ML2016A101,Mali,ML,Kayes,none,Kayes,Maize,Main,2009,6,2009,12,All (PS),area,40348.0
251,ML2016A101,Mali,ML,Kayes,none,Kayes,Maize,Main,2010,6,2010,12,All (PS),area,51536.0
252,ML2016A101,Mali,ML,Kayes,none,Kayes,Maize,Main,2011,6,2011,12,All (PS),area,71676.0
253,ML2016A101,Mali,ML,Kayes,none,Kayes,Maize,Main,2012,6,2012,12,All (PS),area,38672.0
254,ML2016A101,Mali,ML,Kayes,none,Kayes,Maize,Main,2013,6,2013,12,All (PS),area,48662.0
255,ML2016A101,Mali,ML,Kayes,none,Kayes,Maize,Main,2014,6,2014,12,All (PS),area,105988.0
256,ML2016A101,Mali,ML,Kayes,none,Kayes,Maize,Main,2015,6,2015,12,All (PS),area,92212.0
257,ML2016A101,Mali,ML,Kayes,none,Kayes,Maize,Main,2016,6,2016,12,All (PS),area,149840.0
258,ML2016A101,Mali,ML,Kayes,none,Kayes,Maize,Main,2017,6,2017,12,All (PS),area,115991.0
259,ML2016A101,Mali,ML,Kayes,none,Kayes,Maize,Main,2018,6,2018,12,All (PS),area,99963.0
260,ML2016A101,Mali,ML,Kayes,none,Kayes,Maize,Main,2019,6,2019,12,All (PS),area,141957.465411672
261,ML2016A101,Mali,ML,Kayes,none,Kayes,Maize,Main,2020,6,2020,12,All (PS),area,87153.0
262,ML2016A101,Mali,ML,Kayes,none,Kayes,Maize,Main,2021,6,2021,12,All (PS),area,68510.0
263,ML2016A101,Mali,ML,Kayes,none,Kayes,Maize,Main,2022,6,2022,12,All (PS),area,151809.0
264,ML2016A101,Mali,ML,Kayes,none,Kayes,Sorghum,Main,1982,6,1982,12,All (PS),area,98177.0
265,ML2016A101,Mali,ML,Kayes,none,Kayes,Sorghum,Main,1983,6,1983,12,All (PS),area,122726.0
266,ML2016A101,Mali,ML,Kayes,none,Kayes,Sorghum,Main,1984,6,1984,12,All (PS),area,69025.0
267,ML2016A101,Mali,ML,Kayes,none,Kayes,Sorghum,Main,1985,6,1985,12,All (PS),area,95502.0
268,ML2016A101,Mali,ML,Kayes,none,Kayes,Sorghum,Main,1986,6,1986,12,All (PS),area,67169.0
269,ML2016A101,Mali,ML,Kayes,none,Kayes,Sorghum,Main,1987,6,1987,12,All (PS),area,77647.0
270,ML2016A101,Mali,ML,Kayes,none,Kayes,Sorghum,Main,1988,6,1988,12,All (PS),area,103135.0
271,ML2016A101,Mali,ML,Kayes,none,Kayes,Sorghum,Main,1989,6,1989,12,All (PS),area,120752.0
272,ML2016A101,Mali,ML,Kayes,none,Kayes,Sorghum,Main,1990,6,1990,12,All (PS),area,167650.0
273,ML2016A101,Mali,ML,Kayes,none,Kayes,Sorghum,Main,1991,6,1991,12,All (PS),area,199327.0
274,ML2016A101,Mali,ML,Kayes,none,Kayes,Sorghum,Main,1992,6,1992,12,All (PS),area,199327.0
275,ML2016A101,Mali,ML,Kayes,none,Kayes,Sorghum,Main,1993,6,1993,12,All (PS),area,187794.0
276,ML2016A101,Mali,ML,Kayes,none,Kayes,Sorghum,Main,1994,6,1994,12,All (PS),area,258827.0
277,ML2016A101,Mali,ML,Kayes,none,Kayes,Sorghum,Main,1995,6,1995,12,All (PS),area,106896.0
278,ML2016A101,Mali,ML,Kayes,none,Kayes,Sorghum,Main,1996,6,1996,12,All (PS),area,117177.0
279,ML2016A101,Mali,ML,Kayes,none,Kayes,Sorghum,Main,1997,6,1997,12,All (PS),area,123565.0
280,ML2016A101,Mali,ML,Kayes,none,Kayes,Sorghum,Main,1998,6,1998,12,All (PS),area,157647.0
281,ML2016A101,Mali,ML,Kayes,none,Kayes,Sorghum,Main,1999,6,1999,12,All (PS),area,154541.0
282,ML2016A101,Mali,ML,Kayes,none,Kayes,Sorghum,Main,2000,6,2000,12,All (PS),area,123830.0
283,ML2016A101,Mali,ML,Kayes,none,Kayes,Sorghum,Main,2001,6,2001,12,All (PS),area,143786.0
284,ML2016A101,Mali,ML,Kayes,none,Kayes,Sorghum,Main,2002,6,2002,12,All (PS),area,222860.0
285,ML2016A101,Mali,ML,Kayes,none,Kayes,Sorghum,Main,2003,6,2003,12,All (PS),area,197991.0
286,ML2016A101,Mali,ML,Kayes,none,Kayes,Sorghum,Main,2004,6,2004,12,All (PS),area,107716.0
287,ML2016A101,Mali,ML,Kayes,none,Kayes,Sorghum,Main,2005,6,2005,12,All (PS),area,169154.0
288,ML2016A101,Mali,ML,Kayes,none,Kayes,Sorghum,Main,2006,6,2006,12,All (PS),area,191052.962087418
289,ML2016A101,Mali,ML,Kayes,none,Kayes,Sorghum,Main,2007,6,2007,12,All (PS),area,183683.0
290,ML2016A101,Mali,ML,Kayes,none,Kayes,Sorghum,Main,2008,6,2008,12,All (PS),area,242971.0
291,ML2016A101,Mali,ML,Kayes,none,Kayes,Sorghum,Main,2009,6,2009,12,All (PS),area,176494.0
292,ML2016A101,Mali,ML,Kayes,none,Kayes,Sorghum,Main,2010,6,2010,12,All (PS),area,174875.0
293,ML2016A101,Mali,ML,Kayes,none,Kayes,Sorghum,Main,2011,6,2011,12,All (PS),area,167222.0
294,ML2016A101,Mali,ML,Kayes,none,Kayes,Sorghum,Main,2012,6,2012,12,All (PS),area,261599.0
295,ML2016A101,Mali,ML,Kayes,none,Kayes,Sorghum,Main,2013,6,2013,12,All (PS),area,122018.0
296,ML2016A101,Mali,ML,Kayes,none,Kayes,Sorghum,Main,2014,6,2014,12,All (PS),area,228473.0
297,ML2016A101,Mali,ML,Kayes,none,Kayes,Sorghum,Main,2015,6,2015,12,All (PS),area,300679.0
298,ML2016A101,Mali,ML,Kayes,none,Kayes,Sorghum,Main,2016,6,2016,12,All (PS),area,313506.0
299,ML2016A101,Mali,ML,Kayes,none,Kayes,Sorghum,Main,2017,6,2017,12,All (PS),area,267713.0
300,ML2016A101,Mali,ML,Kayes,none,Kayes,Sorghum,Main,2018,6,2018,12,All (PS),area,697066.0
301,ML2016A101,Mali,ML,Kayes,none,Kayes,Sorghum,Main,2019,6,2019,12,All (PS),area,340743.162682978
302,ML2016A101,Mali,ML,Kayes,none,Kayes,Sorghum,Main,2020,6,2020,12,All (PS),area,657993.0
303,ML2016A101,Mali,ML,Kayes,none,Kayes,Sorghum,Main,2021,6,2021,12,All (PS),area,339601.0
304,ML2016A101,Mali,ML,Kayes,none,Kayes,Sorghum,Main,2022,6,2022,12,All (PS),area,367061.0
305,ML2016A101,Mali,ML,Kayes,none,Kayes,Millet,Main,1982,6,1982,12,All (PS),area,15068.0
306,ML2016A101,Mali,ML,Kayes,none,Kayes,Millet,Main,1983,6,1983,12,All (PS),area,77044.0
307,ML2016A101,Mali,ML,Kayes,none,Kayes,Millet,Main,1984,6,1984,12,All (PS),area,20897.0
308,ML2016A101,Mali,ML,Kayes,none,Kayes,Millet,Main,1985,6,1985,12,All (PS),area,28803.0
309,ML2016A101,Mali,ML,Kayes,none,Kayes,Millet,Main,1986,6,1986,12,All (PS),area,12596.0
310,ML2016A101,Mali,ML,Kayes,none,Kayes,Millet,Main,1987,6,1987,12,All (PS),area,30825.0
311,ML2016A101,Mali,ML,Kayes,none,Kayes,Millet,Main,1988,6,1988,12,All (PS),area,19791.0
312,ML2016A101,Mali,ML,Kayes,none,Kayes,Millet,Main,1989,6,1989,12,All (PS),area,22645.0
313,ML2016A101,Mali,ML,Kayes,none,Kayes,Millet,Main,1990,6,1990,12,All (PS),area,13128.0
314,ML2016A101,Mali,ML,Kayes,none,Kayes,Millet,Main,1991,6,1991,12,All (PS),area,15081.0
315,ML2016A101,Mali,ML,Kayes,none,Kayes,Millet,Main,1992,6,1992,12,All (PS),area,15081.0
316,ML2016A101,Mali,ML,Kayes,none,Kayes,Millet,Main,1993,6,1993,12,All (PS),area,20897.0
317,ML2016A101,Mali,ML,Kayes,none,Kayes,Millet,Main,1994,6,1994,12,All (PS),area,36140.0
318,ML2016A101,Mali,ML,Kayes,none,Kayes,Millet,Main,1995,6,1995,12,All (PS),area,29423.0
319,ML2016A101,Mali,ML,Kayes,none,Kayes,Millet,Main,1996,6,1996,12,All (PS),area,38471.0
320,ML2016A101,Mali,ML,Kayes,none,Kayes,Millet,Main,1997,6,1997,12,All (PS),area,35216.0
321,ML2016A101,Mali,ML,Kayes,none,Kayes,Millet,Main,1998,6,1998,12,All (PS),area,39534.0
322,ML2016A101,Mali,ML,Kayes,none,Kayes,Millet,Main,1999,6,1999,12,All (PS),area,76443.0
323,ML2016A101,Mali,ML,Kayes,none,Kayes,Millet,Main,2000,6,2000,12,All (PS),area,18633.0
324,ML2016A101,Mali,ML,Kayes,none,Kayes,Millet,Main,2001,6,2001,12,All (PS),area,12704.0
325,ML2016A101,Mali,ML,Kayes,none,Kayes,Millet,Main,2002,6,2002,12,All (PS),area,59318.0
326,ML2016A101,Mali,ML,Kayes,none,Kayes,Millet,Main,2003,6,2003,12,All (PS),area,63108.0
327,ML2016A101,Mali,ML,Kayes,none,Kayes,Millet,Main,2004,6,2004,12,All (PS),area,53266.0
328,ML2016A101,Mali,ML,Kayes,none,Kayes,Millet,Main,2005,6,2005,12,All (PS),area,47457.0
329,ML2016A101,Mali,ML,Kayes,none,Kayes,Millet,Main,2006,6,2006,12,All (PS),area,76757.2839009852
330,ML2016A101,Mali,ML,Kayes,none,Kayes,Millet,Main,2007,6,2007,12,All (PS),area,43116.0
331,ML2016A101,Mali,ML,Kayes,none,Kayes,Millet,Main,2008,6,2008,12,All (PS),area,52381.0
332,ML2016A101,Mali,ML,Kayes,none,Kayes,Millet,Main,2009,6,2009,12,All (PS),area,23734.0
333,ML2016A101,Mali,ML,Kayes,none,Kayes,Millet,Main,2010,6,2010,12,All (PS),area,61454.0
334,ML2016A101,Mali,ML,Kayes,none,Kayes,Millet,Main,2011,6,2011,12,All (PS),area,47721.0
335,ML2016A101,Mali,ML,Kayes,none,Kayes,Millet,Main,2012,6,2012,12,All (PS),area,51612.0
336,ML2016A101,Mali,ML,Kayes,none,Kayes,Millet,Main,2013,6,2013,12,All (PS),area,67582.0
337,ML2016A101,Mali,ML,Kayes,none,Kayes,Millet,Main,2014,6,2014,12,All (PS),area,49976.0
338,ML2016A101,Mali,ML,Kayes,none,Kayes,Millet,Main,2015,6,2015,12,All (PS),area,71714.0
339,ML2016A101,Mali,ML,Kayes,none,Kayes,Millet,Main,2016,6,2016,12,All (PS),area,57977.0
340,ML2016A101,Mali,ML,Kayes,none,Kayes,Millet,Main,2017,6,2017,12,All (PS),area,53392.0
341,ML2016A101,Mali,ML,Kayes,none,Kayes,Millet,Main,2018,6,2018,12,All (PS),area,37489.0
342,ML2016A101,Mali,ML,Kayes,none,Kayes,Millet,Main,2019,6,2019,12,All (PS),area,49825.1252248524
343,ML2016A101,Mali,ML,Kayes,none,Kayes,Millet,Main,2020,6,2020,12,All (PS),area,74259.0
344,ML2016A101,Mali,ML,Kayes,none,Kayes,Millet,Main,2021,6,2021,12,All (PS),area,69960.0
345,ML2016A101,Mali,ML,Kayes,none,Kayes,Millet,Main,2022,6,2022,12,All (PS),area,78618.0
346,ML2016A101,Mali,ML,Kayes,none,Kayes,Sweet Potatoes,Main,1990,6,1990,12,All (PS),area,17.0
347,ML2016A101,Mali,ML,Kayes,none,Kayes,Sweet Potatoes,Main,1993,6,1993,12,All (PS),area,143.0
348,ML2016A101,Mali,ML,Kayes,none,Kayes,Sweet Potatoes,Main,1996,6,1996,12,All (PS),area,126.0
349,ML2016A101,Mali,ML,Kayes,none,Kayes,Sweet Potatoes,Main,2013,6,2013,12,All (PS),area,15.0
350,ML2016A101,Mali,ML,Kayes,none,Kayes,Sesame Seed,Main,2004,6,2004,12,All (PS),area,299.0
351,ML2016A101,Mali,ML,Kayes,none,Kayes,Sesame Seed,Main,2006,6,2006,12,All (PS),area,35.0
352,ML2016A101,Mali,ML,Kayes,none,Kayes,Sesame Seed,Main,2007,6,2007,12,All (PS),area,226.0
353,ML2016A101,Mali,ML,Kayes,none,Kayes,Sesame Seed,Main,2008,6,2008,12,All (PS),area,928.0
354,ML2016A101,Mali,ML,Kayes,none,Kayes,Sesame Seed,Main,2009,6,2009,12,All (PS),area,295.0
355,ML2016A101,Mali,ML,Kayes,none,Kayes,Sesame Seed,Main,2010,6,2010,12,All (PS),area,887.0
356,ML2016A101,Mali,ML,Kayes,none,Kayes,Sesame Seed,Main,2011,6,2011,12,All (PS),area,2980.0
357,ML2016A101,Mali,ML,Kayes,none,Kayes,Sesame Seed,Main,2012,6,2012,12,All (PS),area,3814.0
358,ML2016A101,Mali,ML,Kayes,none,Kayes,Sesame Seed,Main,2013,6,2013,12,All (PS),area,4829.0
359,ML2016A101,Mali,ML,Kayes,none,Kayes,Sesame Seed,Main,2014,6,2014,12,All (PS),area,6558.0
360,ML2016A101,Mali,ML,Kayes,none,Kayes,Sesame Seed,Main,2015,6,2015,12,All (PS),area,6653.0
361,ML2016A101,Mali,ML,Kayes,none,Kayes,Sesame Seed,Main,2016,6,2016,12,All (PS),area,5470.0
362,ML2016A101,Mali,ML,Kayes,none,Kayes,Sesame Seed,Main,2017,6,2017,12,All (PS),area,4196.0
363,ML2016A101,Mali,ML,Kayes,none,Kayes,Sesame Seed,Main,2018,6,2018,12,All (PS),area,6298.0
364,ML2016A101,Mali,ML,Kayes,none,Kayes,Sesame Seed,Main,2020,6,2020,12,All (PS),area,4925.0
365,ML2016A101,Mali,ML,Kayes,none,Kayes,Sesame Seed,Main,2021,6,2021,12,All (PS),area,2911.0
366,ML2016A101,Mali,ML,Kayes,none,Kayes,Soybean,Main,2004,6,2004,12,All (PS),area,10.0
367,ML2016A101,Mali,ML,Kayes,none,Kayes,Soybean,Main,2006,6,2006,12,All (PS),area,91.0
368,ML2016A101,Mali,ML,Kayes,none,Kayes,Soybean,Main,2008,6,2008,12,All (PS),area,3.0
369,ML2016A101,Mali,ML,Kayes,none,Kayes,Soybean,Main,2011,6,2011,12,All (PS),area,6.0
370,ML2016A101,Mali,ML,Kayes,none,Kayes,Soybean,Main,2012,6,2012,12,All (PS),area,6.0
371,ML2016A101,Mali,ML,Kayes,none,Kayes,Soybean,Main,2013,6,2013,12,All (PS),area,85.0
372,ML2016A101,Mali,ML,Kayes,none,Kayes,Soybean,Main,2021,6,2021,12,All (PS),area,1289.0
373,ML2016A102,Mali,ML,Koulikoro,none,Koulikoro,Bambara groundnut,Main,1984,6,1984,12,All (PS),area,2516.0
374,ML2016A102,Mali,ML,Koulikoro,none,Koulikoro,Bambara groundnut,Main,1985,6,1985,12,All (PS),area,701.0
375,ML2016A102,Mali,ML,Koulikoro,none,Koulikoro,Bambara groundnut,Main,1987,6,1987,12,All (PS),area,2363.0
376,ML2016A102,Mali,ML,Koulikoro,none,Koulikoro,Bambara groundnut,Main,1988,6,1988,12,All (PS),area,4292.0
377,ML2016A102,Mali,ML,Koulikoro,none,Koulikoro,Bambara groundnut,Main,1989,6,1989,12,All (PS),area,447.0
378,ML2016A102,Mali,ML,Koulikoro,none,Koulikoro,Bambara groundnut,Main,1990,6,1990,12,All (PS),area,5139.0
379,ML2016A102,Mali,ML,Koulikoro,none,Koulikoro,Bambara groundnut,Main,1992,6,1992,12,All (PS),area,3342.0
380,ML2016A102,Mali,ML,Koulikoro,none,Koulikoro,Bambara groundnut,Main,1993,6,1993,12,All (PS),area,4215.0
381,ML2016A102,Mali,ML,Koulikoro,none,Koulikoro,Bambara groundnut,Main,1995,6,1995,12,All (PS),area,2118.0
382,ML2016A102,Mali,ML,Koulikoro,none,Koulikoro,Bambara groundnut,Main,1996,6,1996,12,All (PS),area,125.0
383,ML2016A102,Mali,ML,Koulikoro,none,Koulikoro,Bambara groundnut,Main,1997,6,1997,12,All (PS),area,1146.0
384,ML2016A102,Mali,ML,Koulikoro,none,Koulikoro,Bambara groundnut,Main,1998,6,1998,12,All (PS),area,1102.0
385,ML2016A102,Mali,ML,Koulikoro,none,Koulikoro,Bambara groundnut,Main,2000,6,2000,12,All (PS),area,2092.0
386,ML2016A102,Mali,ML,Koulikoro,none,Koulikoro,Bambara groundnut,Main,2002,6,2002,12,All (PS),area,1028.0
387,ML2016A102,Mali,ML,Koulikoro,none,Koulikoro,Bambara groundnut,Main,2003,6,2003,12,All (PS),area,813.0
388,ML2016A102,Mali,ML,Koulikoro,none,Koulikoro,Bambara groundnut,Main,2004,6,2004,12,All (PS),area,1612.0
389,ML2016A102,Mali,ML,Koulikoro,none,Koulikoro,Bambara groundnut,Main,2005,6,2005,12,All (PS),area,1169.0
390,ML2016A102,Mali,ML,Koulikoro,none,Koulikoro,Bambara groundnut,Main,2006,6,2006,12,All (PS),area,3143.0
391,ML2016A102,Mali,ML,Koulikoro,none,Koulikoro,Bambara groundnut,Main,2007,6,2007,12,All (PS),area,548.0
392,ML2016A102,Mali,ML,Koulikoro,none,Koulikoro,Bambara groundnut,Main,2008,6,2008,12,All (PS),area,734.0
393,ML2016A102,Mali,ML,Koulikoro,none,Koulikoro,Bambara groundnut,Main,2009,6,2009,12,All (PS),area,727.0
394,ML2016A102,Mali,ML,Koulikoro,none,Koulikoro,Bambara groundnut,Main,2010,6,2010,12,All (PS),area,699.0
395,ML2016A102,Mali,ML,Koulikoro,none,Koulikoro,Bambara groundnut,Main,2011,6,2011,12,All (PS),area,1145.0
396,ML2016A102,Mali,ML,Koulikoro,none,Koulikoro,Bambara groundnut,Main,2012,6,2012,12,All (PS),area,1404.0
397,ML2016A102,Mali,ML,Koulikoro,none,Koulikoro,Bambara groundnut,Main,2013,6,2013,12,All (PS),area,867.0
398,ML2016A102,Mali,ML,Koulikoro,none,Koulikoro,Bambara groundnut,Main,2014,6,2014,12,All (PS),area,1305.0
399,ML2016A102,Mali,ML,Koulikoro,none,Koulikoro,Bambara groundnut,Main,2015,6,2015,12,All (PS),area,1409.0
400,ML2016A102,Mali,ML,Koulikoro,none,Koulikoro,Bambara groundnut,Main,2016,6,2016,12,All (PS),area,1809.0
401,ML2016A102,Mali,ML,Koulikoro,none,Koulikoro,Bambara groundnut,Main,2017,6,2017,12,All (PS),area,2132.0
402,ML2016A102,Mali,ML,Koulikoro,none,Koulikoro,Bambara groundnut,Main,2018,6,2018,12,All (PS),area,3406.0
403,ML2016A102,Mali,ML,Koulikoro,none,Koulikoro,Bambara groundnut,Main,2019,6,2019,12,All (PS),area,4299.0
404,ML2016A102,Mali,ML,Koulikoro,none,Koulikoro,Bambara groundnut,Main,2020,6,2020,12,All (PS),area,8511.0
405,ML2016A102,Mali,ML,Koulikoro,none,Koulikoro,Bambara groundnut,Main,2021,6,2021,12,All (PS),area,7751.0
406,ML2016A102,Mali,ML,Koulikoro,none,Koulikoro,Cotton,Main,1983,6,1983,12,All (PS),area,14377.0
407,ML2016A102,Mali,ML,Koulikoro,none,Koulikoro,Cotton,Main,1984,6,1984,12,All (PS),area,26247.0
408,ML2016A102,Mali,ML,Koulikoro,none,Koulikoro,Cotton,Main,1985,6,1985,12,All (PS),area,33472.0
409,ML2016A102,Mali,ML,Koulikoro,none,Koulikoro,Cotton,Main,1986,6,1986,12,All (PS),area,28395.0
410,ML2016A102,Mali,ML,Koulikoro,none,Koulikoro,Cotton,Main,1987,6,1987,12,All (PS),area,28692.0
411,ML2016A102,Mali,ML,Koulikoro,none,Koulikoro,Cotton,Main,1988,6,1988,12,All (PS),area,72502.0
412,ML2016A102,Mali,ML,Koulikoro,none,Koulikoro,Cotton,Main,1989,6,1989,12,All (PS),area,55411.0
413,ML2016A102,Mali,ML,Koulikoro,none,Koulikoro,Cotton,Main,1990,6,1990,12,All (PS),area,48719.0
414,ML2016A102,Mali,ML,Koulikoro,none,Koulikoro,Cotton,Main,1991,6,1991,12,All (PS),area,37384.0
415,ML2016A102,Mali,ML,Koulikoro,none,Koulikoro,Cotton,Main,1992,6,1992,12,All (PS),area,37384.0
416,ML2016A102,Mali,ML,Koulikoro,none,Koulikoro,Cotton,Main,1993,6,1993,12,All (PS),area,45672.0
417,ML2016A102,Mali,ML,Koulikoro,none,Koulikoro,Cotton,Main,1995,6,1995,12,All (PS),area,94760.0
418,ML2016A102,Mali,ML,Koulikoro,none,Koulikoro,Cotton,Main,1996,6,1996,12,All (PS),area,125631.0
419,ML2016A102,Mali,ML,Koulikoro,none,Koulikoro,Cotton,Main,1997,6,1997,12,All (PS),area,141888.0
420,ML2016A102,Mali,ML,Koulikoro,none,Koulikoro,Cotton,Main,2000,6,2000,12,All (PS),area,24137.0
421,ML2016A102,Mali,ML,Koulikoro,none,Koulikoro,Cotton,Main,2001,6,2001,12,All (PS),area,130452.0
422,ML2016A102,Mali,ML,Koulikoro,none,Koulikoro,Cotton,Main,2002,6,2002,12,All (PS),area,100791.0
423,ML2016A102,Mali,ML,Koulikoro,none,Koulikoro,Cotton,Main,2003,6,2003,12,All (PS),area,118010.0
424,ML2016A102,Mali,ML,Koulikoro,none,Koulikoro,Cotton,Main,2004,6,2004,12,All (PS),area,123506.0
425,ML2016A102,Mali,ML,Koulikoro,none,Koulikoro,Cotton,Main,2005,6,2005,12,All (PS),area,116303.0
426,ML2016A102,Mali,ML,Koulikoro,none,Koulikoro,Cotton,Main,2006,6,2006,12,All (PS),area,96607.0
427,ML2016A102,Mali,ML,Koulikoro,none,Koulikoro,Cotton,Main,2007,6,2007,12,All (PS),area,53945.0
428,ML2016A102,Mali,ML,Koulikoro,none,Koulikoro,Cotton,Main,2008,6,2008,12,All (PS),area,39830.0
429,ML2016A102,Mali,ML,Koulikoro,none,Koulikoro,Cotton,Main,2009,6,2009,12,All (PS),area,52122.0
430,ML2016A102,Mali,ML,Koulikoro,none,Koulikoro,Cotton,Main,2010,6,2010,12,All (PS),area,53123.0
431,ML2016A102,Mali,ML,Koulikoro,none,Koulikoro,Cotton,Main,2011,6,2011,12,All (PS),area,99815.0
432,ML2016A102,Mali,ML,Koulikoro,none,Koulikoro,Cotton,Main,2012,6,2012,12,All (PS),area,103237.0
433,ML2016A102,Mali,ML,Koulikoro,none,Koulikoro,Cotton,Main,2013,6,2013,12,All (PS),area,90500.0
434,ML2016A102,Mali,ML,Koulikoro,none,Koulikoro,Cotton,Main,2014,6,2014,12,All (PS),area,109337.0
435,ML2016A102,Mali,ML,Koulikoro,none,Koulikoro,Cotton,Main,2015,6,2015,12,All (PS),area,106664.0
436,ML2016A102,Mali,ML,Koulikoro,none,Koulikoro,Cotton,Main,2016,6,2016,12,All (PS),area,140773.0
437,ML2016A102,Mali,ML,Koulikoro,none,Koulikoro,Cotton,Main,2017,6,2017,12,All (PS),area,115278.0
438,ML2016A102,Mali,ML,Koulikoro,none,Koulikoro,Cotton,Main,2019,6,2019,12,All (PS),area,140064.0
439,ML2016A102,Mali,ML,Koulikoro,none,Koulikoro,Cotton,Main,2020,6,2020,12,All (PS),area,33890.0
440,ML2016A102,Mali,ML,Koulikoro,none,Koulikoro,Cotton,Main,2021,6,2021,12,All (PS),area,139136.0
441,ML2016A102,Mali,ML,Koulikoro,none,Koulikoro,Rice,Main,1983,6,1983,12,All (PS),area,267.2120239393869
442,ML2016A102,Mali,ML,Koulikoro,none,Koulikoro,Rice,Main,1984,6,1984,12,All (PS),area,1025.3024325970548
443,ML2016A102,Mali,ML,Koulikoro,none,Koulikoro,Rice,Main,1985,6,1985,12,All (PS),area,3835.9770547743096
444,ML2016A102,Mali,ML,Koulikoro,none,Koulikoro,Rice,Main,1986,6,1986,12,All (PS),area,1524.0982106172437
445,ML2016A102,Mali,ML,Koulikoro,none,Koulikoro,Rice,Main,1987,6,1987,12,All (PS),area,1836.8352460426004
446,ML2016A102,Mali,ML,Koulikoro,none,Koulikoro,Rice,Main,1988,6,1988,12,All (PS),area,2756.242543226639
447,ML2016A102,Mali,ML,Koulikoro,none,Koulikoro,Rice,Main,1989,6,1989,12,All (PS),area,3443.076412167137
448,ML2016A102,Mali,ML,Koulikoro,none,Koulikoro,Rice,Main,1990,6,1990,12,All (PS),area,8278.624371307302
449,ML2016A102,Mali,ML,Koulikoro,none,Koulikoro,Rice,Main,1991,6,1991,12,All (PS),area,6268.596146785469
450,ML2016A102,Mali,ML,Koulikoro,none,Koulikoro,Rice,Main,1992,6,1992,12,All (PS),area,6268.596146785469
451,ML2016A102,Mali,ML,Koulikoro,none,Koulikoro,Rice,Main,1993,6,1993,12,All (PS),area,13485.300141474392
452,ML2016A102,Mali,ML,Koulikoro,none,Koulikoro,Rice,Main,1995,6,1995,12,All (PS),area,15322.135387516992
453,ML2016A102,Mali,ML,Koulikoro,none,Koulikoro,Rice,Main,1996,6,1996,12,All (PS),area,20894.99059789732
454,ML2016A102,Mali,ML,Koulikoro,none,Koulikoro,Rice,Main,1998,6,1998,12,All (PS),area,22650.672562595362
455,ML2016A102,Mali,ML,Koulikoro,none,Koulikoro,Rice,Main,1999,6,1999,12,All (PS),area,21554.113590281137
456,ML2016A102,Mali,ML,Koulikoro,none,Koulikoro,Rice,Main,2000,6,2000,12,All (PS),area,22686.300832453948
457,ML2016A102,Mali,ML,Koulikoro,none,Koulikoro,Rice,Main,2001,6,2001,12,All (PS),area,23984.0
458,ML2016A102,Mali,ML,Koulikoro,none,Koulikoro,Rice,Main,2002,6,2002,12,All (PS),area,12996.0
459,ML2016A102,Mali,ML,Koulikoro,none,Koulikoro,Rice,Main,2003,6,2003,12,All (PS),area,20818.0
460,ML2016A102,Mali,ML,Koulikoro,none,Koulikoro,Rice,Main,2004,6,2004,12,All (PS),area,16675.0
461,ML2016A102,Mali,ML,Koulikoro,none,Koulikoro,Rice,Main,2005,6,2005,12,All (PS),area,26494.0
462,ML2016A102,Mali,ML,Koulikoro,none,Koulikoro,Rice,Main,2006,6,2006,12,All (PS),area,10740.7514868851
463,ML2016A102,Mali,ML,Koulikoro,none,Koulikoro,Rice,Main,2007,6,2007,12,All (PS),area,12134.0
464,ML2016A102,Mali,ML,Koulikoro,none,Koulikoro,Rice,Main,2008,6,2008,12,All (PS),area,18223.0
465,ML2016A102,Mali,ML,Koulikoro,none,Koulikoro,Rice,Main,2009,6,2009,12,All (PS),area,14640.0
466,ML2016A102,Mali,ML,Koulikoro,none,Koulikoro,Rice,Main,2010,6,2010,12,All (PS),area,48987.0
467,ML2016A102,Mali,ML,Koulikoro,none,Koulikoro,Rice,Main,2011,6,2011,12,All (PS),area,67276.0
468,ML2016A102,Mali,ML,Koulikoro,none,Koulikoro,Rice,Main,2012,6,2012,12,All (PS),area,58321.0
469,ML2016A102,Mali,ML,Koulikoro,none,Koulikoro,Rice,Main,2013,6,2013,12,All (PS),area,22778.0
470,ML2016A102,Mali,ML,Koulikoro,none,Koulikoro,Rice,Main,2014,6,2014,12,All (PS),area,28964.0
471,ML2016A102,Mali,ML,Koulikoro,none,Koulikoro,Rice,Main,2015,6,2015,12,All (PS),area,60302.0
472,ML2016A102,Mali,ML,Koulikoro,none,Koulikoro,Rice,Main,2016,6,2016,12,All (PS),area,84324.0
473,ML2016A102,Mali,ML,Koulikoro,none,Koulikoro,Rice,Main,2017,6,2017,12,All (PS),area,48541.0
474,ML2016A102,Mali,ML,Koulikoro,none,Koulikoro,Rice,Main,2018,6,2018,12,All (PS),area,57090.0
475,ML2016A102,Mali,ML,Koulikoro,none,Koulikoro,Rice,Main,2019,6,2019,12,All (PS),area,90323.946536726
476,ML2016A102,Mali,ML,Koulikoro,none,Koulikoro,Rice,Main,2020,6,2020,12,All (PS),area,66422.0
477,ML2016A102,Mali,ML,Koulikoro,none,Koulikoro,Rice,Main,2021,6,2021,12,All (PS),area,68371.0
478,ML2016A102,Mali,ML,Koulikoro,none,Koulikoro,Rice,Main,2022,6,2022,12,All (PS),area,63589.0
479,ML2016A102,Mali,ML,Koulikoro,none,Koulikoro,Cowpea,Main,1984,6,1984,12,All (PS),area,29696.77873763305
480,ML2016A102,Mali,ML,Koulikoro,none,Koulikoro,Cowpea,Main,1985,6,1985,12,All (PS),area,55162.5140656525
481,ML2016A102,Mali,ML,Koulikoro,none,Koulikoro,Cowpea,Main,1986,6,1986,12,All (PS),area,48097.19809261379
482,ML2016A102,Mali,ML,Koulikoro,none,Koulikoro,Cowpea,Main,1987,6,1987,12,All (PS),area,50861.93014449326
483,ML2016A102,Mali,ML,Koulikoro,none,Koulikoro,Cowpea,Main,1988,6,1988,12,All (PS),area,77753.24595919867
484,ML2016A102,Mali,ML,Koulikoro,none,Koulikoro,Cowpea,Main,1989,6,1989,12,All (PS),area,104711.12197781207
485,ML2016A102,Mali,ML,Koulikoro,none,Koulikoro,Cowpea,Main,1990,6,1990,12,All (PS),area,52994.83697718647
486,ML2016A102,Mali,ML,Koulikoro,none,Koulikoro,Cowpea,Main,1991,6,1991,12,All (PS),area,72824.81056237007
487,ML2016A102,Mali,ML,Koulikoro,none,Koulikoro,Cowpea,Main,1992,6,1992,12,All (PS),area,72824.81056237007
488,ML2016A102,Mali,ML,Koulikoro,none,Koulikoro,Cowpea,Main,1993,6,1993,12,All (PS),area,62974.893819867415
489,ML2016A102,Mali,ML,Koulikoro,none,Koulikoro,Cowpea,Main,1995,6,1995,12,All (PS),area,25119.026206170398
490,ML2016A102,Mali,ML,Koulikoro,none,Koulikoro,Cowpea,Main,1996,6,1996,12,All (PS),area,63706.06262697603
491,ML2016A102,Mali,ML,Koulikoro,none,Koulikoro,Cowpea,Main,1997,6,1997,12,All (PS),area,53835.28373100969
492,ML2016A102,Mali,ML,Koulikoro,none,Koulikoro,Cowpea,Main,1998,6,1998,12,All (PS),area,72666.8542575735
493,ML2016A102,Mali,ML,Koulikoro,none,Koulikoro,Cowpea,Main,2000,6,2000,12,All (PS),area,77934.05128921737
494,ML2016A102,Mali,ML,Koulikoro,none,Koulikoro,Cowpea,Main,2001,6,2001,12,All (PS),area,80452.0
495,ML2016A102,Mali,ML,Koulikoro,none,Koulikoro,Cowpea,Main,2002,6,2002,12,All (PS),area,134314.0
496,ML2016A102,Mali,ML,Koulikoro,none,Koulikoro,Cowpea,Main,2003,6,2003,12,All (PS),area,81140.0
497,ML2016A102,Mali,ML,Koulikoro,none,Koulikoro,Cowpea,Main,2004,6,2004,12,All (PS),area,36823.0
498,ML2016A102,Mali,ML,Koulikoro,none,Koulikoro,Cowpea,Main,2005,6,2005,12,All (PS),area,76531.0
499,ML2016A102,Mali,ML,Koulikoro,none,Koulikoro,Cowpea,Main,2006,6,2006,12,All (PS),area,64353.5794094098
500,ML2016A102,Mali,ML,Koulikoro,none,Koulikoro,Cowpea,Main,2007,6,2007,12,All (PS),area,41574.0
501,ML2016A102,Mali,ML,Koulikoro,none,Koulikoro,Cowpea,Main,2008,6,2008,12,All (PS),area,95772.0
502,ML2016A102,Mali,ML,Koulikoro,none,Koulikoro,Cowpea,Main,2009,6,2009,12,All (PS),area,61470.0
503,ML2016A102,Mali,ML,Koulikoro,none,Koulikoro,Cowpea,Main,2010,6,2010,12,All (PS),area,78397.0
504,ML2016A102,Mali,ML,Koulikoro,none,Koulikoro,Cowpea,Main,2011,6,2011,12,All (PS),area,3065.0
505,ML2016A102,Mali,ML,Koulikoro,none,Koulikoro,Cowpea,Main,2012,6,2012,12,All (PS),area,64831.0
506,ML2016A102,Mali,ML,Koulikoro,none,Koulikoro,Cowpea,Main,2013,6,2013,12,All (PS),area,76487.0
507,ML2016A102,Mali,ML,Koulikoro,none,Koulikoro,Cowpea,Main,2014,6,2014,12,All (PS),area,103499.0
508,ML2016A102,Mali,ML,Koulikoro,none,Koulikoro,Cowpea,Main,2015,6,2015,12,All (PS),area,110799.0
509,ML2016A102,Mali,ML,Koulikoro,none,Koulikoro,Cowpea,Main,2016,6,2016,12,All (PS),area,136975.0
510,ML2016A102,Mali,ML,Koulikoro,none,Koulikoro,Cowpea,Main,2017,6,2017,12,All (PS),area,16503.0
511,ML2016A102,Mali,ML,Koulikoro,none,Koulikoro,Cowpea,Main,2018,6,2018,12,All (PS),area,293600.0
512,ML2016A102,Mali,ML,Koulikoro,none,Koulikoro,Cowpea,Main,2019,6,2019,12,All (PS),area,161621.0
513,ML2016A102,Mali,ML,Koulikoro,none,Koulikoro,Cowpea,Main,2020,6,2020,12,All (PS),area,166416.0
514,ML2016A102,Mali,ML,Koulikoro,none,Koulikoro,Cowpea,Main,2021,6,2021,12,All (PS),area,110169.0
515,ML2016A102,Mali,ML,Koulikoro,none,Koulikoro,Fonio,Main,1983,6,1983,12,All (PS),area,4234.805507369286
516,ML2016A102,Mali,ML,Koulikoro,none,Koulikoro,Fonio,Main,1984,6,1984,12,All (PS),area,1244.430252938831
517,ML2016A102,Mali,ML,Koulikoro,none,Koulikoro,Fonio,Main,1985,6,1985,12,All (PS),area,901.0423560752589
518,ML2016A102,Mali,ML,Koulikoro,none,Koulikoro,Fonio,Main,1986,6,1986,12,All (PS),area,756.9504320507627
519,ML2016A102,Mali,ML,Koulikoro,none,Koulikoro,Fonio,Main,1987,6,1987,12,All (PS),area,871.1011770571818
520,ML2016A102,Mali,ML,Koulikoro,none,Koulikoro,Fonio,Main,1988,6,1988,12,All (PS),area,1998.5736994566491
521,ML2016A102,Mali,ML,Koulikoro,none,Koulikoro,Fonio,Main,1989,6,1989,12,All (PS),area,1621.50197619774
522,ML2016A102,Mali,ML,Koulikoro,none,Koulikoro,Fonio,Main,1990,6,1990,12,All (PS),area,2072.490985157527
523,ML2016A102,Mali,ML,Koulikoro,none,Koulikoro,Fonio,Main,1991,6,1991,12,All (PS),area,1265.950475358074
524,ML2016A102,Mali,ML,Koulikoro,none,Koulikoro,Fonio,Main,1992,6,1992,12,All (PS),area,1265.950475358074
525,ML2016A102,Mali,ML,Koulikoro,none,Koulikoro,Fonio,Main,1993,6,1993,12,All (PS),area,1228.5240015854777
526,ML2016A102,Mali,ML,Koulikoro,none,Koulikoro,Fonio,Main,1995,6,1995,12,All (PS),area,3857.7337841103763
527,ML2016A102,Mali,ML,Koulikoro,none,Koulikoro,Fonio,Main,1996,6,1996,12,All (PS),area,1581.268516892199
528,ML2016A102,Mali,ML,Koulikoro,none,Koulikoro,Fonio,Main,1997,6,1997,12,All (PS),area,1220.1030449866435
529,ML2016A102,Mali,ML,Koulikoro,none,Koulikoro,Fonio,Main,1998,6,1998,12,All (PS),area,654.9632910204374
530,ML2016A102,Mali,ML,Koulikoro,none,Koulikoro,Fonio,Main,1999,6,1999,12,All (PS),area,1527.000129921934
531,ML2016A102,Mali,ML,Koulikoro,none,Koulikoro,Fonio,Main,2000,6,2000,12,All (PS),area,283.5055388274179
532,ML2016A102,Mali,ML,Koulikoro,none,Koulikoro,Fonio,Main,2001,6,2001,12,All (PS),area,1781.0
533,ML2016A102,Mali,ML,Koulikoro,none,Koulikoro,Fonio,Main,2002,6,2002,12,All (PS),area,752.0
534,ML2016A102,Mali,ML,Koulikoro,none,Koulikoro,Fonio,Main,2003,6,2003,12,All (PS),area,2851.0
535,ML2016A102,Mali,ML,Koulikoro,none,Koulikoro,Fonio,Main,2004,6,2004,12,All (PS),area,2385.0
536,ML2016A102,Mali,ML,Koulikoro,none,Koulikoro,Fonio,Main,2005,6,2005,12,All (PS),area,2412.0
537,ML2016A102,Mali,ML,Koulikoro,none,Koulikoro,Fonio,Main,2006,6,2006,12,All (PS),area,903.332472627439
538,ML2016A102,Mali,ML,Koulikoro,none,Koulikoro,Fonio,Main,2007,6,2007,12,All (PS),area,106.0
539,ML2016A102,Mali,ML,Koulikoro,none,Koulikoro,Fonio,Main,2008,6,2008,12,All (PS),area,4484.0
540,ML2016A102,Mali,ML,Koulikoro,none,Koulikoro,Fonio,Main,2009,6,2009,12,All (PS),area,792.0
541,ML2016A102,Mali,ML,Koulikoro,none,Koulikoro,Fonio,Main,2010,6,2010,12,All (PS),area,3934.0
542,ML2016A102,Mali,ML,Koulikoro,none,Koulikoro,Fonio,Main,2011,6,2011,12,All (PS),area,6871.0
543,ML2016A102,Mali,ML,Koulikoro,none,Koulikoro,Fonio,Main,2012,6,2012,12,All (PS),area,466.0
544,ML2016A102,Mali,ML,Koulikoro,none,Koulikoro,Fonio,Main,2013,6,2013,12,All (PS),area,439.0
545,ML2016A102,Mali,ML,Koulikoro,none,Koulikoro,Fonio,Main,2014,6,2014,12,All (PS),area,1380.0
546,ML2016A102,Mali,ML,Koulikoro,none,Koulikoro,Fonio,Main,2015,6,2015,12,All (PS),area,4747.0
547,ML2016A102,Mali,ML,Koulikoro,none,Koulikoro,Fonio,Main,2016,6,2016,12,All (PS),area,885.0
548,ML2016A102,Mali,ML,Koulikoro,none,Koulikoro,Fonio,Main,2017,6,2017,12,All (PS),area,1694.0
549,ML2016A102,Mali,ML,Koulikoro,none,Koulikoro,Fonio,Main,2018,6,2018,12,All (PS),area,180.0
550,ML2016A102,Mali,ML,Koulikoro,none,Koulikoro,Fonio,Main,2019,6,2019,12,All (PS),area,1494.31451733534
551,ML2016A102,Mali,ML,Koulikoro,none,Koulikoro,Fonio,Main,2020,6,2020,12,All (PS),area,10491.0
552,ML2016A102,Mali,ML,Koulikoro,none,Koulikoro,Fonio,Main,2021,6,2021,12,All (PS),area,10155.0
553,ML2016A102,Mali,ML,Koulikoro,none,Koulikoro,Fonio,Main,2022,6,2022,12,All (PS),area,8111.0
554,ML2016A102,Mali,ML,Koulikoro,none,Koulikoro,Groundnuts (In Shell),Main,1983,6,1983,12,All (PS),area,16449.54785230135
555,ML2016A102,Mali,ML,Koulikoro,none,Koulikoro,Groundnuts (In Shell),Main,1984,6,1984,12,All (PS),area,10866.048935693581
556,ML2016A102,Mali,ML,Koulikoro,none,Koulikoro,Groundnuts (In Shell),Main,1985,6,1985,12,All (PS),area,13521.773478395655
557,ML2016A102,Mali,ML,Koulikoro,none,Koulikoro,Groundnuts (In Shell),Main,1986,6,1986,12,All (PS),area,15361.348527486845
558,ML2016A102,Mali,ML,Koulikoro,none,Koulikoro,Groundnuts (In Shell),Main,1987,6,1987,12,All (PS),area,19416.186487807572
559,ML2016A102,Mali,ML,Koulikoro,none,Koulikoro,Groundnuts (In Shell),Main,1988,6,1988,12,All (PS),area,44009.2919247098
560,ML2016A102,Mali,ML,Koulikoro,none,Koulikoro,Groundnuts (In Shell),Main,1989,6,1989,12,All (PS),area,18583.096162216978
561,ML2016A102,Mali,ML,Koulikoro,none,Koulikoro,Groundnuts (In Shell),Main,1990,6,1990,12,All (PS),area,89201.45252941486
562,ML2016A102,Mali,ML,Koulikoro,none,Koulikoro,Groundnuts (In Shell),Main,1991,6,1991,12,All (PS),area,4055.8344798489434
563,ML2016A102,Mali,ML,Koulikoro,none,Koulikoro,Groundnuts (In Shell),Main,1992,6,1992,12,All (PS),area,44107.947358003425
564,ML2016A102,Mali,ML,Koulikoro,none,Koulikoro,Groundnuts (In Shell),Main,1993,6,1993,12,All (PS),area,44107.947358003425
565,ML2016A102,Mali,ML,Koulikoro,none,Koulikoro,Groundnuts (In Shell),Main,1995,6,1995,12,All (PS),area,49155.318768429686
566,ML2016A102,Mali,ML,Koulikoro,none,Koulikoro,Groundnuts (In Shell),Main,1996,6,1996,12,All (PS),area,36496.53120147118
567,ML2016A102,Mali,ML,Koulikoro,none,Koulikoro,Groundnuts (In Shell),Main,1997,6,1997,12,All (PS),area,41373.4977725721
568,ML2016A102,Mali,ML,Koulikoro,none,Koulikoro,Groundnuts (In Shell),Main,2000,6,2000,12,All (PS),area,69263.08980882083
569,ML2016A102,Mali,ML,Koulikoro,none,Koulikoro,Groundnuts (In Shell),Main,2001,6,2001,12,All (PS),area,40908.0
570,ML2016A102,Mali,ML,Koulikoro,none,Koulikoro,Groundnuts (In Shell),Main,2002,6,2002,12,All (PS),area,45889.0
571,ML2016A102,Mali,ML,Koulikoro,none,Koulikoro,Groundnuts (In Shell),Main,2003,6,2003,12,All (PS),area,55294.0
572,ML2016A102,Mali,ML,Koulikoro,none,Koulikoro,Groundnuts (In Shell),Main,2004,6,2004,12,All (PS),area,81874.0
573,ML2016A102,Mali,ML,Koulikoro,none,Koulikoro,Groundnuts (In Shell),Main,2005,6,2005,12,All (PS),area,78024.0
574,ML2016A102,Mali,ML,Koulikoro,none,Koulikoro,Groundnuts (In Shell),Main,2006,6,2006,12,All (PS),area,77500.3326904542
575,ML2016A102,Mali,ML,Koulikoro,none,Koulikoro,Groundnuts (In Shell),Main,2007,6,2007,12,All (PS),area,75252.0
576,ML2016A102,Mali,ML,Koulikoro,none,Koulikoro,Groundnuts (In Shell),Main,2008,6,2008,12,All (PS),area,69272.0
577,ML2016A102,Mali,ML,Koulikoro,none,Koulikoro,Groundnuts (In Shell),Main,2009,6,2009,12,All (PS),area,74740.0
578,ML2016A102,Mali,ML,Koulikoro,none,Koulikoro,Groundnuts (In Shell),Main,2010,6,2010,12,All (PS),area,89262.0
579,ML2016A102,Mali,ML,Koulikoro,none,Koulikoro,Groundnuts (In Shell),Main,2011,6,2011,12,All (PS),area,74153.0
580,ML2016A102,Mali,ML,Koulikoro,none,Koulikoro,Groundnuts (In Shell),Main,2012,6,2012,12,All (PS),area,94669.0
581,ML2016A102,Mali,ML,Koulikoro,none,Koulikoro,Groundnuts (In Shell),Main,2013,6,2013,12,All (PS),area,105828.0
582,ML2016A102,Mali,ML,Koulikoro,none,Koulikoro,Groundnuts (In Shell),Main,2014,6,2014,12,All (PS),area,121982.0
583,ML2016A102,Mali,ML,Koulikoro,none,Koulikoro,Groundnuts (In Shell),Main,2015,6,2015,12,All (PS),area,121982.0
584,ML2016A102,Mali,ML,Koulikoro,none,Koulikoro,Groundnuts (In Shell),Main,2016,6,2016,12,All (PS),area,136244.0
585,ML2016A102,Mali,ML,Koulikoro,none,Koulikoro,Groundnuts (In Shell),Main,2017,6,2017,12,All (PS),area,123463.0
586,ML2016A102,Mali,ML,Koulikoro,none,Koulikoro,Groundnuts (In Shell),Main,2018,6,2018,12,All (PS),area,144096.0
587,ML2016A102,Mali,ML,Koulikoro,none,Koulikoro,Groundnuts (In Shell),Main,2019,6,2019,12,All (PS),area,161350.0
588,ML2016A102,Mali,ML,Koulikoro,none,Koulikoro,Groundnuts (In Shell),Main,2020,6,2020,12,All (PS),area,156446.0
589,ML2016A102,Mali,ML,Koulikoro,none,Koulikoro,Groundnuts (In Shell),Main,2021,6,2021,12,All (PS),area,136249.0
590,ML2016A102,Mali,ML,Koulikoro,none,Koulikoro,Maize,Main,1974,6,1974,12,All (PS),area,2823.0845192710235
591,ML2016A102,Mali,ML,Koulikoro,none,Koulikoro,Maize,Main,1975,6,1975,12,All (PS),area,4306.035361687819
592,ML2016A102,Mali,ML,Koulikoro,none,Koulikoro,Maize,Main,1976,6,1976,12,All (PS),area,5179.567751053385
593,ML2016A102,Mali,ML,Koulikoro,none,Koulikoro,Maize,Main,1977,6,1977,12,All (PS),area,2967.858084361845
594,ML2016A102,Mali,ML,Koulikoro,none,Koulikoro,Maize,Main,1978,6,1978,12,All (PS),area,6708.493982384158
595,ML2016A102,Mali,ML,Koulikoro,none,Koulikoro,Maize,Main,1979,6,1979,12,All (PS),area,4419.506534326571
596,ML2016A102,Mali,ML,Koulikoro,none,Koulikoro,Maize,Main,1980,6,1980,12,All (PS),area,12297.927434606829
597,ML2016A102,Mali,ML,Koulikoro,none,Koulikoro,Maize,Main,1981,6,1981,12,All (PS),area,12301.840233663337
598,ML2016A102,Mali,ML,Koulikoro,none,Koulikoro,Maize,Main,1983,6,1983,12,All (PS),area,4427.332132439588
599,ML2016A102,Mali,ML,Koulikoro,none,Koulikoro,Maize,Main,1984,6,1984,12,All (PS),area,11743.288168346722
600,ML2016A102,Mali,ML,Koulikoro,none,Koulikoro,Maize,Main,1985,6,1985,12,All (PS),area,14150.637787863696
601,ML2016A102,Mali,ML,Koulikoro,none,Koulikoro,Maize,Main,1986,6,1986,12,All (PS),area,20703.598007751632
602,ML2016A102,Mali,ML,Koulikoro,none,Koulikoro,Maize,Main,1987,6,1987,12,All (PS),area,17220.228647694767
603,ML2016A102,Mali,ML,Koulikoro,none,Koulikoro,Maize,Main,1988,6,1988,12,All (PS),area,27137.217856416057
604,ML2016A102,Mali,ML,Koulikoro,none,Koulikoro,Maize,Main,1989,6,1989,12,All (PS),area,24419.778911670768
605,ML2016A102,Mali,ML,Koulikoro,none,Koulikoro,Maize,Main,1990,6,1990,12,All (PS),area,34858.14859467184
606,ML2016A102,Mali,ML,Koulikoro,none,Koulikoro,Maize,Main,1991,6,1991,12,All (PS),area,28807.00485378114
607,ML2016A102,Mali,ML,Koulikoro,none,Koulikoro,Maize,Main,1992,6,1992,12,All (PS),area,28807.00485378114
608,ML2016A102,Mali,ML,Koulikoro,none,Koulikoro,Maize,Main,1993,6,1993,12,All (PS),area,44665.57942981088
609,ML2016A102,Mali,ML,Koulikoro,none,Koulikoro,Maize,Main,1995,6,1995,12,All (PS),area,42474.41195816601
610,ML2016A102,Mali,ML,Koulikoro,none,Koulikoro,Maize,Main,1996,6,1996,12,All (PS),area,43127.849400602965
611,ML2016A102,Mali,ML,Koulikoro,none,Koulikoro,Maize,Main,1997,6,1997,12,All (PS),area,49129.10495352318
612,ML2016A102,Mali,ML,Koulikoro,none,Koulikoro,Maize,Main,1998,6,1998,12,All (PS),area,74738.37477837258
613,ML2016A102,Mali,ML,Koulikoro,none,Koulikoro,Maize,Main,1999,6,1999,12,All (PS),area,84967.40971185044
614,ML2016A102,Mali,ML,Koulikoro,none,Koulikoro,Maize,Main,2000,6,2000,12,All (PS),area,27315.2502134872
615,ML2016A102,Mali,ML,Koulikoro,none,Koulikoro,Maize,Main,2001,6,2001,12,All (PS),area,63937.0
616,ML2016A102,Mali,ML,Koulikoro,none,Koulikoro,Maize,Main,2002,6,2002,12,All (PS),area,67117.0
617,ML2016A102,Mali,ML,Koulikoro,none,Koulikoro,Maize,Main,2003,6,2003,12,All (PS),area,53302.0
618,ML2016A102,Mali,ML,Koulikoro,none,Koulikoro,Maize,Main,2004,6,2004,12,All (PS),area,47349.0
619,ML2016A102,Mali,ML,Koulikoro,none,Koulikoro,Maize,Main,2005,6,2005,12,All (PS),area,94853.0
620,ML2016A102,Mali,ML,Koulikoro,none,Koulikoro,Maize,Main,2006,6,2006,12,All (PS),area,71447.7121512935
621,ML2016A102,Mali,ML,Koulikoro,none,Koulikoro,Maize,Main,2007,6,2007,12,All (PS),area,64089.0
622,ML2016A102,Mali,ML,Koulikoro,none,Koulikoro,Maize,Main,2008,6,2008,12,All (PS),area,34887.0
623,ML2016A102,Mali,ML,Koulikoro,none,Koulikoro,Maize,Main,2009,6,2009,12,All (PS),area,56923.0
624,ML2016A102,Mali,ML,Koulikoro,none,Koulikoro,Maize,Main,2010,6,2010,12,All (PS),area,129451.0
625,ML2016A102,Mali,ML,Koulikoro,none,Koulikoro,Maize,Main,2011,6,2011,12,All (PS),area,294112.0
626,ML2016A102,Mali,ML,Koulikoro,none,Koulikoro,Maize,Main,2012,6,2012,12,All (PS),area,104063.0
627,ML2016A102,Mali,ML,Koulikoro,none,Koulikoro,Maize,Main,2013,6,2013,12,All (PS),area,108525.0
628,ML2016A102,Mali,ML,Koulikoro,none,Koulikoro,Maize,Main,2014,6,2014,12,All (PS),area,153455.0
629,ML2016A102,Mali,ML,Koulikoro,none,Koulikoro,Maize,Main,2015,6,2015,12,All (PS),area,200052.0
630,ML2016A102,Mali,ML,Koulikoro,none,Koulikoro,Maize,Main,2016,6,2016,12,All (PS),area,244895.0
631,ML2016A102,Mali,ML,Koulikoro,none,Koulikoro,Maize,Main,2017,6,2017,12,All (PS),area,382861.0
632,ML2016A102,Mali,ML,Koulikoro,none,Koulikoro,Maize,Main,2018,6,2018,12,All (PS),area,347430.0
633,ML2016A102,Mali,ML,Koulikoro,none,Koulikoro,Maize,Main,2019,6,2019,12,All (PS),area,317605.477450304
634,ML2016A102,Mali,ML,Koulikoro,none,Koulikoro,Maize,Main,2020,6,2020,12,All (PS),area,315983.0
635,ML2016A102,Mali,ML,Koulikoro,none,Koulikoro,Maize,Main,2021,6,2021,12,All (PS),area,345664.0
636,ML2016A102,Mali,ML,Koulikoro,none,Koulikoro,Maize,Main,2022,6,2022,12,All (PS),area,360881.0
637,ML2016A102,Mali,ML,Koulikoro,none,Koulikoro,Sorghum,Main,1983,6,1983,12,All (PS),area,47824.993906625496
638,ML2016A102,Mali,ML,Koulikoro,none,Koulikoro,Sorghum,Main,1984,6,1984,12,All (PS),area,72975.45394532874
639,ML2016A102,Mali,ML,Koulikoro,none,Koulikoro,Sorghum,Main,1985,6,1985,12,All (PS),area,70002.5462215252
640,ML2016A102,Mali,ML,Koulikoro,none,Koulikoro,Sorghum,Main,1986,6,1986,12,All (PS),area,82009.93988812616
641,ML2016A102,Mali,ML,Koulikoro,none,Koulikoro,Sorghum,Main,1987,6,1987,12,All (PS),area,111979.52426326691
642,ML2016A102,Mali,ML,Koulikoro,none,Koulikoro,Sorghum,Main,1988,6,1988,12,All (PS),area,191373.82429100736
643,ML2016A102,Mali,ML,Koulikoro,none,Koulikoro,Sorghum,Main,1989,6,1989,12,All (PS),area,167785.16371109986
644,ML2016A102,Mali,ML,Koulikoro,none,Koulikoro,Sorghum,Main,1990,6,1990,12,All (PS),area,225872.1281191929
645,ML2016A102,Mali,ML,Koulikoro,none,Koulikoro,Sorghum,Main,1991,6,1991,12,All (PS),area,206643.5326098788
646,ML2016A102,Mali,ML,Koulikoro,none,Koulikoro,Sorghum,Main,1992,6,1992,12,All (PS),area,206643.5326098788
647,ML2016A102,Mali,ML,Koulikoro,none,Koulikoro,Sorghum,Main,1993,6,1993,12,All (PS),area,278266.7576308189
648,ML2016A102,Mali,ML,Koulikoro,none,Koulikoro,Sorghum,Main,1995,6,1995,12,All (PS),area,213896.66901021588
649,ML2016A102,Mali,ML,Koulikoro,none,Koulikoro,Sorghum,Main,1996,6,1996,12,All (PS),area,172503.4946000368
650,ML2016A102,Mali,ML,Koulikoro,none,Koulikoro,Sorghum,Main,1997,6,1997,12,All (PS),area,179760.62282007688
651,ML2016A102,Mali,ML,Koulikoro,none,Koulikoro,Sorghum,Main,1998,6,1998,12,All (PS),area,210583.45865673225
652,ML2016A102,Mali,ML,Koulikoro,none,Koulikoro,Sorghum,Main,1999,6,1999,12,All (PS),area,239044.1351841419
653,ML2016A102,Mali,ML,Koulikoro,none,Koulikoro,Sorghum,Main,2000,6,2000,12,All (PS),area,270883.88709013455
654,ML2016A102,Mali,ML,Koulikoro,none,Koulikoro,Sorghum,Main,2001,6,2001,12,All (PS),area,243795.0
655,ML2016A102,Mali,ML,Koulikoro,none,Koulikoro,Sorghum,Main,2002,6,2002,12,All (PS),area,284712.0
656,ML2016A102,Mali,ML,Koulikoro,none,Koulikoro,Sorghum,Main,2003,6,2003,12,All (PS),area,203662.0
657,ML2016A102,Mali,ML,Koulikoro,none,Koulikoro,Sorghum,Main,2004,6,2004,12,All (PS),area,177581.0
658,ML2016A102,Mali,ML,Koulikoro,none,Koulikoro,Sorghum,Main,2005,6,2005,12,All (PS),area,215929.0
659,ML2016A102,Mali,ML,Koulikoro,none,Koulikoro,Sorghum,Main,2006,6,2006,12,All (PS),area,236912.647724376
660,ML2016A102,Mali,ML,Koulikoro,none,Koulikoro,Sorghum,Main,2007,6,2007,12,All (PS),area,222784.0
661,ML2016A102,Mali,ML,Koulikoro,none,Koulikoro,Sorghum,Main,2008,6,2008,12,All (PS),area,207042.0
662,ML2016A102,Mali,ML,Koulikoro,none,Koulikoro,Sorghum,Main,2009,6,2009,12,All (PS),area,216720.0
663,ML2016A102,Mali,ML,Koulikoro,none,Koulikoro,Sorghum,Main,2010,6,2010,12,All (PS),area,346005.0
664,ML2016A102,Mali,ML,Koulikoro,none,Koulikoro,Sorghum,Main,2011,6,2011,12,All (PS),area,607441.0
665,ML2016A102,Mali,ML,Koulikoro,none,Koulikoro,Sorghum,Main,2012,6,2012,12,All (PS),area,362131.0
666,ML2016A102,Mali,ML,Koulikoro,none,Koulikoro,Sorghum,Main,2013,6,2013,12,All (PS),area,316839.0
667,ML2016A102,Mali,ML,Koulikoro,none,Koulikoro,Sorghum,Main,2014,6,2014,12,All (PS),area,403269.0
668,ML2016A102,Mali,ML,Koulikoro,none,Koulikoro,Sorghum,Main,2015,6,2015,12,All (PS),area,498091.0
669,ML2016A102,Mali,ML,Koulikoro,none,Koulikoro,Sorghum,Main,2016,6,2016,12,All (PS),area,531473.0
670,ML2016A102,Mali,ML,Koulikoro,none,Koulikoro,Sorghum,Main,2017,6,2017,12,All (PS),area,601561.0
671,ML2016A102,Mali,ML,Koulikoro,none,Koulikoro,Sorghum,Main,2018,6,2018,12,All (PS),area,363141.0
672,ML2016A102,Mali,ML,Koulikoro,none,Koulikoro,Sorghum,Main,2019,6,2019,12,All (PS),area,420968.435096351
673,ML2016A102,Mali,ML,Koulikoro,none,Koulikoro,Sorghum,Main,2020,6,2020,12,All (PS),area,449968.0
674,ML2016A102,Mali,ML,Koulikoro,none,Koulikoro,Sorghum,Main,2021,6,2021,12,All (PS),area,411598.0
675,ML2016A102,Mali,ML,Koulikoro,none,Koulikoro,Sorghum,Main,2022,6,2022,12,All (PS),area,496498.0
676,ML2016A102,Mali,ML,Koulikoro,none,Koulikoro,Millet,Main,1983,6,1983,12,All (PS),area,39846.51443796172
677,ML2016A102,Mali,ML,Koulikoro,none,Koulikoro,Millet,Main,1984,6,1984,12,All (PS),area,114647.52958468528
678,ML2016A102,Mali,ML,Koulikoro,none,Koulikoro,Millet,Main,1985,6,1985,12,All (PS),area,84507.21738161168
679,ML2016A102,Mali,ML,Koulikoro,none,Koulikoro,Millet,Main,1986,6,1986,12,All (PS),area,116242.94666667399
680,ML2016A102,Mali,ML,Koulikoro,none,Koulikoro,Millet,Main,1987,6,1987,12,All (PS),area,88614.99232004037
681,ML2016A102,Mali,ML,Koulikoro,none,Koulikoro,Millet,Main,1988,6,1988,12,All (PS),area,128942.42672893303
682,ML2016A102,Mali,ML,Koulikoro,none,Koulikoro,Millet,Main,1989,6,1989,12,All (PS),area,98318.20127710112
683,ML2016A102,Mali,ML,Koulikoro,none,Koulikoro,Millet,Main,1990,6,1990,12,All (PS),area,152747.96529001396
684,ML2016A102,Mali,ML,Koulikoro,none,Koulikoro,Millet,Main,1991,6,1991,12,All (PS),area,101093.96758234975
685,ML2016A102,Mali,ML,Koulikoro,none,Koulikoro,Millet,Main,1992,6,1992,12,All (PS),area,101093.96758234975
686,ML2016A102,Mali,ML,Koulikoro,none,Koulikoro,Millet,Main,1993,6,1993,12,All (PS),area,165940.33843451343
687,ML2016A102,Mali,ML,Koulikoro,none,Koulikoro,Millet,Main,1995,6,1995,12,All (PS),area,143381.00120889457
688,ML2016A102,Mali,ML,Koulikoro,none,Koulikoro,Millet,Main,1996,6,1996,12,All (PS),area,110922.89420816007
689,ML2016A102,Mali,ML,Koulikoro,none,Koulikoro,Millet,Main,1997,6,1997,12,All (PS),area,108875.49217423836
690,ML2016A102,Mali,ML,Koulikoro,none,Koulikoro,Millet,Main,1998,6,1998,12,All (PS),area,128248.98403225876
691,ML2016A102,Mali,ML,Koulikoro,none,Koulikoro,Millet,Main,1999,6,1999,12,All (PS),area,150665.6416814396
692,ML2016A102,Mali,ML,Koulikoro,none,Koulikoro,Millet,Main,2000,6,2000,12,All (PS),area,162423.23698735257
693,ML2016A102,Mali,ML,Koulikoro,none,Koulikoro,Millet,Main,2001,6,2001,12,All (PS),area,70689.0
694,ML2016A102,Mali,ML,Koulikoro,none,Koulikoro,Millet,Main,2002,6,2002,12,All (PS),area,218385.0
695,ML2016A102,Mali,ML,Koulikoro,none,Koulikoro,Millet,Main,2003,6,2003,12,All (PS),area,257344.0
696,ML2016A102,Mali,ML,Koulikoro,none,Koulikoro,Millet,Main,2004,6,2004,12,All (PS),area,196892.0
697,ML2016A102,Mali,ML,Koulikoro,none,Koulikoro,Millet,Main,2005,6,2005,12,All (PS),area,290930.0
698,ML2016A102,Mali,ML,Koulikoro,none,Koulikoro,Millet,Main,2006,6,2006,12,All (PS),area,185439.817632672
699,ML2016A102,Mali,ML,Koulikoro,none,Koulikoro,Millet,Main,2007,6,2007,12,All (PS),area,205507.0
700,ML2016A102,Mali,ML,Koulikoro,none,Koulikoro,Millet,Main,2008,6,2008,12,All (PS),area,230123.0
701,ML2016A102,Mali,ML,Koulikoro,none,Koulikoro,Millet,Main,2009,6,2009,12,All (PS),area,178608.0
702,ML2016A102,Mali,ML,Koulikoro,none,Koulikoro,Millet,Main,2010,6,2010,12,All (PS),area,186611.0
703,ML2016A102,Mali,ML,Koulikoro,none,Koulikoro,Millet,Main,2011,6,2011,12,All (PS),area,297562.0
704,ML2016A102,Mali,ML,Koulikoro,none,Koulikoro,Millet,Main,2012,6,2012,12,All (PS),area,286741.0
705,ML2016A102,Mali,ML,Koulikoro,none,Koulikoro,Millet,Main,2013,6,2013,12,All (PS),area,180054.0
706,ML2016A102,Mali,ML,Koulikoro,none,Koulikoro,Millet,Main,2014,6,2014,12,All (PS),area,195564.0
707,ML2016A102,Mali,ML,Koulikoro,none,Koulikoro,Millet,Main,2015,6,2015,12,All (PS),area,282436.0
708,ML2016A102,Mali,ML,Koulikoro,none,Koulikoro,Millet,Main,2016,6,2016,12,All (PS),area,318023.0
709,ML2016A102,Mali,ML,Koulikoro,none,Koulikoro,Millet,Main,2017,6,2017,12,All (PS),area,309111.0
710,ML2016A102,Mali,ML,Koulikoro,none,Koulikoro,Millet,Main,2018,6,2018,12,All (PS),area,346322.0
711,ML2016A102,Mali,ML,Koulikoro,none,Koulikoro,Millet,Main,2019,6,2019,12,All (PS),area,350804.41267757
712,ML2016A102,Mali,ML,Koulikoro,none,Koulikoro,Millet,Main,2020,6,2020,12,All (PS),area,407864.0
713,ML2016A102,Mali,ML,Koulikoro,none,Koulikoro,Millet,Main,2021,6,2021,12,All (PS),area,331464.0
714,ML2016A102,Mali,ML,Koulikoro,none,Koulikoro,Millet,Main,2022,6,2022,12,All (PS),area,371095.0
715,ML2016A102,Mali,ML,Koulikoro,none,Koulikoro,Sweet Potatoes,Main,2001,6,2001,12,All (PS),area,591.0
716,ML2016A102,Mali,ML,Koulikoro,none,Koulikoro,Sweet Potatoes,Main,2013,6,2013,12,All (PS),area,156.0
717,ML2016A102,Mali,ML,Koulikoro,none,Koulikoro,Wheat,Main,2008,6,2008,12,All (PS),area,40.0
718,ML2016A102,Mali,ML,Koulikoro,none,Koulikoro,Sesame Seed,Main,2004,6,2004,12,All (PS),area,2118.0
719,ML2016A102,Mali,ML,Koulikoro,none,Koulikoro,Sesame Seed,Main,2005,6,2005,12,All (PS),area,6717.0
720,ML2016A102,Mali,ML,Koulikoro,none,Koulikoro,Sesame Seed,Main,2006,6,2006,12,All (PS),area,10669.0
721,ML2016A102,Mali,ML,Koulikoro,none,Koulikoro,Sesame Seed,Main,2007,6,2007,12,All (PS),area,6731.0
722,ML2016A102,Mali,ML,Koulikoro,none,Koulikoro,Sesame Seed,Main,2008,6,2008,12,All (PS),area,9277.0
723,ML2016A102,Mali,ML,Koulikoro,none,Koulikoro,Sesame Seed,Main,2009,6,2009,12,All (PS),area,4069.0
724,ML2016A102,Mali,ML,Koulikoro,none,Koulikoro,Sesame Seed,Main,2010,6,2010,12,All (PS),area,15199.0
725,ML2016A102,Mali,ML,Koulikoro,none,Koulikoro,Sesame Seed,Main,2011,6,2011,12,All (PS),area,18044.0
726,ML2016A102,Mali,ML,Koulikoro,none,Koulikoro,Sesame Seed,Main,2012,6,2012,12,All (PS),area,10210.0
727,ML2016A102,Mali,ML,Koulikoro,none,Koulikoro,Sesame Seed,Main,2013,6,2013,12,All (PS),area,12793.0
728,ML2016A102,Mali,ML,Koulikoro,none,Koulikoro,Sesame Seed,Main,2014,6,2014,12,All (PS),area,17895.0
729,ML2016A102,Mali,ML,Koulikoro,none,Koulikoro,Sesame Seed,Main,2015,6,2015,12,All (PS),area,41155.0
730,ML2016A102,Mali,ML,Koulikoro,none,Koulikoro,Sesame Seed,Main,2016,6,2016,12,All (PS),area,32850.0
731,ML2016A102,Mali,ML,Koulikoro,none,Koulikoro,Sesame Seed,Main,2017,6,2017,12,All (PS),area,32496.0
732,ML2016A102,Mali,ML,Koulikoro,none,Koulikoro,Sesame Seed,Main,2018,6,2018,12,All (PS),area,48743.0
733,ML2016A102,Mali,ML,Koulikoro,none,Koulikoro,Sesame Seed,Main,2020,6,2020,12,All (PS),area,45005.0
734,ML2016A102,Mali,ML,Koulikoro,none,Koulikoro,Sesame Seed,Main,2021,6,2021,12,All (PS),area,50028.0
735,ML2016A102,Mali,ML,Koulikoro,none,Koulikoro,Soybean,Main,2004,6,2004,12,All (PS),area,382.0
736,ML2016A102,Mali,ML,Koulikoro,none,Koulikoro,Soybean,Main,2008,6,2008,12,All (PS),area,434.0
737,ML2016A102,Mali,ML,Koulikoro,none,Koulikoro,Soybean,Main,2013,6,2013,12,All (PS),area,85.0
738,ML2016A102,Mali,ML,Koulikoro,none,Koulikoro,Soybean,Main,2014,6,2014,12,All (PS),area,3.0
739,ML2016A102,Mali,ML,Koulikoro,none,Koulikoro,Soybean,Main,2015,6,2015,12,All (PS),area,285.0
740,ML2016A102,Mali,ML,Koulikoro,none,Koulikoro,Soybean,Main,2016,6,2016,12,All (PS),area,113.0
741,ML2016A102,Mali,ML,Koulikoro,none,Koulikoro,Soybean,Main,2017,6,2017,12,All (PS),area,401.0
742,ML2016A102,Mali,ML,Koulikoro,none,Koulikoro,Soybean,Main,2018,6,2018,12,All (PS),area,401.0
743,ML2016A102,Mali,ML,Koulikoro,none,Koulikoro,Soybean,Main,2020,6,2020,12,All (PS),area,545.0
744,ML2016A102,Mali,ML,Koulikoro,none,Koulikoro,Soybean,Main,2021,6,2021,12,All (PS),area,605.0
745,ML2016A103,Mali,ML,Sikasso,none,Sikasso,Bambara groundnut,Main,1984,6,1984,12,All (PS),area,6155.0
746,ML2016A103,Mali,ML,Sikasso,none,Sikasso,Bambara groundnut,Main,1985,6,1985,12,All (PS),area,7442.0
747,ML2016A103,Mali,ML,Sikasso,none,Sikasso,Bambara groundnut,Main,1987,6,1987,12,All (PS),area,5035.0
748,ML2016A103,Mali,ML,Sikasso,none,Sikasso,Bambara groundnut,Main,1988,6,1988,12,All (PS),area,5585.0
749,ML2016A103,Mali,ML,Sikasso,none,Sikasso,Bambara groundnut,Main,1989,6,1989,12,All (PS),area,1588.0
750,ML2016A103,Mali,ML,Sikasso,none,Sikasso,Bambara groundnut,Main,1990,6,1990,12,All (PS),area,4307.0
751,ML2016A103,Mali,ML,Sikasso,none,Sikasso,Bambara groundnut,Main,1992,6,1992,12,All (PS),area,8214.0
752,ML2016A103,Mali,ML,Sikasso,none,Sikasso,Bambara groundnut,Main,1993,6,1993,12,All (PS),area,16614.0
753,ML2016A103,Mali,ML,Sikasso,none,Sikasso,Bambara groundnut,Main,1994,6,1994,12,All (PS),area,4386.0
754,ML2016A103,Mali,ML,Sikasso,none,Sikasso,Bambara groundnut,Main,1995,6,1995,12,All (PS),area,4386.0
755,ML2016A103,Mali,ML,Sikasso,none,Sikasso,Bambara groundnut,Main,1996,6,1996,12,All (PS),area,113.0
756,ML2016A103,Mali,ML,Sikasso,none,Sikasso,Bambara groundnut,Main,1997,6,1997,12,All (PS),area,1264.0
757,ML2016A103,Mali,ML,Sikasso,none,Sikasso,Bambara groundnut,Main,1998,6,1998,12,All (PS),area,1473.0
758,ML2016A103,Mali,ML,Sikasso,none,Sikasso,Bambara groundnut,Main,2000,6,2000,12,All (PS),area,543.0
759,ML2016A103,Mali,ML,Sikasso,none,Sikasso,Bambara groundnut,Main,2002,6,2002,12,All (PS),area,931.0
760,ML2016A103,Mali,ML,Sikasso,none,Sikasso,Bambara groundnut,Main,2003,6,2003,12,All (PS),area,950.0
761,ML2016A103,Mali,ML,Sikasso,none,Sikasso,Bambara groundnut,Main,2004,6,2004,12,All (PS),area,1155.0
762,ML2016A103,Mali,ML,Sikasso,none,Sikasso,Bambara groundnut,Main,2005,6,2005,12,All (PS),area,910.0
763,ML2016A103,Mali,ML,Sikasso,none,Sikasso,Bambara groundnut,Main,2006,6,2006,12,All (PS),area,809.0
764,ML2016A103,Mali,ML,Sikasso,none,Sikasso,Bambara groundnut,Main,2007,6,2007,12,All (PS),area,6852.0
765,ML2016A103,Mali,ML,Sikasso,none,Sikasso,Bambara groundnut,Main,2008,6,2008,12,All (PS),area,2437.0
766,ML2016A103,Mali,ML,Sikasso,none,Sikasso,Bambara groundnut,Main,2009,6,2009,12,All (PS),area,2761.0
767,ML2016A103,Mali,ML,Sikasso,none,Sikasso,Bambara groundnut,Main,2010,6,2010,12,All (PS),area,2857.0
768,ML2016A103,Mali,ML,Sikasso,none,Sikasso,Bambara groundnut,Main,2011,6,2011,12,All (PS),area,2770.0
769,ML2016A103,Mali,ML,Sikasso,none,Sikasso,Bambara groundnut,Main,2012,6,2012,12,All (PS),area,3290.0
770,ML2016A103,Mali,ML,Sikasso,none,Sikasso,Bambara groundnut,Main,2013,6,2013,12,All (PS),area,3208.0
771,ML2016A103,Mali,ML,Sikasso,none,Sikasso,Bambara groundnut,Main,2014,6,2014,12,All (PS),area,3253.0
772,ML2016A103,Mali,ML,Sikasso,none,Sikasso,Bambara groundnut,Main,2015,6,2015,12,All (PS),area,3503.0
773,ML2016A103,Mali,ML,Sikasso,none,Sikasso,Bambara groundnut,Main,2016,6,2016,12,All (PS),area,3540.0
774,ML2016A103,Mali,ML,Sikasso,none,Sikasso,Bambara groundnut,Main,2017,6,2017,12,All (PS),area,4979.0
775,ML2016A103,Mali,ML,Sikasso,none,Sikasso,Bambara groundnut,Main,2018,6,2018,12,All (PS),area,4979.0
776,ML2016A103,Mali,ML,Sikasso,none,Sikasso,Bambara groundnut,Main,2019,6,2019,12,All (PS),area,3004.0
777,ML2016A103,Mali,ML,Sikasso,none,Sikasso,Bambara groundnut,Main,2020,6,2020,12,All (PS),area,8286.0
778,ML2016A103,Mali,ML,Sikasso,none,Sikasso,Bambara groundnut,Main,2021,6,2021,12,All (PS),area,3650.0
779,ML2016A103,Mali,ML,Sikasso,none,Sikasso,Cotton,Main,1982,6,1982,12,All (PS),area,70098.0
780,ML2016A103,Mali,ML,Sikasso,none,Sikasso,Cotton,Main,1983,6,1983,12,All (PS),area,64900.0
781,ML2016A103,Mali,ML,Sikasso,none,Sikasso,Cotton,Main,1984,6,1984,12,All (PS),area,117641.0
782,ML2016A103,Mali,ML,Sikasso,none,Sikasso,Cotton,Main,1985,6,1985,12,All (PS),area,122565.0
783,ML2016A103,Mali,ML,Sikasso,none,Sikasso,Cotton,Main,1986,6,1986,12,All (PS),area,120796.0
784,ML2016A103,Mali,ML,Sikasso,none,Sikasso,Cotton,Main,1987,6,1987,12,All (PS),area,112796.0
785,ML2016A103,Mali,ML,Sikasso,none,Sikasso,Cotton,Main,1988,6,1988,12,All (PS),area,176473.0
786,ML2016A103,Mali,ML,Sikasso,none,Sikasso,Cotton,Main,1989,6,1989,12,All (PS),area,166102.0
787,ML2016A103,Mali,ML,Sikasso,none,Sikasso,Cotton,Main,1990,6,1990,12,All (PS),area,121012.0
788,ML2016A103,Mali,ML,Sikasso,none,Sikasso,Cotton,Main,1991,6,1991,12,All (PS),area,125771.0
789,ML2016A103,Mali,ML,Sikasso,none,Sikasso,Cotton,Main,1992,6,1992,12,All (PS),area,125771.0
790,ML2016A103,Mali,ML,Sikasso,none,Sikasso,Cotton,Main,1993,6,1993,12,All (PS),area,124403.0
791,ML2016A103,Mali,ML,Sikasso,none,Sikasso,Cotton,Main,1994,6,1994,12,All (PS),area,182112.0
792,ML2016A103,Mali,ML,Sikasso,none,Sikasso,Cotton,Main,1995,6,1995,12,All (PS),area,212440.0
793,ML2016A103,Mali,ML,Sikasso,none,Sikasso,Cotton,Main,1996,6,1996,12,All (PS),area,262622.0
794,ML2016A103,Mali,ML,Sikasso,none,Sikasso,Cotton,Main,1997,6,1997,12,All (PS),area,290081.0
795,ML2016A103,Mali,ML,Sikasso,none,Sikasso,Cotton,Main,2000,6,2000,12,All (PS),area,141949.0
796,ML2016A103,Mali,ML,Sikasso,none,Sikasso,Cotton,Main,2001,6,2001,12,All (PS),area,311011.0
797,ML2016A103,Mali,ML,Sikasso,none,Sikasso,Cotton,Main,2002,6,2002,12,All (PS),area,273989.0
798,ML2016A103,Mali,ML,Sikasso,none,Sikasso,Cotton,Main,2003,6,2003,12,All (PS),area,334074.0
799,ML2016A103,Mali,ML,Sikasso,none,Sikasso,Cotton,Main,2004,6,2004,12,All (PS),area,338397.0
800,ML2016A103,Mali,ML,Sikasso,none,Sikasso,Cotton,Main,2005,6,2005,12,All (PS),area,342462.0
801,ML2016A103,Mali,ML,Sikasso,none,Sikasso,Cotton,Main,2006,6,2006,12,All (PS),area,301148.0
802,ML2016A103,Mali,ML,Sikasso,none,Sikasso,Cotton,Main,2007,6,2007,12,All (PS),area,184078.0
803,ML2016A103,Mali,ML,Sikasso,none,Sikasso,Cotton,Main,2008,6,2008,12,All (PS),area,122699.0
804,ML2016A103,Mali,ML,Sikasso,none,Sikasso,Cotton,Main,2009,6,2009,12,All (PS),area,155567.0
805,ML2016A103,Mali,ML,Sikasso,none,Sikasso,Cotton,Main,2010,6,2010,12,All (PS),area,187251.0
806,ML2016A103,Mali,ML,Sikasso,none,Sikasso,Cotton,Main,2011,6,2011,12,All (PS),area,297365.0
807,ML2016A103,Mali,ML,Sikasso,none,Sikasso,Cotton,Main,2012,6,2012,12,All (PS),area,332817.0
808,ML2016A103,Mali,ML,Sikasso,none,Sikasso,Cotton,Main,2013,6,2013,12,All (PS),area,357700.0
809,ML2016A103,Mali,ML,Sikasso,none,Sikasso,Cotton,Main,2014,6,2014,12,All (PS),area,340679.0
810,ML2016A103,Mali,ML,Sikasso,none,Sikasso,Cotton,Main,2015,6,2015,12,All (PS),area,346065.0
811,ML2016A103,Mali,ML,Sikasso,none,Sikasso,Cotton,Main,2016,6,2016,12,All (PS),area,434118.0
812,ML2016A103,Mali,ML,Sikasso,none,Sikasso,Cotton,Main,2017,6,2017,12,All (PS),area,437609.0
813,ML2016A103,Mali,ML,Sikasso,none,Sikasso,Cotton,Main,2019,6,2019,12,All (PS),area,450041.0
814,ML2016A103,Mali,ML,Sikasso,none,Sikasso,Cotton,Main,2020,6,2020,12,All (PS),area,50252.0
815,ML2016A103,Mali,ML,Sikasso,none,Sikasso,Cotton,Main,2021,6,2021,12,All (PS),area,434187.0
816,ML2016A103,Mali,ML,Sikasso,none,Sikasso,Rice,Main,1982,6,1982,12,All (PS),area,11919.0
817,ML2016A103,Mali,ML,Sikasso,none,Sikasso,Rice,Main,1983,6,1983,12,All (PS),area,16692.0
818,ML2016A103,Mali,ML,Sikasso,none,Sikasso,Rice,Main,1984,6,1984,12,All (PS),area,14239.0
819,ML2016A103,Mali,ML,Sikasso,none,Sikasso,Rice,Main,1985,6,1985,12,All (PS),area,7915.0
820,ML2016A103,Mali,ML,Sikasso,none,Sikasso,Rice,Main,1986,6,1986,12,All (PS),area,21411.0
821,ML2016A103,Mali,ML,Sikasso,none,Sikasso,Rice,Main,1987,6,1987,12,All (PS),area,12117.0
822,ML2016A103,Mali,ML,Sikasso,none,Sikasso,Rice,Main,1988,6,1988,12,All (PS),area,9629.0
823,ML2016A103,Mali,ML,Sikasso,none,Sikasso,Rice,Main,1989,6,1989,12,All (PS),area,13461.0
824,ML2016A103,Mali,ML,Sikasso,none,Sikasso,Rice,Main,1990,6,1990,12,All (PS),area,13935.0
825,ML2016A103,Mali,ML,Sikasso,none,Sikasso,Rice,Main,1991,6,1991,12,All (PS),area,8984.0
826,ML2016A103,Mali,ML,Sikasso,none,Sikasso,Rice,Main,1992,6,1992,12,All (PS),area,8984.0
827,ML2016A103,Mali,ML,Sikasso,none,Sikasso,Rice,Main,1993,6,1993,12,All (PS),area,36197.0
828,ML2016A103,Mali,ML,Sikasso,none,Sikasso,Rice,Main,1994,6,1994,12,All (PS),area,45622.0
829,ML2016A103,Mali,ML,Sikasso,none,Sikasso,Rice,Main,1995,6,1995,12,All (PS),area,48180.0
830,ML2016A103,Mali,ML,Sikasso,none,Sikasso,Rice,Main,1996,6,1996,12,All (PS),area,50680.0
831,ML2016A103,Mali,ML,Sikasso,none,Sikasso,Rice,Main,1998,6,1998,12,All (PS),area,55612.0
832,ML2016A103,Mali,ML,Sikasso,none,Sikasso,Rice,Main,1999,6,1999,12,All (PS),area,78695.0
833,ML2016A103,Mali,ML,Sikasso,none,Sikasso,Rice,Main,2000,6,2000,12,All (PS),area,64822.0
834,ML2016A103,Mali,ML,Sikasso,none,Sikasso,Rice,Main,2001,6,2001,12,All (PS),area,68191.0
835,ML2016A103,Mali,ML,Sikasso,none,Sikasso,Rice,Main,2002,6,2002,12,All (PS),area,63348.0
836,ML2016A103,Mali,ML,Sikasso,none,Sikasso,Rice,Main,2003,6,2003,12,All (PS),area,60904.0
837,ML2016A103,Mali,ML,Sikasso,none,Sikasso,Rice,Main,2004,6,2004,12,All (PS),area,19418.0
838,ML2016A103,Mali,ML,Sikasso,none,Sikasso,Rice,Main,2005,6,2005,12,All (PS),area,59321.0
839,ML2016A103,Mali,ML,Sikasso,none,Sikasso,Rice,Main,2006,6,2006,12,All (PS),area,66096.039078023
840,ML2016A103,Mali,ML,Sikasso,none,Sikasso,Rice,Main,2007,6,2007,12,All (PS),area,53180.0
841,ML2016A103,Mali,ML,Sikasso,none,Sikasso,Rice,Main,2008,6,2008,12,All (PS),area,60120.0
842,ML2016A103,Mali,ML,Sikasso,none,Sikasso,Rice,Main,2009,6,2009,12,All (PS),area,44687.0
843,ML2016A103,Mali,ML,Sikasso,none,Sikasso,Rice,Main,2010,6,2010,12,All (PS),area,63642.0
844,ML2016A103,Mali,ML,Sikasso,none,Sikasso,Rice,Main,2011,6,2011,12,All (PS),area,67511.0
845,ML2016A103,Mali,ML,Sikasso,none,Sikasso,Rice,Main,2012,6,2012,12,All (PS),area,41301.0
846,ML2016A103,Mali,ML,Sikasso,none,Sikasso,Rice,Main,2013,6,2013,12,All (PS),area,46186.0
847,ML2016A103,Mali,ML,Sikasso,none,Sikasso,Rice,Main,2014,6,2014,12,All (PS),area,90257.0
848,ML2016A103,Mali,ML,Sikasso,none,Sikasso,Rice,Main,2015,6,2015,12,All (PS),area,108867.0
849,ML2016A103,Mali,ML,Sikasso,none,Sikasso,Rice,Main,2016,6,2016,12,All (PS),area,116704.0
850,ML2016A103,Mali,ML,Sikasso,none,Sikasso,Rice,Main,2017,6,2017,12,All (PS),area,103578.0
851,ML2016A103,Mali,ML,Sikasso,none,Sikasso,Rice,Main,2018,6,2018,12,All (PS),area,24505.0
852,ML2016A103,Mali,ML,Sikasso,none,Sikasso,Rice,Main,2019,6,2019,12,All (PS),area,196981.709051924
853,ML2016A103,Mali,ML,Sikasso,none,Sikasso,Rice,Main,2020,6,2020,12,All (PS),area,176578.0
854,ML2016A103,Mali,ML,Sikasso,none,Sikasso,Rice,Main,2021,6,2021,12,All (PS),area,172537.0
855,ML2016A103,Mali,ML,Sikasso,none,Sikasso,Rice,Main,2022,6,2022,12,All (PS),area,168342.0
856,ML2016A103,Mali,ML,Sikasso,none,Sikasso,Cowpea,Main,1984,6,1984,12,All (PS),area,54579.0
857,ML2016A103,Mali,ML,Sikasso,none,Sikasso,Cowpea,Main,1985,6,1985,12,All (PS),area,56344.0
858,ML2016A103,Mali,ML,Sikasso,none,Sikasso,Cowpea,Main,1986,6,1986,12,All (PS),area,25138.0
859,ML2016A103,Mali,ML,Sikasso,none,Sikasso,Cowpea,Main,1987,6,1987,12,All (PS),area,31964.0
860,ML2016A103,Mali,ML,Sikasso,none,Sikasso,Cowpea,Main,1988,6,1988,12,All (PS),area,42533.0
861,ML2016A103,Mali,ML,Sikasso,none,Sikasso,Cowpea,Main,1989,6,1989,12,All (PS),area,42194.0
862,ML2016A103,Mali,ML,Sikasso,none,Sikasso,Cowpea,Main,1990,6,1990,12,All (PS),area,40264.0
863,ML2016A103,Mali,ML,Sikasso,none,Sikasso,Cowpea,Main,1991,6,1991,12,All (PS),area,84151.0
864,ML2016A103,Mali,ML,Sikasso,none,Sikasso,Cowpea,Main,1992,6,1992,12,All (PS),area,84151.0
865,ML2016A103,Mali,ML,Sikasso,none,Sikasso,Cowpea,Main,1993,6,1993,12,All (PS),area,133927.0
866,ML2016A103,Mali,ML,Sikasso,none,Sikasso,Cowpea,Main,1994,6,1994,12,All (PS),area,55705.0
867,ML2016A103,Mali,ML,Sikasso,none,Sikasso,Cowpea,Main,1995,6,1995,12,All (PS),area,55705.0
868,ML2016A103,Mali,ML,Sikasso,none,Sikasso,Cowpea,Main,1996,6,1996,12,All (PS),area,61963.0
869,ML2016A103,Mali,ML,Sikasso,none,Sikasso,Cowpea,Main,1997,6,1997,12,All (PS),area,61594.0
870,ML2016A103,Mali,ML,Sikasso,none,Sikasso,Cowpea,Main,1998,6,1998,12,All (PS),area,66079.0
871,ML2016A103,Mali,ML,Sikasso,none,Sikasso,Cowpea,Main,2000,6,2000,12,All (PS),area,35151.0
872,ML2016A103,Mali,ML,Sikasso,none,Sikasso,Cowpea,Main,2001,6,2001,12,All (PS),area,33709.0
873,ML2016A103,Mali,ML,Sikasso,none,Sikasso,Cowpea,Main,2002,6,2002,12,All (PS),area,6833.0
874,ML2016A103,Mali,ML,Sikasso,none,Sikasso,Cowpea,Main,2003,6,2003,12,All (PS),area,36037.0
875,ML2016A103,Mali,ML,Sikasso,none,Sikasso,Cowpea,Main,2004,6,2004,12,All (PS),area,19632.0
876,ML2016A103,Mali,ML,Sikasso,none,Sikasso,Cowpea,Main,2005,6,2005,12,All (PS),area,15344.0
877,ML2016A103,Mali,ML,Sikasso,none,Sikasso,Cowpea,Main,2006,6,2006,12,All (PS),area,31013.3028067826
878,ML2016A103,Mali,ML,Sikasso,none,Sikasso,Cowpea,Main,2007,6,2007,12,All (PS),area,11585.6
879,ML2016A103,Mali,ML,Sikasso,none,Sikasso,Cowpea,Main,2008,6,2008,12,All (PS),area,19772.0
880,ML2016A103,Mali,ML,Sikasso,none,Sikasso,Cowpea,Main,2009,6,2009,12,All (PS),area,27567.0
881,ML2016A103,Mali,ML,Sikasso,none,Sikasso,Cowpea,Main,2010,6,2010,12,All (PS),area,31217.6
882,ML2016A103,Mali,ML,Sikasso,none,Sikasso,Cowpea,Main,2011,6,2011,12,All (PS),area,50953.0
883,ML2016A103,Mali,ML,Sikasso,none,Sikasso,Cowpea,Main,2012,6,2012,12,All (PS),area,28410.0
884,ML2016A103,Mali,ML,Sikasso,none,Sikasso,Cowpea,Main,2013,6,2013,12,All (PS),area,42349.0
885,ML2016A103,Mali,ML,Sikasso,none,Sikasso,Cowpea,Main,2014,6,2014,12,All (PS),area,46370.0
886,ML2016A103,Mali,ML,Sikasso,none,Sikasso,Cowpea,Main,2015,6,2015,12,All (PS),area,39711.5
887,ML2016A103,Mali,ML,Sikasso,none,Sikasso,Cowpea,Main,2016,6,2016,12,All (PS),area,51305.0
888,ML2016A103,Mali,ML,Sikasso,none,Sikasso,Cowpea,Main,2017,6,2017,12,All (PS),area,42549.0
889,ML2016A103,Mali,ML,Sikasso,none,Sikasso,Cowpea,Main,2018,6,2018,12,All (PS),area,42154.0
890,ML2016A103,Mali,ML,Sikasso,none,Sikasso,Cowpea,Main,2019,6,2019,12,All (PS),area,111796.0
891,ML2016A103,Mali,ML,Sikasso,none,Sikasso,Cowpea,Main,2020,6,2020,12,All (PS),area,79429.0
892,ML2016A103,Mali,ML,Sikasso,none,Sikasso,Cowpea,Main,2021,6,2021,12,All (PS),area,96616.0
893,ML2016A103,Mali,ML,Sikasso,none,Sikasso,Fonio,Main,1982,6,1982,12,All (PS),area,12406.0
894,ML2016A103,Mali,ML,Sikasso,none,Sikasso,Fonio,Main,1983,6,1983,12,All (PS),area,5461.0
895,ML2016A103,Mali,ML,Sikasso,none,Sikasso,Fonio,Main,1984,6,1984,12,All (PS),area,13709.0
896,ML2016A103,Mali,ML,Sikasso,none,Sikasso,Fonio,Main,1985,6,1985,12,All (PS),area,11441.0
897,ML2016A103,Mali,ML,Sikasso,none,Sikasso,Fonio,Main,1986,6,1986,12,All (PS),area,10822.0
898,ML2016A103,Mali,ML,Sikasso,none,Sikasso,Fonio,Main,1987,6,1987,12,All (PS),area,12748.0
899,ML2016A103,Mali,ML,Sikasso,none,Sikasso,Fonio,Main,1988,6,1988,12,All (PS),area,9596.0
900,ML2016A103,Mali,ML,Sikasso,none,Sikasso,Fonio,Main,1989,6,1989,12,All (PS),area,10178.0
901,ML2016A103,Mali,ML,Sikasso,none,Sikasso,Fonio,Main,1990,6,1990,12,All (PS),area,11119.0
902,ML2016A103,Mali,ML,Sikasso,none,Sikasso,Fonio,Main,1991,6,1991,12,All (PS),area,11616.0
903,ML2016A103,Mali,ML,Sikasso,none,Sikasso,Fonio,Main,1992,6,1992,12,All (PS),area,11616.0
904,ML2016A103,Mali,ML,Sikasso,none,Sikasso,Fonio,Main,1993,6,1993,12,All (PS),area,15517.0
905,ML2016A103,Mali,ML,Sikasso,none,Sikasso,Fonio,Main,1994,6,1994,12,All (PS),area,21858.0
906,ML2016A103,Mali,ML,Sikasso,none,Sikasso,Fonio,Main,1995,6,1995,12,All (PS),area,18241.0
907,ML2016A103,Mali,ML,Sikasso,none,Sikasso,Fonio,Main,1996,6,1996,12,All (PS),area,8512.0
908,ML2016A103,Mali,ML,Sikasso,none,Sikasso,Fonio,Main,1997,6,1997,12,All (PS),area,5681.0
909,ML2016A103,Mali,ML,Sikasso,none,Sikasso,Fonio,Main,1998,6,1998,12,All (PS),area,5340.0
910,ML2016A103,Mali,ML,Sikasso,none,Sikasso,Fonio,Main,1999,6,1999,12,All (PS),area,10247.0
911,ML2016A103,Mali,ML,Sikasso,none,Sikasso,Fonio,Main,2000,6,2000,12,All (PS),area,4509.0
912,ML2016A103,Mali,ML,Sikasso,none,Sikasso,Fonio,Main,2001,6,2001,12,All (PS),area,6286.0
913,ML2016A103,Mali,ML,Sikasso,none,Sikasso,Fonio,Main,2002,6,2002,12,All (PS),area,4076.0
914,ML2016A103,Mali,ML,Sikasso,none,Sikasso,Fonio,Main,2003,6,2003,12,All (PS),area,6530.0
915,ML2016A103,Mali,ML,Sikasso,none,Sikasso,Fonio,Main,2004,6,2004,12,All (PS),area,4540.0
916,ML2016A103,Mali,ML,Sikasso,none,Sikasso,Fonio,Main,2005,6,2005,12,All (PS),area,6896.0
917,ML2016A103,Mali,ML,Sikasso,none,Sikasso,Fonio,Main,2006,6,2006,12,All (PS),area,13123.4303501999
918,ML2016A103,Mali,ML,Sikasso,none,Sikasso,Fonio,Main,2007,6,2007,12,All (PS),area,11490.0
919,ML2016A103,Mali,ML,Sikasso,none,Sikasso,Fonio,Main,2008,6,2008,12,All (PS),area,4248.0
920,ML2016A103,Mali,ML,Sikasso,none,Sikasso,Fonio,Main,2009,6,2009,12,All (PS),area,3768.0
921,ML2016A103,Mali,ML,Sikasso,none,Sikasso,Fonio,Main,2010,6,2010,12,All (PS),area,9013.0
922,ML2016A103,Mali,ML,Sikasso,none,Sikasso,Fonio,Main,2011,6,2011,12,All (PS),area,12195.0
923,ML2016A103,Mali,ML,Sikasso,none,Sikasso,Fonio,Main,2012,6,2012,12,All (PS),area,3162.0
924,ML2016A103,Mali,ML,Sikasso,none,Sikasso,Fonio,Main,2013,6,2013,12,All (PS),area,8698.0
925,ML2016A103,Mali,ML,Sikasso,none,Sikasso,Fonio,Main,2014,6,2014,12,All (PS),area,1349.0
926,ML2016A103,Mali,ML,Sikasso,none,Sikasso,Fonio,Main,2015,6,2015,12,All (PS),area,3282.0
927,ML2016A103,Mali,ML,Sikasso,none,Sikasso,Fonio,Main,2016,6,2016,12,All (PS),area,2210.0
928,ML2016A103,Mali,ML,Sikasso,none,Sikasso,Fonio,Main,2017,6,2017,12,All (PS),area,5855.0
929,ML2016A103,Mali,ML,Sikasso,none,Sikasso,Fonio,Main,2018,6,2018,12,All (PS),area,1153.0
930,ML2016A103,Mali,ML,Sikasso,none,Sikasso,Fonio,Main,2019,6,2019,12,All (PS),area,984.164933525271
931,ML2016A103,Mali,ML,Sikasso,none,Sikasso,Fonio,Main,2020,6,2020,12,All (PS),area,6895.0
932,ML2016A103,Mali,ML,Sikasso,none,Sikasso,Fonio,Main,2021,6,2021,12,All (PS),area,5606.0
933,ML2016A103,Mali,ML,Sikasso,none,Sikasso,Fonio,Main,2022,6,2022,12,All (PS),area,5749.0
934,ML2016A103,Mali,ML,Sikasso,none,Sikasso,Groundnuts (In Shell),Main,1982,6,1982,12,All (PS),area,14164.0
935,ML2016A103,Mali,ML,Sikasso,none,Sikasso,Groundnuts (In Shell),Main,1983,6,1983,12,All (PS),area,15332.0
936,ML2016A103,Mali,ML,Sikasso,none,Sikasso,Groundnuts (In Shell),Main,1984,6,1984,12,All (PS),area,23978.0
937,ML2016A103,Mali,ML,Sikasso,none,Sikasso,Groundnuts (In Shell),Main,1985,6,1985,12,All (PS),area,21902.0
938,ML2016A103,Mali,ML,Sikasso,none,Sikasso,Groundnuts (In Shell),Main,1986,6,1986,12,All (PS),area,22846.0
939,ML2016A103,Mali,ML,Sikasso,none,Sikasso,Groundnuts (In Shell),Main,1987,6,1987,12,All (PS),area,22823.0
940,ML2016A103,Mali,ML,Sikasso,none,Sikasso,Groundnuts (In Shell),Main,1988,6,1988,12,All (PS),area,38575.0
941,ML2016A103,Mali,ML,Sikasso,none,Sikasso,Groundnuts (In Shell),Main,1989,6,1989,12,All (PS),area,39706.0
942,ML2016A103,Mali,ML,Sikasso,none,Sikasso,Groundnuts (In Shell),Main,1990,6,1990,12,All (PS),area,28653.0
943,ML2016A103,Mali,ML,Sikasso,none,Sikasso,Groundnuts (In Shell),Main,1991,6,1991,12,All (PS),area,33487.0
944,ML2016A103,Mali,ML,Sikasso,none,Sikasso,Groundnuts (In Shell),Main,1992,6,1992,12,All (PS),area,33487.0
945,ML2016A103,Mali,ML,Sikasso,none,Sikasso,Groundnuts (In Shell),Main,1993,6,1993,12,All (PS),area,45638.0
946,ML2016A103,Mali,ML,Sikasso,none,Sikasso,Groundnuts (In Shell),Main,1994,6,1994,12,All (PS),area,52678.0
947,ML2016A103,Mali,ML,Sikasso,none,Sikasso,Groundnuts (In Shell),Main,1995,6,1995,12,All (PS),area,33780.0
948,ML2016A103,Mali,ML,Sikasso,none,Sikasso,Groundnuts (In Shell),Main,1996,6,1996,12,All (PS),area,24008.0
949,ML2016A103,Mali,ML,Sikasso,none,Sikasso,Groundnuts (In Shell),Main,1997,6,1997,12,All (PS),area,27288.0
950,ML2016A103,Mali,ML,Sikasso,none,Sikasso,Groundnuts (In Shell),Main,2000,6,2000,12,All (PS),area,27848.0
951,ML2016A103,Mali,ML,Sikasso,none,Sikasso,Groundnuts (In Shell),Main,2001,6,2001,12,All (PS),area,30752.0
952,ML2016A103,Mali,ML,Sikasso,none,Sikasso,Groundnuts (In Shell),Main,2002,6,2002,12,All (PS),area,26738.0
953,ML2016A103,Mali,ML,Sikasso,none,Sikasso,Groundnuts (In Shell),Main,2003,6,2003,12,All (PS),area,44314.0
954,ML2016A103,Mali,ML,Sikasso,none,Sikasso,Groundnuts (In Shell),Main,2004,6,2004,12,All (PS),area,32778.0
955,ML2016A103,Mali,ML,Sikasso,none,Sikasso,Groundnuts (In Shell),Main,2005,6,2005,12,All (PS),area,44390.0
956,ML2016A103,Mali,ML,Sikasso,none,Sikasso,Groundnuts (In Shell),Main,2006,6,2006,12,All (PS),area,68706.7640659997
957,ML2016A103,Mali,ML,Sikasso,none,Sikasso,Groundnuts (In Shell),Main,2007,6,2007,12,All (PS),area,84448.0
958,ML2016A103,Mali,ML,Sikasso,none,Sikasso,Groundnuts (In Shell),Main,2008,6,2008,12,All (PS),area,87228.0
959,ML2016A103,Mali,ML,Sikasso,none,Sikasso,Groundnuts (In Shell),Main,2009,6,2009,12,All (PS),area,72222.0
960,ML2016A103,Mali,ML,Sikasso,none,Sikasso,Groundnuts (In Shell),Main,2010,6,2010,12,All (PS),area,86472.0
961,ML2016A103,Mali,ML,Sikasso,none,Sikasso,Groundnuts (In Shell),Main,2011,6,2011,12,All (PS),area,94832.0
962,ML2016A103,Mali,ML,Sikasso,none,Sikasso,Groundnuts (In Shell),Main,2012,6,2012,12,All (PS),area,89238.0
963,ML2016A103,Mali,ML,Sikasso,none,Sikasso,Groundnuts (In Shell),Main,2013,6,2013,12,All (PS),area,109572.0
964,ML2016A103,Mali,ML,Sikasso,none,Sikasso,Groundnuts (In Shell),Main,2014,6,2014,12,All (PS),area,83404.0
965,ML2016A103,Mali,ML,Sikasso,none,Sikasso,Groundnuts (In Shell),Main,2015,6,2015,12,All (PS),area,91216.25
966,ML2016A103,Mali,ML,Sikasso,none,Sikasso,Groundnuts (In Shell),Main,2016,6,2016,12,All (PS),area,85880.0
967,ML2016A103,Mali,ML,Sikasso,none,Sikasso,Groundnuts (In Shell),Main,2017,6,2017,12,All (PS),area,91026.0
968,ML2016A103,Mali,ML,Sikasso,none,Sikasso,Groundnuts (In Shell),Main,2018,6,2018,12,All (PS),area,98273.0
969,ML2016A103,Mali,ML,Sikasso,none,Sikasso,Groundnuts (In Shell),Main,2019,6,2019,12,All (PS),area,84778.0
970,ML2016A103,Mali,ML,Sikasso,none,Sikasso,Groundnuts (In Shell),Main,2020,6,2020,12,All (PS),area,105625.0
971,ML2016A103,Mali,ML,Sikasso,none,Sikasso,Groundnuts (In Shell),Main,2021,6,2021,12,All (PS),area,83243.0
972,ML2016A103,Mali,ML,Sikasso,none,Sikasso,Maize,Main,1974,6,1974,12,All (PS),area,8116.0
973,ML2016A103,Mali,ML,Sikasso,none,Sikasso,Maize,Main,1975,6,1975,12,All (PS),area,5957.0
974,ML2016A103,Mali,ML,Sikasso,none,Sikasso,Maize,Main,1976,6,1976,12,All (PS),area,12180.0
975,ML2016A103,Mali,ML,Sikasso,none,Sikasso,Maize,Main,1977,6,1977,12,All (PS),area,32734.0
976,ML2016A103,Mali,ML,Sikasso,none,Sikasso,Maize,Main,1978,6,1978,12,All (PS),area,16322.0
977,ML2016A103,Mali,ML,Sikasso,none,Sikasso,Maize,Main,1979,6,1979,12,All (PS),area,13868.0
978,ML2016A103,Mali,ML,Sikasso,none,Sikasso,Maize,Main,1980,6,1980,12,All (PS),area,10486.0
979,ML2016A103,Mali,ML,Sikasso,none,Sikasso,Maize,Main,1981,6,1981,12,All (PS),area,18233.0
980,ML2016A103,Mali,ML,Sikasso,none,Sikasso,Maize,Main,1982,6,1982,12,All (PS),area,16322.0
981,ML2016A103,Mali,ML,Sikasso,none,Sikasso,Maize,Main,1983,6,1983,12,All (PS),area,17643.0
982,ML2016A103,Mali,ML,Sikasso,none,Sikasso,Maize,Main,1984,6,1984,12,All (PS),area,53710.0
983,ML2016A103,Mali,ML,Sikasso,none,Sikasso,Maize,Main,1985,6,1985,12,All (PS),area,68544.0
984,ML2016A103,Mali,ML,Sikasso,none,Sikasso,Maize,Main,1986,6,1986,12,All (PS),area,83533.0
985,ML2016A103,Mali,ML,Sikasso,none,Sikasso,Maize,Main,1987,6,1987,12,All (PS),area,73119.0
986,ML2016A103,Mali,ML,Sikasso,none,Sikasso,Maize,Main,1988,6,1988,12,All (PS),area,85918.0
987,ML2016A103,Mali,ML,Sikasso,none,Sikasso,Maize,Main,1989,6,1989,12,All (PS),area,64494.0
988,ML2016A103,Mali,ML,Sikasso,none,Sikasso,Maize,Main,1990,6,1990,12,All (PS),area,87235.0
989,ML2016A103,Mali,ML,Sikasso,none,Sikasso,Maize,Main,1991,6,1991,12,All (PS),area,121013.0
990,ML2016A103,Mali,ML,Sikasso,none,Sikasso,Maize,Main,1992,6,1992,12,All (PS),area,121013.0
991,ML2016A103,Mali,ML,Sikasso,none,Sikasso,Maize,Main,1993,6,1993,12,All (PS),area,170508.0
992,ML2016A103,Mali,ML,Sikasso,none,Sikasso,Maize,Main,1994,6,1994,12,All (PS),area,175063.0
993,ML2016A103,Mali,ML,Sikasso,none,Sikasso,Maize,Main,1995,6,1995,12,All (PS),area,114563.0
994,ML2016A103,Mali,ML,Sikasso,none,Sikasso,Maize,Main,1996,6,1996,12,All (PS),area,88683.0
995,ML2016A103,Mali,ML,Sikasso,none,Sikasso,Maize,Main,1997,6,1997,12,All (PS),area,110945.0
996,ML2016A103,Mali,ML,Sikasso,none,Sikasso,Maize,Main,1998,6,1998,12,All (PS),area,118016.0
997,ML2016A103,Mali,ML,Sikasso,none,Sikasso,Maize,Main,1999,6,1999,12,All (PS),area,244559.0
998,ML2016A103,Mali,ML,Sikasso,none,Sikasso,Maize,Main,2000,6,2000,12,All (PS),area,90405.0
999,ML2016A103,Mali,ML,Sikasso,none,Sikasso,Maize,Main,2001,6,2001,12,All (PS),area,139186.0
1000,ML2016A103,Mali,ML,Sikasso,none,Sikasso,Maize,Main,2002,6,2002,12,All (PS),area,168818.0
1001,ML2016A103,Mali,ML,Sikasso,none,Sikasso,Maize,Main,2003,6,2003,12,All (PS),area,195452.0
1002,ML2016A103,Mali,ML,Sikasso,none,Sikasso,Maize,Main,2004,6,2004,12,All (PS),area,150123.0
1003,ML2016A103,Mali,ML,Sikasso,none,Sikasso,Maize,Main,2005,6,2005,12,All (PS),area,226082.0
1004,ML2016A103,Mali,ML,Sikasso,none,Sikasso,Maize,Main,2006,6,2006,12,All (PS),area,239696.865280148
1005,ML2016A103,Mali,ML,Sikasso,none,Sikasso,Maize,Main,2007,6,2007,12,All (PS),area,257879.0
1006,ML2016A103,Mali,ML,Sikasso,none,Sikasso,Maize,Main,2008,6,2008,12,All (PS),area,213123.0
1007,ML2016A103,Mali,ML,Sikasso,none,Sikasso,Maize,Main,2009,6,2009,12,All (PS),area,240512.0
1008,ML2016A103,Mali,ML,Sikasso,none,Sikasso,Maize,Main,2010,6,2010,12,All (PS),area,272180.0
1009,ML2016A103,Mali,ML,Sikasso,none,Sikasso,Maize,Main,2011,6,2011,12,All (PS),area,503559.0
1010,ML2016A103,Mali,ML,Sikasso,none,Sikasso,Maize,Main,2012,6,2012,12,All (PS),area,354800.0
1011,ML2016A103,Mali,ML,Sikasso,none,Sikasso,Maize,Main,2013,6,2013,12,All (PS),area,446832.0
1012,ML2016A103,Mali,ML,Sikasso,none,Sikasso,Maize,Main,2014,6,2014,12,All (PS),area,484990.0
1013,ML2016A103,Mali,ML,Sikasso,none,Sikasso,Maize,Main,2015,6,2015,12,All (PS),area,569824.0
1014,ML2016A103,Mali,ML,Sikasso,none,Sikasso,Maize,Main,2016,6,2016,12,All (PS),area,437016.0
1015,ML2016A103,Mali,ML,Sikasso,none,Sikasso,Maize,Main,2017,6,2017,12,All (PS),area,682514.0
1016,ML2016A103,Mali,ML,Sikasso,none,Sikasso,Maize,Main,2018,6,2018,12,All (PS),area,666608.0
1017,ML2016A103,Mali,ML,Sikasso,none,Sikasso,Maize,Main,2019,6,2019,12,All (PS),area,895393.281501665
1018,ML2016A103,Mali,ML,Sikasso,none,Sikasso,Maize,Main,2020,6,2020,12,All (PS),area,689353.0
1019,ML2016A103,Mali,ML,Sikasso,none,Sikasso,Maize,Main,2021,6,2021,12,All (PS),area,1042292.0
1020,ML2016A103,Mali,ML,Sikasso,none,Sikasso,Maize,Main,2022,6,2022,12,All (PS),area,838609.0
1021,ML2016A103,Mali,ML,Sikasso,none,Sikasso,Sorghum,Main,1982,6,1982,12,All (PS),area,48464.0
1022,ML2016A103,Mali,ML,Sikasso,none,Sikasso,Sorghum,Main,1983,6,1983,12,All (PS),area,88843.0
1023,ML2016A103,Mali,ML,Sikasso,none,Sikasso,Sorghum,Main,1984,6,1984,12,All (PS),area,147029.0
1024,ML2016A103,Mali,ML,Sikasso,none,Sikasso,Sorghum,Main,1985,6,1985,12,All (PS),area,179599.0
1025,ML2016A103,Mali,ML,Sikasso,none,Sikasso,Sorghum,Main,1986,6,1986,12,All (PS),area,162460.0
1026,ML2016A103,Mali,ML,Sikasso,none,Sikasso,Sorghum,Main,1987,6,1987,12,All (PS),area,178725.0
1027,ML2016A103,Mali,ML,Sikasso,none,Sikasso,Sorghum,Main,1988,6,1988,12,All (PS),area,198999.0
1028,ML2016A103,Mali,ML,Sikasso,none,Sikasso,Sorghum,Main,1989,6,1989,12,All (PS),area,197308.0
1029,ML2016A103,Mali,ML,Sikasso,none,Sikasso,Sorghum,Main,1990,6,1990,12,All (PS),area,181190.0
1030,ML2016A103,Mali,ML,Sikasso,none,Sikasso,Sorghum,Main,1991,6,1991,12,All (PS),area,197169.0
1031,ML2016A103,Mali,ML,Sikasso,none,Sikasso,Sorghum,Main,1992,6,1992,12,All (PS),area,197169.0
1032,ML2016A103,Mali,ML,Sikasso,none,Sikasso,Sorghum,Main,1993,6,1993,12,All (PS),area,267488.0
1033,ML2016A103,Mali,ML,Sikasso,none,Sikasso,Sorghum,Main,1994,6,1994,12,All (PS),area,281133.0
1034,ML2016A103,Mali,ML,Sikasso,none,Sikasso,Sorghum,Main,1995,6,1995,12,All (PS),area,260338.0
1035,ML2016A103,Mali,ML,Sikasso,none,Sikasso,Sorghum,Main,1996,6,1996,12,All (PS),area,137861.0
1036,ML2016A103,Mali,ML,Sikasso,none,Sikasso,Sorghum,Main,1997,6,1997,12,All (PS),area,150631.0
1037,ML2016A103,Mali,ML,Sikasso,none,Sikasso,Sorghum,Main,1998,6,1998,12,All (PS),area,149086.0
1038,ML2016A103,Mali,ML,Sikasso,none,Sikasso,Sorghum,Main,1999,6,1999,12,All (PS),area,183380.0
1039,ML2016A103,Mali,ML,Sikasso,none,Sikasso,Sorghum,Main,2000,6,2000,12,All (PS),area,133882.0
1040,ML2016A103,Mali,ML,Sikasso,none,Sikasso,Sorghum,Main,2001,6,2001,12,All (PS),area,150358.0
1041,ML2016A103,Mali,ML,Sikasso,none,Sikasso,Sorghum,Main,2002,6,2002,12,All (PS),area,219313.0
1042,ML2016A103,Mali,ML,Sikasso,none,Sikasso,Sorghum,Main,2003,6,2003,12,All (PS),area,175890.0
1043,ML2016A103,Mali,ML,Sikasso,none,Sikasso,Sorghum,Main,2004,6,2004,12,All (PS),area,127462.0
1044,ML2016A103,Mali,ML,Sikasso,none,Sikasso,Sorghum,Main,2005,6,2005,12,All (PS),area,179273.0
1045,ML2016A103,Mali,ML,Sikasso,none,Sikasso,Sorghum,Main,2006,6,2006,12,All (PS),area,281097.30488192
1046,ML2016A103,Mali,ML,Sikasso,none,Sikasso,Sorghum,Main,2007,6,2007,12,All (PS),area,444643.0
1047,ML2016A103,Mali,ML,Sikasso,none,Sikasso,Sorghum,Main,2008,6,2008,12,All (PS),area,305860.0
1048,ML2016A103,Mali,ML,Sikasso,none,Sikasso,Sorghum,Main,2009,6,2009,12,All (PS),area,297327.0
1049,ML2016A103,Mali,ML,Sikasso,none,Sikasso,Sorghum,Main,2010,6,2010,12,All (PS),area,434966.0
1050,ML2016A103,Mali,ML,Sikasso,none,Sikasso,Sorghum,Main,2011,6,2011,12,All (PS),area,548255.0
1051,ML2016A103,Mali,ML,Sikasso,none,Sikasso,Sorghum,Main,2012,6,2012,12,All (PS),area,277824.0
1052,ML2016A103,Mali,ML,Sikasso,none,Sikasso,Sorghum,Main,2013,6,2013,12,All (PS),area,326110.0
1053,ML2016A103,Mali,ML,Sikasso,none,Sikasso,Sorghum,Main,2014,6,2014,12,All (PS),area,258584.0
1054,ML2016A103,Mali,ML,Sikasso,none,Sikasso,Sorghum,Main,2015,6,2015,12,All (PS),area,321205.0
1055,ML2016A103,Mali,ML,Sikasso,none,Sikasso,Sorghum,Main,2016,6,2016,12,All (PS),area,326719.0
1056,ML2016A103,Mali,ML,Sikasso,none,Sikasso,Sorghum,Main,2017,6,2017,12,All (PS),area,378150.0
1057,ML2016A103,Mali,ML,Sikasso,none,Sikasso,Sorghum,Main,2018,6,2018,12,All (PS),area,111458.0
1058,ML2016A103,Mali,ML,Sikasso,none,Sikasso,Sorghum,Main,2019,6,2019,12,All (PS),area,327937.022711553
1059,ML2016A103,Mali,ML,Sikasso,none,Sikasso,Sorghum,Main,2020,6,2020,12,All (PS),area,392011.0
1060,ML2016A103,Mali,ML,Sikasso,none,Sikasso,Sorghum,Main,2021,6,2021,12,All (PS),area,539599.0
1061,ML2016A103,Mali,ML,Sikasso,none,Sikasso,Sorghum,Main,2022,6,2022,12,All (PS),area,437794.0
1062,ML2016A103,Mali,ML,Sikasso,none,Sikasso,Millet,Main,1982,6,1982,12,All (PS),area,22285.0
1063,ML2016A103,Mali,ML,Sikasso,none,Sikasso,Millet,Main,1983,6,1983,12,All (PS),area,23944.0
1064,ML2016A103,Mali,ML,Sikasso,none,Sikasso,Millet,Main,1984,6,1984,12,All (PS),area,104302.0
1065,ML2016A103,Mali,ML,Sikasso,none,Sikasso,Millet,Main,1985,6,1985,12,All (PS),area,125693.0
1066,ML2016A103,Mali,ML,Sikasso,none,Sikasso,Millet,Main,1986,6,1986,12,All (PS),area,120995.0
1067,ML2016A103,Mali,ML,Sikasso,none,Sikasso,Millet,Main,1987,6,1987,12,All (PS),area,116049.0
1068,ML2016A103,Mali,ML,Sikasso,none,Sikasso,Millet,Main,1988,6,1988,12,All (PS),area,151218.0
1069,ML2016A103,Mali,ML,Sikasso,none,Sikasso,Millet,Main,1989,6,1989,12,All (PS),area,124445.0
1070,ML2016A103,Mali,ML,Sikasso,none,Sikasso,Millet,Main,1990,6,1990,12,All (PS),area,117937.0
1071,ML2016A103,Mali,ML,Sikasso,none,Sikasso,Millet,Main,1991,6,1991,12,All (PS),area,101663.0
1072,ML2016A103,Mali,ML,Sikasso,none,Sikasso,Millet,Main,1992,6,1992,12,All (PS),area,101663.0
1073,ML2016A103,Mali,ML,Sikasso,none,Sikasso,Millet,Main,1993,6,1993,12,All (PS),area,134843.0
1074,ML2016A103,Mali,ML,Sikasso,none,Sikasso,Millet,Main,1994,6,1994,12,All (PS),area,115777.0
1075,ML2016A103,Mali,ML,Sikasso,none,Sikasso,Millet,Main,1995,6,1995,12,All (PS),area,99204.0
1076,ML2016A103,Mali,ML,Sikasso,none,Sikasso,Millet,Main,1996,6,1996,12,All (PS),area,59833.0
1077,ML2016A103,Mali,ML,Sikasso,none,Sikasso,Millet,Main,1997,6,1997,12,All (PS),area,63849.0
1078,ML2016A103,Mali,ML,Sikasso,none,Sikasso,Millet,Main,1998,6,1998,12,All (PS),area,57971.0
1079,ML2016A103,Mali,ML,Sikasso,none,Sikasso,Millet,Main,1999,6,1999,12,All (PS),area,124737.0
1080,ML2016A103,Mali,ML,Sikasso,none,Sikasso,Millet,Main,2000,6,2000,12,All (PS),area,88898.0
1081,ML2016A103,Mali,ML,Sikasso,none,Sikasso,Millet,Main,2001,6,2001,12,All (PS),area,77257.0
1082,ML2016A103,Mali,ML,Sikasso,none,Sikasso,Millet,Main,2002,6,2002,12,All (PS),area,129890.0
1083,ML2016A103,Mali,ML,Sikasso,none,Sikasso,Millet,Main,2003,6,2003,12,All (PS),area,156268.0
1084,ML2016A103,Mali,ML,Sikasso,none,Sikasso,Millet,Main,2004,6,2004,12,All (PS),area,102552.0
1085,ML2016A103,Mali,ML,Sikasso,none,Sikasso,Millet,Main,2005,6,2005,12,All (PS),area,132475.0
1086,ML2016A103,Mali,ML,Sikasso,none,Sikasso,Millet,Main,2006,6,2006,12,All (PS),area,235789.490476242
1087,ML2016A103,Mali,ML,Sikasso,none,Sikasso,Millet,Main,2007,6,2007,12,All (PS),area,244708.0
1088,ML2016A103,Mali,ML,Sikasso,none,Sikasso,Millet,Main,2008,6,2008,12,All (PS),area,236674.0
1089,ML2016A103,Mali,ML,Sikasso,none,Sikasso,Millet,Main,2009,6,2009,12,All (PS),area,218245.0
1090,ML2016A103,Mali,ML,Sikasso,none,Sikasso,Millet,Main,2010,6,2010,12,All (PS),area,242696.0
1091,ML2016A103,Mali,ML,Sikasso,none,Sikasso,Millet,Main,2011,6,2011,12,All (PS),area,241245.0
1092,ML2016A103,Mali,ML,Sikasso,none,Sikasso,Millet,Main,2012,6,2012,12,All (PS),area,166041.0
1093,ML2016A103,Mali,ML,Sikasso,none,Sikasso,Millet,Main,2013,6,2013,12,All (PS),area,148041.0
1094,ML2016A103,Mali,ML,Sikasso,none,Sikasso,Millet,Main,2014,6,2014,12,All (PS),area,190629.0
1095,ML2016A103,Mali,ML,Sikasso,none,Sikasso,Millet,Main,2015,6,2015,12,All (PS),area,190284.0
1096,ML2016A103,Mali,ML,Sikasso,none,Sikasso,Millet,Main,2016,6,2016,12,All (PS),area,127434.0
1097,ML2016A103,Mali,ML,Sikasso,none,Sikasso,Millet,Main,2017,6,2017,12,All (PS),area,230900.0
1098,ML2016A103,Mali,ML,Sikasso,none,Sikasso,Millet,Main,2018,6,2018,12,All (PS),area,148519.0
1099,ML2016A103,Mali,ML,Sikasso,none,Sikasso,Millet,Main,2019,6,2019,12,All (PS),area,234061.9612258
1100,ML2016A103,Mali,ML,Sikasso,none,Sikasso,Millet,Main,2020,6,2020,12,All (PS),area,303804.0
1101,ML2016A103,Mali,ML,Sikasso,none,Sikasso,Millet,Main,2021,6,2021,12,All (PS),area,420040.0
1102,ML2016A103,Mali,ML,Sikasso,none,Sikasso,Millet,Main,2022,6,2022,12,All (PS),area,320644.0
1103,ML2016A103,Mali,ML,Sikasso,none,Sikasso,Sweet Potatoes,Main,1990,6,1990,12,All (PS),area,648.0
1104,ML2016A103,Mali,ML,Sikasso,none,Sikasso,Sweet Potatoes,Main,1993,6,1993,12,All (PS),area,1061.0
1105,ML2016A103,Mali,ML,Sikasso,none,Sikasso,Sweet Potatoes,Main,1994,6,1994,12,All (PS),area,1440.0
1106,ML2016A103,Mali,ML,Sikasso,none,Sikasso,Sweet Potatoes,Main,1995,6,1995,12,All (PS),area,1440.0
1107,ML2016A103,Mali,ML,Sikasso,none,Sikasso,Sweet Potatoes,Main,2001,6,2001,12,All (PS),area,552.0
1108,ML2016A103,Mali,ML,Sikasso,none,Sikasso,Sweet Potatoes,Main,2013,6,2013,12,All (PS),area,3366.0
1109,ML2016A103,Mali,ML,Sikasso,none,Sikasso,Yams,Main,1985,6,1985,12,All (PS),area,4266.0
1110,ML2016A103,Mali,ML,Sikasso,none,Sikasso,Yams,Main,1986,6,1986,12,All (PS),area,1609.0
1111,ML2016A103,Mali,ML,Sikasso,none,Sikasso,Yams,Main,1987,6,1987,12,All (PS),area,2571.0
1112,ML2016A103,Mali,ML,Sikasso,none,Sikasso,Yams,Main,1988,6,1988,12,All (PS),area,1337.0
1113,ML2016A103,Mali,ML,Sikasso,none,Sikasso,Yams,Main,1989,6,1989,12,All (PS),area,1218.0
1114,ML2016A103,Mali,ML,Sikasso,none,Sikasso,Yams,Main,1990,6,1990,12,All (PS),area,2428.0
1115,ML2016A103,Mali,ML,Sikasso,none,Sikasso,Yams,Main,1992,6,1992,12,All (PS),area,1933.0
1116,ML2016A103,Mali,ML,Sikasso,none,Sikasso,Yams,Main,1993,6,1993,12,All (PS),area,5341.0
1117,ML2016A103,Mali,ML,Sikasso,none,Sikasso,Yams,Main,1994,6,1994,12,All (PS),area,4086.0
1118,ML2016A103,Mali,ML,Sikasso,none,Sikasso,Wheat,Main,2008,6,2008,12,All (PS),area,40.0
1119,ML2016A103,Mali,ML,Sikasso,none,Sikasso,Wheat,Main,2019,6,2019,12,All (PS),area,179.055555555556
1120,ML2016A103,Mali,ML,Sikasso,none,Sikasso,Tomato,Main,1994,6,1994,12,All (PS),area,54.0
1121,ML2016A103,Mali,ML,Sikasso,none,Sikasso,Sesame Seed,Main,2004,6,2004,12,All (PS),area,322.0
1122,ML2016A103,Mali,ML,Sikasso,none,Sikasso,Sesame Seed,Main,2005,6,2005,12,All (PS),area,165.0
1123,ML2016A103,Mali,ML,Sikasso,none,Sikasso,Sesame Seed,Main,2006,6,2006,12,All (PS),area,1983.0
1124,ML2016A103,Mali,ML,Sikasso,none,Sikasso,Sesame Seed,Main,2007,6,2007,12,All (PS),area,1403.0
1125,ML2016A103,Mali,ML,Sikasso,none,Sikasso,Sesame Seed,Main,2008,6,2008,12,All (PS),area,2914.0
1126,ML2016A103,Mali,ML,Sikasso,none,Sikasso,Sesame Seed,Main,2009,6,2009,12,All (PS),area,3617.0
1127,ML2016A103,Mali,ML,Sikasso,none,Sikasso,Sesame Seed,Main,2010,6,2010,12,All (PS),area,3917.0
1128,ML2016A103,Mali,ML,Sikasso,none,Sikasso,Sesame Seed,Main,2011,6,2011,12,All (PS),area,4663.0
1129,ML2016A103,Mali,ML,Sikasso,none,Sikasso,Sesame Seed,Main,2012,6,2012,12,All (PS),area,3369.0
1130,ML2016A103,Mali,ML,Sikasso,none,Sikasso,Sesame Seed,Main,2013,6,2013,12,All (PS),area,4956.0
1131,ML2016A103,Mali,ML,Sikasso,none,Sikasso,Sesame Seed,Main,2014,6,2014,12,All (PS),area,8130.0
1132,ML2016A103,Mali,ML,Sikasso,none,Sikasso,Sesame Seed,Main,2015,6,2015,12,All (PS),area,8639.0
1133,ML2016A103,Mali,ML,Sikasso,none,Sikasso,Sesame Seed,Main,2016,6,2016,12,All (PS),area,10830.0
1134,ML2016A103,Mali,ML,Sikasso,none,Sikasso,Sesame Seed,Main,2017,6,2017,12,All (PS),area,4279.0
1135,ML2016A103,Mali,ML,Sikasso,none,Sikasso,Sesame Seed,Main,2018,6,2018,12,All (PS),area,4294.0
1136,ML2016A103,Mali,ML,Sikasso,none,Sikasso,Sesame Seed,Main,2020,6,2020,12,All (PS),area,40154.0
1137,ML2016A103,Mali,ML,Sikasso,none,Sikasso,Sesame Seed,Main,2021,6,2021,12,All (PS),area,11209.0
1138,ML2016A103,Mali,ML,Sikasso,none,Sikasso,Soybean,Main,2004,6,2004,12,All (PS),area,799.0
1139,ML2016A103,Mali,ML,Sikasso,none,Sikasso,Soybean,Main,2005,6,2005,12,All (PS),area,1237.0
1140,ML2016A103,Mali,ML,Sikasso,none,Sikasso,Soybean,Main,2006,6,2006,12,All (PS),area,2961.0
1141,ML2016A103,Mali,ML,Sikasso,none,Sikasso,Soybean,Main,2007,6,2007,12,All (PS),area,3776.0
1142,ML2016A103,Mali,ML,Sikasso,none,Sikasso,Soybean,Main,2008,6,2008,12,All (PS),area,9847.0
1143,ML2016A103,Mali,ML,Sikasso,none,Sikasso,Soybean,Main,2009,6,2009,12,All (PS),area,3442.0
1144,ML2016A103,Mali,ML,Sikasso,none,Sikasso,Soybean,Main,2010,6,2010,12,All (PS),area,2270.0
1145,ML2016A103,Mali,ML,Sikasso,none,Sikasso,Soybean,Main,2011,6,2011,12,All (PS),area,2773.0
1146,ML2016A103,Mali,ML,Sikasso,none,Sikasso,Soybean,Main,2012,6,2012,12,All (PS),area,3124.0
1147,ML2016A103,Mali,ML,Sikasso,none,Sikasso,Soybean,Main,2013,6,2013,12,All (PS),area,2316.0
1148,ML2016A103,Mali,ML,Sikasso,none,Sikasso,Soybean,Main,2014,6,2014,12,All (PS),area,2734.0
1149,ML2016A103,Mali,ML,Sikasso,none,Sikasso,Soybean,Main,2015,6,2015,12,All (PS),area,8918.0
1150,ML2016A103,Mali,ML,Sikasso,none,Sikasso,Soybean,Main,2016,6,2016,12,All (PS),area,16200.0
1151,ML2016A103,Mali,ML,Sikasso,none,Sikasso,Soybean,Main,2017,6,2017,12,All (PS),area,12843.0
1152,ML2016A103,Mali,ML,Sikasso,none,Sikasso,Soybean,Main,2018,6,2018,12,All (PS),area,13843.0
1153,ML2016A103,Mali,ML,Sikasso,none,Sikasso,Soybean,Main,2020,6,2020,12,All (PS),area,8910.0
1154,ML2016A103,Mali,ML,Sikasso,none,Sikasso,Soybean,Main,2021,6,2021,12,All (PS),area,19516.0
1155,ML2016A104,Mali,ML,Segou,none,Segou,Bambara groundnut,Main,1984,6,1984,12,All (PS),area,8255.0
1156,ML2016A104,Mali,ML,Segou,none,Segou,Bambara groundnut,Main,1985,6,1985,12,All (PS),area,7639.0
1157,ML2016A104,Mali,ML,Segou,none,Segou,Bambara groundnut,Main,1986,6,1986,12,All (PS),area,3335.0
1158,ML2016A104,Mali,ML,Segou,none,Segou,Bambara groundnut,Main,1987,6,1987,12,All (PS),area,10858.0
1159,ML2016A104,Mali,ML,Segou,none,Segou,Bambara groundnut,Main,1988,6,1988,12,All (PS),area,15328.0
1160,ML2016A104,Mali,ML,Segou,none,Segou,Bambara groundnut,Main,1989,6,1989,12,All (PS),area,8833.0
1161,ML2016A104,Mali,ML,Segou,none,Segou,Bambara groundnut,Main,1990,6,1990,12,All (PS),area,11203.0
1162,ML2016A104,Mali,ML,Segou,none,Segou,Bambara groundnut,Main,1992,6,1992,12,All (PS),area,12200.0
1163,ML2016A104,Mali,ML,Segou,none,Segou,Bambara groundnut,Main,1993,6,1993,12,All (PS),area,9648.0
1164,ML2016A104,Mali,ML,Segou,none,Segou,Bambara groundnut,Main,1995,6,1995,12,All (PS),area,17513.0
1165,ML2016A104,Mali,ML,Segou,none,Segou,Bambara groundnut,Main,1996,6,1996,12,All (PS),area,3652.0
1166,ML2016A104,Mali,ML,Segou,none,Segou,Bambara groundnut,Main,1997,6,1997,12,All (PS),area,8458.0
1167,ML2016A104,Mali,ML,Segou,none,Segou,Bambara groundnut,Main,1998,6,1998,12,All (PS),area,6273.0
1168,ML2016A104,Mali,ML,Segou,none,Segou,Bambara groundnut,Main,2000,6,2000,12,All (PS),area,11850.0
1169,ML2016A104,Mali,ML,Segou,none,Segou,Bambara groundnut,Main,2002,6,2002,12,All (PS),area,6775.0
1170,ML2016A104,Mali,ML,Segou,none,Segou,Bambara groundnut,Main,2003,6,2003,12,All (PS),area,27338.0
1171,ML2016A104,Mali,ML,Segou,none,Segou,Bambara groundnut,Main,2004,6,2004,12,All (PS),area,6547.0
1172,ML2016A104,Mali,ML,Segou,none,Segou,Bambara groundnut,Main,2005,6,2005,12,All (PS),area,4939.0
1173,ML2016A104,Mali,ML,Segou,none,Segou,Bambara groundnut,Main,2006,6,2006,12,All (PS),area,7740.0
1174,ML2016A104,Mali,ML,Segou,none,Segou,Bambara groundnut,Main,2007,6,2007,12,All (PS),area,11026.0
1175,ML2016A104,Mali,ML,Segou,none,Segou,Bambara groundnut,Main,2008,6,2008,12,All (PS),area,18497.0
1176,ML2016A104,Mali,ML,Segou,none,Segou,Bambara groundnut,Main,2009,6,2009,12,All (PS),area,17769.0
1177,ML2016A104,Mali,ML,Segou,none,Segou,Bambara groundnut,Main,2010,6,2010,12,All (PS),area,15730.0
1178,ML2016A104,Mali,ML,Segou,none,Segou,Bambara groundnut,Main,2011,6,2011,12,All (PS),area,16090.0
1179,ML2016A104,Mali,ML,Segou,none,Segou,Bambara groundnut,Main,2012,6,2012,12,All (PS),area,15291.0
1180,ML2016A104,Mali,ML,Segou,none,Segou,Bambara groundnut,Main,2013,6,2013,12,All (PS),area,15676.0
1181,ML2016A104,Mali,ML,Segou,none,Segou,Bambara groundnut,Main,2014,6,2014,12,All (PS),area,18530.0
1182,ML2016A104,Mali,ML,Segou,none,Segou,Bambara groundnut,Main,2015,6,2015,12,All (PS),area,19292.0
1183,ML2016A104,Mali,ML,Segou,none,Segou,Bambara groundnut,Main,2016,6,2016,12,All (PS),area,19350.0
1184,ML2016A104,Mali,ML,Segou,none,Segou,Bambara groundnut,Main,2017,6,2017,12,All (PS),area,18090.0
1185,ML2016A104,Mali,ML,Segou,none,Segou,Bambara groundnut,Main,2018,6,2018,12,All (PS),area,19532.0
1186,ML2016A104,Mali,ML,Segou,none,Segou,Bambara groundnut,Main,2019,6,2019,12,All (PS),area,18788.0
1187,ML2016A104,Mali,ML,Segou,none,Segou,Bambara groundnut,Main,2020,6,2020,12,All (PS),area,22367.0
1188,ML2016A104,Mali,ML,Segou,none,Segou,Bambara groundnut,Main,2021,6,2021,12,All (PS),area,23494.0
1189,ML2016A104,Mali,ML,Segou,none,Segou,Cotton,Main,1982,6,1982,12,All (PS),area,16569.0
1190,ML2016A104,Mali,ML,Segou,none,Segou,Cotton,Main,1983,6,1983,12,All (PS),area,24786.0
1191,ML2016A104,Mali,ML,Segou,none,Segou,Cotton,Main,1984,6,1984,12,All (PS),area,10656.0
1192,ML2016A104,Mali,ML,Segou,none,Segou,Cotton,Main,1985,6,1985,12,All (PS),area,9315.0
1193,ML2016A104,Mali,ML,Segou,none,Segou,Cotton,Main,1986,6,1986,12,All (PS),area,11559.0
1194,ML2016A104,Mali,ML,Segou,none,Segou,Cotton,Main,1987,6,1987,12,All (PS),area,17138.0
1195,ML2016A104,Mali,ML,Segou,none,Segou,Cotton,Main,1988,6,1988,12,All (PS),area,33031.0
1196,ML2016A104,Mali,ML,Segou,none,Segou,Cotton,Main,1989,6,1989,12,All (PS),area,25839.0
1197,ML2016A104,Mali,ML,Segou,none,Segou,Cotton,Main,1990,6,1990,12,All (PS),area,20355.0
1198,ML2016A104,Mali,ML,Segou,none,Segou,Cotton,Main,1991,6,1991,12,All (PS),area,25223.0
1199,ML2016A104,Mali,ML,Segou,none,Segou,Cotton,Main,1992,6,1992,12,All (PS),area,25223.0
1200,ML2016A104,Mali,ML,Segou,none,Segou,Cotton,Main,1993,6,1993,12,All (PS),area,23786.0
1201,ML2016A104,Mali,ML,Segou,none,Segou,Cotton,Main,1995,6,1995,12,All (PS),area,15127.0
1202,ML2016A104,Mali,ML,Segou,none,Segou,Cotton,Main,1996,6,1996,12,All (PS),area,19636.0
1203,ML2016A104,Mali,ML,Segou,none,Segou,Cotton,Main,1997,6,1997,12,All (PS),area,44625.0
1204,ML2016A104,Mali,ML,Segou,none,Segou,Cotton,Main,2000,6,2000,12,All (PS),area,37261.0
1205,ML2016A104,Mali,ML,Segou,none,Segou,Cotton,Main,2001,6,2001,12,All (PS),area,56322.0
1206,ML2016A104,Mali,ML,Segou,none,Segou,Cotton,Main,2002,6,2002,12,All (PS),area,45123.0
1207,ML2016A104,Mali,ML,Segou,none,Segou,Cotton,Main,2003,6,2003,12,All (PS),area,54030.0
1208,ML2016A104,Mali,ML,Segou,none,Segou,Cotton,Main,2004,6,2004,12,All (PS),area,55331.0
1209,ML2016A104,Mali,ML,Segou,none,Segou,Cotton,Main,2005,6,2005,12,All (PS),area,52888.0
1210,ML2016A104,Mali,ML,Segou,none,Segou,Cotton,Main,2006,6,2006,12,All (PS),area,43896.0
1211,ML2016A104,Mali,ML,Segou,none,Segou,Cotton,Main,2007,6,2007,12,All (PS),area,16029.0
1212,ML2016A104,Mali,ML,Segou,none,Segou,Cotton,Main,2008,6,2008,12,All (PS),area,19909.0
1213,ML2016A104,Mali,ML,Segou,none,Segou,Cotton,Main,2009,6,2009,12,All (PS),area,24270.0
1214,ML2016A104,Mali,ML,Segou,none,Segou,Cotton,Main,2010,6,2010,12,All (PS),area,28066.0
1215,ML2016A104,Mali,ML,Segou,none,Segou,Cotton,Main,2011,6,2011,12,All (PS),area,43942.0
1216,ML2016A104,Mali,ML,Segou,none,Segou,Cotton,Main,2012,6,2012,12,All (PS),area,47327.0
1217,ML2016A104,Mali,ML,Segou,none,Segou,Cotton,Main,2013,6,2013,12,All (PS),area,34800.0
1218,ML2016A104,Mali,ML,Segou,none,Segou,Cotton,Main,2014,6,2014,12,All (PS),area,51457.0
1219,ML2016A104,Mali,ML,Segou,none,Segou,Cotton,Main,2015,6,2015,12,All (PS),area,51410.0
1220,ML2016A104,Mali,ML,Segou,none,Segou,Cotton,Main,2016,6,2016,12,All (PS),area,66091.0
1221,ML2016A104,Mali,ML,Segou,none,Segou,Cotton,Main,2017,6,2017,12,All (PS),area,64759.0
1222,ML2016A104,Mali,ML,Segou,none,Segou,Cotton,Main,2019,6,2019,12,All (PS),area,56460.0
1223,ML2016A104,Mali,ML,Segou,none,Segou,Cotton,Main,2020,6,2020,12,All (PS),area,10429.0
1224,ML2016A104,Mali,ML,Segou,none,Segou,Cotton,Main,2021,6,2021,12,All (PS),area,56517.0
1225,ML2016A104,Mali,ML,Segou,none,Segou,Rice,Main,1982,6,1982,12,All (PS),area,35784.0
1226,ML2016A104,Mali,ML,Segou,none,Segou,Rice,Main,1983,6,1983,12,All (PS),area,56833.0
1227,ML2016A104,Mali,ML,Segou,none,Segou,Rice,Main,1984,6,1984,12,All (PS),area,71771.0
1228,ML2016A104,Mali,ML,Segou,none,Segou,Rice,Main,1985,6,1985,12,All (PS),area,65793.0
1229,ML2016A104,Mali,ML,Segou,none,Segou,Rice,Main,1986,6,1986,12,All (PS),area,73889.0
1230,ML2016A104,Mali,ML,Segou,none,Segou,Rice,Main,1987,6,1987,12,All (PS),area,73470.0
1231,ML2016A104,Mali,ML,Segou,none,Segou,Rice,Main,1988,6,1988,12,All (PS),area,87151.0
1232,ML2016A104,Mali,ML,Segou,none,Segou,Rice,Main,1989,6,1989,12,All (PS),area,72948.0
1233,ML2016A104,Mali,ML,Segou,none,Segou,Rice,Main,1990,6,1990,12,All (PS),area,69946.0
1234,ML2016A104,Mali,ML,Segou,none,Segou,Rice,Main,1991,6,1991,12,All (PS),area,70249.0
1235,ML2016A104,Mali,ML,Segou,none,Segou,Rice,Main,1992,6,1992,12,All (PS),area,70866.0
1236,ML2016A104,Mali,ML,Segou,none,Segou,Rice,Main,1993,6,1993,12,All (PS),area,70866.0
1237,ML2016A104,Mali,ML,Segou,none,Segou,Rice,Main,1995,6,1995,12,All (PS),area,83353.0
1238,ML2016A104,Mali,ML,Segou,none,Segou,Rice,Main,1996,6,1996,12,All (PS),area,91912.0
1239,ML2016A104,Mali,ML,Segou,none,Segou,Rice,Main,1998,6,1998,12,All (PS),area,97535.0
1240,ML2016A104,Mali,ML,Segou,none,Segou,Rice,Main,1999,6,1999,12,All (PS),area,100493.0
1241,ML2016A104,Mali,ML,Segou,none,Segou,Rice,Main,2000,6,2000,12,All (PS),area,110034.0
1242,ML2016A104,Mali,ML,Segou,none,Segou,Rice,Main,2001,6,2001,12,All (PS),area,123619.0
1243,ML2016A104,Mali,ML,Segou,none,Segou,Rice,Main,2002,6,2002,12,All (PS),area,114970.0
1244,ML2016A104,Mali,ML,Segou,none,Segou,Rice,Main,2003,6,2003,12,All (PS),area,123626.0
1245,ML2016A104,Mali,ML,Segou,none,Segou,Rice,Main,2004,6,2004,12,All (PS),area,112341.0
1246,ML2016A104,Mali,ML,Segou,none,Segou,Rice,Main,2005,6,2005,12,All (PS),area,104097.0
1247,ML2016A104,Mali,ML,Segou,none,Segou,Rice,Main,2006,6,2006,12,All (PS),area,108170.965603808
1248,ML2016A104,Mali,ML,Segou,none,Segou,Rice,Main,2007,6,2007,12,All (PS),area,116482.0
1249,ML2016A104,Mali,ML,Segou,none,Segou,Rice,Main,2008,6,2008,12,All (PS),area,146850.0
1250,ML2016A104,Mali,ML,Segou,none,Segou,Rice,Main,2009,6,2009,12,All (PS),area,141147.0
1251,ML2016A104,Mali,ML,Segou,none,Segou,Rice,Main,2010,6,2010,12,All (PS),area,215216.0
1252,ML2016A104,Mali,ML,Segou,none,Segou,Rice,Main,2011,6,2011,12,All (PS),area,293057.0
1253,ML2016A104,Mali,ML,Segou,none,Segou,Rice,Main,2012,6,2012,12,All (PS),area,261015.0
1254,ML2016A104,Mali,ML,Segou,none,Segou,Rice,Main,2013,6,2013,12,All (PS),area,266013.0
1255,ML2016A104,Mali,ML,Segou,none,Segou,Rice,Main,2014,6,2014,12,All (PS),area,236959.0
1256,ML2016A104,Mali,ML,Segou,none,Segou,Rice,Main,2015,6,2015,12,All (PS),area,247172.0
1257,ML2016A104,Mali,ML,Segou,none,Segou,Rice,Main,2016,6,2016,12,All (PS),area,264627.0
1258,ML2016A104,Mali,ML,Segou,none,Segou,Rice,Main,2017,6,2017,12,All (PS),area,263878.0
1259,ML2016A104,Mali,ML,Segou,none,Segou,Rice,Main,2018,6,2018,12,All (PS),area,328349.0
1260,ML2016A104,Mali,ML,Segou,none,Segou,Rice,Main,2019,6,2019,12,All (PS),area,324442.488794427
1261,ML2016A104,Mali,ML,Segou,none,Segou,Rice,Main,2020,6,2020,12,All (PS),area,266088.0
1262,ML2016A104,Mali,ML,Segou,none,Segou,Rice,Main,2021,6,2021,12,All (PS),area,238102.0
1263,ML2016A104,Mali,ML,Segou,none,Segou,Rice,Main,2022,6,2022,12,All (PS),area,257184.0
1264,ML2016A104,Mali,ML,Segou,none,Segou,Cowpea,Main,1984,6,1984,12,All (PS),area,65766.0
1265,ML2016A104,Mali,ML,Segou,none,Segou,Cowpea,Main,1985,6,1985,12,All (PS),area,55101.0
1266,ML2016A104,Mali,ML,Segou,none,Segou,Cowpea,Main,1986,6,1986,12,All (PS),area,47950.0
1267,ML2016A104,Mali,ML,Segou,none,Segou,Cowpea,Main,1987,6,1987,12,All (PS),area,30067.0
1268,ML2016A104,Mali,ML,Segou,none,Segou,Cowpea,Main,1988,6,1988,12,All (PS),area,126438.0
1269,ML2016A104,Mali,ML,Segou,none,Segou,Cowpea,Main,1989,6,1989,12,All (PS),area,153836.0
1270,ML2016A104,Mali,ML,Segou,none,Segou,Cowpea,Main,1990,6,1990,12,All (PS),area,87134.0
1271,ML2016A104,Mali,ML,Segou,none,Segou,Cowpea,Main,1991,6,1991,12,All (PS),area,255226.0
1272,ML2016A104,Mali,ML,Segou,none,Segou,Cowpea,Main,1992,6,1992,12,All (PS),area,255266.0
1273,ML2016A104,Mali,ML,Segou,none,Segou,Cowpea,Main,1993,6,1993,12,All (PS),area,108127.0
1274,ML2016A104,Mali,ML,Segou,none,Segou,Cowpea,Main,1995,6,1995,12,All (PS),area,28888.0
1275,ML2016A104,Mali,ML,Segou,none,Segou,Cowpea,Main,1996,6,1996,12,All (PS),area,29590.0
1276,ML2016A104,Mali,ML,Segou,none,Segou,Cowpea,Main,1997,6,1997,12,All (PS),area,33152.0
1277,ML2016A104,Mali,ML,Segou,none,Segou,Cowpea,Main,1998,6,1998,12,All (PS),area,103365.0
1278,ML2016A104,Mali,ML,Segou,none,Segou,Cowpea,Main,2000,6,2000,12,All (PS),area,101402.0
1279,ML2016A104,Mali,ML,Segou,none,Segou,Cowpea,Main,2001,6,2001,12,All (PS),area,116343.0
1280,ML2016A104,Mali,ML,Segou,none,Segou,Cowpea,Main,2002,6,2002,12,All (PS),area,156241.0
1281,ML2016A104,Mali,ML,Segou,none,Segou,Cowpea,Main,2003,6,2003,12,All (PS),area,134026.0
1282,ML2016A104,Mali,ML,Segou,none,Segou,Cowpea,Main,2004,6,2004,12,All (PS),area,70640.0
1283,ML2016A104,Mali,ML,Segou,none,Segou,Cowpea,Main,2005,6,2005,12,All (PS),area,45839.0
1284,ML2016A104,Mali,ML,Segou,none,Segou,Cowpea,Main,2006,6,2006,12,All (PS),area,27649.145802838
1285,ML2016A104,Mali,ML,Segou,none,Segou,Cowpea,Main,2007,6,2007,12,All (PS),area,98792.6
1286,ML2016A104,Mali,ML,Segou,none,Segou,Cowpea,Main,2008,6,2008,12,All (PS),area,75421.0
1287,ML2016A104,Mali,ML,Segou,none,Segou,Cowpea,Main,2009,6,2009,12,All (PS),area,65320.0
1288,ML2016A104,Mali,ML,Segou,none,Segou,Cowpea,Main,2010,6,2010,12,All (PS),area,169432.6
1289,ML2016A104,Mali,ML,Segou,none,Segou,Cowpea,Main,2011,6,2011,12,All (PS),area,77618.4210526316
1290,ML2016A104,Mali,ML,Segou,none,Segou,Cowpea,Main,2012,6,2012,12,All (PS),area,48915.0
1291,ML2016A104,Mali,ML,Segou,none,Segou,Cowpea,Main,2013,6,2013,12,All (PS),area,36473.0
1292,ML2016A104,Mali,ML,Segou,none,Segou,Cowpea,Main,2014,6,2014,12,All (PS),area,160280.0
1293,ML2016A104,Mali,ML,Segou,none,Segou,Cowpea,Main,2015,6,2015,12,All (PS),area,157457.75
1294,ML2016A104,Mali,ML,Segou,none,Segou,Cowpea,Main,2016,6,2016,12,All (PS),area,169560.0
1295,ML2016A104,Mali,ML,Segou,none,Segou,Cowpea,Main,2017,6,2017,12,All (PS),area,499.65
1296,ML2016A104,Mali,ML,Segou,none,Segou,Cowpea,Main,2018,6,2018,12,All (PS),area,165482.0
1297,ML2016A104,Mali,ML,Segou,none,Segou,Cowpea,Main,2019,6,2019,12,All (PS),area,98475.0
1298,ML2016A104,Mali,ML,Segou,none,Segou,Cowpea,Main,2020,6,2020,12,All (PS),area,173227.0
1299,ML2016A104,Mali,ML,Segou,none,Segou,Cowpea,Main,2021,6,2021,12,All (PS),area,225802.0
1300,ML2016A104,Mali,ML,Segou,none,Segou,Fonio,Main,1982,6,1982,12,All (PS),area,32922.0
1301,ML2016A104,Mali,ML,Segou,none,Segou,Fonio,Main,1983,6,1983,12,All (PS),area,22251.0
1302,ML2016A104,Mali,ML,Segou,none,Segou,Fonio,Main,1984,6,1984,12,All (PS),area,18930.0
1303,ML2016A104,Mali,ML,Segou,none,Segou,Fonio,Main,1985,6,1985,12,All (PS),area,11362.0
1304,ML2016A104,Mali,ML,Segou,none,Segou,Fonio,Main,1986,6,1986,12,All (PS),area,9847.0
1305,ML2016A104,Mali,ML,Segou,none,Segou,Fonio,Main,1987,6,1987,12,All (PS),area,11885.0
1306,ML2016A104,Mali,ML,Segou,none,Segou,Fonio,Main,1988,6,1988,12,All (PS),area,13707.0
1307,ML2016A104,Mali,ML,Segou,none,Segou,Fonio,Main,1989,6,1989,12,All (PS),area,10294.0
1308,ML2016A104,Mali,ML,Segou,none,Segou,Fonio,Main,1990,6,1990,12,All (PS),area,18907.0
1309,ML2016A104,Mali,ML,Segou,none,Segou,Fonio,Main,1991,6,1991,12,All (PS),area,13217.0
1310,ML2016A104,Mali,ML,Segou,none,Segou,Fonio,Main,1992,6,1992,12,All (PS),area,13217.0
1311,ML2016A104,Mali,ML,Segou,none,Segou,Fonio,Main,1993,6,1993,12,All (PS),area,12796.0
1312,ML2016A104,Mali,ML,Segou,none,Segou,Fonio,Main,1995,6,1995,12,All (PS),area,14200.0
1313,ML2016A104,Mali,ML,Segou,none,Segou,Fonio,Main,1996,6,1996,12,All (PS),area,7026.0
1314,ML2016A104,Mali,ML,Segou,none,Segou,Fonio,Main,1997,6,1997,12,All (PS),area,10602.0
1315,ML2016A104,Mali,ML,Segou,none,Segou,Fonio,Main,1998,6,1998,12,All (PS),area,5462.0
1316,ML2016A104,Mali,ML,Segou,none,Segou,Fonio,Main,1999,6,1999,12,All (PS),area,14843.0
1317,ML2016A104,Mali,ML,Segou,none,Segou,Fonio,Main,2000,6,2000,12,All (PS),area,12981.0
1318,ML2016A104,Mali,ML,Segou,none,Segou,Fonio,Main,2001,6,2001,12,All (PS),area,17655.0
1319,ML2016A104,Mali,ML,Segou,none,Segou,Fonio,Main,2002,6,2002,12,All (PS),area,18068.0
1320,ML2016A104,Mali,ML,Segou,none,Segou,Fonio,Main,2003,6,2003,12,All (PS),area,17024.0
1321,ML2016A104,Mali,ML,Segou,none,Segou,Fonio,Main,2004,6,2004,12,All (PS),area,7129.0
1322,ML2016A104,Mali,ML,Segou,none,Segou,Fonio,Main,2005,6,2005,12,All (PS),area,9054.0
1323,ML2016A104,Mali,ML,Segou,none,Segou,Fonio,Main,2006,6,2006,12,All (PS),area,12181.8445476348
1324,ML2016A104,Mali,ML,Segou,none,Segou,Fonio,Main,2007,6,2007,12,All (PS),area,18374.0
1325,ML2016A104,Mali,ML,Segou,none,Segou,Fonio,Main,2008,6,2008,12,All (PS),area,5943.0
1326,ML2016A104,Mali,ML,Segou,none,Segou,Fonio,Main,2009,6,2009,12,All (PS),area,14505.0
1327,ML2016A104,Mali,ML,Segou,none,Segou,Fonio,Main,2010,6,2010,12,All (PS),area,22830.0
1328,ML2016A104,Mali,ML,Segou,none,Segou,Fonio,Main,2011,6,2011,12,All (PS),area,18175.0
1329,ML2016A104,Mali,ML,Segou,none,Segou,Fonio,Main,2012,6,2012,12,All (PS),area,10375.0
1330,ML2016A104,Mali,ML,Segou,none,Segou,Fonio,Main,2013,6,2013,12,All (PS),area,19535.0
1331,ML2016A104,Mali,ML,Segou,none,Segou,Fonio,Main,2014,6,2014,12,All (PS),area,14775.0
1332,ML2016A104,Mali,ML,Segou,none,Segou,Fonio,Main,2015,6,2015,12,All (PS),area,21949.0
1333,ML2016A104,Mali,ML,Segou,none,Segou,Fonio,Main,2016,6,2016,12,All (PS),area,22442.0
1334,ML2016A104,Mali,ML,Segou,none,Segou,Fonio,Main,2017,6,2017,12,All (PS),area,33302.0
1335,ML2016A104,Mali,ML,Segou,none,Segou,Fonio,Main,2018,6,2018,12,All (PS),area,42080.0
1336,ML2016A104,Mali,ML,Segou,none,Segou,Fonio,Main,2019,6,2019,12,All (PS),area,49362.057805478
1337,ML2016A104,Mali,ML,Segou,none,Segou,Fonio,Main,2020,6,2020,12,All (PS),area,24740.0
1338,ML2016A104,Mali,ML,Segou,none,Segou,Fonio,Main,2021,6,2021,12,All (PS),area,25805.0
1339,ML2016A104,Mali,ML,Segou,none,Segou,Fonio,Main,2022,6,2022,12,All (PS),area,24955.0
1340,ML2016A104,Mali,ML,Segou,none,Segou,Groundnuts (In Shell),Main,1982,6,1982,12,All (PS),area,48682.0
1341,ML2016A104,Mali,ML,Segou,none,Segou,Groundnuts (In Shell),Main,1983,6,1983,12,All (PS),area,33800.0
1342,ML2016A104,Mali,ML,Segou,none,Segou,Groundnuts (In Shell),Main,1984,6,1984,12,All (PS),area,21003.0
1343,ML2016A104,Mali,ML,Segou,none,Segou,Groundnuts (In Shell),Main,1985,6,1985,12,All (PS),area,19146.0
1344,ML2016A104,Mali,ML,Segou,none,Segou,Groundnuts (In Shell),Main,1986,6,1986,12,All (PS),area,27156.0
1345,ML2016A104,Mali,ML,Segou,none,Segou,Groundnuts (In Shell),Main,1987,6,1987,12,All (PS),area,23095.0
1346,ML2016A104,Mali,ML,Segou,none,Segou,Groundnuts (In Shell),Main,1988,6,1988,12,All (PS),area,36723.0
1347,ML2016A104,Mali,ML,Segou,none,Segou,Groundnuts (In Shell),Main,1989,6,1989,12,All (PS),area,26798.0
1348,ML2016A104,Mali,ML,Segou,none,Segou,Groundnuts (In Shell),Main,1990,6,1990,12,All (PS),area,74399.0
1349,ML2016A104,Mali,ML,Segou,none,Segou,Groundnuts (In Shell),Main,1991,6,1991,12,All (PS),area,35886.0
1350,ML2016A104,Mali,ML,Segou,none,Segou,Groundnuts (In Shell),Main,1992,6,1992,12,All (PS),area,35886.0
1351,ML2016A104,Mali,ML,Segou,none,Segou,Groundnuts (In Shell),Main,1993,6,1993,12,All (PS),area,26757.0
1352,ML2016A104,Mali,ML,Segou,none,Segou,Groundnuts (In Shell),Main,1995,6,1995,12,All (PS),area,22106.0
1353,ML2016A104,Mali,ML,Segou,none,Segou,Groundnuts (In Shell),Main,1996,6,1996,12,All (PS),area,24358.0
1354,ML2016A104,Mali,ML,Segou,none,Segou,Groundnuts (In Shell),Main,1997,6,1997,12,All (PS),area,18963.0
1355,ML2016A104,Mali,ML,Segou,none,Segou,Groundnuts (In Shell),Main,2000,6,2000,12,All (PS),area,40182.0
1356,ML2016A104,Mali,ML,Segou,none,Segou,Groundnuts (In Shell),Main,2001,6,2001,12,All (PS),area,37541.0
1357,ML2016A104,Mali,ML,Segou,none,Segou,Groundnuts (In Shell),Main,2002,6,2002,12,All (PS),area,37889.0
1358,ML2016A104,Mali,ML,Segou,none,Segou,Groundnuts (In Shell),Main,2003,6,2003,12,All (PS),area,30204.0
1359,ML2016A104,Mali,ML,Segou,none,Segou,Groundnuts (In Shell),Main,2004,6,2004,12,All (PS),area,21696.0
1360,ML2016A104,Mali,ML,Segou,none,Segou,Groundnuts (In Shell),Main,2005,6,2005,12,All (PS),area,19934.0
1361,ML2016A104,Mali,ML,Segou,none,Segou,Groundnuts (In Shell),Main,2006,6,2006,12,All (PS),area,32159.3770292884
1362,ML2016A104,Mali,ML,Segou,none,Segou,Groundnuts (In Shell),Main,2007,6,2007,12,All (PS),area,35586.0
1363,ML2016A104,Mali,ML,Segou,none,Segou,Groundnuts (In Shell),Main,2008,6,2008,12,All (PS),area,35531.0
1364,ML2016A104,Mali,ML,Segou,none,Segou,Groundnuts (In Shell),Main,2009,6,2009,12,All (PS),area,47599.0
1365,ML2016A104,Mali,ML,Segou,none,Segou,Groundnuts (In Shell),Main,2010,6,2010,12,All (PS),area,31324.0
1366,ML2016A104,Mali,ML,Segou,none,Segou,Groundnuts (In Shell),Main,2011,6,2011,12,All (PS),area,35982.0
1367,ML2016A104,Mali,ML,Segou,none,Segou,Groundnuts (In Shell),Main,2012,6,2012,12,All (PS),area,31083.0
1368,ML2016A104,Mali,ML,Segou,none,Segou,Groundnuts (In Shell),Main,2013,6,2013,12,All (PS),area,47325.0
1369,ML2016A104,Mali,ML,Segou,none,Segou,Groundnuts (In Shell),Main,2014,6,2014,12,All (PS),area,52069.0
1370,ML2016A104,Mali,ML,Segou,none,Segou,Groundnuts (In Shell),Main,2015,6,2015,12,All (PS),area,52704.75
1371,ML2016A104,Mali,ML,Segou,none,Segou,Groundnuts (In Shell),Main,2016,6,2016,12,All (PS),area,50000.0
1372,ML2016A104,Mali,ML,Segou,none,Segou,Groundnuts (In Shell),Main,2017,6,2017,12,All (PS),area,39143.0
1373,ML2016A104,Mali,ML,Segou,none,Segou,Groundnuts (In Shell),Main,2018,6,2018,12,All (PS),area,51523.0
1374,ML2016A104,Mali,ML,Segou,none,Segou,Groundnuts (In Shell),Main,2019,6,2019,12,All (PS),area,41730.0
1375,ML2016A104,Mali,ML,Segou,none,Segou,Groundnuts (In Shell),Main,2020,6,2020,12,All (PS),area,47241.0
1376,ML2016A104,Mali,ML,Segou,none,Segou,Groundnuts (In Shell),Main,2021,6,2021,12,All (PS),area,52153.0
1377,ML2016A104,Mali,ML,Segou,none,Segou,Maize,Main,1974,6,1974,12,All (PS),area,5223.0
1378,ML2016A104,Mali,ML,Segou,none,Segou,Maize,Main,1975,6,1975,12,All (PS),area,5742.0
1379,ML2016A104,Mali,ML,Segou,none,Segou,Maize,Main,1976,6,1976,12,All (PS),area,2932.0
1380,ML2016A104,Mali,ML,Segou,none,Segou,Maize,Main,1977,6,1977,12,All (PS),area,2841.0
1381,ML2016A104,Mali,ML,Segou,none,Segou,Maize,Main,1978,6,1978,12,All (PS),area,3671.0
1382,ML2016A104,Mali,ML,Segou,none,Segou,Maize,Main,1979,6,1979,12,All (PS),area,6580.0
1383,ML2016A104,Mali,ML,Segou,none,Segou,Maize,Main,1980,6,1980,12,All (PS),area,6575.0
1384,ML2016A104,Mali,ML,Segou,none,Segou,Maize,Main,1981,6,1981,12,All (PS),area,8042.0
1385,ML2016A104,Mali,ML,Segou,none,Segou,Maize,Main,1982,6,1982,12,All (PS),area,3671.0
1386,ML2016A104,Mali,ML,Segou,none,Segou,Maize,Main,1983,6,1983,12,All (PS),area,10703.0
1387,ML2016A104,Mali,ML,Segou,none,Segou,Maize,Main,1984,6,1984,12,All (PS),area,6227.0
1388,ML2016A104,Mali,ML,Segou,none,Segou,Maize,Main,1985,6,1985,12,All (PS),area,5994.0
1389,ML2016A104,Mali,ML,Segou,none,Segou,Maize,Main,1986,6,1986,12,All (PS),area,11641.0
1390,ML2016A104,Mali,ML,Segou,none,Segou,Maize,Main,1987,6,1987,12,All (PS),area,10228.0
1391,ML2016A104,Mali,ML,Segou,none,Segou,Maize,Main,1988,6,1988,12,All (PS),area,12219.0
1392,ML2016A104,Mali,ML,Segou,none,Segou,Maize,Main,1989,6,1989,12,All (PS),area,12197.0
1393,ML2016A104,Mali,ML,Segou,none,Segou,Maize,Main,1990,6,1990,12,All (PS),area,13890.0
1394,ML2016A104,Mali,ML,Segou,none,Segou,Maize,Main,1991,6,1991,12,All (PS),area,9753.0
1395,ML2016A104,Mali,ML,Segou,none,Segou,Maize,Main,1992,6,1992,12,All (PS),area,9753.0
1396,ML2016A104,Mali,ML,Segou,none,Segou,Maize,Main,1993,6,1993,12,All (PS),area,11060.0
1397,ML2016A104,Mali,ML,Segou,none,Segou,Maize,Main,1995,6,1995,12,All (PS),area,13600.0
1398,ML2016A104,Mali,ML,Segou,none,Segou,Maize,Main,1996,6,1996,12,All (PS),area,26636.0
1399,ML2016A104,Mali,ML,Segou,none,Segou,Maize,Main,1997,6,1997,12,All (PS),area,16708.0
1400,ML2016A104,Mali,ML,Segou,none,Segou,Maize,Main,1998,6,1998,12,All (PS),area,19122.0
1401,ML2016A104,Mali,ML,Segou,none,Segou,Maize,Main,1999,6,1999,12,All (PS),area,41818.0
1402,ML2016A104,Mali,ML,Segou,none,Segou,Maize,Main,2000,6,2000,12,All (PS),area,19484.0
1403,ML2016A104,Mali,ML,Segou,none,Segou,Maize,Main,2001,6,2001,12,All (PS),area,9100.0
1404,ML2016A104,Mali,ML,Segou,none,Segou,Maize,Main,2002,6,2002,12,All (PS),area,25603.0
1405,ML2016A104,Mali,ML,Segou,none,Segou,Maize,Main,2003,6,2003,12,All (PS),area,14506.0
1406,ML2016A104,Mali,ML,Segou,none,Segou,Maize,Main,2004,6,2004,12,All (PS),area,23221.0
1407,ML2016A104,Mali,ML,Segou,none,Segou,Maize,Main,2005,6,2005,12,All (PS),area,22990.0
1408,ML2016A104,Mali,ML,Segou,none,Segou,Maize,Main,2006,6,2006,12,All (PS),area,33106.8328679559
1409,ML2016A104,Mali,ML,Segou,none,Segou,Maize,Main,2007,6,2007,12,All (PS),area,30971.0
1410,ML2016A104,Mali,ML,Segou,none,Segou,Maize,Main,2008,6,2008,12,All (PS),area,21918.0
1411,ML2016A104,Mali,ML,Segou,none,Segou,Maize,Main,2009,6,2009,12,All (PS),area,16560.0
1412,ML2016A104,Mali,ML,Segou,none,Segou,Maize,Main,2010,6,2010,12,All (PS),area,42395.0
1413,ML2016A104,Mali,ML,Segou,none,Segou,Maize,Main,2011,6,2011,12,All (PS),area,44688.0
1414,ML2016A104,Mali,ML,Segou,none,Segou,Maize,Main,2012,6,2012,12,All (PS),area,30553.0
1415,ML2016A104,Mali,ML,Segou,none,Segou,Maize,Main,2013,6,2013,12,All (PS),area,27109.0
1416,ML2016A104,Mali,ML,Segou,none,Segou,Maize,Main,2014,6,2014,12,All (PS),area,39612.0
1417,ML2016A104,Mali,ML,Segou,none,Segou,Maize,Main,2015,6,2015,12,All (PS),area,34091.0
1418,ML2016A104,Mali,ML,Segou,none,Segou,Maize,Main,2016,6,2016,12,All (PS),area,54049.0
1419,ML2016A104,Mali,ML,Segou,none,Segou,Maize,Main,2017,6,2017,12,All (PS),area,49173.0
1420,ML2016A104,Mali,ML,Segou,none,Segou,Maize,Main,2018,6,2018,12,All (PS),area,44601.0
1421,ML2016A104,Mali,ML,Segou,none,Segou,Maize,Main,2019,6,2019,12,All (PS),area,65356.951867628
1422,ML2016A104,Mali,ML,Segou,none,Segou,Maize,Main,2020,6,2020,12,All (PS),area,74660.0
1423,ML2016A104,Mali,ML,Segou,none,Segou,Maize,Main,2021,6,2021,12,All (PS),area,70343.0
1424,ML2016A104,Mali,ML,Segou,none,Segou,Maize,Main,2022,6,2022,12,All (PS),area,92478.0
1425,ML2016A104,Mali,ML,Segou,none,Segou,Sorghum,Main,1982,6,1982,12,All (PS),area,94508.0
1426,ML2016A104,Mali,ML,Segou,none,Segou,Sorghum,Main,1983,6,1983,12,All (PS),area,131537.0
1427,ML2016A104,Mali,ML,Segou,none,Segou,Sorghum,Main,1984,6,1984,12,All (PS),area,64549.0
1428,ML2016A104,Mali,ML,Segou,none,Segou,Sorghum,Main,1985,6,1985,12,All (PS),area,55308.0
1429,ML2016A104,Mali,ML,Segou,none,Segou,Sorghum,Main,1986,6,1986,12,All (PS),area,69052.0
1430,ML2016A104,Mali,ML,Segou,none,Segou,Sorghum,Main,1987,6,1987,12,All (PS),area,87983.0
1431,ML2016A104,Mali,ML,Segou,none,Segou,Sorghum,Main,1988,6,1988,12,All (PS),area,131912.0
1432,ML2016A104,Mali,ML,Segou,none,Segou,Sorghum,Main,1989,6,1989,12,All (PS),area,91810.0
1433,ML2016A104,Mali,ML,Segou,none,Segou,Sorghum,Main,1990,6,1990,12,All (PS),area,153386.0
1434,ML2016A104,Mali,ML,Segou,none,Segou,Sorghum,Main,1991,6,1991,12,All (PS),area,194551.0
1435,ML2016A104,Mali,ML,Segou,none,Segou,Sorghum,Main,1992,6,1992,12,All (PS),area,194551.0
1436,ML2016A104,Mali,ML,Segou,none,Segou,Sorghum,Main,1993,6,1993,12,All (PS),area,209475.0
1437,ML2016A104,Mali,ML,Segou,none,Segou,Sorghum,Main,1995,6,1995,12,All (PS),area,137270.0
1438,ML2016A104,Mali,ML,Segou,none,Segou,Sorghum,Main,1996,6,1996,12,All (PS),area,86734.0
1439,ML2016A104,Mali,ML,Segou,none,Segou,Sorghum,Main,1997,6,1997,12,All (PS),area,87274.0
1440,ML2016A104,Mali,ML,Segou,none,Segou,Sorghum,Main,1998,6,1998,12,All (PS),area,66861.0
1441,ML2016A104,Mali,ML,Segou,none,Segou,Sorghum,Main,1999,6,1999,12,All (PS),area,94380.0
1442,ML2016A104,Mali,ML,Segou,none,Segou,Sorghum,Main,2000,6,2000,12,All (PS),area,93099.0
1443,ML2016A104,Mali,ML,Segou,none,Segou,Sorghum,Main,2001,6,2001,12,All (PS),area,94229.0
1444,ML2016A104,Mali,ML,Segou,none,Segou,Sorghum,Main,2002,6,2002,12,All (PS),area,139802.0
1445,ML2016A104,Mali,ML,Segou,none,Segou,Sorghum,Main,2003,6,2003,12,All (PS),area,134934.0
1446,ML2016A104,Mali,ML,Segou,none,Segou,Sorghum,Main,2004,6,2004,12,All (PS),area,102752.0
1447,ML2016A104,Mali,ML,Segou,none,Segou,Sorghum,Main,2005,6,2005,12,All (PS),area,119141.0
1448,ML2016A104,Mali,ML,Segou,none,Segou,Sorghum,Main,2006,6,2006,12,All (PS),area,140970.951366383
1449,ML2016A104,Mali,ML,Segou,none,Segou,Sorghum,Main,2007,6,2007,12,All (PS),area,156149.0
1450,ML2016A104,Mali,ML,Segou,none,Segou,Sorghum,Main,2008,6,2008,12,All (PS),area,161436.0
1451,ML2016A104,Mali,ML,Segou,none,Segou,Sorghum,Main,2009,6,2009,12,All (PS),area,171442.0
1452,ML2016A104,Mali,ML,Segou,none,Segou,Sorghum,Main,2010,6,2010,12,All (PS),area,212819.0
1453,ML2016A104,Mali,ML,Segou,none,Segou,Sorghum,Main,2011,6,2011,12,All (PS),area,248710.0
1454,ML2016A104,Mali,ML,Segou,none,Segou,Sorghum,Main,2012,6,2012,12,All (PS),area,281645.0
1455,ML2016A104,Mali,ML,Segou,none,Segou,Sorghum,Main,2013,6,2013,12,All (PS),area,142165.0
1456,ML2016A104,Mali,ML,Segou,none,Segou,Sorghum,Main,2014,6,2014,12,All (PS),area,203338.0
1457,ML2016A104,Mali,ML,Segou,none,Segou,Sorghum,Main,2015,6,2015,12,All (PS),area,255512.0
1458,ML2016A104,Mali,ML,Segou,none,Segou,Sorghum,Main,2016,6,2016,12,All (PS),area,319893.0
1459,ML2016A104,Mali,ML,Segou,none,Segou,Sorghum,Main,2017,6,2017,12,All (PS),area,267496.0
1460,ML2016A104,Mali,ML,Segou,none,Segou,Sorghum,Main,2018,6,2018,12,All (PS),area,401005.0
1461,ML2016A104,Mali,ML,Segou,none,Segou,Sorghum,Main,2019,6,2019,12,All (PS),area,363763.314633994
1462,ML2016A104,Mali,ML,Segou,none,Segou,Sorghum,Main,2020,6,2020,12,All (PS),area,231553.0
1463,ML2016A104,Mali,ML,Segou,none,Segou,Sorghum,Main,2021,6,2021,12,All (PS),area,148397.0
1464,ML2016A104,Mali,ML,Segou,none,Segou,Sorghum,Main,2022,6,2022,12,All (PS),area,234053.0
1465,ML2016A104,Mali,ML,Segou,none,Segou,Millet,Main,1982,6,1982,12,All (PS),area,274642.0
1466,ML2016A104,Mali,ML,Segou,none,Segou,Millet,Main,1983,6,1983,12,All (PS),area,425592.0
1467,ML2016A104,Mali,ML,Segou,none,Segou,Millet,Main,1984,6,1984,12,All (PS),area,391123.0
1468,ML2016A104,Mali,ML,Segou,none,Segou,Millet,Main,1985,6,1985,12,All (PS),area,365548.0
1469,ML2016A104,Mali,ML,Segou,none,Segou,Millet,Main,1986,6,1986,12,All (PS),area,322722.0
1470,ML2016A104,Mali,ML,Segou,none,Segou,Millet,Main,1987,6,1987,12,All (PS),area,317915.0
1471,ML2016A104,Mali,ML,Segou,none,Segou,Millet,Main,1988,6,1988,12,All (PS),area,503505.0
1472,ML2016A104,Mali,ML,Segou,none,Segou,Millet,Main,1989,6,1989,12,All (PS),area,440952.0
1473,ML2016A104,Mali,ML,Segou,none,Segou,Millet,Main,1990,6,1990,12,All (PS),area,395930.0
1474,ML2016A104,Mali,ML,Segou,none,Segou,Millet,Main,1991,6,1991,12,All (PS),area,406041.0
1475,ML2016A104,Mali,ML,Segou,none,Segou,Millet,Main,1992,6,1992,12,All (PS),area,406041.0
1476,ML2016A104,Mali,ML,Segou,none,Segou,Millet,Main,1993,6,1993,12,All (PS),area,499759.0
1477,ML2016A104,Mali,ML,Segou,none,Segou,Millet,Main,1995,6,1995,12,All (PS),area,485767.0
1478,ML2016A104,Mali,ML,Segou,none,Segou,Millet,Main,1996,6,1996,12,All (PS),area,320792.0
1479,ML2016A104,Mali,ML,Segou,none,Segou,Millet,Main,1997,6,1997,12,All (PS),area,265976.0
1480,ML2016A104,Mali,ML,Segou,none,Segou,Millet,Main,1998,6,1998,12,All (PS),area,286902.0
1481,ML2016A104,Mali,ML,Segou,none,Segou,Millet,Main,1999,6,1999,12,All (PS),area,205508.0
1482,ML2016A104,Mali,ML,Segou,none,Segou,Millet,Main,2000,6,2000,12,All (PS),area,325303.0
1483,ML2016A104,Mali,ML,Segou,none,Segou,Millet,Main,2001,6,2001,12,All (PS),area,285164.0
1484,ML2016A104,Mali,ML,Segou,none,Segou,Millet,Main,2002,6,2002,12,All (PS),area,533046.0
1485,ML2016A104,Mali,ML,Segou,none,Segou,Millet,Main,2003,6,2003,12,All (PS),area,533159.0
1486,ML2016A104,Mali,ML,Segou,none,Segou,Millet,Main,2004,6,2004,12,All (PS),area,387315.0
1487,ML2016A104,Mali,ML,Segou,none,Segou,Millet,Main,2005,6,2005,12,All (PS),area,460743.0
1488,ML2016A104,Mali,ML,Segou,none,Segou,Millet,Main,2006,6,2006,12,All (PS),area,490434.476811442
1489,ML2016A104,Mali,ML,Segou,none,Segou,Millet,Main,2007,6,2007,12,All (PS),area,512582.0
1490,ML2016A104,Mali,ML,Segou,none,Segou,Millet,Main,2008,6,2008,12,All (PS),area,501864.0
1491,ML2016A104,Mali,ML,Segou,none,Segou,Millet,Main,2009,6,2009,12,All (PS),area,602161.0
1492,ML2016A104,Mali,ML,Segou,none,Segou,Millet,Main,2010,6,2010,12,All (PS),area,441821.0
1493,ML2016A104,Mali,ML,Segou,none,Segou,Millet,Main,2011,6,2011,12,All (PS),area,822983.0
1494,ML2016A104,Mali,ML,Segou,none,Segou,Millet,Main,2012,6,2012,12,All (PS),area,690189.0
1495,ML2016A104,Mali,ML,Segou,none,Segou,Millet,Main,2013,6,2013,12,All (PS),area,551582.0
1496,ML2016A104,Mali,ML,Segou,none,Segou,Millet,Main,2014,6,2014,12,All (PS),area,530563.0
1497,ML2016A104,Mali,ML,Segou,none,Segou,Millet,Main,2015,6,2015,12,All (PS),area,612559.0
1498,ML2016A104,Mali,ML,Segou,none,Segou,Millet,Main,2016,6,2016,12,All (PS),area,799539.0
1499,ML2016A104,Mali,ML,Segou,none,Segou,Millet,Main,2017,6,2017,12,All (PS),area,771293.0
1500,ML2016A104,Mali,ML,Segou,none,Segou,Millet,Main,2018,6,2018,12,All (PS),area,718174.0
1501,ML2016A104,Mali,ML,Segou,none,Segou,Millet,Main,2019,6,2019,12,All (PS),area,946246.953362083
1502,ML2016A104,Mali,ML,Segou,none,Segou,Millet,Main,2020,6,2020,12,All (PS),area,659612.0
1503,ML2016A104,Mali,ML,Segou,none,Segou,Millet,Main,2021,6,2021,12,All (PS),area,556861.0
1504,ML2016A104,Mali,ML,Segou,none,Segou,Millet,Main,2022,6,2022,12,All (PS),area,616338.0
1505,ML2016A104,Mali,ML,Segou,none,Segou,Yams,Main,1986,6,1986,12,All (PS),area,98.0
1506,ML2016A104,Mali,ML,Segou,none,Segou,Yams,Main,1988,6,1988,12,All (PS),area,133.0
1507,ML2016A104,Mali,ML,Segou,none,Segou,Yams,Main,1989,6,1989,12,All (PS),area,90.0
1508,ML2016A104,Mali,ML,Segou,none,Segou,Yams,Main,1990,6,1990,12,All (PS),area,36.0
1509,ML2016A104,Mali,ML,Segou,none,Segou,Yams,Main,1992,6,1992,12,All (PS),area,7.0
1510,ML2016A104,Mali,ML,Segou,none,Segou,Sugarcane,Main,1984,6,1984,12,All (PS),area,2680.0
1511,ML2016A104,Mali,ML,Segou,none,Segou,Sugarcane,Main,1985,6,1985,12,All (PS),area,3247.0
1512,ML2016A104,Mali,ML,Segou,none,Segou,Sugarcane,Main,1986,6,1986,12,All (PS),area,3335.0
1513,ML2016A104,Mali,ML,Segou,none,Segou,Sugarcane,Main,1987,6,1987,12,All (PS),area,3176.0
1514,ML2016A104,Mali,ML,Segou,none,Segou,Sugarcane,Main,1988,6,1988,12,All (PS),area,3460.0
1515,ML2016A104,Mali,ML,Segou,none,Segou,Sugarcane,Main,1989,6,1989,12,All (PS),area,3910.0
1516,ML2016A104,Mali,ML,Segou,none,Segou,Sugarcane,Main,1990,6,1990,12,All (PS),area,1108.0
1517,ML2016A104,Mali,ML,Segou,none,Segou,Sugarcane,Main,1991,6,1991,12,All (PS),area,4296.0
1518,ML2016A104,Mali,ML,Segou,none,Segou,Sugarcane,Main,1992,6,1992,12,All (PS),area,4294.0
1519,ML2016A104,Mali,ML,Segou,none,Segou,Sugarcane,Main,1993,6,1993,12,All (PS),area,4423.0
1520,ML2016A104,Mali,ML,Segou,none,Segou,Sugarcane,Main,1995,6,1995,12,All (PS),area,4002.0
1521,ML2016A104,Mali,ML,Segou,none,Segou,Sugarcane,Main,1996,6,1996,12,All (PS),area,3921.0
1522,ML2016A104,Mali,ML,Segou,none,Segou,Sugarcane,Main,1997,6,1997,12,All (PS),area,3953.0
1523,ML2016A104,Mali,ML,Segou,none,Segou,Sugarcane,Main,2000,6,2000,12,All (PS),area,4625.0
1524,ML2016A104,Mali,ML,Segou,none,Segou,Sugarcane,Main,2001,6,2001,12,All (PS),area,4176.0
1525,ML2016A104,Mali,ML,Segou,none,Segou,Sugarcane,Main,2002,6,2002,12,All (PS),area,4761.0
1526,ML2016A104,Mali,ML,Segou,none,Segou,Sugarcane,Main,2003,6,2003,12,All (PS),area,4605.0
1527,ML2016A104,Mali,ML,Segou,none,Segou,Sugarcane,Main,2004,6,2004,12,All (PS),area,4466.0
1528,ML2016A104,Mali,ML,Segou,none,Segou,Sugarcane,Main,2005,6,2005,12,All (PS),area,4586.0
1529,ML2016A104,Mali,ML,Segou,none,Segou,Sugarcane,Main,2006,6,2006,12,All (PS),area,4682.0
1530,ML2016A104,Mali,ML,Segou,none,Segou,Sugarcane,Main,2007,6,2007,12,All (PS),area,4898.0
1531,ML2016A104,Mali,ML,Segou,none,Segou,Sugarcane,Main,2009,6,2009,12,All (PS),area,5035.0
1532,ML2016A104,Mali,ML,Segou,none,Segou,Sugarcane,Main,2011,6,2011,12,All (PS),area,4886.0
1533,ML2016A104,Mali,ML,Segou,none,Segou,Sugarcane,Main,2012,6,2012,12,All (PS),area,4886.0
1534,ML2016A104,Mali,ML,Segou,none,Segou,Sugarcane,Main,2013,6,2013,12,All (PS),area,4563.0
1535,ML2016A104,Mali,ML,Segou,none,Segou,Wheat,Main,2006,6,2006,12,All (PS),area,30.0
1536,ML2016A104,Mali,ML,Segou,none,Segou,Wheat,Main,2007,6,2007,12,All (PS),area,50.0
1537,ML2016A104,Mali,ML,Segou,none,Segou,Wheat,Main,2008,6,2008,12,All (PS),area,100.0
1538,ML2016A104,Mali,ML,Segou,none,Segou,Wheat,Main,2010,6,2010,12,All (PS),area,500.0
1539,ML2016A104,Mali,ML,Segou,none,Segou,Wheat,Main,2011,6,2011,12,All (PS),area,530.0
1540,ML2016A104,Mali,ML,Segou,none,Segou,Wheat,Main,2012,6,2012,12,All (PS),area,344.571428571429
1541,ML2016A104,Mali,ML,Segou,none,Segou,Wheat,Main,2013,6,2013,12,All (PS),area,205.0
1542,ML2016A104,Mali,ML,Segou,none,Segou,Wheat,Main,2014,6,2014,12,All (PS),area,251.0
1543,ML2016A104,Mali,ML,Segou,none,Segou,Wheat,Main,2015,6,2015,12,All (PS),area,1595.0
1544,ML2016A104,Mali,ML,Segou,none,Segou,Wheat,Main,2016,6,2016,12,All (PS),area,523.0
1545,ML2016A104,Mali,ML,Segou,none,Segou,Wheat,Main,2018,6,2018,12,All (PS),area,700.0
1546,ML2016A104,Mali,ML,Segou,none,Segou,Sesame Seed,Main,2004,6,2004,12,All (PS),area,2013.0
1547,ML2016A104,Mali,ML,Segou,none,Segou,Sesame Seed,Main,2005,6,2005,12,All (PS),area,1177.0
1548,ML2016A104,Mali,ML,Segou,none,Segou,Sesame Seed,Main,2006,6,2006,12,All (PS),area,2144.0
1549,ML2016A104,Mali,ML,Segou,none,Segou,Sesame Seed,Main,2007,6,2007,12,All (PS),area,1213.0
1550,ML2016A104,Mali,ML,Segou,none,Segou,Sesame Seed,Main,2008,6,2008,12,All (PS),area,5962.0
1551,ML2016A104,Mali,ML,Segou,none,Segou,Sesame Seed,Main,2009,6,2009,12,All (PS),area,11706.0
1552,ML2016A104,Mali,ML,Segou,none,Segou,Sesame Seed,Main,2010,6,2010,12,All (PS),area,8056.0
1553,ML2016A104,Mali,ML,Segou,none,Segou,Sesame Seed,Main,2011,6,2011,12,All (PS),area,9427.0
1554,ML2016A104,Mali,ML,Segou,none,Segou,Sesame Seed,Main,2012,6,2012,12,All (PS),area,9260.0
1555,ML2016A104,Mali,ML,Segou,none,Segou,Sesame Seed,Main,2013,6,2013,12,All (PS),area,10386.0
1556,ML2016A104,Mali,ML,Segou,none,Segou,Sesame Seed,Main,2014,6,2014,12,All (PS),area,10262.0
1557,ML2016A104,Mali,ML,Segou,none,Segou,Sesame Seed,Main,2015,6,2015,12,All (PS),area,13884.0
1558,ML2016A104,Mali,ML,Segou,none,Segou,Sesame Seed,Main,2016,6,2016,12,All (PS),area,18750.0
1559,ML2016A104,Mali,ML,Segou,none,Segou,Sesame Seed,Main,2017,6,2017,12,All (PS),area,15757.0
1560,ML2016A104,Mali,ML,Segou,none,Segou,Sesame Seed,Main,2018,6,2018,12,All (PS),area,29000.0
1561,ML2016A104,Mali,ML,Segou,none,Segou,Sesame Seed,Main,2020,6,2020,12,All (PS),area,20797.0
1562,ML2016A104,Mali,ML,Segou,none,Segou,Sesame Seed,Main,2021,6,2021,12,All (PS),area,20446.0
1563,ML2016A104,Mali,ML,Segou,none,Segou,Soybean,Main,2004,6,2004,12,All (PS),area,154.0
1564,ML2016A104,Mali,ML,Segou,none,Segou,Soybean,Main,2006,6,2006,12,All (PS),area,196.0
1565,ML2016A104,Mali,ML,Segou,none,Segou,Soybean,Main,2007,6,2007,12,All (PS),area,496.0
1566,ML2016A104,Mali,ML,Segou,none,Segou,Soybean,Main,2008,6,2008,12,All (PS),area,173.0
1567,ML2016A104,Mali,ML,Segou,none,Segou,Soybean,Main,2009,6,2009,12,All (PS),area,368.0
1568,ML2016A104,Mali,ML,Segou,none,Segou,Soybean,Main,2010,6,2010,12,All (PS),area,449.0
1569,ML2016A104,Mali,ML,Segou,none,Segou,Soybean,Main,2011,6,2011,12,All (PS),area,482.0
1570,ML2016A104,Mali,ML,Segou,none,Segou,Soybean,Main,2012,6,2012,12,All (PS),area,89.0
1571,ML2016A104,Mali,ML,Segou,none,Segou,Soybean,Main,2013,6,2013,12,All (PS),area,457.0
1572,ML2016A104,Mali,ML,Segou,none,Segou,Soybean,Main,2014,6,2014,12,All (PS),area,637.0
1573,ML2016A104,Mali,ML,Segou,none,Segou,Soybean,Main,2015,6,2015,12,All (PS),area,556.0
1574,ML2016A104,Mali,ML,Segou,none,Segou,Soybean,Main,2016,6,2016,12,All (PS),area,1980.0
1575,ML2016A104,Mali,ML,Segou,none,Segou,Soybean,Main,2017,6,2017,12,All (PS),area,3756.0
1576,ML2016A104,Mali,ML,Segou,none,Segou,Soybean,Main,2018,6,2018,12,All (PS),area,662.0
1577,ML2016A104,Mali,ML,Segou,none,Segou,Soybean,Main,2020,6,2020,12,All (PS),area,750.0
1578,ML2016A104,Mali,ML,Segou,none,Segou,Soybean,Main,2021,6,2021,12,All (PS),area,872.0
1579,ML2016A105,Mali,ML,Mopti,none,Mopti,Bambara groundnut,Main,1984,6,1984,12,All (PS),area,2043.0
1580,ML2016A105,Mali,ML,Mopti,none,Mopti,Bambara groundnut,Main,1985,6,1985,12,All (PS),area,2242.0
1581,ML2016A105,Mali,ML,Mopti,none,Mopti,Bambara groundnut,Main,1987,6,1987,12,All (PS),area,683.0
1582,ML2016A105,Mali,ML,Mopti,none,Mopti,Bambara groundnut,Main,1988,6,1988,12,All (PS),area,1216.0
1583,ML2016A105,Mali,ML,Mopti,none,Mopti,Bambara groundnut,Main,1989,6,1989,12,All (PS),area,1791.0
1584,ML2016A105,Mali,ML,Mopti,none,Mopti,Bambara groundnut,Main,1990,6,1990,12,All (PS),area,2852.0
1585,ML2016A105,Mali,ML,Mopti,none,Mopti,Bambara groundnut,Main,1992,6,1992,12,All (PS),area,7011.0
1586,ML2016A105,Mali,ML,Mopti,none,Mopti,Bambara groundnut,Main,1993,6,1993,12,All (PS),area,8434.0
1587,ML2016A105,Mali,ML,Mopti,none,Mopti,Bambara groundnut,Main,1995,6,1995,12,All (PS),area,4438.0
1588,ML2016A105,Mali,ML,Mopti,none,Mopti,Bambara groundnut,Main,1996,6,1996,12,All (PS),area,4059.0
1589,ML2016A105,Mali,ML,Mopti,none,Mopti,Bambara groundnut,Main,1997,6,1997,12,All (PS),area,4339.0
1590,ML2016A105,Mali,ML,Mopti,none,Mopti,Bambara groundnut,Main,1998,6,1998,12,All (PS),area,4796.0
1591,ML2016A105,Mali,ML,Mopti,none,Mopti,Bambara groundnut,Main,2000,6,2000,12,All (PS),area,9227.0
1592,ML2016A105,Mali,ML,Mopti,none,Mopti,Bambara groundnut,Main,2002,6,2002,12,All (PS),area,7684.0
1593,ML2016A105,Mali,ML,Mopti,none,Mopti,Bambara groundnut,Main,2003,6,2003,12,All (PS),area,14950.0
1594,ML2016A105,Mali,ML,Mopti,none,Mopti,Bambara groundnut,Main,2004,6,2004,12,All (PS),area,9677.0
1595,ML2016A105,Mali,ML,Mopti,none,Mopti,Bambara groundnut,Main,2005,6,2005,12,All (PS),area,11426.0
1596,ML2016A105,Mali,ML,Mopti,none,Mopti,Bambara groundnut,Main,2006,6,2006,12,All (PS),area,17012.0
1597,ML2016A105,Mali,ML,Mopti,none,Mopti,Bambara groundnut,Main,2007,6,2007,12,All (PS),area,4240.0
1598,ML2016A105,Mali,ML,Mopti,none,Mopti,Bambara groundnut,Main,2008,6,2008,12,All (PS),area,17712.0
1599,ML2016A105,Mali,ML,Mopti,none,Mopti,Bambara groundnut,Main,2009,6,2009,12,All (PS),area,17231.0
1600,ML2016A105,Mali,ML,Mopti,none,Mopti,Bambara groundnut,Main,2010,6,2010,12,All (PS),area,18844.0
1601,ML2016A105,Mali,ML,Mopti,none,Mopti,Bambara groundnut,Main,2011,6,2011,12,All (PS),area,17231.0
1602,ML2016A105,Mali,ML,Mopti,none,Mopti,Bambara groundnut,Main,2012,6,2012,12,All (PS),area,17375.0
1603,ML2016A105,Mali,ML,Mopti,none,Mopti,Bambara groundnut,Main,2013,6,2013,12,All (PS),area,16180.0
1604,ML2016A105,Mali,ML,Mopti,none,Mopti,Bambara groundnut,Main,2014,6,2014,12,All (PS),area,17421.0
1605,ML2016A105,Mali,ML,Mopti,none,Mopti,Bambara groundnut,Main,2015,6,2015,12,All (PS),area,17937.0
1606,ML2016A105,Mali,ML,Mopti,none,Mopti,Bambara groundnut,Main,2016,6,2016,12,All (PS),area,12050.0
1607,ML2016A105,Mali,ML,Mopti,none,Mopti,Bambara groundnut,Main,2017,6,2017,12,All (PS),area,11523.0
1608,ML2016A105,Mali,ML,Mopti,none,Mopti,Bambara groundnut,Main,2018,6,2018,12,All (PS),area,11217.0
1609,ML2016A105,Mali,ML,Mopti,none,Mopti,Bambara groundnut,Main,2019,6,2019,12,All (PS),area,11217.0
1610,ML2016A105,Mali,ML,Mopti,none,Mopti,Bambara groundnut,Main,2020,6,2020,12,All (PS),area,9344.0
1611,ML2016A105,Mali,ML,Mopti,none,Mopti,Bambara groundnut,Main,2021,6,2021,12,All (PS),area,10732.0
1612,ML2016A105,Mali,ML,Mopti,none,Mopti,Rice,Main,1982,6,1982,12,All (PS),area,47437.0
1613,ML2016A105,Mali,ML,Mopti,none,Mopti,Rice,Main,1983,6,1983,12,All (PS),area,72660.0
1614,ML2016A105,Mali,ML,Mopti,none,Mopti,Rice,Main,1984,6,1984,12,All (PS),area,55364.0
1615,ML2016A105,Mali,ML,Mopti,none,Mopti,Rice,Main,1985,6,1985,12,All (PS),area,50921.0
1616,ML2016A105,Mali,ML,Mopti,none,Mopti,Rice,Main,1986,6,1986,12,All (PS),area,67084.0
1617,ML2016A105,Mali,ML,Mopti,none,Mopti,Rice,Main,1987,6,1987,12,All (PS),area,33197.0
1618,ML2016A105,Mali,ML,Mopti,none,Mopti,Rice,Main,1988,6,1988,12,All (PS),area,105612.0
1619,ML2016A105,Mali,ML,Mopti,none,Mopti,Rice,Main,1989,6,1989,12,All (PS),area,79374.0
1620,ML2016A105,Mali,ML,Mopti,none,Mopti,Rice,Main,1990,6,1990,12,All (PS),area,34257.0
1621,ML2016A105,Mali,ML,Mopti,none,Mopti,Rice,Main,1991,6,1991,12,All (PS),area,45894.0
1622,ML2016A105,Mali,ML,Mopti,none,Mopti,Rice,Main,1992,6,1992,12,All (PS),area,45094.0
1623,ML2016A105,Mali,ML,Mopti,none,Mopti,Rice,Main,1993,6,1993,12,All (PS),area,79672.0
1624,ML2016A105,Mali,ML,Mopti,none,Mopti,Rice,Main,1995,6,1995,12,All (PS),area,108846.0
1625,ML2016A105,Mali,ML,Mopti,none,Mopti,Rice,Main,1996,6,1996,12,All (PS),area,109441.0
1626,ML2016A105,Mali,ML,Mopti,none,Mopti,Rice,Main,1998,6,1998,12,All (PS),area,111901.0
1627,ML2016A105,Mali,ML,Mopti,none,Mopti,Rice,Main,1999,6,1999,12,All (PS),area,69779.0
1628,ML2016A105,Mali,ML,Mopti,none,Mopti,Rice,Main,2000,6,2000,12,All (PS),area,111578.0
1629,ML2016A105,Mali,ML,Mopti,none,Mopti,Rice,Main,2001,6,2001,12,All (PS),area,182532.0
1630,ML2016A105,Mali,ML,Mopti,none,Mopti,Rice,Main,2002,6,2002,12,All (PS),area,107648.0
1631,ML2016A105,Mali,ML,Mopti,none,Mopti,Rice,Main,2003,6,2003,12,All (PS),area,154862.0
1632,ML2016A105,Mali,ML,Mopti,none,Mopti,Rice,Main,2004,6,2004,12,All (PS),area,119626.0
1633,ML2016A105,Mali,ML,Mopti,none,Mopti,Rice,Main,2005,6,2005,12,All (PS),area,156818.0
1634,ML2016A105,Mali,ML,Mopti,none,Mopti,Rice,Main,2006,6,2006,12,All (PS),area,130245.487824189
1635,ML2016A105,Mali,ML,Mopti,none,Mopti,Rice,Main,2007,6,2007,12,All (PS),area,140186.0
1636,ML2016A105,Mali,ML,Mopti,none,Mopti,Rice,Main,2008,6,2008,12,All (PS),area,189048.0
1637,ML2016A105,Mali,ML,Mopti,none,Mopti,Rice,Main,2009,6,2009,12,All (PS),area,216001.0
1638,ML2016A105,Mali,ML,Mopti,none,Mopti,Rice,Main,2010,6,2010,12,All (PS),area,167833.0
1639,ML2016A105,Mali,ML,Mopti,none,Mopti,Rice,Main,2011,6,2011,12,All (PS),area,215429.0
1640,ML2016A105,Mali,ML,Mopti,none,Mopti,Rice,Main,2012,6,2012,12,All (PS),area,396468.0
1641,ML2016A105,Mali,ML,Mopti,none,Mopti,Rice,Main,2013,6,2013,12,All (PS),area,191079.0
1642,ML2016A105,Mali,ML,Mopti,none,Mopti,Rice,Main,2014,6,2014,12,All (PS),area,160442.0
1643,ML2016A105,Mali,ML,Mopti,none,Mopti,Rice,Main,2015,6,2015,12,All (PS),area,218823.0
1644,ML2016A105,Mali,ML,Mopti,none,Mopti,Rice,Main,2016,6,2016,12,All (PS),area,232431.0
1645,ML2016A105,Mali,ML,Mopti,none,Mopti,Rice,Main,2017,6,2017,12,All (PS),area,194923.0
1646,ML2016A105,Mali,ML,Mopti,none,Mopti,Rice,Main,2018,6,2018,12,All (PS),area,385379.0
1647,ML2016A105,Mali,ML,Mopti,none,Mopti,Rice,Main,2019,6,2019,12,All (PS),area,146680.522285437
1648,ML2016A105,Mali,ML,Mopti,none,Mopti,Rice,Main,2020,6,2020,12,All (PS),area,261341.0
1649,ML2016A105,Mali,ML,Mopti,none,Mopti,Rice,Main,2021,6,2021,12,All (PS),area,243038.0
1650,ML2016A105,Mali,ML,Mopti,none,Mopti,Rice,Main,2022,6,2022,12,All (PS),area,241292.0
1651,ML2016A105,Mali,ML,Mopti,none,Mopti,Cowpea,Main,1984,6,1984,12,All (PS),area,20016.0
1652,ML2016A105,Mali,ML,Mopti,none,Mopti,Cowpea,Main,1985,6,1985,12,All (PS),area,9902.0
1653,ML2016A105,Mali,ML,Mopti,none,Mopti,Cowpea,Main,1986,6,1986,12,All (PS),area,21414.0
1654,ML2016A105,Mali,ML,Mopti,none,Mopti,Cowpea,Main,1987,6,1987,12,All (PS),area,15669.0
1655,ML2016A105,Mali,ML,Mopti,none,Mopti,Cowpea,Main,1988,6,1988,12,All (PS),area,15711.0
1656,ML2016A105,Mali,ML,Mopti,none,Mopti,Cowpea,Main,1989,6,1989,12,All (PS),area,20107.0
1657,ML2016A105,Mali,ML,Mopti,none,Mopti,Cowpea,Main,1990,6,1990,12,All (PS),area,27752.0
1658,ML2016A105,Mali,ML,Mopti,none,Mopti,Cowpea,Main,1991,6,1991,12,All (PS),area,82184.0
1659,ML2016A105,Mali,ML,Mopti,none,Mopti,Cowpea,Main,1992,6,1992,12,All (PS),area,82184.0
1660,ML2016A105,Mali,ML,Mopti,none,Mopti,Cowpea,Main,1993,6,1993,12,All (PS),area,125512.0
1661,ML2016A105,Mali,ML,Mopti,none,Mopti,Cowpea,Main,1995,6,1995,12,All (PS),area,5195.0
1662,ML2016A105,Mali,ML,Mopti,none,Mopti,Cowpea,Main,1996,6,1996,12,All (PS),area,5681.0
1663,ML2016A105,Mali,ML,Mopti,none,Mopti,Cowpea,Main,1997,6,1997,12,All (PS),area,6019.0
1664,ML2016A105,Mali,ML,Mopti,none,Mopti,Cowpea,Main,1998,6,1998,12,All (PS),area,6227.0
1665,ML2016A105,Mali,ML,Mopti,none,Mopti,Cowpea,Main,2000,6,2000,12,All (PS),area,8206.0
1666,ML2016A105,Mali,ML,Mopti,none,Mopti,Cowpea,Main,2001,6,2001,12,All (PS),area,9844.0
1667,ML2016A105,Mali,ML,Mopti,none,Mopti,Cowpea,Main,2002,6,2002,12,All (PS),area,7848.0
1668,ML2016A105,Mali,ML,Mopti,none,Mopti,Cowpea,Main,2003,6,2003,12,All (PS),area,8905.0
1669,ML2016A105,Mali,ML,Mopti,none,Mopti,Cowpea,Main,2004,6,2004,12,All (PS),area,98921.0
1670,ML2016A105,Mali,ML,Mopti,none,Mopti,Cowpea,Main,2005,6,2005,12,All (PS),area,157810.0
1671,ML2016A105,Mali,ML,Mopti,none,Mopti,Cowpea,Main,2006,6,2006,12,All (PS),area,72014.3183253098
1672,ML2016A105,Mali,ML,Mopti,none,Mopti,Cowpea,Main,2007,6,2007,12,All (PS),area,105495.6
1673,ML2016A105,Mali,ML,Mopti,none,Mopti,Cowpea,Main,2008,6,2008,12,All (PS),area,71940.0
1674,ML2016A105,Mali,ML,Mopti,none,Mopti,Cowpea,Main,2009,6,2009,12,All (PS),area,93914.0
1675,ML2016A105,Mali,ML,Mopti,none,Mopti,Cowpea,Main,2010,6,2010,12,All (PS),area,204416.6
1676,ML2016A105,Mali,ML,Mopti,none,Mopti,Cowpea,Main,2011,6,2011,12,All (PS),area,116204.166666667
1677,ML2016A105,Mali,ML,Mopti,none,Mopti,Cowpea,Main,2012,6,2012,12,All (PS),area,130426.0
1678,ML2016A105,Mali,ML,Mopti,none,Mopti,Cowpea,Main,2013,6,2013,12,All (PS),area,78548.0
1679,ML2016A105,Mali,ML,Mopti,none,Mopti,Cowpea,Main,2014,6,2014,12,All (PS),area,17864.0
1680,ML2016A105,Mali,ML,Mopti,none,Mopti,Cowpea,Main,2015,6,2015,12,All (PS),area,23640.0
1681,ML2016A105,Mali,ML,Mopti,none,Mopti,Cowpea,Main,2016,6,2016,12,All (PS),area,20860.0
1682,ML2016A105,Mali,ML,Mopti,none,Mopti,Cowpea,Main,2017,6,2017,12,All (PS),area,27656.9
1683,ML2016A105,Mali,ML,Mopti,none,Mopti,Cowpea,Main,2018,6,2018,12,All (PS),area,29048.0
1684,ML2016A105,Mali,ML,Mopti,none,Mopti,Cowpea,Main,2019,6,2019,12,All (PS),area,29078.0
1685,ML2016A105,Mali,ML,Mopti,none,Mopti,Cowpea,Main,2020,6,2020,12,All (PS),area,31734.0
1686,ML2016A105,Mali,ML,Mopti,none,Mopti,Cowpea,Main,2021,6,2021,12,All (PS),area,26065.0
1687,ML2016A105,Mali,ML,Mopti,none,Mopti,Fonio,Main,1982,6,1982,12,All (PS),area,4470.0
1688,ML2016A105,Mali,ML,Mopti,none,Mopti,Fonio,Main,1983,6,1983,12,All (PS),area,4582.0
1689,ML2016A105,Mali,ML,Mopti,none,Mopti,Fonio,Main,1984,6,1984,12,All (PS),area,6166.0
1690,ML2016A105,Mali,ML,Mopti,none,Mopti,Fonio,Main,1985,6,1985,12,All (PS),area,4403.0
1691,ML2016A105,Mali,ML,Mopti,none,Mopti,Fonio,Main,1986,6,1986,12,All (PS),area,445.0
1692,ML2016A105,Mali,ML,Mopti,none,Mopti,Fonio,Main,1987,6,1987,12,All (PS),area,734.0
1693,ML2016A105,Mali,ML,Mopti,none,Mopti,Fonio,Main,1988,6,1988,12,All (PS),area,2538.0
1694,ML2016A105,Mali,ML,Mopti,none,Mopti,Fonio,Main,1989,6,1989,12,All (PS),area,4970.0
1695,ML2016A105,Mali,ML,Mopti,none,Mopti,Fonio,Main,1990,6,1990,12,All (PS),area,11345.0
1696,ML2016A105,Mali,ML,Mopti,none,Mopti,Fonio,Main,1991,6,1991,12,All (PS),area,3262.0
1697,ML2016A105,Mali,ML,Mopti,none,Mopti,Fonio,Main,1992,6,1992,12,All (PS),area,3262.0
1698,ML2016A105,Mali,ML,Mopti,none,Mopti,Fonio,Main,1993,6,1993,12,All (PS),area,4631.0
1699,ML2016A105,Mali,ML,Mopti,none,Mopti,Fonio,Main,1995,6,1995,12,All (PS),area,6208.0
1700,ML2016A105,Mali,ML,Mopti,none,Mopti,Fonio,Main,1996,6,1996,12,All (PS),area,4731.0
1701,ML2016A105,Mali,ML,Mopti,none,Mopti,Fonio,Main,1997,6,1997,12,All (PS),area,3209.0
1702,ML2016A105,Mali,ML,Mopti,none,Mopti,Fonio,Main,1998,6,1998,12,All (PS),area,4305.0
1703,ML2016A105,Mali,ML,Mopti,none,Mopti,Fonio,Main,1999,6,1999,12,All (PS),area,11095.0
1704,ML2016A105,Mali,ML,Mopti,none,Mopti,Fonio,Main,2000,6,2000,12,All (PS),area,2902.0
1705,ML2016A105,Mali,ML,Mopti,none,Mopti,Fonio,Main,2001,6,2001,12,All (PS),area,7015.0
1706,ML2016A105,Mali,ML,Mopti,none,Mopti,Fonio,Main,2002,6,2002,12,All (PS),area,7052.0
1707,ML2016A105,Mali,ML,Mopti,none,Mopti,Fonio,Main,2003,6,2003,12,All (PS),area,5830.0
1708,ML2016A105,Mali,ML,Mopti,none,Mopti,Fonio,Main,2004,6,2004,12,All (PS),area,8286.0
1709,ML2016A105,Mali,ML,Mopti,none,Mopti,Fonio,Main,2005,6,2005,12,All (PS),area,14478.0
1710,ML2016A105,Mali,ML,Mopti,none,Mopti,Fonio,Main,2006,6,2006,12,All (PS),area,12742.0447633657
1711,ML2016A105,Mali,ML,Mopti,none,Mopti,Fonio,Main,2007,6,2007,12,All (PS),area,6698.0
1712,ML2016A105,Mali,ML,Mopti,none,Mopti,Fonio,Main,2008,6,2008,12,All (PS),area,14865.0
1713,ML2016A105,Mali,ML,Mopti,none,Mopti,Fonio,Main,2009,6,2009,12,All (PS),area,9096.0
1714,ML2016A105,Mali,ML,Mopti,none,Mopti,Fonio,Main,2010,6,2010,12,All (PS),area,10755.0
1715,ML2016A105,Mali,ML,Mopti,none,Mopti,Fonio,Main,2011,6,2011,12,All (PS),area,25964.0
1716,ML2016A105,Mali,ML,Mopti,none,Mopti,Fonio,Main,2012,6,2012,12,All (PS),area,9867.0
1717,ML2016A105,Mali,ML,Mopti,none,Mopti,Fonio,Main,2013,6,2013,12,All (PS),area,3600.0
1718,ML2016A105,Mali,ML,Mopti,none,Mopti,Fonio,Main,2014,6,2014,12,All (PS),area,5759.0
1719,ML2016A105,Mali,ML,Mopti,none,Mopti,Fonio,Main,2015,6,2015,12,All (PS),area,5629.0
1720,ML2016A105,Mali,ML,Mopti,none,Mopti,Fonio,Main,2016,6,2016,12,All (PS),area,5941.0
1721,ML2016A105,Mali,ML,Mopti,none,Mopti,Fonio,Main,2017,6,2017,12,All (PS),area,7275.0
1722,ML2016A105,Mali,ML,Mopti,none,Mopti,Fonio,Main,2018,6,2018,12,All (PS),area,1579.0
1723,ML2016A105,Mali,ML,Mopti,none,Mopti,Fonio,Main,2019,6,2019,12,All (PS),area,1314.5647171
1724,ML2016A105,Mali,ML,Mopti,none,Mopti,Fonio,Main,2020,6,2020,12,All (PS),area,8648.0
1725,ML2016A105,Mali,ML,Mopti,none,Mopti,Fonio,Main,2021,6,2021,12,All (PS),area,8972.0
1726,ML2016A105,Mali,ML,Mopti,none,Mopti,Fonio,Main,2022,6,2022,12,All (PS),area,7261.0
1727,ML2016A105,Mali,ML,Mopti,none,Mopti,Groundnuts (In Shell),Main,1982,6,1982,12,All (PS),area,3353.0
1728,ML2016A105,Mali,ML,Mopti,none,Mopti,Groundnuts (In Shell),Main,1983,6,1983,12,All (PS),area,7049.0
1729,ML2016A105,Mali,ML,Mopti,none,Mopti,Groundnuts (In Shell),Main,1984,6,1984,12,All (PS),area,939.0
1730,ML2016A105,Mali,ML,Mopti,none,Mopti,Groundnuts (In Shell),Main,1985,6,1985,12,All (PS),area,2575.0
1731,ML2016A105,Mali,ML,Mopti,none,Mopti,Groundnuts (In Shell),Main,1986,6,1986,12,All (PS),area,544.0
1732,ML2016A105,Mali,ML,Mopti,none,Mopti,Groundnuts (In Shell),Main,1987,6,1987,12,All (PS),area,1332.0
1733,ML2016A105,Mali,ML,Mopti,none,Mopti,Groundnuts (In Shell),Main,1988,6,1988,12,All (PS),area,1160.0
1734,ML2016A105,Mali,ML,Mopti,none,Mopti,Groundnuts (In Shell),Main,1989,6,1989,12,All (PS),area,4191.0
1735,ML2016A105,Mali,ML,Mopti,none,Mopti,Groundnuts (In Shell),Main,1990,6,1990,12,All (PS),area,3543.0
1736,ML2016A105,Mali,ML,Mopti,none,Mopti,Groundnuts (In Shell),Main,1991,6,1991,12,All (PS),area,6506.0
1737,ML2016A105,Mali,ML,Mopti,none,Mopti,Groundnuts (In Shell),Main,1992,6,1992,12,All (PS),area,6506.0
1738,ML2016A105,Mali,ML,Mopti,none,Mopti,Groundnuts (In Shell),Main,1993,6,1993,12,All (PS),area,3042.0
1739,ML2016A105,Mali,ML,Mopti,none,Mopti,Groundnuts (In Shell),Main,1995,6,1995,12,All (PS),area,8423.0
1740,ML2016A105,Mali,ML,Mopti,none,Mopti,Groundnuts (In Shell),Main,1996,6,1996,12,All (PS),area,9552.0
1741,ML2016A105,Mali,ML,Mopti,none,Mopti,Groundnuts (In Shell),Main,1997,6,1997,12,All (PS),area,12822.0
1742,ML2016A105,Mali,ML,Mopti,none,Mopti,Groundnuts (In Shell),Main,2000,6,2000,12,All (PS),area,11197.0
1743,ML2016A105,Mali,ML,Mopti,none,Mopti,Groundnuts (In Shell),Main,2001,6,2001,12,All (PS),area,21960.0
1744,ML2016A105,Mali,ML,Mopti,none,Mopti,Groundnuts (In Shell),Main,2002,6,2002,12,All (PS),area,6115.0
1745,ML2016A105,Mali,ML,Mopti,none,Mopti,Groundnuts (In Shell),Main,2003,6,2003,12,All (PS),area,23351.0
1746,ML2016A105,Mali,ML,Mopti,none,Mopti,Groundnuts (In Shell),Main,2004,6,2004,12,All (PS),area,14247.0
1747,ML2016A105,Mali,ML,Mopti,none,Mopti,Groundnuts (In Shell),Main,2005,6,2005,12,All (PS),area,27746.0
1748,ML2016A105,Mali,ML,Mopti,none,Mopti,Groundnuts (In Shell),Main,2006,6,2006,12,All (PS),area,29918.3087560275
1749,ML2016A105,Mali,ML,Mopti,none,Mopti,Groundnuts (In Shell),Main,2007,6,2007,12,All (PS),area,9588.0
1750,ML2016A105,Mali,ML,Mopti,none,Mopti,Groundnuts (In Shell),Main,2008,6,2008,12,All (PS),area,10440.0
1751,ML2016A105,Mali,ML,Mopti,none,Mopti,Groundnuts (In Shell),Main,2009,6,2009,12,All (PS),area,18024.0
1752,ML2016A105,Mali,ML,Mopti,none,Mopti,Groundnuts (In Shell),Main,2010,6,2010,12,All (PS),area,28653.0
1753,ML2016A105,Mali,ML,Mopti,none,Mopti,Groundnuts (In Shell),Main,2011,6,2011,12,All (PS),area,27020.0
1754,ML2016A105,Mali,ML,Mopti,none,Mopti,Groundnuts (In Shell),Main,2012,6,2012,12,All (PS),area,18924.0
1755,ML2016A105,Mali,ML,Mopti,none,Mopti,Groundnuts (In Shell),Main,2013,6,2013,12,All (PS),area,10128.0
1756,ML2016A105,Mali,ML,Mopti,none,Mopti,Groundnuts (In Shell),Main,2014,6,2014,12,All (PS),area,25572.0
1757,ML2016A105,Mali,ML,Mopti,none,Mopti,Groundnuts (In Shell),Main,2015,6,2015,12,All (PS),area,29663.0
1758,ML2016A105,Mali,ML,Mopti,none,Mopti,Groundnuts (In Shell),Main,2016,6,2016,12,All (PS),area,25490.0
1759,ML2016A105,Mali,ML,Mopti,none,Mopti,Groundnuts (In Shell),Main,2017,6,2017,12,All (PS),area,23080.5
1760,ML2016A105,Mali,ML,Mopti,none,Mopti,Groundnuts (In Shell),Main,2018,6,2018,12,All (PS),area,30945.0
1761,ML2016A105,Mali,ML,Mopti,none,Mopti,Groundnuts (In Shell),Main,2019,6,2019,12,All (PS),area,23945.0
1762,ML2016A105,Mali,ML,Mopti,none,Mopti,Groundnuts (In Shell),Main,2020,6,2020,12,All (PS),area,22075.0
1763,ML2016A105,Mali,ML,Mopti,none,Mopti,Groundnuts (In Shell),Main,2021,6,2021,12,All (PS),area,21172.0
1764,ML2016A105,Mali,ML,Mopti,none,Mopti,Maize,Main,1974,6,1974,12,All (PS),area,1469.0
1765,ML2016A105,Mali,ML,Mopti,none,Mopti,Maize,Main,1975,6,1975,12,All (PS),area,439.0
1766,ML2016A105,Mali,ML,Mopti,none,Mopti,Maize,Main,1976,6,1976,12,All (PS),area,2271.0
1767,ML2016A105,Mali,ML,Mopti,none,Mopti,Maize,Main,1977,6,1977,12,All (PS),area,1407.0
1768,ML2016A105,Mali,ML,Mopti,none,Mopti,Maize,Main,1978,6,1978,12,All (PS),area,2185.0
1769,ML2016A105,Mali,ML,Mopti,none,Mopti,Maize,Main,1979,6,1979,12,All (PS),area,3451.0
1770,ML2016A105,Mali,ML,Mopti,none,Mopti,Maize,Main,1980,6,1980,12,All (PS),area,3238.0
1771,ML2016A105,Mali,ML,Mopti,none,Mopti,Maize,Main,1981,6,1981,12,All (PS),area,7363.0
1772,ML2016A105,Mali,ML,Mopti,none,Mopti,Maize,Main,1982,6,1982,12,All (PS),area,2185.0
1773,ML2016A105,Mali,ML,Mopti,none,Mopti,Maize,Main,1983,6,1983,12,All (PS),area,1762.0
1774,ML2016A105,Mali,ML,Mopti,none,Mopti,Maize,Main,1984,6,1984,12,All (PS),area,3662.0
1775,ML2016A105,Mali,ML,Mopti,none,Mopti,Maize,Main,1985,6,1985,12,All (PS),area,2253.0
1776,ML2016A105,Mali,ML,Mopti,none,Mopti,Maize,Main,1986,6,1986,12,All (PS),area,377.0
1777,ML2016A105,Mali,ML,Mopti,none,Mopti,Maize,Main,1987,6,1987,12,All (PS),area,971.0
1778,ML2016A105,Mali,ML,Mopti,none,Mopti,Maize,Main,1988,6,1988,12,All (PS),area,4.0
1779,ML2016A105,Mali,ML,Mopti,none,Mopti,Maize,Main,1989,6,1989,12,All (PS),area,1504.0
1780,ML2016A105,Mali,ML,Mopti,none,Mopti,Maize,Main,1990,6,1990,12,All (PS),area,3814.0
1781,ML2016A105,Mali,ML,Mopti,none,Mopti,Maize,Main,1991,6,1991,12,All (PS),area,1682.0
1782,ML2016A105,Mali,ML,Mopti,none,Mopti,Maize,Main,1992,6,1992,12,All (PS),area,1682.0
1783,ML2016A105,Mali,ML,Mopti,none,Mopti,Maize,Main,1993,6,1993,12,All (PS),area,2158.0
1784,ML2016A105,Mali,ML,Mopti,none,Mopti,Maize,Main,1995,6,1995,12,All (PS),area,2080.0
1785,ML2016A105,Mali,ML,Mopti,none,Mopti,Maize,Main,1996,6,1996,12,All (PS),area,2153.0
1786,ML2016A105,Mali,ML,Mopti,none,Mopti,Maize,Main,1997,6,1997,12,All (PS),area,1021.0
1787,ML2016A105,Mali,ML,Mopti,none,Mopti,Maize,Main,1998,6,1998,12,All (PS),area,2020.0
1788,ML2016A105,Mali,ML,Mopti,none,Mopti,Maize,Main,1999,6,1999,12,All (PS),area,3421.0
1789,ML2016A105,Mali,ML,Mopti,none,Mopti,Maize,Main,2000,6,2000,12,All (PS),area,3125.0
1790,ML2016A105,Mali,ML,Mopti,none,Mopti,Maize,Main,2001,6,2001,12,All (PS),area,2785.0
1791,ML2016A105,Mali,ML,Mopti,none,Mopti,Maize,Main,2002,6,2002,12,All (PS),area,340.0
1792,ML2016A105,Mali,ML,Mopti,none,Mopti,Maize,Main,2003,6,2003,12,All (PS),area,1037.0
1793,ML2016A105,Mali,ML,Mopti,none,Mopti,Maize,Main,2004,6,2004,12,All (PS),area,2489.0
1794,ML2016A105,Mali,ML,Mopti,none,Mopti,Maize,Main,2005,6,2005,12,All (PS),area,14492.0
1795,ML2016A105,Mali,ML,Mopti,none,Mopti,Maize,Main,2006,6,2006,12,All (PS),area,5032.05038659977
1796,ML2016A105,Mali,ML,Mopti,none,Mopti,Maize,Main,2007,6,2007,12,All (PS),area,377.0
1797,ML2016A105,Mali,ML,Mopti,none,Mopti,Maize,Main,2008,6,2008,12,All (PS),area,682.0
1798,ML2016A105,Mali,ML,Mopti,none,Mopti,Maize,Main,2009,6,2009,12,All (PS),area,998.0
1799,ML2016A105,Mali,ML,Mopti,none,Mopti,Maize,Main,2010,6,2010,12,All (PS),area,8799.0
1800,ML2016A105,Mali,ML,Mopti,none,Mopti,Maize,Main,2011,6,2011,12,All (PS),area,10815.0
1801,ML2016A105,Mali,ML,Mopti,none,Mopti,Maize,Main,2012,6,2012,12,All (PS),area,3067.0
1802,ML2016A105,Mali,ML,Mopti,none,Mopti,Maize,Main,2013,6,2013,12,All (PS),area,2264.0
1803,ML2016A105,Mali,ML,Mopti,none,Mopti,Maize,Main,2014,6,2014,12,All (PS),area,1652.0
1804,ML2016A105,Mali,ML,Mopti,none,Mopti,Maize,Main,2015,6,2015,12,All (PS),area,2645.0
1805,ML2016A105,Mali,ML,Mopti,none,Mopti,Maize,Main,2016,6,2016,12,All (PS),area,371.0
1806,ML2016A105,Mali,ML,Mopti,none,Mopti,Maize,Main,2017,6,2017,12,All (PS),area,2470.0
1807,ML2016A105,Mali,ML,Mopti,none,Mopti,Maize,Main,2018,6,2018,12,All (PS),area,1516.0
1808,ML2016A105,Mali,ML,Mopti,none,Mopti,Maize,Main,2019,6,2019,12,All (PS),area,2151.55168650417
1809,ML2016A105,Mali,ML,Mopti,none,Mopti,Maize,Main,2020,6,2020,12,All (PS),area,1872.0
1810,ML2016A105,Mali,ML,Mopti,none,Mopti,Maize,Main,2021,6,2021,12,All (PS),area,1910.0
1811,ML2016A105,Mali,ML,Mopti,none,Mopti,Maize,Main,2022,6,2022,12,All (PS),area,2738.0
1812,ML2016A105,Mali,ML,Mopti,none,Mopti,Sorghum,Main,1982,6,1982,12,All (PS),area,34611.0
1813,ML2016A105,Mali,ML,Mopti,none,Mopti,Sorghum,Main,1983,6,1983,12,All (PS),area,36655.0
1814,ML2016A105,Mali,ML,Mopti,none,Mopti,Sorghum,Main,1984,6,1984,12,All (PS),area,17655.0
1815,ML2016A105,Mali,ML,Mopti,none,Mopti,Sorghum,Main,1985,6,1985,12,All (PS),area,19146.0
1816,ML2016A105,Mali,ML,Mopti,none,Mopti,Sorghum,Main,1986,6,1986,12,All (PS),area,21062.0
1817,ML2016A105,Mali,ML,Mopti,none,Mopti,Sorghum,Main,1987,6,1987,12,All (PS),area,22479.0
1818,ML2016A105,Mali,ML,Mopti,none,Mopti,Sorghum,Main,1988,6,1988,12,All (PS),area,32407.0
1819,ML2016A105,Mali,ML,Mopti,none,Mopti,Sorghum,Main,1989,6,1989,12,All (PS),area,25052.0
1820,ML2016A105,Mali,ML,Mopti,none,Mopti,Sorghum,Main,1990,6,1990,12,All (PS),area,51896.0
1821,ML2016A105,Mali,ML,Mopti,none,Mopti,Sorghum,Main,1991,6,1991,12,All (PS),area,90470.0
1822,ML2016A105,Mali,ML,Mopti,none,Mopti,Sorghum,Main,1992,6,1992,12,All (PS),area,90470.0
1823,ML2016A105,Mali,ML,Mopti,none,Mopti,Sorghum,Main,1993,6,1993,12,All (PS),area,62649.0
1824,ML2016A105,Mali,ML,Mopti,none,Mopti,Sorghum,Main,1995,6,1995,12,All (PS),area,23181.0
1825,ML2016A105,Mali,ML,Mopti,none,Mopti,Sorghum,Main,1996,6,1996,12,All (PS),area,20138.0
1826,ML2016A105,Mali,ML,Mopti,none,Mopti,Sorghum,Main,1997,6,1997,12,All (PS),area,20652.0
1827,ML2016A105,Mali,ML,Mopti,none,Mopti,Sorghum,Main,1998,6,1998,12,All (PS),area,23652.0
1828,ML2016A105,Mali,ML,Mopti,none,Mopti,Sorghum,Main,1999,6,1999,12,All (PS),area,53545.0
1829,ML2016A105,Mali,ML,Mopti,none,Mopti,Sorghum,Main,2000,6,2000,12,All (PS),area,52191.0
1830,ML2016A105,Mali,ML,Mopti,none,Mopti,Sorghum,Main,2001,6,2001,12,All (PS),area,50726.0
1831,ML2016A105,Mali,ML,Mopti,none,Mopti,Sorghum,Main,2002,6,2002,12,All (PS),area,39256.0
1832,ML2016A105,Mali,ML,Mopti,none,Mopti,Sorghum,Main,2003,6,2003,12,All (PS),area,100031.0
1833,ML2016A105,Mali,ML,Mopti,none,Mopti,Sorghum,Main,2004,6,2004,12,All (PS),area,35050.0
1834,ML2016A105,Mali,ML,Mopti,none,Mopti,Sorghum,Main,2005,6,2005,12,All (PS),area,46044.0
1835,ML2016A105,Mali,ML,Mopti,none,Mopti,Sorghum,Main,2006,6,2006,12,All (PS),area,49740.711177528
1836,ML2016A105,Mali,ML,Mopti,none,Mopti,Sorghum,Main,2007,6,2007,12,All (PS),area,76268.0
1837,ML2016A105,Mali,ML,Mopti,none,Mopti,Sorghum,Main,2008,6,2008,12,All (PS),area,55968.0
1838,ML2016A105,Mali,ML,Mopti,none,Mopti,Sorghum,Main,2009,6,2009,12,All (PS),area,43295.0
1839,ML2016A105,Mali,ML,Mopti,none,Mopti,Sorghum,Main,2010,6,2010,12,All (PS),area,40738.0
1840,ML2016A105,Mali,ML,Mopti,none,Mopti,Sorghum,Main,2011,6,2011,12,All (PS),area,96433.0
1841,ML2016A105,Mali,ML,Mopti,none,Mopti,Sorghum,Main,2012,6,2012,12,All (PS),area,60703.0
1842,ML2016A105,Mali,ML,Mopti,none,Mopti,Sorghum,Main,2013,6,2013,12,All (PS),area,28057.0
1843,ML2016A105,Mali,ML,Mopti,none,Mopti,Sorghum,Main,2014,6,2014,12,All (PS),area,49270.0
1844,ML2016A105,Mali,ML,Mopti,none,Mopti,Sorghum,Main,2015,6,2015,12,All (PS),area,58030.0
1845,ML2016A105,Mali,ML,Mopti,none,Mopti,Sorghum,Main,2016,6,2016,12,All (PS),area,51890.0
1846,ML2016A105,Mali,ML,Mopti,none,Mopti,Sorghum,Main,2017,6,2017,12,All (PS),area,61223.0
1847,ML2016A105,Mali,ML,Mopti,none,Mopti,Sorghum,Main,2018,6,2018,12,All (PS),area,28474.0
1848,ML2016A105,Mali,ML,Mopti,none,Mopti,Sorghum,Main,2019,6,2019,12,All (PS),area,21225.4983907327
1849,ML2016A105,Mali,ML,Mopti,none,Mopti,Sorghum,Main,2020,6,2020,12,All (PS),area,63322.0
1850,ML2016A105,Mali,ML,Mopti,none,Mopti,Sorghum,Main,2021,6,2021,12,All (PS),area,66705.0
1851,ML2016A105,Mali,ML,Mopti,none,Mopti,Sorghum,Main,2022,6,2022,12,All (PS),area,67303.0
1852,ML2016A105,Mali,ML,Mopti,none,Mopti,Millet,Main,1982,6,1982,12,All (PS),area,216462.0
1853,ML2016A105,Mali,ML,Mopti,none,Mopti,Millet,Main,1983,6,1983,12,All (PS),area,323553.0
1854,ML2016A105,Mali,ML,Mopti,none,Mopti,Millet,Main,1984,6,1984,12,All (PS),area,232458.0
1855,ML2016A105,Mali,ML,Mopti,none,Mopti,Millet,Main,1985,6,1985,12,All (PS),area,200646.0
1856,ML2016A105,Mali,ML,Mopti,none,Mopti,Millet,Main,1986,6,1986,12,All (PS),area,207373.0
1857,ML2016A105,Mali,ML,Mopti,none,Mopti,Millet,Main,1987,6,1987,12,All (PS),area,189475.0
1858,ML2016A105,Mali,ML,Mopti,none,Mopti,Millet,Main,1988,6,1988,12,All (PS),area,343648.0
1859,ML2016A105,Mali,ML,Mopti,none,Mopti,Millet,Main,1989,6,1989,12,All (PS),area,253306.0
1860,ML2016A105,Mali,ML,Mopti,none,Mopti,Millet,Main,1990,6,1990,12,All (PS),area,394132.0
1861,ML2016A105,Mali,ML,Mopti,none,Mopti,Millet,Main,1991,6,1991,12,All (PS),area,369723.0
1862,ML2016A105,Mali,ML,Mopti,none,Mopti,Millet,Main,1992,6,1992,12,All (PS),area,369723.0
1863,ML2016A105,Mali,ML,Mopti,none,Mopti,Millet,Main,1993,6,1993,12,All (PS),area,458223.0
1864,ML2016A105,Mali,ML,Mopti,none,Mopti,Millet,Main,1995,6,1995,12,All (PS),area,447038.0
1865,ML2016A105,Mali,ML,Mopti,none,Mopti,Millet,Main,1996,6,1996,12,All (PS),area,337407.0
1866,ML2016A105,Mali,ML,Mopti,none,Mopti,Millet,Main,1997,6,1997,12,All (PS),area,341778.0
1867,ML2016A105,Mali,ML,Mopti,none,Mopti,Millet,Main,1998,6,1998,12,All (PS),area,346983.0
1868,ML2016A105,Mali,ML,Mopti,none,Mopti,Millet,Main,1999,6,1999,12,All (PS),area,303832.0
1869,ML2016A105,Mali,ML,Mopti,none,Mopti,Millet,Main,2000,6,2000,12,All (PS),area,425577.0
1870,ML2016A105,Mali,ML,Mopti,none,Mopti,Millet,Main,2001,6,2001,12,All (PS),area,545937.0
1871,ML2016A105,Mali,ML,Mopti,none,Mopti,Millet,Main,2002,6,2002,12,All (PS),area,497738.0
1872,ML2016A105,Mali,ML,Mopti,none,Mopti,Millet,Main,2003,6,2003,12,All (PS),area,778278.0
1873,ML2016A105,Mali,ML,Mopti,none,Mopti,Millet,Main,2004,6,2004,12,All (PS),area,358906.0
1874,ML2016A105,Mali,ML,Mopti,none,Mopti,Millet,Main,2005,6,2005,12,All (PS),area,488048.0
1875,ML2016A105,Mali,ML,Mopti,none,Mopti,Millet,Main,2006,6,2006,12,All (PS),area,447731.139695739
1876,ML2016A105,Mali,ML,Mopti,none,Mopti,Millet,Main,2007,6,2007,12,All (PS),area,509422.0
1877,ML2016A105,Mali,ML,Mopti,none,Mopti,Millet,Main,2008,6,2008,12,All (PS),area,452811.0
1878,ML2016A105,Mali,ML,Mopti,none,Mopti,Millet,Main,2009,6,2009,12,All (PS),area,344871.0
1879,ML2016A105,Mali,ML,Mopti,none,Mopti,Millet,Main,2010,6,2010,12,All (PS),area,472371.0
1880,ML2016A105,Mali,ML,Mopti,none,Mopti,Millet,Main,2011,6,2011,12,All (PS),area,759420.0
1881,ML2016A105,Mali,ML,Mopti,none,Mopti,Millet,Main,2012,6,2012,12,All (PS),area,468773.0
1882,ML2016A105,Mali,ML,Mopti,none,Mopti,Millet,Main,2013,6,2013,12,All (PS),area,431186.0
1883,ML2016A105,Mali,ML,Mopti,none,Mopti,Millet,Main,2014,6,2014,12,All (PS),area,430668.0
1884,ML2016A105,Mali,ML,Mopti,none,Mopti,Millet,Main,2015,6,2015,12,All (PS),area,685264.0
1885,ML2016A105,Mali,ML,Mopti,none,Mopti,Millet,Main,2016,6,2016,12,All (PS),area,703658.0
1886,ML2016A105,Mali,ML,Mopti,none,Mopti,Millet,Main,2017,6,2017,12,All (PS),area,757125.0
1887,ML2016A105,Mali,ML,Mopti,none,Mopti,Millet,Main,2018,6,2018,12,All (PS),area,790672.0
1888,ML2016A105,Mali,ML,Mopti,none,Mopti,Millet,Main,2019,6,2019,12,All (PS),area,359785.542053976
1889,ML2016A105,Mali,ML,Mopti,none,Mopti,Millet,Main,2020,6,2020,12,All (PS),area,616279.0
1890,ML2016A105,Mali,ML,Mopti,none,Mopti,Millet,Main,2021,6,2021,12,All (PS),area,596260.0
1891,ML2016A105,Mali,ML,Mopti,none,Mopti,Millet,Main,2022,6,2022,12,All (PS),area,614911.0
1892,ML2016A105,Mali,ML,Mopti,none,Mopti,Sesame Seed,Main,2004,6,2004,12,All (PS),area,808.0
1893,ML2016A105,Mali,ML,Mopti,none,Mopti,Sesame Seed,Main,2005,6,2005,12,All (PS),area,5047.0
1894,ML2016A105,Mali,ML,Mopti,none,Mopti,Sesame Seed,Main,2006,6,2006,12,All (PS),area,229.0
1895,ML2016A105,Mali,ML,Mopti,none,Mopti,Sesame Seed,Main,2007,6,2007,12,All (PS),area,239.0
1896,ML2016A105,Mali,ML,Mopti,none,Mopti,Sesame Seed,Main,2008,6,2008,12,All (PS),area,1317.0
1897,ML2016A105,Mali,ML,Mopti,none,Mopti,Sesame Seed,Main,2009,6,2009,12,All (PS),area,4434.0
1898,ML2016A105,Mali,ML,Mopti,none,Mopti,Sesame Seed,Main,2010,6,2010,12,All (PS),area,4335.0
1899,ML2016A105,Mali,ML,Mopti,none,Mopti,Sesame Seed,Main,2011,6,2011,12,All (PS),area,3516.0
1900,ML2016A105,Mali,ML,Mopti,none,Mopti,Sesame Seed,Main,2012,6,2012,12,All (PS),area,3353.0
1901,ML2016A105,Mali,ML,Mopti,none,Mopti,Sesame Seed,Main,2013,6,2013,12,All (PS),area,6472.0
1902,ML2016A105,Mali,ML,Mopti,none,Mopti,Sesame Seed,Main,2014,6,2014,12,All (PS),area,11252.0
1903,ML2016A105,Mali,ML,Mopti,none,Mopti,Sesame Seed,Main,2015,6,2015,12,All (PS),area,9336.0
1904,ML2016A105,Mali,ML,Mopti,none,Mopti,Sesame Seed,Main,2016,6,2016,12,All (PS),area,12125.0
1905,ML2016A105,Mali,ML,Mopti,none,Mopti,Sesame Seed,Main,2017,6,2017,12,All (PS),area,10159.0
1906,ML2016A105,Mali,ML,Mopti,none,Mopti,Sesame Seed,Main,2018,6,2018,12,All (PS),area,10649.0
1907,ML2016A105,Mali,ML,Mopti,none,Mopti,Sesame Seed,Main,2020,6,2020,12,All (PS),area,7545.0
1908,ML2016A105,Mali,ML,Mopti,none,Mopti,Sesame Seed,Main,2021,6,2021,12,All (PS),area,7714.0
1909,ML2016A105,Mali,ML,Mopti,none,Mopti,Soybean,Main,2004,6,2004,12,All (PS),area,75.0
1910,ML2016A105,Mali,ML,Mopti,none,Mopti,Soybean,Main,2008,6,2008,12,All (PS),area,290.0
1911,ML2016A106,Mali,ML,Tombouctou,none,Tombouctou,Rice,Main,1983,6,1983,12,All (PS),area,18578.0
1912,ML2016A106,Mali,ML,Tombouctou,none,Tombouctou,Rice,Main,1984,6,1984,12,All (PS),area,14662.0
1913,ML2016A106,Mali,ML,Tombouctou,none,Tombouctou,Rice,Main,1985,6,1985,12,All (PS),area,6402.0
1914,ML2016A106,Mali,ML,Tombouctou,none,Tombouctou,Rice,Main,1986,6,1986,12,All (PS),area,7751.0
1915,ML2016A106,Mali,ML,Tombouctou,none,Tombouctou,Rice,Main,1987,6,1987,12,All (PS),area,14270.0
1916,ML2016A106,Mali,ML,Tombouctou,none,Tombouctou,Rice,Main,1988,6,1988,12,All (PS),area,7834.0
1917,ML2016A106,Mali,ML,Tombouctou,none,Tombouctou,Rice,Main,1989,6,1989,12,All (PS),area,13871.0
1918,ML2016A106,Mali,ML,Tombouctou,none,Tombouctou,Rice,Main,1990,6,1990,12,All (PS),area,22135.0
1919,ML2016A106,Mali,ML,Tombouctou,none,Tombouctou,Rice,Main,1991,6,1991,12,All (PS),area,41012.0
1920,ML2016A106,Mali,ML,Tombouctou,none,Tombouctou,Rice,Main,1992,6,1992,12,All (PS),area,34013.0
1921,ML2016A106,Mali,ML,Tombouctou,none,Tombouctou,Rice,Main,1993,6,1993,12,All (PS),area,21911.0
1922,ML2016A106,Mali,ML,Tombouctou,none,Tombouctou,Rice,Main,1995,6,1995,12,All (PS),area,29517.0
1923,ML2016A106,Mali,ML,Tombouctou,none,Tombouctou,Rice,Main,1996,6,1996,12,All (PS),area,31221.0
1924,ML2016A106,Mali,ML,Tombouctou,none,Tombouctou,Rice,Main,1998,6,1998,12,All (PS),area,21882.0
1925,ML2016A106,Mali,ML,Tombouctou,none,Tombouctou,Rice,Main,1999,6,1999,12,All (PS),area,25589.0
1926,ML2016A106,Mali,ML,Tombouctou,none,Tombouctou,Rice,Main,2000,6,2000,12,All (PS),area,12586.0
1927,ML2016A106,Mali,ML,Tombouctou,none,Tombouctou,Rice,Main,2001,6,2001,12,All (PS),area,32042.0
1928,ML2016A106,Mali,ML,Tombouctou,none,Tombouctou,Rice,Main,2002,6,2002,12,All (PS),area,27571.0
1929,ML2016A106,Mali,ML,Tombouctou,none,Tombouctou,Rice,Main,2003,6,2003,12,All (PS),area,23497.0
1930,ML2016A106,Mali,ML,Tombouctou,none,Tombouctou,Rice,Main,2004,6,2004,12,All (PS),area,22349.0
1931,ML2016A106,Mali,ML,Tombouctou,none,Tombouctou,Rice,Main,2005,6,2005,12,All (PS),area,36258.0
1932,ML2016A106,Mali,ML,Tombouctou,none,Tombouctou,Rice,Main,2006,6,2006,12,All (PS),area,42244.341923148
1933,ML2016A106,Mali,ML,Tombouctou,none,Tombouctou,Rice,Main,2007,6,2007,12,All (PS),area,39108.0
1934,ML2016A106,Mali,ML,Tombouctou,none,Tombouctou,Rice,Main,2008,6,2008,12,All (PS),area,38236.0
1935,ML2016A106,Mali,ML,Tombouctou,none,Tombouctou,Rice,Main,2009,6,2009,12,All (PS),area,24749.0
1936,ML2016A106,Mali,ML,Tombouctou,none,Tombouctou,Rice,Main,2010,6,2010,12,All (PS),area,60899.0
1937,ML2016A106,Mali,ML,Tombouctou,none,Tombouctou,Rice,Main,2011,6,2011,12,All (PS),area,49930.0
1938,ML2016A106,Mali,ML,Tombouctou,none,Tombouctou,Rice,Main,2012,6,2012,12,All (PS),area,71772.0
1939,ML2016A106,Mali,ML,Tombouctou,none,Tombouctou,Rice,Main,2013,6,2013,12,All (PS),area,51090.0
1940,ML2016A106,Mali,ML,Tombouctou,none,Tombouctou,Rice,Main,2014,6,2014,12,All (PS),area,34791.0
1941,ML2016A106,Mali,ML,Tombouctou,none,Tombouctou,Rice,Main,2015,6,2015,12,All (PS),area,46204.0
1942,ML2016A106,Mali,ML,Tombouctou,none,Tombouctou,Rice,Main,2016,6,2016,12,All (PS),area,92257.0
1943,ML2016A106,Mali,ML,Tombouctou,none,Tombouctou,Rice,Main,2017,6,2017,12,All (PS),area,91873.0
1944,ML2016A106,Mali,ML,Tombouctou,none,Tombouctou,Rice,Main,2018,6,2018,12,All (PS),area,81016.0
1945,ML2016A106,Mali,ML,Tombouctou,none,Tombouctou,Rice,Main,2019,6,2019,12,All (PS),area,86177.4141036373
1946,ML2016A106,Mali,ML,Tombouctou,none,Tombouctou,Rice,Main,2020,6,2020,12,All (PS),area,86959.0
1947,ML2016A106,Mali,ML,Tombouctou,none,Tombouctou,Rice,Main,2021,6,2021,12,All (PS),area,86500.0
1948,ML2016A106,Mali,ML,Tombouctou,none,Tombouctou,Rice,Main,2022,6,2022,12,All (PS),area,98794.0
1949,ML2016A106,Mali,ML,Tombouctou,none,Tombouctou,Cowpea,Main,1984,6,1984,12,All (PS),area,1473.0
1950,ML2016A106,Mali,ML,Tombouctou,none,Tombouctou,Cowpea,Main,1985,6,1985,12,All (PS),area,497.0
1951,ML2016A106,Mali,ML,Tombouctou,none,Tombouctou,Cowpea,Main,1986,6,1986,12,All (PS),area,1218.0
1952,ML2016A106,Mali,ML,Tombouctou,none,Tombouctou,Cowpea,Main,1988,6,1988,12,All (PS),area,11.0
1953,ML2016A106,Mali,ML,Tombouctou,none,Tombouctou,Cowpea,Main,1989,6,1989,12,All (PS),area,947.0
1954,ML2016A106,Mali,ML,Tombouctou,none,Tombouctou,Cowpea,Main,1990,6,1990,12,All (PS),area,284.0
1955,ML2016A106,Mali,ML,Tombouctou,none,Tombouctou,Cowpea,Main,1996,6,1996,12,All (PS),area,1258.0
1956,ML2016A106,Mali,ML,Tombouctou,none,Tombouctou,Cowpea,Main,1997,6,1997,12,All (PS),area,1626.0
1957,ML2016A106,Mali,ML,Tombouctou,none,Tombouctou,Cowpea,Main,1999,6,1999,12,All (PS),area,3087.0
1958,ML2016A106,Mali,ML,Tombouctou,none,Tombouctou,Cowpea,Main,2000,6,2000,12,All (PS),area,3505.0
1959,ML2016A106,Mali,ML,Tombouctou,none,Tombouctou,Cowpea,Main,2001,6,2001,12,All (PS),area,3919.0
1960,ML2016A106,Mali,ML,Tombouctou,none,Tombouctou,Cowpea,Main,2002,6,2002,12,All (PS),area,5579.0
1961,ML2016A106,Mali,ML,Tombouctou,none,Tombouctou,Cowpea,Main,2003,6,2003,12,All (PS),area,8992.0
1962,ML2016A106,Mali,ML,Tombouctou,none,Tombouctou,Cowpea,Main,2004,6,2004,12,All (PS),area,52.0
1963,ML2016A106,Mali,ML,Tombouctou,none,Tombouctou,Cowpea,Main,2005,6,2005,12,All (PS),area,3839.0
1964,ML2016A106,Mali,ML,Tombouctou,none,Tombouctou,Cowpea,Main,2006,6,2006,12,All (PS),area,4096.09728063349
1965,ML2016A106,Mali,ML,Tombouctou,none,Tombouctou,Cowpea,Main,2007,6,2007,12,All (PS),area,303.0
1966,ML2016A106,Mali,ML,Tombouctou,none,Tombouctou,Cowpea,Main,2008,6,2008,12,All (PS),area,350.0
1967,ML2016A106,Mali,ML,Tombouctou,none,Tombouctou,Cowpea,Main,2009,6,2009,12,All (PS),area,2168.0
1968,ML2016A106,Mali,ML,Tombouctou,none,Tombouctou,Cowpea,Main,2010,6,2010,12,All (PS),area,5176.0
1969,ML2016A106,Mali,ML,Tombouctou,none,Tombouctou,Cowpea,Main,2011,6,2011,12,All (PS),area,4605.0
1970,ML2016A106,Mali,ML,Tombouctou,none,Tombouctou,Cowpea,Main,2012,6,2012,12,All (PS),area,6920.0
1971,ML2016A106,Mali,ML,Tombouctou,none,Tombouctou,Cowpea,Main,2013,6,2013,12,All (PS),area,3100.0
1972,ML2016A106,Mali,ML,Tombouctou,none,Tombouctou,Cowpea,Main,2014,6,2014,12,All (PS),area,2751.0
1973,ML2016A106,Mali,ML,Tombouctou,none,Tombouctou,Cowpea,Main,2015,6,2015,12,All (PS),area,2677.0
1974,ML2016A106,Mali,ML,Tombouctou,none,Tombouctou,Cowpea,Main,2016,6,2016,12,All (PS),area,6120.0
1975,ML2016A106,Mali,ML,Tombouctou,none,Tombouctou,Cowpea,Main,2017,6,2017,12,All (PS),area,7185.0
1976,ML2016A106,Mali,ML,Tombouctou,none,Tombouctou,Cowpea,Main,2018,6,2018,12,All (PS),area,5786.0
1977,ML2016A106,Mali,ML,Tombouctou,none,Tombouctou,Cowpea,Main,2019,6,2019,12,All (PS),area,10546.0
1978,ML2016A106,Mali,ML,Tombouctou,none,Tombouctou,Cowpea,Main,2020,6,2020,12,All (PS),area,10050.0
1979,ML2016A106,Mali,ML,Tombouctou,none,Tombouctou,Cowpea,Main,2021,6,2021,12,All (PS),area,9194.0
1980,ML2016A106,Mali,ML,Tombouctou,none,Tombouctou,Groundnuts (In Shell),Main,1984,6,1984,12,All (PS),area,21.0
1981,ML2016A106,Mali,ML,Tombouctou,none,Tombouctou,Groundnuts (In Shell),Main,1986,6,1986,12,All (PS),area,74.0
1982,ML2016A106,Mali,ML,Tombouctou,none,Tombouctou,Groundnuts (In Shell),Main,1988,6,1988,12,All (PS),area,155.0
1983,ML2016A106,Mali,ML,Tombouctou,none,Tombouctou,Groundnuts (In Shell),Main,1989,6,1989,12,All (PS),area,170.0
1984,ML2016A106,Mali,ML,Tombouctou,none,Tombouctou,Groundnuts (In Shell),Main,1990,6,1990,12,All (PS),area,19.0
1985,ML2016A106,Mali,ML,Tombouctou,none,Tombouctou,Groundnuts (In Shell),Main,1999,6,1999,12,All (PS),area,501.0
1986,ML2016A106,Mali,ML,Tombouctou,none,Tombouctou,Groundnuts (In Shell),Main,2003,6,2003,12,All (PS),area,557.0
1987,ML2016A106,Mali,ML,Tombouctou,none,Tombouctou,Groundnuts (In Shell),Main,2004,6,2004,12,All (PS),area,30.0
1988,ML2016A106,Mali,ML,Tombouctou,none,Tombouctou,Groundnuts (In Shell),Main,2005,6,2005,12,All (PS),area,72.0
1989,ML2016A106,Mali,ML,Tombouctou,none,Tombouctou,Groundnuts (In Shell),Main,2006,6,2006,12,All (PS),area,287.577763761807
1990,ML2016A106,Mali,ML,Tombouctou,none,Tombouctou,Groundnuts (In Shell),Main,2007,6,2007,12,All (PS),area,381.0
1991,ML2016A106,Mali,ML,Tombouctou,none,Tombouctou,Groundnuts (In Shell),Main,2008,6,2008,12,All (PS),area,274.0
1992,ML2016A106,Mali,ML,Tombouctou,none,Tombouctou,Groundnuts (In Shell),Main,2009,6,2009,12,All (PS),area,350.0
1993,ML2016A106,Mali,ML,Tombouctou,none,Tombouctou,Groundnuts (In Shell),Main,2010,6,2010,12,All (PS),area,345.0
1994,ML2016A106,Mali,ML,Tombouctou,none,Tombouctou,Groundnuts (In Shell),Main,2011,6,2011,12,All (PS),area,595.0
1995,ML2016A106,Mali,ML,Tombouctou,none,Tombouctou,Groundnuts (In Shell),Main,2012,6,2012,12,All (PS),area,618.0
1996,ML2016A106,Mali,ML,Tombouctou,none,Tombouctou,Groundnuts (In Shell),Main,2013,6,2013,12,All (PS),area,469.0
1997,ML2016A106,Mali,ML,Tombouctou,none,Tombouctou,Groundnuts (In Shell),Main,2014,6,2014,12,All (PS),area,365.0
1998,ML2016A106,Mali,ML,Tombouctou,none,Tombouctou,Groundnuts (In Shell),Main,2015,6,2015,12,All (PS),area,687.0
1999,ML2016A106,Mali,ML,Tombouctou,none,Tombouctou,Groundnuts (In Shell),Main,2016,6,2016,12,All (PS),area,440.0
2000,ML2016A106,Mali,ML,Tombouctou,none,Tombouctou,Groundnuts (In Shell),Main,2017,6,2017,12,All (PS),area,814.0
2001,ML2016A106,Mali,ML,Tombouctou,none,Tombouctou,Groundnuts (In Shell),Main,2018,6,2018,12,All (PS),area,814.0
2002,ML2016A106,Mali,ML,Tombouctou,none,Tombouctou,Groundnuts (In Shell),Main,2019,6,2019,12,All (PS),area,758.0
2003,ML2016A106,Mali,ML,Tombouctou,none,Tombouctou,Groundnuts (In Shell),Main,2020,6,2020,12,All (PS),area,619.0
2004,ML2016A106,Mali,ML,Tombouctou,none,Tombouctou,Groundnuts (In Shell),Main,2021,6,2021,12,All (PS),area,476.0
2005,ML2016A106,Mali,ML,Tombouctou,none,Tombouctou,Maize,Main,2000,6,2000,12,All (PS),area,442.0
2006,ML2016A106,Mali,ML,Tombouctou,none,Tombouctou,Maize,Main,2001,6,2001,12,All (PS),area,800.0
2007,ML2016A106,Mali,ML,Tombouctou,none,Tombouctou,Maize,Main,2002,6,2002,12,All (PS),area,601.0
2008,ML2016A106,Mali,ML,Tombouctou,none,Tombouctou,Maize,Main,2003,6,2003,12,All (PS),area,380.0
2009,ML2016A106,Mali,ML,Tombouctou,none,Tombouctou,Maize,Main,2004,6,2004,12,All (PS),area,120.0
2010,ML2016A106,Mali,ML,Tombouctou,none,Tombouctou,Maize,Main,2005,6,2005,12,All (PS),area,200.0
2011,ML2016A106,Mali,ML,Tombouctou,none,Tombouctou,Maize,Main,2006,6,2006,12,All (PS),area,485.091452665823
2012,ML2016A106,Mali,ML,Tombouctou,none,Tombouctou,Maize,Main,2007,6,2007,12,All (PS),area,2216.0
2013,ML2016A106,Mali,ML,Tombouctou,none,Tombouctou,Maize,Main,2008,6,2008,12,All (PS),area,15079.0
2014,ML2016A106,Mali,ML,Tombouctou,none,Tombouctou,Maize,Main,2009,6,2009,12,All (PS),area,18735.0
2015,ML2016A106,Mali,ML,Tombouctou,none,Tombouctou,Maize,Main,2010,6,2010,12,All (PS),area,12123.0
2016,ML2016A106,Mali,ML,Tombouctou,none,Tombouctou,Maize,Main,2011,6,2011,12,All (PS),area,16250.0
2017,ML2016A106,Mali,ML,Tombouctou,none,Tombouctou,Maize,Main,2012,6,2012,12,All (PS),area,16255.0
2018,ML2016A106,Mali,ML,Tombouctou,none,Tombouctou,Maize,Main,2013,6,2013,12,All (PS),area,640.0
2019,ML2016A106,Mali,ML,Tombouctou,none,Tombouctou,Maize,Main,2014,6,2014,12,All (PS),area,392.0
2020,ML2016A106,Mali,ML,Tombouctou,none,Tombouctou,Maize,Main,2015,6,2015,12,All (PS),area,816.0
2021,ML2016A106,Mali,ML,Tombouctou,none,Tombouctou,Maize,Main,2016,6,2016,12,All (PS),area,230.0
2022,ML2016A106,Mali,ML,Tombouctou,none,Tombouctou,Maize,Main,2017,6,2017,12,All (PS),area,478.0
2023,ML2016A106,Mali,ML,Tombouctou,none,Tombouctou,Maize,Main,2019,6,2019,12,All (PS),area,9685.9192240125
2024,ML2016A106,Mali,ML,Tombouctou,none,Tombouctou,Maize,Main,2020,6,2020,12,All (PS),area,1126.0
2025,ML2016A106,Mali,ML,Tombouctou,none,Tombouctou,Maize,Main,2021,6,2021,12,All (PS),area,610.0
2026,ML2016A106,Mali,ML,Tombouctou,none,Tombouctou,Maize,Main,2022,6,2022,12,All (PS),area,618.0
2027,ML2016A106,Mali,ML,Tombouctou,none,Tombouctou,Sorghum,Main,1983,6,1983,12,All (PS),area,13040.0
2028,ML2016A106,Mali,ML,Tombouctou,none,Tombouctou,Sorghum,Main,1984,6,1984,12,All (PS),area,15384.0
2029,ML2016A106,Mali,ML,Tombouctou,none,Tombouctou,Sorghum,Main,1985,6,1985,12,All (PS),area,1649.0
2030,ML2016A106,Mali,ML,Tombouctou,none,Tombouctou,Sorghum,Main,1986,6,1986,12,All (PS),area,9426.0
2031,ML2016A106,Mali,ML,Tombouctou,none,Tombouctou,Sorghum,Main,1987,6,1987,12,All (PS),area,4239.0
2032,ML2016A106,Mali,ML,Tombouctou,none,Tombouctou,Sorghum,Main,1988,6,1988,12,All (PS),area,19417.0
2033,ML2016A106,Mali,ML,Tombouctou,none,Tombouctou,Sorghum,Main,1989,6,1989,12,All (PS),area,59431.0
2034,ML2016A106,Mali,ML,Tombouctou,none,Tombouctou,Sorghum,Main,1990,6,1990,12,All (PS),area,12828.0
2035,ML2016A106,Mali,ML,Tombouctou,none,Tombouctou,Sorghum,Main,1991,6,1991,12,All (PS),area,37907.0
2036,ML2016A106,Mali,ML,Tombouctou,none,Tombouctou,Sorghum,Main,1992,6,1992,12,All (PS),area,20849.0
2037,ML2016A106,Mali,ML,Tombouctou,none,Tombouctou,Sorghum,Main,1993,6,1993,12,All (PS),area,22221.0
2038,ML2016A106,Mali,ML,Tombouctou,none,Tombouctou,Sorghum,Main,1995,6,1995,12,All (PS),area,7497.0
2039,ML2016A106,Mali,ML,Tombouctou,none,Tombouctou,Sorghum,Main,1996,6,1996,12,All (PS),area,3520.0
2040,ML2016A106,Mali,ML,Tombouctou,none,Tombouctou,Sorghum,Main,1997,6,1997,12,All (PS),area,5202.0
2041,ML2016A106,Mali,ML,Tombouctou,none,Tombouctou,Sorghum,Main,1998,6,1998,12,All (PS),area,4867.0
2042,ML2016A106,Mali,ML,Tombouctou,none,Tombouctou,Sorghum,Main,1999,6,1999,12,All (PS),area,6087.0
2043,ML2016A106,Mali,ML,Tombouctou,none,Tombouctou,Sorghum,Main,2000,6,2000,12,All (PS),area,281.0
2044,ML2016A106,Mali,ML,Tombouctou,none,Tombouctou,Sorghum,Main,2001,6,2001,12,All (PS),area,17111.0
2045,ML2016A106,Mali,ML,Tombouctou,none,Tombouctou,Sorghum,Main,2002,6,2002,12,All (PS),area,13765.0
2046,ML2016A106,Mali,ML,Tombouctou,none,Tombouctou,Sorghum,Main,2003,6,2003,12,All (PS),area,9482.0
2047,ML2016A106,Mali,ML,Tombouctou,none,Tombouctou,Sorghum,Main,2004,6,2004,12,All (PS),area,8036.0
2048,ML2016A106,Mali,ML,Tombouctou,none,Tombouctou,Sorghum,Main,2005,6,2005,12,All (PS),area,14291.0
2049,ML2016A106,Mali,ML,Tombouctou,none,Tombouctou,Sorghum,Main,2006,6,2006,12,All (PS),area,13051.2700440676
2050,ML2016A106,Mali,ML,Tombouctou,none,Tombouctou,Sorghum,Main,2007,6,2007,12,All (PS),area,3639.0
2051,ML2016A106,Mali,ML,Tombouctou,none,Tombouctou,Sorghum,Main,2008,6,2008,12,All (PS),area,10669.0
2052,ML2016A106,Mali,ML,Tombouctou,none,Tombouctou,Sorghum,Main,2009,6,2009,12,All (PS),area,13529.0
2053,ML2016A106,Mali,ML,Tombouctou,none,Tombouctou,Sorghum,Main,2010,6,2010,12,All (PS),area,6976.0
2054,ML2016A106,Mali,ML,Tombouctou,none,Tombouctou,Sorghum,Main,2011,6,2011,12,All (PS),area,36000.0
2055,ML2016A106,Mali,ML,Tombouctou,none,Tombouctou,Sorghum,Main,2012,6,2012,12,All (PS),area,37380.0
2056,ML2016A106,Mali,ML,Tombouctou,none,Tombouctou,Sorghum,Main,2013,6,2013,12,All (PS),area,21761.0
2057,ML2016A106,Mali,ML,Tombouctou,none,Tombouctou,Sorghum,Main,2014,6,2014,12,All (PS),area,10054.0
2058,ML2016A106,Mali,ML,Tombouctou,none,Tombouctou,Sorghum,Main,2015,6,2015,12,All (PS),area,23566.0
2059,ML2016A106,Mali,ML,Tombouctou,none,Tombouctou,Sorghum,Main,2016,6,2016,12,All (PS),area,16075.0
2060,ML2016A106,Mali,ML,Tombouctou,none,Tombouctou,Sorghum,Main,2017,6,2017,12,All (PS),area,9843.0
2061,ML2016A106,Mali,ML,Tombouctou,none,Tombouctou,Sorghum,Main,2019,6,2019,12,All (PS),area,20631.3150838802
2062,ML2016A106,Mali,ML,Tombouctou,none,Tombouctou,Sorghum,Main,2020,6,2020,12,All (PS),area,26080.0
2063,ML2016A106,Mali,ML,Tombouctou,none,Tombouctou,Sorghum,Main,2021,6,2021,12,All (PS),area,28003.0
2064,ML2016A106,Mali,ML,Tombouctou,none,Tombouctou,Sorghum,Main,2022,6,2022,12,All (PS),area,27146.0
2065,ML2016A106,Mali,ML,Tombouctou,none,Tombouctou,Millet,Main,1983,6,1983,12,All (PS),area,30442.0
2066,ML2016A106,Mali,ML,Tombouctou,none,Tombouctou,Millet,Main,1984,6,1984,12,All (PS),area,45886.0
2067,ML2016A106,Mali,ML,Tombouctou,none,Tombouctou,Millet,Main,1985,6,1985,12,All (PS),area,33672.0
2068,ML2016A106,Mali,ML,Tombouctou,none,Tombouctou,Millet,Main,1986,6,1986,12,All (PS),area,39916.0
2069,ML2016A106,Mali,ML,Tombouctou,none,Tombouctou,Millet,Main,1987,6,1987,12,All (PS),area,36890.0
2070,ML2016A106,Mali,ML,Tombouctou,none,Tombouctou,Millet,Main,1988,6,1988,12,All (PS),area,48053.37519623
2071,ML2016A106,Mali,ML,Tombouctou,none,Tombouctou,Millet,Main,1989,6,1989,12,All (PS),area,72422.0
2072,ML2016A106,Mali,ML,Tombouctou,none,Tombouctou,Millet,Main,1990,6,1990,12,All (PS),area,33455.0
2073,ML2016A106,Mali,ML,Tombouctou,none,Tombouctou,Millet,Main,1991,6,1991,12,All (PS),area,60336.0
2074,ML2016A106,Mali,ML,Tombouctou,none,Tombouctou,Millet,Main,1992,6,1992,12,All (PS),area,59555.0
2075,ML2016A106,Mali,ML,Tombouctou,none,Tombouctou,Millet,Main,1993,6,1993,12,All (PS),area,35382.0
2076,ML2016A106,Mali,ML,Tombouctou,none,Tombouctou,Millet,Main,1995,6,1995,12,All (PS),area,77269.0
2077,ML2016A106,Mali,ML,Tombouctou,none,Tombouctou,Millet,Main,1996,6,1996,12,All (PS),area,61763.0
2078,ML2016A106,Mali,ML,Tombouctou,none,Tombouctou,Millet,Main,1997,6,1997,12,All (PS),area,52016.0
2079,ML2016A106,Mali,ML,Tombouctou,none,Tombouctou,Millet,Main,1998,6,1998,12,All (PS),area,44689.0
2080,ML2016A106,Mali,ML,Tombouctou,none,Tombouctou,Millet,Main,1999,6,1999,12,All (PS),area,65599.0
2081,ML2016A106,Mali,ML,Tombouctou,none,Tombouctou,Millet,Main,2000,6,2000,12,All (PS),area,34427.0
2082,ML2016A106,Mali,ML,Tombouctou,none,Tombouctou,Millet,Main,2001,6,2001,12,All (PS),area,99676.0
2083,ML2016A106,Mali,ML,Tombouctou,none,Tombouctou,Millet,Main,2002,6,2002,12,All (PS),area,88927.0
2084,ML2016A106,Mali,ML,Tombouctou,none,Tombouctou,Millet,Main,2003,6,2003,12,All (PS),area,77843.0
2085,ML2016A106,Mali,ML,Tombouctou,none,Tombouctou,Millet,Main,2004,6,2004,12,All (PS),area,57579.0
2086,ML2016A106,Mali,ML,Tombouctou,none,Tombouctou,Millet,Main,2005,6,2005,12,All (PS),area,41473.0
2087,ML2016A106,Mali,ML,Tombouctou,none,Tombouctou,Millet,Main,2006,6,2006,12,All (PS),area,40236.0220684814
2088,ML2016A106,Mali,ML,Tombouctou,none,Tombouctou,Millet,Main,2007,6,2007,12,All (PS),area,59590.0
2089,ML2016A106,Mali,ML,Tombouctou,none,Tombouctou,Millet,Main,2008,6,2008,12,All (PS),area,85278.0
2090,ML2016A106,Mali,ML,Tombouctou,none,Tombouctou,Millet,Main,2009,6,2009,12,All (PS),area,67188.0
2091,ML2016A106,Mali,ML,Tombouctou,none,Tombouctou,Millet,Main,2010,6,2010,12,All (PS),area,50131.0
2092,ML2016A106,Mali,ML,Tombouctou,none,Tombouctou,Millet,Main,2011,6,2011,12,All (PS),area,56400.0
2093,ML2016A106,Mali,ML,Tombouctou,none,Tombouctou,Millet,Main,2012,6,2012,12,All (PS),area,72850.0
2094,ML2016A106,Mali,ML,Tombouctou,none,Tombouctou,Millet,Main,2013,6,2013,12,All (PS),area,49625.0
2095,ML2016A106,Mali,ML,Tombouctou,none,Tombouctou,Millet,Main,2014,6,2014,12,All (PS),area,31853.0
2096,ML2016A106,Mali,ML,Tombouctou,none,Tombouctou,Millet,Main,2015,6,2015,12,All (PS),area,80457.0
2097,ML2016A106,Mali,ML,Tombouctou,none,Tombouctou,Millet,Main,2016,6,2016,12,All (PS),area,25474.0
2098,ML2016A106,Mali,ML,Tombouctou,none,Tombouctou,Millet,Main,2017,6,2017,12,All (PS),area,33907.0
2099,ML2016A106,Mali,ML,Tombouctou,none,Tombouctou,Millet,Main,2018,6,2018,12,All (PS),area,74556.0
2100,ML2016A106,Mali,ML,Tombouctou,none,Tombouctou,Millet,Main,2019,6,2019,12,All (PS),area,40958.6865154567
2101,ML2016A106,Mali,ML,Tombouctou,none,Tombouctou,Millet,Main,2020,6,2020,12,All (PS),area,77973.0
2102,ML2016A106,Mali,ML,Tombouctou,none,Tombouctou,Millet,Main,2021,6,2021,12,All (PS),area,76265.0
2103,ML2016A106,Mali,ML,Tombouctou,none,Tombouctou,Millet,Main,2022,6,2022,12,All (PS),area,79651.0
2104,ML2016A106,Mali,ML,Tombouctou,none,Tombouctou,Wheat,Main,1987,6,1987,12,All (PS),area,1152.0
2105,ML2016A106,Mali,ML,Tombouctou,none,Tombouctou,Wheat,Main,1994,6,1994,12,All (PS),area,715.0
2106,ML2016A106,Mali,ML,Tombouctou,none,Tombouctou,Wheat,Main,1995,6,1995,12,All (PS),area,1560.0
2107,ML2016A106,Mali,ML,Tombouctou,none,Tombouctou,Wheat,Main,1996,6,1996,12,All (PS),area,1560.0
2108,ML2016A106,Mali,ML,Tombouctou,none,Tombouctou,Wheat,Main,1997,6,1997,12,All (PS),area,1993.0
2109,ML2016A106,Mali,ML,Tombouctou,none,Tombouctou,Wheat,Main,1998,6,1998,12,All (PS),area,2655.0
2110,ML2016A106,Mali,ML,Tombouctou,none,Tombouctou,Wheat,Main,1999,6,1999,12,All (PS),area,3446.0
2111,ML2016A106,Mali,ML,Tombouctou,none,Tombouctou,Wheat,Main,2000,6,2000,12,All (PS),area,2574.0
2112,ML2016A106,Mali,ML,Tombouctou,none,Tombouctou,Wheat,Main,2001,6,2001,12,All (PS),area,3591.0
2113,ML2016A106,Mali,ML,Tombouctou,none,Tombouctou,Wheat,Main,2002,6,2002,12,All (PS),area,2424.0
2114,ML2016A106,Mali,ML,Tombouctou,none,Tombouctou,Wheat,Main,2003,6,2003,12,All (PS),area,2233.0
2115,ML2016A106,Mali,ML,Tombouctou,none,Tombouctou,Wheat,Main,2004,6,2004,12,All (PS),area,3380.0
2116,ML2016A106,Mali,ML,Tombouctou,none,Tombouctou,Wheat,Main,2005,6,2005,12,All (PS),area,2184.0
2117,ML2016A106,Mali,ML,Tombouctou,none,Tombouctou,Wheat,Main,2006,6,2006,12,All (PS),area,3380.0
2118,ML2016A106,Mali,ML,Tombouctou,none,Tombouctou,Wheat,Main,2007,6,2007,12,All (PS),area,3380.0
2119,ML2016A106,Mali,ML,Tombouctou,none,Tombouctou,Wheat,Main,2008,6,2008,12,All (PS),area,5064.0
2120,ML2016A106,Mali,ML,Tombouctou,none,Tombouctou,Wheat,Main,2009,6,2009,12,All (PS),area,5101.0
2121,ML2016A106,Mali,ML,Tombouctou,none,Tombouctou,Wheat,Main,2010,6,2010,12,All (PS),area,8835.0
2122,ML2016A106,Mali,ML,Tombouctou,none,Tombouctou,Wheat,Main,2011,6,2011,12,All (PS),area,9314.0
2123,ML2016A106,Mali,ML,Tombouctou,none,Tombouctou,Wheat,Main,2012,6,2012,12,All (PS),area,9345.0
2124,ML2016A106,Mali,ML,Tombouctou,none,Tombouctou,Wheat,Main,2013,6,2013,12,All (PS),area,6595.0
2125,ML2016A106,Mali,ML,Tombouctou,none,Tombouctou,Wheat,Main,2014,6,2014,12,All (PS),area,9800.0
2126,ML2016A106,Mali,ML,Tombouctou,none,Tombouctou,Wheat,Main,2015,6,2015,12,All (PS),area,7250.0
2127,ML2016A106,Mali,ML,Tombouctou,none,Tombouctou,Wheat,Main,2016,6,2016,12,All (PS),area,3973.0
2128,ML2016A106,Mali,ML,Tombouctou,none,Tombouctou,Wheat,Main,2017,6,2017,12,All (PS),area,4496.0
2129,ML2016A106,Mali,ML,Tombouctou,none,Tombouctou,Wheat,Main,2018,6,2018,12,All (PS),area,7400.0
2130,ML2016A106,Mali,ML,Tombouctou,none,Tombouctou,Wheat,Main,2019,6,2019,12,All (PS),area,4082.47976190476
2131,ML2016A106,Mali,ML,Tombouctou,none,Tombouctou,Wheat,Main,2020,6,2020,12,All (PS),area,7000.0
2132,ML2016A106,Mali,ML,Tombouctou,none,Tombouctou,Wheat,Main,2021,6,2021,12,All (PS),area,7000.0
2133,ML2016A106,Mali,ML,Tombouctou,none,Tombouctou,Wheat,Main,2022,6,2022,12,All (PS),area,7289.0
2134,ML2016A106,Mali,ML,Tombouctou,none,Tombouctou,Barley,Main,1997,6,1997,12,All (PS),area,93.0
2135,ML2016A106,Mali,ML,Tombouctou,none,Tombouctou,Barley,Main,1998,6,1998,12,All (PS),area,25.0
2136,ML2016A106,Mali,ML,Tombouctou,none,Tombouctou,Barley,Main,1999,6,1999,12,All (PS),area,23.0
2137,ML2016A107,Mali,ML,Gao,none,Gao,Rice,Main,1982,6,1982,12,All (PS),area,12590.0
2138,ML2016A107,Mali,ML,Gao,none,Gao,Rice,Main,1983,6,1983,12,All (PS),area,15227.0
2139,ML2016A107,Mali,ML,Gao,none,Gao,Rice,Main,1984,6,1984,12,All (PS),area,7152.0
2140,ML2016A107,Mali,ML,Gao,none,Gao,Rice,Main,1985,6,1985,12,All (PS),area,23751.0
2141,ML2016A107,Mali,ML,Gao,none,Gao,Rice,Main,1986,6,1986,12,All (PS),area,18437.0
2142,ML2016A107,Mali,ML,Gao,none,Gao,Rice,Main,1987,6,1987,12,All (PS),area,14196.0
2143,ML2016A107,Mali,ML,Gao,none,Gao,Rice,Main,1988,6,1988,12,All (PS),area,10528.0
2144,ML2016A107,Mali,ML,Gao,none,Gao,Rice,Main,1989,6,1989,12,All (PS),area,14355.0
2145,ML2016A107,Mali,ML,Gao,none,Gao,Rice,Main,1990,6,1990,12,All (PS),area,16886.0
2146,ML2016A107,Mali,ML,Gao,none,Gao,Rice,Main,1991,6,1991,12,All (PS),area,12235.0
2147,ML2016A107,Mali,ML,Gao,none,Gao,Rice,Main,1992,6,1992,12,All (PS),area,10176.0
2148,ML2016A107,Mali,ML,Gao,none,Gao,Rice,Main,1993,6,1993,12,All (PS),area,9677.0
2149,ML2016A107,Mali,ML,Gao,none,Gao,Rice,Main,1995,6,1995,12,All (PS),area,11976.0
2150,ML2016A107,Mali,ML,Gao,none,Gao,Rice,Main,1996,6,1996,12,All (PS),area,17972.0
2151,ML2016A107,Mali,ML,Gao,none,Gao,Rice,Main,1998,6,1998,12,All (PS),area,12365.0
2152,ML2016A107,Mali,ML,Gao,none,Gao,Rice,Main,1999,6,1999,12,All (PS),area,25407.0
2153,ML2016A107,Mali,ML,Gao,none,Gao,Rice,Main,2000,6,2000,12,All (PS),area,27798.0
2154,ML2016A107,Mali,ML,Gao,none,Gao,Rice,Main,2001,6,2001,12,All (PS),area,33420.0
2155,ML2016A107,Mali,ML,Gao,none,Gao,Rice,Main,2002,6,2002,12,All (PS),area,26188.0
2156,ML2016A107,Mali,ML,Gao,none,Gao,Rice,Main,2003,6,2003,12,All (PS),area,21176.0
2157,ML2016A107,Mali,ML,Gao,none,Gao,Rice,Main,2004,6,2004,12,All (PS),area,22013.0
2158,ML2016A107,Mali,ML,Gao,none,Gao,Rice,Main,2005,6,2005,12,All (PS),area,29056.0
2159,ML2016A107,Mali,ML,Gao,none,Gao,Rice,Main,2006,6,2006,12,All (PS),area,44777.7467995576
2160,ML2016A107,Mali,ML,Gao,none,Gao,Rice,Main,2007,6,2007,12,All (PS),area,28785.0
2161,ML2016A107,Mali,ML,Gao,none,Gao,Rice,Main,2008,6,2008,12,All (PS),area,27262.0
2162,ML2016A107,Mali,ML,Gao,none,Gao,Rice,Main,2009,6,2009,12,All (PS),area,80761.0
2163,ML2016A107,Mali,ML,Gao,none,Gao,Rice,Main,2010,6,2010,12,All (PS),area,42444.0
2164,ML2016A107,Mali,ML,Gao,none,Gao,Rice,Main,2011,6,2011,12,All (PS),area,49584.0
2165,ML2016A107,Mali,ML,Gao,none,Gao,Rice,Main,2012,6,2012,12,All (PS),area,31505.0
2166,ML2016A107,Mali,ML,Gao,none,Gao,Rice,Main,2013,6,2013,12,All (PS),area,33060.0
2167,ML2016A107,Mali,ML,Gao,none,Gao,Rice,Main,2014,6,2014,12,All (PS),area,63121.0
2168,ML2016A107,Mali,ML,Gao,none,Gao,Rice,Main,2015,6,2015,12,All (PS),area,59863.0
2169,ML2016A107,Mali,ML,Gao,none,Gao,Rice,Main,2016,6,2016,12,All (PS),area,39838.0
2170,ML2016A107,Mali,ML,Gao,none,Gao,Rice,Main,2017,6,2017,12,All (PS),area,58850.0
2171,ML2016A107,Mali,ML,Gao,none,Gao,Rice,Main,2018,6,2018,12,All (PS),area,42306.0
2172,ML2016A107,Mali,ML,Gao,none,Gao,Rice,Main,2019,6,2019,12,All (PS),area,58745.5664875603
2173,ML2016A107,Mali,ML,Gao,none,Gao,Rice,Main,2020,6,2020,12,All (PS),area,30103.0
2174,ML2016A107,Mali,ML,Gao,none,Gao,Rice,Main,2021,6,2021,12,All (PS),area,44020.0
2175,ML2016A107,Mali,ML,Gao,none,Gao,Rice,Main,2022,6,2022,12,All (PS),area,38268.0
2176,ML2016A107,Mali,ML,Gao,none,Gao,Cowpea,Main,1997,6,1997,12,All (PS),area,1224.0
2177,ML2016A107,Mali,ML,Gao,none,Gao,Cowpea,Main,1998,6,1998,12,All (PS),area,389.0
2178,ML2016A107,Mali,ML,Gao,none,Gao,Cowpea,Main,2000,6,2000,12,All (PS),area,1225.0
2179,ML2016A107,Mali,ML,Gao,none,Gao,Cowpea,Main,2001,6,2001,12,All (PS),area,2385.0
2180,ML2016A107,Mali,ML,Gao,none,Gao,Cowpea,Main,2002,6,2002,12,All (PS),area,1540.0
2181,ML2016A107,Mali,ML,Gao,none,Gao,Cowpea,Main,2003,6,2003,12,All (PS),area,2753.0
2182,ML2016A107,Mali,ML,Gao,none,Gao,Cowpea,Main,2004,6,2004,12,All (PS),area,830.0
2183,ML2016A107,Mali,ML,Gao,none,Gao,Cowpea,Main,2005,6,2005,12,All (PS),area,737.0
2184,ML2016A107,Mali,ML,Gao,none,Gao,Cowpea,Main,2006,6,2006,12,All (PS),area,2359.0
2185,ML2016A107,Mali,ML,Gao,none,Gao,Cowpea,Main,2007,6,2007,12,All (PS),area,2908.0
2186,ML2016A107,Mali,ML,Gao,none,Gao,Cowpea,Main,2008,6,2008,12,All (PS),area,246.0
2187,ML2016A107,Mali,ML,Gao,none,Gao,Cowpea,Main,2009,6,2009,12,All (PS),area,1414.0
2188,ML2016A107,Mali,ML,Gao,none,Gao,Cowpea,Main,2010,6,2010,12,All (PS),area,1886.0
2189,ML2016A107,Mali,ML,Gao,none,Gao,Cowpea,Main,2011,6,2011,12,All (PS),area,1486.0
2190,ML2016A107,Mali,ML,Gao,none,Gao,Cowpea,Main,2012,6,2012,12,All (PS),area,630.0
2191,ML2016A107,Mali,ML,Gao,none,Gao,Cowpea,Main,2013,6,2013,12,All (PS),area,592.0
2192,ML2016A107,Mali,ML,Gao,none,Gao,Cowpea,Main,2014,6,2014,12,All (PS),area,1140.0
2193,ML2016A107,Mali,ML,Gao,none,Gao,Cowpea,Main,2015,6,2015,12,All (PS),area,3870.0
2194,ML2016A107,Mali,ML,Gao,none,Gao,Cowpea,Main,2016,6,2016,12,All (PS),area,4780.0
2195,ML2016A107,Mali,ML,Gao,none,Gao,Cowpea,Main,2017,6,2017,12,All (PS),area,1140.0
2196,ML2016A107,Mali,ML,Gao,none,Gao,Cowpea,Main,2018,6,2018,12,All (PS),area,5286.0
2197,ML2016A107,Mali,ML,Gao,none,Gao,Cowpea,Main,2019,6,2019,12,All (PS),area,5462.0
2198,ML2016A107,Mali,ML,Gao,none,Gao,Cowpea,Main,2020,6,2020,12,All (PS),area,6944.0
2199,ML2016A107,Mali,ML,Gao,none,Gao,Cowpea,Main,2021,6,2021,12,All (PS),area,454.0
2200,ML2016A107,Mali,ML,Gao,none,Gao,Maize,Main,1975,6,1975,12,All (PS),area,555.0
2201,ML2016A107,Mali,ML,Gao,none,Gao,Maize,Main,1976,6,1976,12,All (PS),area,30.0
2202,ML2016A107,Mali,ML,Gao,none,Gao,Maize,Main,1977,6,1977,12,All (PS),area,53.0
2203,ML2016A107,Mali,ML,Gao,none,Gao,Maize,Main,1978,6,1978,12,All (PS),area,193.0
2204,ML2016A107,Mali,ML,Gao,none,Gao,Maize,Main,2004,6,2004,12,All (PS),area,246.0
2205,ML2016A107,Mali,ML,Gao,none,Gao,Maize,Main,2005,6,2005,12,All (PS),area,662.0
2206,ML2016A107,Mali,ML,Gao,none,Gao,Maize,Main,2016,6,2016,12,All (PS),area,14.0
2207,ML2016A107,Mali,ML,Gao,none,Gao,Sorghum,Main,1982,6,1982,12,All (PS),area,4475.0
2208,ML2016A107,Mali,ML,Gao,none,Gao,Sorghum,Main,1983,6,1983,12,All (PS),area,374.0
2209,ML2016A107,Mali,ML,Gao,none,Gao,Sorghum,Main,1984,6,1984,12,All (PS),area,365.0
2210,ML2016A107,Mali,ML,Gao,none,Gao,Sorghum,Main,1985,6,1985,12,All (PS),area,3524.0
2211,ML2016A107,Mali,ML,Gao,none,Gao,Sorghum,Main,1986,6,1986,12,All (PS),area,6340.0
2212,ML2016A107,Mali,ML,Gao,none,Gao,Sorghum,Main,1987,6,1987,12,All (PS),area,7941.0
2213,ML2016A107,Mali,ML,Gao,none,Gao,Sorghum,Main,1988,6,1988,12,All (PS),area,1477.0
2214,ML2016A107,Mali,ML,Gao,none,Gao,Sorghum,Main,1989,6,1989,12,All (PS),area,185.0
2215,ML2016A107,Mali,ML,Gao,none,Gao,Sorghum,Main,1990,6,1990,12,All (PS),area,5332.0
2216,ML2016A107,Mali,ML,Gao,none,Gao,Sorghum,Main,1991,6,1991,12,All (PS),area,7343.0
2217,ML2016A107,Mali,ML,Gao,none,Gao,Sorghum,Main,1992,6,1992,12,All (PS),area,4039.0
2218,ML2016A107,Mali,ML,Gao,none,Gao,Sorghum,Main,1993,6,1993,12,All (PS),area,2114.0
2219,ML2016A107,Mali,ML,Gao,none,Gao,Sorghum,Main,1995,6,1995,12,All (PS),area,1488.0
2220,ML2016A107,Mali,ML,Gao,none,Gao,Sorghum,Main,1996,6,1996,12,All (PS),area,2381.0
2221,ML2016A107,Mali,ML,Gao,none,Gao,Sorghum,Main,1997,6,1997,12,All (PS),area,3650.0
2222,ML2016A107,Mali,ML,Gao,none,Gao,Sorghum,Main,1998,6,1998,12,All (PS),area,1957.0
2223,ML2016A107,Mali,ML,Gao,none,Gao,Sorghum,Main,1999,6,1999,12,All (PS),area,1596.0
2224,ML2016A107,Mali,ML,Gao,none,Gao,Sorghum,Main,2000,6,2000,12,All (PS),area,46.0
2225,ML2016A107,Mali,ML,Gao,none,Gao,Sorghum,Main,2001,6,2001,12,All (PS),area,2473.0
2226,ML2016A107,Mali,ML,Gao,none,Gao,Sorghum,Main,2002,6,2002,12,All (PS),area,3695.0
2227,ML2016A107,Mali,ML,Gao,none,Gao,Sorghum,Main,2003,6,2003,12,All (PS),area,341.0
2228,ML2016A107,Mali,ML,Gao,none,Gao,Sorghum,Main,2004,6,2004,12,All (PS),area,18424.0
2229,ML2016A107,Mali,ML,Gao,none,Gao,Sorghum,Main,2005,6,2005,12,All (PS),area,340.0
2230,ML2016A107,Mali,ML,Gao,none,Gao,Sorghum,Main,2006,6,2006,12,All (PS),area,4227.33505729657
2231,ML2016A107,Mali,ML,Gao,none,Gao,Sorghum,Main,2007,6,2007,12,All (PS),area,3077.0
2232,ML2016A107,Mali,ML,Gao,none,Gao,Sorghum,Main,2008,6,2008,12,All (PS),area,7049.0
2233,ML2016A107,Mali,ML,Gao,none,Gao,Sorghum,Main,2009,6,2009,12,All (PS),area,600.0
2234,ML2016A107,Mali,ML,Gao,none,Gao,Sorghum,Main,2010,6,2010,12,All (PS),area,3300.0
2235,ML2016A107,Mali,ML,Gao,none,Gao,Sorghum,Main,2011,6,2011,12,All (PS),area,9705.0
2236,ML2016A107,Mali,ML,Gao,none,Gao,Sorghum,Main,2012,6,2012,12,All (PS),area,3035.0
2237,ML2016A107,Mali,ML,Gao,none,Gao,Sorghum,Main,2013,6,2013,12,All (PS),area,1155.0
2238,ML2016A107,Mali,ML,Gao,none,Gao,Sorghum,Main,2014,6,2014,12,All (PS),area,3878.0
2239,ML2016A107,Mali,ML,Gao,none,Gao,Sorghum,Main,2015,6,2015,12,All (PS),area,184.0
2240,ML2016A107,Mali,ML,Gao,none,Gao,Sorghum,Main,2016,6,2016,12,All (PS),area,566.0
2241,ML2016A107,Mali,ML,Gao,none,Gao,Sorghum,Main,2017,6,2017,12,All (PS),area,9710.0
2242,ML2016A107,Mali,ML,Gao,none,Gao,Sorghum,Main,2019,6,2019,12,All (PS),area,5509.70417179487
2243,ML2016A107,Mali,ML,Gao,none,Gao,Sorghum,Main,2020,6,2020,12,All (PS),area,10898.0
2244,ML2016A107,Mali,ML,Gao,none,Gao,Sorghum,Main,2021,6,2021,12,All (PS),area,11232.0
2245,ML2016A107,Mali,ML,Gao,none,Gao,Sorghum,Main,2022,6,2022,12,All (PS),area,8650.0
2246,ML2016A107,Mali,ML,Gao,none,Gao,Millet,Main,1982,6,1982,12,All (PS),area,797.0
2247,ML2016A107,Mali,ML,Gao,none,Gao,Millet,Main,1985,6,1985,12,All (PS),area,1629.0
2248,ML2016A107,Mali,ML,Gao,none,Gao,Millet,Main,1986,6,1986,12,All (PS),area,1771.0
2249,ML2016A107,Mali,ML,Gao,none,Gao,Millet,Main,1987,6,1987,12,All (PS),area,1774.0
2250,ML2016A107,Mali,ML,Gao,none,Gao,Millet,Main,1988,6,1988,12,All (PS),area,416.0
2251,ML2016A107,Mali,ML,Gao,none,Gao,Millet,Main,1989,6,1989,12,All (PS),area,443.0
2252,ML2016A107,Mali,ML,Gao,none,Gao,Millet,Main,1990,6,1990,12,All (PS),area,5037.0
2253,ML2016A107,Mali,ML,Gao,none,Gao,Millet,Main,1991,6,1991,12,All (PS),area,6348.0
2254,ML2016A107,Mali,ML,Gao,none,Gao,Millet,Main,1992,6,1992,12,All (PS),area,6270.0
2255,ML2016A107,Mali,ML,Gao,none,Gao,Millet,Main,1993,6,1993,12,All (PS),area,2713.0
2256,ML2016A107,Mali,ML,Gao,none,Gao,Millet,Main,1995,6,1995,12,All (PS),area,3135.0
2257,ML2016A107,Mali,ML,Gao,none,Gao,Millet,Main,1996,6,1996,12,All (PS),area,6218.0
2258,ML2016A107,Mali,ML,Gao,none,Gao,Millet,Main,1997,6,1997,12,All (PS),area,10986.0
2259,ML2016A107,Mali,ML,Gao,none,Gao,Millet,Main,1998,6,1998,12,All (PS),area,6200.0
2260,ML2016A107,Mali,ML,Gao,none,Gao,Millet,Main,1999,6,1999,12,All (PS),area,5184.0
2261,ML2016A107,Mali,ML,Gao,none,Gao,Millet,Main,2000,6,2000,12,All (PS),area,22998.0
2262,ML2016A107,Mali,ML,Gao,none,Gao,Millet,Main,2001,6,2001,12,All (PS),area,50961.0
2263,ML2016A107,Mali,ML,Gao,none,Gao,Millet,Main,2002,6,2002,12,All (PS),area,30286.0
2264,ML2016A107,Mali,ML,Gao,none,Gao,Millet,Main,2003,6,2003,12,All (PS),area,22889.0
2265,ML2016A107,Mali,ML,Gao,none,Gao,Millet,Main,2004,6,2004,12,All (PS),area,28097.0
2266,ML2016A107,Mali,ML,Gao,none,Gao,Millet,Main,2005,6,2005,12,All (PS),area,23064.0
2267,ML2016A107,Mali,ML,Gao,none,Gao,Millet,Main,2006,6,2006,12,All (PS),area,19473.397756322
2268,ML2016A107,Mali,ML,Gao,none,Gao,Millet,Main,2007,6,2007,12,All (PS),area,11354.0
2269,ML2016A107,Mali,ML,Gao,none,Gao,Millet,Main,2008,6,2008,12,All (PS),area,17077.0
2270,ML2016A107,Mali,ML,Gao,none,Gao,Millet,Main,2009,6,2009,12,All (PS),area,4907.0
2271,ML2016A107,Mali,ML,Gao,none,Gao,Millet,Main,2010,6,2010,12,All (PS),area,7499.0
2272,ML2016A107,Mali,ML,Gao,none,Gao,Millet,Main,2011,6,2011,12,All (PS),area,4012.0
2273,ML2016A107,Mali,ML,Gao,none,Gao,Millet,Main,2012,6,2012,12,All (PS),area,14790.0
2274,ML2016A107,Mali,ML,Gao,none,Gao,Millet,Main,2013,6,2013,12,All (PS),area,8938.0
2275,ML2016A107,Mali,ML,Gao,none,Gao,Millet,Main,2014,6,2014,12,All (PS),area,5867.0
2276,ML2016A107,Mali,ML,Gao,none,Gao,Millet,Main,2015,6,2015,12,All (PS),area,20287.0
2277,ML2016A107,Mali,ML,Gao,none,Gao,Millet,Main,2016,6,2016,12,All (PS),area,8048.0
2278,ML2016A107,Mali,ML,Gao,none,Gao,Millet,Main,2017,6,2017,12,All (PS),area,10505.0
2279,ML2016A107,Mali,ML,Gao,none,Gao,Millet,Main,2018,6,2018,12,All (PS),area,33168.0
2280,ML2016A107,Mali,ML,Gao,none,Gao,Millet,Main,2019,6,2019,12,All (PS),area,8270.44727169717
2281,ML2016A107,Mali,ML,Gao,none,Gao,Millet,Main,2020,6,2020,12,All (PS),area,24582.0
2282,ML2016A107,Mali,ML,Gao,none,Gao,Millet,Main,2021,6,2021,12,All (PS),area,27546.0
2283,ML2016A107,Mali,ML,Gao,none,Gao,Millet,Main,2022,6,2022,12,All (PS),area,22426.0
2284,ML2016A107,Mali,ML,Gao,none,Gao,Wheat,Main,1997,6,1997,12,All (PS),area,29.0
2285,ML2016A107,Mali,ML,Gao,none,Gao,Wheat,Main,1999,6,1999,12,All (PS),area,50.0
2286,ML2016A107,Mali,ML,Gao,none,Gao,Wheat,Main,2000,6,2000,12,All (PS),area,66.0
2287,ML2016A107,Mali,ML,Gao,none,Gao,Wheat,Main,2001,6,2001,12,All (PS),area,115.0
2288,ML2016A107,Mali,ML,Gao,none,Gao,Wheat,Main,2002,6,2002,12,All (PS),area,124.0
2289,ML2016A107,Mali,ML,Gao,none,Gao,Wheat,Main,2003,6,2003,12,All (PS),area,95.0
2290,ML2016A107,Mali,ML,Gao,none,Gao,Wheat,Main,2004,6,2004,12,All (PS),area,155.0
2291,ML2016A107,Mali,ML,Gao,none,Gao,Wheat,Main,2006,6,2006,12,All (PS),area,155.0
2292,ML2016A107,Mali,ML,Gao,none,Gao,Wheat,Main,2008,6,2008,12,All (PS),area,170.0
2293,ML2016A107,Mali,ML,Gao,none,Gao,Wheat,Main,2009,6,2009,12,All (PS),area,150.0
2294,ML2016A107,Mali,ML,Gao,none,Gao,Wheat,Main,2010,6,2010,12,All (PS),area,180.0
2295,ML2016A107,Mali,ML,Gao,none,Gao,Wheat,Main,2011,6,2011,12,All (PS),area,81.0
2296,ML2016A107,Mali,ML,Gao,none,Gao,Wheat,Main,2012,6,2012,12,All (PS),area,100.0
2297,ML2016A107,Mali,ML,Gao,none,Gao,Wheat,Main,2013,6,2013,12,All (PS),area,100.0
2298,ML2016A107,Mali,ML,Gao,none,Gao,Wheat,Main,2014,6,2014,12,All (PS),area,230.0
2299,ML2016A107,Mali,ML,Gao,none,Gao,Wheat,Main,2015,6,2015,12,All (PS),area,230.0
2300,ML2016A107,Mali,ML,Gao,none,Gao,Wheat,Main,2018,6,2018,12,All (PS),area,130.0
2301,ML2016A107,Mali,ML,Gao,none,Gao,Barley,Main,1999,6,1999,12,All (PS),area,23.0
2302,ML2016A108,Mali,ML,Kidal,none,Kidal,Cowpea,Main,2018,6,2018,12,All (PS),area,4.0
2303,ML2016A108,Mali,ML,Kidal,none,Kidal,Cowpea,Main,2019,6,2019,12,All (PS),area,5.0
2304,ML2016A109,Mali,ML,Bamako,none,Bamako,Rice,Main,1983,6,1983,12,All (PS),area,2.787976060613099
2305,ML2016A109,Mali,ML,Bamako,none,Bamako,Rice,Main,1984,6,1984,12,All (PS),area,10.697567402945076
2306,ML2016A109,Mali,ML,Bamako,none,Bamako,Rice,Main,1985,6,1985,12,All (PS),area,40.022945225690265
2307,ML2016A109,Mali,ML,Bamako,none,Bamako,Rice,Main,1986,6,1986,12,All (PS),area,15.901789382756194
2308,ML2016A109,Mali,ML,Bamako,none,Bamako,Rice,Main,1987,6,1987,12,All (PS),area,19.164753957399675
2309,ML2016A109,Mali,ML,Bamako,none,Bamako,Rice,Main,1988,6,1988,12,All (PS),area,28.75745677336104
2310,ML2016A109,Mali,ML,Bamako,none,Bamako,Rice,Main,1989,6,1989,12,All (PS),area,35.92358783286286
2311,ML2016A109,Mali,ML,Bamako,none,Bamako,Rice,Main,1990,6,1990,12,All (PS),area,86.37562869269843
2312,ML2016A109,Mali,ML,Bamako,none,Bamako,Rice,Main,1991,6,1991,12,All (PS),area,65.403853214531
2313,ML2016A109,Mali,ML,Bamako,none,Bamako,Rice,Main,1992,6,1992,12,All (PS),area,65.403853214531
2314,ML2016A109,Mali,ML,Bamako,none,Bamako,Rice,Main,1993,6,1993,12,All (PS),area,140.69985852560774
2315,ML2016A109,Mali,ML,Bamako,none,Bamako,Rice,Main,1995,6,1995,12,All (PS),area,159.8646124830074
2316,ML2016A109,Mali,ML,Bamako,none,Bamako,Rice,Main,1996,6,1996,12,All (PS),area,218.00940210268283
2317,ML2016A109,Mali,ML,Bamako,none,Bamako,Rice,Main,1998,6,1998,12,All (PS),area,236.32743740463704
2318,ML2016A109,Mali,ML,Bamako,none,Bamako,Rice,Main,1999,6,1999,12,All (PS),area,224.88640971886178
2319,ML2016A109,Mali,ML,Bamako,none,Bamako,Rice,Main,2000,6,2000,12,All (PS),area,236.6991675460521
2320,ML2016A109,Mali,ML,Bamako,none,Bamako,Rice,Main,2022,6,2022,12,All (PS),area,728.0
2321,ML2016A109,Mali,ML,Bamako,none,Bamako,Cowpea,Main,1984,6,1984,12,All (PS),area,196.22126236695075
2322,ML2016A109,Mali,ML,Bamako,none,Bamako,Cowpea,Main,1985,6,1985,12,All (PS),area,364.48593434749523
2323,ML2016A109,Mali,ML,Bamako,none,Bamako,Cowpea,Main,1986,6,1986,12,All (PS),area,317.8019073862082
2324,ML2016A109,Mali,ML,Bamako,none,Bamako,Cowpea,Main,1987,6,1987,12,All (PS),area,336.06985550674557
2325,ML2016A109,Mali,ML,Bamako,none,Bamako,Cowpea,Main,1988,6,1988,12,All (PS),area,513.7540408013292
2326,ML2016A109,Mali,ML,Bamako,none,Bamako,Cowpea,Main,1989,6,1989,12,All (PS),area,691.8780221879273
2327,ML2016A109,Mali,ML,Bamako,none,Bamako,Cowpea,Main,1990,6,1990,12,All (PS),area,350.16302281353455
2328,ML2016A109,Mali,ML,Bamako,none,Bamako,Cowpea,Main,1991,6,1991,12,All (PS),area,481.18943762993655
2329,ML2016A109,Mali,ML,Bamako,none,Bamako,Cowpea,Main,1992,6,1992,12,All (PS),area,481.18943762993655
2330,ML2016A109,Mali,ML,Bamako,none,Bamako,Cowpea,Main,1993,6,1993,12,All (PS),area,416.1061801325854
2331,ML2016A109,Mali,ML,Bamako,none,Bamako,Cowpea,Main,1995,6,1995,12,All (PS),area,165.97379382960392
2332,ML2016A109,Mali,ML,Bamako,none,Bamako,Cowpea,Main,1996,6,1996,12,All (PS),area,420.9373730239672
2333,ML2016A109,Mali,ML,Bamako,none,Bamako,Cowpea,Main,1997,6,1997,12,All (PS),area,355.7162689903131
2334,ML2016A109,Mali,ML,Bamako,none,Bamako,Cowpea,Main,1998,6,1998,12,All (PS),area,480.14574242649945
2335,ML2016A109,Mali,ML,Bamako,none,Bamako,Cowpea,Main,2000,6,2000,12,All (PS),area,514.948710782622
2336,ML2016A109,Mali,ML,Bamako,none,Bamako,Cowpea,Main,2017,6,2017,12,All (PS),area,676.0
2337,ML2016A109,Mali,ML,Bamako,none,Bamako,Cowpea,Main,2018,6,2018,12,All (PS),area,659.0
2338,ML2016A109,Mali,ML,Bamako,none,Bamako,Cowpea,Main,2019,6,2019,12,All (PS),area,724.0
2339,ML2016A109,Mali,ML,Bamako,none,Bamako,Cowpea,Main,2020,6,2020,12,All (PS),area,779.0
2340,ML2016A109,Mali,ML,Bamako,none,Bamako,Fonio,Main,1983,6,1983,12,All (PS),area,291.19449263071436
2341,ML2016A109,Mali,ML,Bamako,none,Bamako,Fonio,Main,1984,6,1984,12,All (PS),area,85.56974706116883
2342,ML2016A109,Mali,ML,Bamako,none,Bamako,Fonio,Main,1985,6,1985,12,All (PS),area,61.957643924741035
2343,ML2016A109,Mali,ML,Bamako,none,Bamako,Fonio,Main,1986,6,1986,12,All (PS),area,52.04956794923728
2344,ML2016A109,Mali,ML,Bamako,none,Bamako,Fonio,Main,1987,6,1987,12,All (PS),area,59.89882294281818
2345,ML2016A109,Mali,ML,Bamako,none,Bamako,Fonio,Main,1988,6,1988,12,All (PS),area,137.42630054335083
2346,ML2016A109,Mali,ML,Bamako,none,Bamako,Fonio,Main,1989,6,1989,12,All (PS),area,111.49802380225982
2347,ML2016A109,Mali,ML,Bamako,none,Bamako,Fonio,Main,1990,6,1990,12,All (PS),area,142.50901484247288
2348,ML2016A109,Mali,ML,Bamako,none,Bamako,Fonio,Main,1991,6,1991,12,All (PS),area,87.04952464192587
2349,ML2016A109,Mali,ML,Bamako,none,Bamako,Fonio,Main,1992,6,1992,12,All (PS),area,87.04952464192587
2350,ML2016A109,Mali,ML,Bamako,none,Bamako,Fonio,Main,1993,6,1993,12,All (PS),area,84.47599841452231
2351,ML2016A109,Mali,ML,Bamako,none,Bamako,Fonio,Main,1995,6,1995,12,All (PS),area,265.26621588962337
2352,ML2016A109,Mali,ML,Bamako,none,Bamako,Fonio,Main,1996,6,1996,12,All (PS),area,108.73148310780098
2353,ML2016A109,Mali,ML,Bamako,none,Bamako,Fonio,Main,1997,6,1997,12,All (PS),area,83.8969550133565
2354,ML2016A109,Mali,ML,Bamako,none,Bamako,Fonio,Main,1998,6,1998,12,All (PS),area,45.03670897956254
2355,ML2016A109,Mali,ML,Bamako,none,Bamako,Fonio,Main,1999,6,1999,12,All (PS),area,104.9998700780658
2356,ML2016A109,Mali,ML,Bamako,none,Bamako,Fonio,Main,2000,6,2000,12,All (PS),area,19.49446117258207
2357,ML2016A109,Mali,ML,Bamako,none,Bamako,Fonio,Main,2022,6,2022,12,All (PS),area,313.0
2358,ML2016A109,Mali,ML,Bamako,none,Bamako,Groundnuts (In Shell),Main,1983,6,1983,12,All (PS),area,57.452147698645184
2359,ML2016A109,Mali,ML,Bamako,none,Bamako,Groundnuts (In Shell),Main,1984,6,1984,12,All (PS),area,37.9510643064171
2360,ML2016A109,Mali,ML,Bamako,none,Bamako,Groundnuts (In Shell),Main,1985,6,1985,12,All (PS),area,47.22652160434461
2361,ML2016A109,Mali,ML,Bamako,none,Bamako,Groundnuts (In Shell),Main,1986,6,1986,12,All (PS),area,53.65147251315294
2362,ML2016A109,Mali,ML,Bamako,none,Bamako,Groundnuts (In Shell),Main,1987,6,1987,12,All (PS),area,67.81351219242762
2363,ML2016A109,Mali,ML,Bamako,none,Bamako,Groundnuts (In Shell),Main,1988,6,1988,12,All (PS),area,153.70807529019612
2364,ML2016A109,Mali,ML,Bamako,none,Bamako,Groundnuts (In Shell),Main,1989,6,1989,12,All (PS),area,64.90383778302147
2365,ML2016A109,Mali,ML,Bamako,none,Bamako,Groundnuts (In Shell),Main,1990,6,1990,12,All (PS),area,311.5474705851352
2366,ML2016A109,Mali,ML,Bamako,none,Bamako,Groundnuts (In Shell),Main,1991,6,1991,12,All (PS),area,14.165520151056274
2367,ML2016A109,Mali,ML,Bamako,none,Bamako,Groundnuts (In Shell),Main,1992,6,1992,12,All (PS),area,154.05264199657316
2368,ML2016A109,Mali,ML,Bamako,none,Bamako,Groundnuts (In Shell),Main,1993,6,1993,12,All (PS),area,154.05264199657316
2369,ML2016A109,Mali,ML,Bamako,none,Bamako,Groundnuts (In Shell),Main,1995,6,1995,12,All (PS),area,171.6812315703078
2370,ML2016A109,Mali,ML,Bamako,none,Bamako,Groundnuts (In Shell),Main,1996,6,1996,12,All (PS),area,127.46879852881695
2371,ML2016A109,Mali,ML,Bamako,none,Bamako,Groundnuts (In Shell),Main,1997,6,1997,12,All (PS),area,144.50222742790032
2372,ML2016A109,Mali,ML,Bamako,none,Bamako,Groundnuts (In Shell),Main,2000,6,2000,12,All (PS),area,241.91019117915633
2373,ML2016A109,Mali,ML,Bamako,none,Bamako,Groundnuts (In Shell),Main,2016,6,2016,12,All (PS),area,510.0
2374,ML2016A109,Mali,ML,Bamako,none,Bamako,Groundnuts (In Shell),Main,2017,6,2017,12,All (PS),area,384.33
2375,ML2016A109,Mali,ML,Bamako,none,Bamako,Groundnuts (In Shell),Main,2018,6,2018,12,All (PS),area,471.0
2376,ML2016A109,Mali,ML,Bamako,none,Bamako,Groundnuts (In Shell),Main,2019,6,2019,12,All (PS),area,399.0
2377,ML2016A109,Mali,ML,Bamako,none,Bamako,Groundnuts (In Shell),Main,2020,6,2020,12,All (PS),area,497.0
2378,ML2016A109,Mali,ML,Bamako,none,Bamako,Maize,Main,1974,6,1974,12,All (PS),area,62.915480728976334
2379,ML2016A109,Mali,ML,Bamako,none,Bamako,Maize,Main,1975,6,1975,12,All (PS),area,95.96463831218081
2380,ML2016A109,Mali,ML,Bamako,none,Bamako,Maize,Main,1976,6,1976,12,All (PS),area,115.43224894661459
2381,ML2016A109,Mali,ML,Bamako,none,Bamako,Maize,Main,1977,6,1977,12,All (PS),area,66.14191563815461
2382,ML2016A109,Mali,ML,Bamako,none,Bamako,Maize,Main,1978,6,1978,12,All (PS),area,149.5060176158419
2383,ML2016A109,Mali,ML,Bamako,none,Bamako,Maize,Main,1979,6,1979,12,All (PS),area,98.49346567342866
2384,ML2016A109,Mali,ML,Bamako,none,Bamako,Maize,Main,1980,6,1980,12,All (PS),area,274.07256539317063
2385,ML2016A109,Mali,ML,Bamako,none,Bamako,Maize,Main,1981,6,1981,12,All (PS),area,274.15976633666196
2386,ML2016A109,Mali,ML,Bamako,none,Bamako,Maize,Main,1983,6,1983,12,All (PS),area,98.66786756041127
2387,ML2016A109,Mali,ML,Bamako,none,Bamako,Maize,Main,1984,6,1984,12,All (PS),area,261.71183165327824
2388,ML2016A109,Mali,ML,Bamako,none,Bamako,Maize,Main,1985,6,1985,12,All (PS),area,315.3622121363034
2389,ML2016A109,Mali,ML,Bamako,none,Bamako,Maize,Main,1986,6,1986,12,All (PS),area,461.40199224836596
2390,ML2016A109,Mali,ML,Bamako,none,Bamako,Maize,Main,1987,6,1987,12,All (PS),area,383.77135230523197
2391,ML2016A109,Mali,ML,Bamako,none,Bamako,Maize,Main,1988,6,1988,12,All (PS),area,604.7821435839437
2392,ML2016A109,Mali,ML,Bamako,none,Bamako,Maize,Main,1989,6,1989,12,All (PS),area,544.2210883292325
2393,ML2016A109,Mali,ML,Bamako,none,Bamako,Maize,Main,1990,6,1990,12,All (PS),area,776.8514053281607
2394,ML2016A109,Mali,ML,Bamako,none,Bamako,Maize,Main,1991,6,1991,12,All (PS),area,641.9951462188579
2395,ML2016A109,Mali,ML,Bamako,none,Bamako,Maize,Main,1992,6,1992,12,All (PS),area,641.9951462188579
2396,ML2016A109,Mali,ML,Bamako,none,Bamako,Maize,Main,1993,6,1993,12,All (PS),area,995.4205701891159
2397,ML2016A109,Mali,ML,Bamako,none,Bamako,Maize,Main,1995,6,1995,12,All (PS),area,946.5880418339852
2398,ML2016A109,Mali,ML,Bamako,none,Bamako,Maize,Main,1996,6,1996,12,All (PS),area,961.1505993970331
2399,ML2016A109,Mali,ML,Bamako,none,Bamako,Maize,Main,1997,6,1997,12,All (PS),area,1094.8950464768218
2400,ML2016A109,Mali,ML,Bamako,none,Bamako,Maize,Main,1998,6,1998,12,All (PS),area,1665.625221627411
2401,ML2016A109,Mali,ML,Bamako,none,Bamako,Maize,Main,1999,6,1999,12,All (PS),area,1893.5902881495542
2402,ML2016A109,Mali,ML,Bamako,none,Bamako,Maize,Main,2000,6,2000,12,All (PS),area,608.7497865127981
2403,ML2016A109,Mali,ML,Bamako,none,Bamako,Maize,Main,2022,6,2022,12,All (PS),area,6868.0
2404,ML2016A109,Mali,ML,Bamako,none,Bamako,Sorghum,Main,1983,6,1983,12,All (PS),area,98.00609337450085
2405,ML2016A109,Mali,ML,Bamako,none,Bamako,Sorghum,Main,1984,6,1984,12,All (PS),area,149.54605467125128
2406,ML2016A109,Mali,ML,Bamako,none,Bamako,Sorghum,Main,1985,6,1985,12,All (PS),area,143.45377847479784
2407,ML2016A109,Mali,ML,Bamako,none,Bamako,Sorghum,Main,1986,6,1986,12,All (PS),area,168.06011187383368
2408,ML2016A109,Mali,ML,Bamako,none,Bamako,Sorghum,Main,1987,6,1987,12,All (PS),area,229.47573673307946
2409,ML2016A109,Mali,ML,Bamako,none,Bamako,Sorghum,Main,1988,6,1988,12,All (PS),area,392.17570899264507
2410,ML2016A109,Mali,ML,Bamako,none,Bamako,Sorghum,Main,1989,6,1989,12,All (PS),area,343.8362889001409
2411,ML2016A109,Mali,ML,Bamako,none,Bamako,Sorghum,Main,1990,6,1990,12,All (PS),area,462.8718808070791
2412,ML2016A109,Mali,ML,Bamako,none,Bamako,Sorghum,Main,1991,6,1991,12,All (PS),area,423.46739012118957
2413,ML2016A109,Mali,ML,Bamako,none,Bamako,Sorghum,Main,1992,6,1992,12,All (PS),area,423.46739012118957
2414,ML2016A109,Mali,ML,Bamako,none,Bamako,Sorghum,Main,1993,6,1993,12,All (PS),area,570.2423691810967
2415,ML2016A109,Mali,ML,Bamako,none,Bamako,Sorghum,Main,1995,6,1995,12,All (PS),area,438.33098978410453
2416,ML2016A109,Mali,ML,Bamako,none,Bamako,Sorghum,Main,1996,6,1996,12,All (PS),area,353.50539996319293
2417,ML2016A109,Mali,ML,Bamako,none,Bamako,Sorghum,Main,1997,6,1997,12,All (PS),area,368.37717992311553
2418,ML2016A109,Mali,ML,Bamako,none,Bamako,Sorghum,Main,1998,6,1998,12,All (PS),area,431.54134326774823
2419,ML2016A109,Mali,ML,Bamako,none,Bamako,Sorghum,Main,1999,6,1999,12,All (PS),area,489.8648158580992
2420,ML2016A109,Mali,ML,Bamako,none,Bamako,Sorghum,Main,2000,6,2000,12,All (PS),area,555.1129098654328
2421,ML2016A109,Mali,ML,Bamako,none,Bamako,Sorghum,Main,2022,6,2022,12,All (PS),area,888.0
2422,ML2016A109,Mali,ML,Bamako,none,Bamako,Millet,Main,1983,6,1983,12,All (PS),area,89.48556203827638
2423,ML2016A109,Mali,ML,Bamako,none,Bamako,Millet,Main,1984,6,1984,12,All (PS),area,257.4704153147072
2424,ML2016A109,Mali,ML,Bamako,none,Bamako,Millet,Main,1985,6,1985,12,All (PS),area,189.78261838831867
2425,ML2016A109,Mali,ML,Bamako,none,Bamako,Millet,Main,1986,6,1986,12,All (PS),area,261.05333332600543
2426,ML2016A109,Mali,ML,Bamako,none,Bamako,Millet,Main,1987,6,1987,12,All (PS),area,199.00767995962235
2427,ML2016A109,Mali,ML,Bamako,none,Bamako,Millet,Main,1988,6,1988,12,All (PS),area,289.5732710669705
2428,ML2016A109,Mali,ML,Bamako,none,Bamako,Millet,Main,1989,6,1989,12,All (PS),area,220.79872289888112
2429,ML2016A109,Mali,ML,Bamako,none,Bamako,Millet,Main,1990,6,1990,12,All (PS),area,343.0347099860219
2430,ML2016A109,Mali,ML,Bamako,none,Bamako,Millet,Main,1991,6,1991,12,All (PS),area,227.03241765024543
2431,ML2016A109,Mali,ML,Bamako,none,Bamako,Millet,Main,1992,6,1992,12,All (PS),area,227.03241765024543
2432,ML2016A109,Mali,ML,Bamako,none,Bamako,Millet,Main,1993,6,1993,12,All (PS),area,372.661565486575
2433,ML2016A109,Mali,ML,Bamako,none,Bamako,Millet,Main,1995,6,1995,12,All (PS),area,321.99879110542946
2434,ML2016A109,Mali,ML,Bamako,none,Bamako,Millet,Main,1996,6,1996,12,All (PS),area,249.10579183992544
2435,ML2016A109,Mali,ML,Bamako,none,Bamako,Millet,Main,1997,6,1997,12,All (PS),area,244.50782576163658
2436,ML2016A109,Mali,ML,Bamako,none,Bamako,Millet,Main,1998,6,1998,12,All (PS),area,288.01596774123425
2437,ML2016A109,Mali,ML,Bamako,none,Bamako,Millet,Main,1999,6,1999,12,All (PS),area,338.3583185603938
2438,ML2016A109,Mali,ML,Bamako,none,Bamako,Millet,Main,2000,6,2000,12,All (PS),area,364.76301264740925
2439,ML2016A109,Mali,ML,Bamako,none,Bamako,Millet,Main,2022,6,2022,12,All (PS),area,753.0
2440,ML2016A101,Mali,ML,Kayes,none,Kayes,Bambara groundnut,Main,1984,6,1984,12,All (PS),production,274.0
2441,ML2016A101,Mali,ML,Kayes,none,Kayes,Bambara groundnut,Main,1990,6,1990,12,All (PS),production,550.0
2442,ML2016A101,Mali,ML,Kayes,none,Kayes,Bambara groundnut,Main,1992,6,1992,12,All (PS),production,10.0
2443,ML2016A101,Mali,ML,Kayes,none,Kayes,Bambara groundnut,Main,1994,6,1994,12,All (PS),production,98.0
2444,ML2016A101,Mali,ML,Kayes,none,Kayes,Bambara groundnut,Main,1995,6,1995,12,All (PS),production,98.0
2445,ML2016A101,Mali,ML,Kayes,none,Kayes,Bambara groundnut,Main,1996,6,1996,12,All (PS),production,1216.0
2446,ML2016A101,Mali,ML,Kayes,none,Kayes,Bambara groundnut,Main,1997,6,1997,12,All (PS),production,772.0
2447,ML2016A101,Mali,ML,Kayes,none,Kayes,Bambara groundnut,Main,1998,6,1998,12,All (PS),production,846.0
2448,ML2016A101,Mali,ML,Kayes,none,Kayes,Bambara groundnut,Main,1999,6,1999,12,All (PS),production,911.0
2449,ML2016A101,Mali,ML,Kayes,none,Kayes,Bambara groundnut,Main,2000,6,2000,12,All (PS),production,539.0
2450,ML2016A101,Mali,ML,Kayes,none,Kayes,Bambara groundnut,Main,2003,6,2003,12,All (PS),production,1020.0
2451,ML2016A101,Mali,ML,Kayes,none,Kayes,Bambara groundnut,Main,2004,6,2004,12,All (PS),production,219.0
2452,ML2016A101,Mali,ML,Kayes,none,Kayes,Bambara groundnut,Main,2005,6,2005,12,All (PS),production,1259.0
2453,ML2016A101,Mali,ML,Kayes,none,Kayes,Bambara groundnut,Main,2006,6,2006,12,All (PS),production,94.0358759719798
2454,ML2016A101,Mali,ML,Kayes,none,Kayes,Bambara groundnut,Main,2007,6,2007,12,All (PS),production,53.0
2455,ML2016A101,Mali,ML,Kayes,none,Kayes,Bambara groundnut,Main,2008,6,2008,12,All (PS),production,898.0
2456,ML2016A101,Mali,ML,Kayes,none,Kayes,Bambara groundnut,Main,2009,6,2009,12,All (PS),production,710.0
2457,ML2016A101,Mali,ML,Kayes,none,Kayes,Bambara groundnut,Main,2010,6,2010,12,All (PS),production,710.0
2458,ML2016A101,Mali,ML,Kayes,none,Kayes,Bambara groundnut,Main,2011,6,2011,12,All (PS),production,710.0
2459,ML2016A101,Mali,ML,Kayes,none,Kayes,Bambara groundnut,Main,2012,6,2012,12,All (PS),production,592.0
2460,ML2016A101,Mali,ML,Kayes,none,Kayes,Bambara groundnut,Main,2013,6,2013,12,All (PS),production,556.0
2461,ML2016A101,Mali,ML,Kayes,none,Kayes,Bambara groundnut,Main,2015,6,2015,12,All (PS),production,1073.5
2462,ML2016A101,Mali,ML,Kayes,none,Kayes,Bambara groundnut,Main,2016,6,2016,12,All (PS),production,1277.0
2463,ML2016A101,Mali,ML,Kayes,none,Kayes,Bambara groundnut,Main,2017,6,2017,12,All (PS),production,734.0
2464,ML2016A101,Mali,ML,Kayes,none,Kayes,Bambara groundnut,Main,2018,6,2018,12,All (PS),production,1328.0
2465,ML2016A101,Mali,ML,Kayes,none,Kayes,Bambara groundnut,Main,2019,6,2019,12,All (PS),production,1139.0
2466,ML2016A101,Mali,ML,Kayes,none,Kayes,Bambara groundnut,Main,2020,6,2020,12,All (PS),production,2042.0
2467,ML2016A101,Mali,ML,Kayes,none,Kayes,Bambara groundnut,Main,2021,6,2021,12,All (PS),production,1129.9682
2468,ML2016A101,Mali,ML,Kayes,none,Kayes,Cotton,Main,1982,6,1982,12,All (PS),production,34.0
2469,ML2016A101,Mali,ML,Kayes,none,Kayes,Cotton,Main,1994,6,1994,12,All (PS),production,3020.0
2470,ML2016A101,Mali,ML,Kayes,none,Kayes,Cotton,Main,1995,6,1995,12,All (PS),production,11600.0
2471,ML2016A101,Mali,ML,Kayes,none,Kayes,Cotton,Main,1996,6,1996,12,All (PS),production,11680.0
2472,ML2016A101,Mali,ML,Kayes,none,Kayes,Cotton,Main,1997,6,1997,12,All (PS),production,27037.0
2473,ML2016A101,Mali,ML,Kayes,none,Kayes,Cotton,Main,1999,6,1999,12,All (PS),production,32389.0
2474,ML2016A101,Mali,ML,Kayes,none,Kayes,Cotton,Main,2000,6,2000,12,All (PS),production,22427.0
2475,ML2016A101,Mali,ML,Kayes,none,Kayes,Cotton,Main,2001,6,2001,12,All (PS),production,36036.0
2476,ML2016A101,Mali,ML,Kayes,none,Kayes,Cotton,Main,2002,6,2002,12,All (PS),production,35255.0
2477,ML2016A101,Mali,ML,Kayes,none,Kayes,Cotton,Main,2003,6,2003,12,All (PS),production,38436.0
2478,ML2016A101,Mali,ML,Kayes,none,Kayes,Cotton,Main,2004,6,2004,12,All (PS),production,47081.0
2479,ML2016A101,Mali,ML,Kayes,none,Kayes,Cotton,Main,2005,6,2005,12,All (PS),production,43728.0
2480,ML2016A101,Mali,ML,Kayes,none,Kayes,Cotton,Main,2006,6,2006,12,All (PS),production,37892.0
2481,ML2016A101,Mali,ML,Kayes,none,Kayes,Cotton,Main,2007,6,2007,12,All (PS),production,21015.0
2482,ML2016A101,Mali,ML,Kayes,none,Kayes,Cotton,Main,2008,6,2008,12,All (PS),production,15350.0
2483,ML2016A101,Mali,ML,Kayes,none,Kayes,Cotton,Main,2009,6,2009,12,All (PS),production,9200.0
2484,ML2016A101,Mali,ML,Kayes,none,Kayes,Cotton,Main,2010,6,2010,12,All (PS),production,11108.0
2485,ML2016A101,Mali,ML,Kayes,none,Kayes,Cotton,Main,2011,6,2011,12,All (PS),production,31616.0
2486,ML2016A101,Mali,ML,Kayes,none,Kayes,Cotton,Main,2012,6,2012,12,All (PS),production,35101.0
2487,ML2016A101,Mali,ML,Kayes,none,Kayes,Cotton,Main,2013,6,2013,12,All (PS),production,35000.0
2488,ML2016A101,Mali,ML,Kayes,none,Kayes,Cotton,Main,2014,6,2014,12,All (PS),production,35184.0
2489,ML2016A101,Mali,ML,Kayes,none,Kayes,Cotton,Main,2015,6,2015,12,All (PS),production,33755.0
2490,ML2016A101,Mali,ML,Kayes,none,Kayes,Cotton,Main,2016,6,2016,12,All (PS),production,48873.0
2491,ML2016A101,Mali,ML,Kayes,none,Kayes,Cotton,Main,2017,6,2017,12,All (PS),production,56600.0
2492,ML2016A101,Mali,ML,Kayes,none,Kayes,Cotton,Main,2019,6,2019,12,All (PS),production,88000.0
2493,ML2016A101,Mali,ML,Kayes,none,Kayes,Cotton,Main,2020,6,2020,12,All (PS),production,72000.0
2494,ML2016A101,Mali,ML,Kayes,none,Kayes,Cotton,Main,2021,6,2021,12,All (PS),production,95114.0
2495,ML2016A101,Mali,ML,Kayes,none,Kayes,Rice,Main,1982,6,1982,12,All (PS),production,1153.0
2496,ML2016A101,Mali,ML,Kayes,none,Kayes,Rice,Main,1983,6,1983,12,All (PS),production,1209.0
2497,ML2016A101,Mali,ML,Kayes,none,Kayes,Rice,Main,1984,6,1984,12,All (PS),production,1101.0
2498,ML2016A101,Mali,ML,Kayes,none,Kayes,Rice,Main,1985,6,1985,12,All (PS),production,126.0
2499,ML2016A101,Mali,ML,Kayes,none,Kayes,Rice,Main,1986,6,1986,12,All (PS),production,96.0
2500,ML2016A101,Mali,ML,Kayes,none,Kayes,Rice,Main,1987,6,1987,12,All (PS),production,193.0
2501,ML2016A101,Mali,ML,Kayes,none,Kayes,Rice,Main,1990,6,1990,12,All (PS),production,531.0
2502,ML2016A101,Mali,ML,Kayes,none,Kayes,Rice,Main,1991,6,1991,12,All (PS),production,2171.0
2503,ML2016A101,Mali,ML,Kayes,none,Kayes,Rice,Main,1992,6,1992,12,All (PS),production,2171.0
2504,ML2016A101,Mali,ML,Kayes,none,Kayes,Rice,Main,1993,6,1993,12,All (PS),production,2621.0
2505,ML2016A101,Mali,ML,Kayes,none,Kayes,Rice,Main,1994,6,1994,12,All (PS),production,3437.0
2506,ML2016A101,Mali,ML,Kayes,none,Kayes,Rice,Main,1995,6,1995,12,All (PS),production,3850.0
2507,ML2016A101,Mali,ML,Kayes,none,Kayes,Rice,Main,1996,6,1996,12,All (PS),production,3480.0
2508,ML2016A101,Mali,ML,Kayes,none,Kayes,Rice,Main,1998,6,1998,12,All (PS),production,594.0
2509,ML2016A101,Mali,ML,Kayes,none,Kayes,Rice,Main,1999,6,1999,12,All (PS),production,2638.0
2510,ML2016A101,Mali,ML,Kayes,none,Kayes,Rice,Main,2000,6,2000,12,All (PS),production,1437.0
2511,ML2016A101,Mali,ML,Kayes,none,Kayes,Rice,Main,2001,6,2001,12,All (PS),production,6895.0
2512,ML2016A101,Mali,ML,Kayes,none,Kayes,Rice,Main,2002,6,2002,12,All (PS),production,3222.0
2513,ML2016A101,Mali,ML,Kayes,none,Kayes,Rice,Main,2003,6,2003,12,All (PS),production,1024.0
2514,ML2016A101,Mali,ML,Kayes,none,Kayes,Rice,Main,2004,6,2004,12,All (PS),production,3719.0
2515,ML2016A101,Mali,ML,Kayes,none,Kayes,Rice,Main,2005,6,2005,12,All (PS),production,1761.0
2516,ML2016A101,Mali,ML,Kayes,none,Kayes,Rice,Main,2006,6,2006,12,All (PS),production,7887.32710662357
2517,ML2016A101,Mali,ML,Kayes,none,Kayes,Rice,Main,2007,6,2007,12,All (PS),production,3585.0
2518,ML2016A101,Mali,ML,Kayes,none,Kayes,Rice,Main,2008,6,2008,12,All (PS),production,2333.0
2519,ML2016A101,Mali,ML,Kayes,none,Kayes,Rice,Main,2009,6,2009,12,All (PS),production,4410.0
2520,ML2016A101,Mali,ML,Kayes,none,Kayes,Rice,Main,2010,6,2010,12,All (PS),production,94519.0
2521,ML2016A101,Mali,ML,Kayes,none,Kayes,Rice,Main,2011,6,2011,12,All (PS),production,2601.0
2522,ML2016A101,Mali,ML,Kayes,none,Kayes,Rice,Main,2012,6,2012,12,All (PS),production,21475.0
2523,ML2016A101,Mali,ML,Kayes,none,Kayes,Rice,Main,2013,6,2013,12,All (PS),production,28786.0
2524,ML2016A101,Mali,ML,Kayes,none,Kayes,Rice,Main,2014,6,2014,12,All (PS),production,18806.0
2525,ML2016A101,Mali,ML,Kayes,none,Kayes,Rice,Main,2015,6,2015,12,All (PS),production,44226.0
2526,ML2016A101,Mali,ML,Kayes,none,Kayes,Rice,Main,2016,6,2016,12,All (PS),production,18053.0
2527,ML2016A101,Mali,ML,Kayes,none,Kayes,Rice,Main,2017,6,2017,12,All (PS),production,32743.0
2528,ML2016A101,Mali,ML,Kayes,none,Kayes,Rice,Main,2018,6,2018,12,All (PS),production,31288.0
2529,ML2016A101,Mali,ML,Kayes,none,Kayes,Rice,Main,2019,6,2019,12,All (PS),production,56000.1419081626
2530,ML2016A101,Mali,ML,Kayes,none,Kayes,Rice,Main,2020,6,2020,12,All (PS),production,79532.0
2531,ML2016A101,Mali,ML,Kayes,none,Kayes,Rice,Main,2021,6,2021,12,All (PS),production,42426.0
2532,ML2016A101,Mali,ML,Kayes,none,Kayes,Rice,Main,2022,6,2022,12,All (PS),production,47637.0
2533,ML2016A101,Mali,ML,Kayes,none,Kayes,Cowpea,Main,1984,6,1984,12,All (PS),production,244.0
2534,ML2016A101,Mali,ML,Kayes,none,Kayes,Cowpea,Main,1985,6,1985,12,All (PS),production,884.6
2535,ML2016A101,Mali,ML,Kayes,none,Kayes,Cowpea,Main,1986,6,1986,12,All (PS),production,360.0
2536,ML2016A101,Mali,ML,Kayes,none,Kayes,Cowpea,Main,1989,6,1989,12,All (PS),production,145.0
2537,ML2016A101,Mali,ML,Kayes,none,Kayes,Cowpea,Main,1991,6,1991,12,All (PS),production,3510.0
2538,ML2016A101,Mali,ML,Kayes,none,Kayes,Cowpea,Main,1992,6,1992,12,All (PS),production,3510.0
2539,ML2016A101,Mali,ML,Kayes,none,Kayes,Cowpea,Main,1993,6,1993,12,All (PS),production,10332.0
2540,ML2016A101,Mali,ML,Kayes,none,Kayes,Cowpea,Main,1994,6,1994,12,All (PS),production,12291.0
2541,ML2016A101,Mali,ML,Kayes,none,Kayes,Cowpea,Main,1995,6,1995,12,All (PS),production,12291.0
2542,ML2016A101,Mali,ML,Kayes,none,Kayes,Cowpea,Main,1996,6,1996,12,All (PS),production,9974.0
2543,ML2016A101,Mali,ML,Kayes,none,Kayes,Cowpea,Main,1997,6,1997,12,All (PS),production,10614.0
2544,ML2016A101,Mali,ML,Kayes,none,Kayes,Cowpea,Main,1998,6,1998,12,All (PS),production,4527.0
2545,ML2016A101,Mali,ML,Kayes,none,Kayes,Cowpea,Main,2000,6,2000,12,All (PS),production,12376.0
2546,ML2016A101,Mali,ML,Kayes,none,Kayes,Cowpea,Main,2001,6,2001,12,All (PS),production,8581.0
2547,ML2016A101,Mali,ML,Kayes,none,Kayes,Cowpea,Main,2002,6,2002,12,All (PS),production,1372.0
2548,ML2016A101,Mali,ML,Kayes,none,Kayes,Cowpea,Main,2003,6,2003,12,All (PS),production,10150.0
2549,ML2016A101,Mali,ML,Kayes,none,Kayes,Cowpea,Main,2004,6,2004,12,All (PS),production,195.0
2550,ML2016A101,Mali,ML,Kayes,none,Kayes,Cowpea,Main,2005,6,2005,12,All (PS),production,1827.0
2551,ML2016A101,Mali,ML,Kayes,none,Kayes,Cowpea,Main,2006,6,2006,12,All (PS),production,4817.57296366137
2552,ML2016A101,Mali,ML,Kayes,none,Kayes,Cowpea,Main,2007,6,2007,12,All (PS),production,1268.0
2553,ML2016A101,Mali,ML,Kayes,none,Kayes,Cowpea,Main,2008,6,2008,12,All (PS),production,9411.0
2554,ML2016A101,Mali,ML,Kayes,none,Kayes,Cowpea,Main,2009,6,2009,12,All (PS),production,4027.0
2555,ML2016A101,Mali,ML,Kayes,none,Kayes,Cowpea,Main,2010,6,2010,12,All (PS),production,1463.0
2556,ML2016A101,Mali,ML,Kayes,none,Kayes,Cowpea,Main,2011,6,2011,12,All (PS),production,1187.0
2557,ML2016A101,Mali,ML,Kayes,none,Kayes,Cowpea,Main,2012,6,2012,12,All (PS),production,17051.2
2558,ML2016A101,Mali,ML,Kayes,none,Kayes,Cowpea,Main,2013,6,2013,12,All (PS),production,18461.0
2559,ML2016A101,Mali,ML,Kayes,none,Kayes,Cowpea,Main,2014,6,2014,12,All (PS),production,17550.0
2560,ML2016A101,Mali,ML,Kayes,none,Kayes,Cowpea,Main,2015,6,2015,12,All (PS),production,32411.275
2561,ML2016A101,Mali,ML,Kayes,none,Kayes,Cowpea,Main,2016,6,2016,12,All (PS),production,15232.0
2562,ML2016A101,Mali,ML,Kayes,none,Kayes,Cowpea,Main,2017,6,2017,12,All (PS),production,15140.0
2563,ML2016A101,Mali,ML,Kayes,none,Kayes,Cowpea,Main,2018,6,2018,12,All (PS),production,16104.0
2564,ML2016A101,Mali,ML,Kayes,none,Kayes,Cowpea,Main,2019,6,2019,12,All (PS),production,11569.0
2565,ML2016A101,Mali,ML,Kayes,none,Kayes,Cowpea,Main,2020,6,2020,12,All (PS),production,28471.0
2566,ML2016A101,Mali,ML,Kayes,none,Kayes,Cowpea,Main,2021,6,2021,12,All (PS),production,13942.824
2567,ML2016A101,Mali,ML,Kayes,none,Kayes,Fonio,Main,1982,6,1982,12,All (PS),production,1148.0
2568,ML2016A101,Mali,ML,Kayes,none,Kayes,Fonio,Main,1983,6,1983,12,All (PS),production,1777.0
2569,ML2016A101,Mali,ML,Kayes,none,Kayes,Fonio,Main,1984,6,1984,12,All (PS),production,2820.0
2570,ML2016A101,Mali,ML,Kayes,none,Kayes,Fonio,Main,1986,6,1986,12,All (PS),production,112.0
2571,ML2016A101,Mali,ML,Kayes,none,Kayes,Fonio,Main,1987,6,1987,12,All (PS),production,1750.0
2572,ML2016A101,Mali,ML,Kayes,none,Kayes,Fonio,Main,1988,6,1988,12,All (PS),production,3655.0
2573,ML2016A101,Mali,ML,Kayes,none,Kayes,Fonio,Main,1989,6,1989,12,All (PS),production,3651.0
2574,ML2016A101,Mali,ML,Kayes,none,Kayes,Fonio,Main,1990,6,1990,12,All (PS),production,24.0
2575,ML2016A101,Mali,ML,Kayes,none,Kayes,Fonio,Main,1991,6,1991,12,All (PS),production,2311.0
2576,ML2016A101,Mali,ML,Kayes,none,Kayes,Fonio,Main,1992,6,1992,12,All (PS),production,2311.0
2577,ML2016A101,Mali,ML,Kayes,none,Kayes,Fonio,Main,1993,6,1993,12,All (PS),production,4737.0
2578,ML2016A101,Mali,ML,Kayes,none,Kayes,Fonio,Main,1994,6,1994,12,All (PS),production,1383.0
2579,ML2016A101,Mali,ML,Kayes,none,Kayes,Fonio,Main,1995,6,1995,12,All (PS),production,1490.0
2580,ML2016A101,Mali,ML,Kayes,none,Kayes,Fonio,Main,1996,6,1996,12,All (PS),production,1870.0
2581,ML2016A101,Mali,ML,Kayes,none,Kayes,Fonio,Main,1997,6,1997,12,All (PS),production,1369.0
2582,ML2016A101,Mali,ML,Kayes,none,Kayes,Fonio,Main,1998,6,1998,12,All (PS),production,3158.0
2583,ML2016A101,Mali,ML,Kayes,none,Kayes,Fonio,Main,1999,6,1999,12,All (PS),production,5333.0
2584,ML2016A101,Mali,ML,Kayes,none,Kayes,Fonio,Main,2000,6,2000,12,All (PS),production,6295.0
2585,ML2016A101,Mali,ML,Kayes,none,Kayes,Fonio,Main,2001,6,2001,12,All (PS),production,5769.0
2586,ML2016A101,Mali,ML,Kayes,none,Kayes,Fonio,Main,2002,6,2002,12,All (PS),production,3184.0
2587,ML2016A101,Mali,ML,Kayes,none,Kayes,Fonio,Main,2003,6,2003,12,All (PS),production,4224.0
2588,ML2016A101,Mali,ML,Kayes,none,Kayes,Fonio,Main,2004,6,2004,12,All (PS),production,2820.0
2589,ML2016A101,Mali,ML,Kayes,none,Kayes,Fonio,Main,2005,6,2005,12,All (PS),production,10518.0
2590,ML2016A101,Mali,ML,Kayes,none,Kayes,Fonio,Main,2006,6,2006,12,All (PS),production,4862.55298870741
2591,ML2016A101,Mali,ML,Kayes,none,Kayes,Fonio,Main,2007,6,2007,12,All (PS),production,5855.0
2592,ML2016A101,Mali,ML,Kayes,none,Kayes,Fonio,Main,2008,6,2008,12,All (PS),production,4893.0
2593,ML2016A101,Mali,ML,Kayes,none,Kayes,Fonio,Main,2009,6,2009,12,All (PS),production,1580.0
2594,ML2016A101,Mali,ML,Kayes,none,Kayes,Fonio,Main,2010,6,2010,12,All (PS),production,21987.0
2595,ML2016A101,Mali,ML,Kayes,none,Kayes,Fonio,Main,2011,6,2011,12,All (PS),production,2117.0
2596,ML2016A101,Mali,ML,Kayes,none,Kayes,Fonio,Main,2012,6,2012,12,All (PS),production,2205.0
2597,ML2016A101,Mali,ML,Kayes,none,Kayes,Fonio,Main,2013,6,2013,12,All (PS),production,1986.0
2598,ML2016A101,Mali,ML,Kayes,none,Kayes,Fonio,Main,2014,6,2014,12,All (PS),production,2388.0
2599,ML2016A101,Mali,ML,Kayes,none,Kayes,Fonio,Main,2015,6,2015,12,All (PS),production,3016.0
2600,ML2016A101,Mali,ML,Kayes,none,Kayes,Fonio,Main,2016,6,2016,12,All (PS),production,1180.0
2601,ML2016A101,Mali,ML,Kayes,none,Kayes,Fonio,Main,2017,6,2017,12,All (PS),production,11059.0
2602,ML2016A101,Mali,ML,Kayes,none,Kayes,Fonio,Main,2018,6,2018,12,All (PS),production,567.0
2603,ML2016A101,Mali,ML,Kayes,none,Kayes,Fonio,Main,2019,6,2019,12,All (PS),production,5194.37017091161
2604,ML2016A101,Mali,ML,Kayes,none,Kayes,Fonio,Main,2020,6,2020,12,All (PS),production,11831.0
2605,ML2016A101,Mali,ML,Kayes,none,Kayes,Fonio,Main,2021,6,2021,12,All (PS),production,18183.0
2606,ML2016A101,Mali,ML,Kayes,none,Kayes,Fonio,Main,2022,6,2022,12,All (PS),production,10354.0
2607,ML2016A101,Mali,ML,Kayes,none,Kayes,Groundnuts (In Shell),Main,1982,6,1982,12,All (PS),production,54429.0
2608,ML2016A101,Mali,ML,Kayes,none,Kayes,Groundnuts (In Shell),Main,1983,6,1983,12,All (PS),production,48979.0
2609,ML2016A101,Mali,ML,Kayes,none,Kayes,Groundnuts (In Shell),Main,1984,6,1984,12,All (PS),production,16940.0
2610,ML2016A101,Mali,ML,Kayes,none,Kayes,Groundnuts (In Shell),Main,1985,6,1985,12,All (PS),production,36658.0
2611,ML2016A101,Mali,ML,Kayes,none,Kayes,Groundnuts (In Shell),Main,1986,6,1986,12,All (PS),production,36849.0
2612,ML2016A101,Mali,ML,Kayes,none,Kayes,Groundnuts (In Shell),Main,1987,6,1987,12,All (PS),production,42988.0
2613,ML2016A101,Mali,ML,Kayes,none,Kayes,Groundnuts (In Shell),Main,1988,6,1988,12,All (PS),production,45337.0
2614,ML2016A101,Mali,ML,Kayes,none,Kayes,Groundnuts (In Shell),Main,1989,6,1989,12,All (PS),production,56193.0
2615,ML2016A101,Mali,ML,Kayes,none,Kayes,Groundnuts (In Shell),Main,1990,6,1990,12,All (PS),production,25086.0
2616,ML2016A101,Mali,ML,Kayes,none,Kayes,Groundnuts (In Shell),Main,1991,6,1991,12,All (PS),production,55172.0
2617,ML2016A101,Mali,ML,Kayes,none,Kayes,Groundnuts (In Shell),Main,1992,6,1992,12,All (PS),production,55172.0
2618,ML2016A101,Mali,ML,Kayes,none,Kayes,Groundnuts (In Shell),Main,1993,6,1993,12,All (PS),production,85870.0
2619,ML2016A101,Mali,ML,Kayes,none,Kayes,Groundnuts (In Shell),Main,1994,6,1994,12,All (PS),production,85873.0
2620,ML2016A101,Mali,ML,Kayes,none,Kayes,Groundnuts (In Shell),Main,1995,6,1995,12,All (PS),production,66700.0
2621,ML2016A101,Mali,ML,Kayes,none,Kayes,Groundnuts (In Shell),Main,1996,6,1996,12,All (PS),production,51650.0
2622,ML2016A101,Mali,ML,Kayes,none,Kayes,Groundnuts (In Shell),Main,1997,6,1997,12,All (PS),production,69293.0
2623,ML2016A101,Mali,ML,Kayes,none,Kayes,Groundnuts (In Shell),Main,1999,6,1999,12,All (PS),production,97190.0
2624,ML2016A101,Mali,ML,Kayes,none,Kayes,Groundnuts (In Shell),Main,2000,6,2000,12,All (PS),production,60106.0
2625,ML2016A101,Mali,ML,Kayes,none,Kayes,Groundnuts (In Shell),Main,2001,6,2001,12,All (PS),production,49343.0
2626,ML2016A101,Mali,ML,Kayes,none,Kayes,Groundnuts (In Shell),Main,2002,6,2002,12,All (PS),production,45862.0
2627,ML2016A101,Mali,ML,Kayes,none,Kayes,Groundnuts (In Shell),Main,2003,6,2003,12,All (PS),production,83725.0
2628,ML2016A101,Mali,ML,Kayes,none,Kayes,Groundnuts (In Shell),Main,2004,6,2004,12,All (PS),production,49092.0
2629,ML2016A101,Mali,ML,Kayes,none,Kayes,Groundnuts (In Shell),Main,2005,6,2005,12,All (PS),production,103280.0
2630,ML2016A101,Mali,ML,Kayes,none,Kayes,Groundnuts (In Shell),Main,2006,6,2006,12,All (PS),production,114351.427114394
2631,ML2016A101,Mali,ML,Kayes,none,Kayes,Groundnuts (In Shell),Main,2007,6,2007,12,All (PS),production,121899.0
2632,ML2016A101,Mali,ML,Kayes,none,Kayes,Groundnuts (In Shell),Main,2008,6,2008,12,All (PS),production,191971.0
2633,ML2016A101,Mali,ML,Kayes,none,Kayes,Groundnuts (In Shell),Main,2009,6,2009,12,All (PS),production,118365.0
2634,ML2016A101,Mali,ML,Kayes,none,Kayes,Groundnuts (In Shell),Main,2010,6,2010,12,All (PS),production,118365.0
2635,ML2016A101,Mali,ML,Kayes,none,Kayes,Groundnuts (In Shell),Main,2011,6,2011,12,All (PS),production,90523.405
2636,ML2016A101,Mali,ML,Kayes,none,Kayes,Groundnuts (In Shell),Main,2012,6,2012,12,All (PS),production,134304.0
2637,ML2016A101,Mali,ML,Kayes,none,Kayes,Groundnuts (In Shell),Main,2013,6,2013,12,All (PS),production,130443.0
2638,ML2016A101,Mali,ML,Kayes,none,Kayes,Groundnuts (In Shell),Main,2014,6,2014,12,All (PS),production,102818.304
2639,ML2016A101,Mali,ML,Kayes,none,Kayes,Groundnuts (In Shell),Main,2015,6,2015,12,All (PS),production,166520.28
2640,ML2016A101,Mali,ML,Kayes,none,Kayes,Groundnuts (In Shell),Main,2016,6,2016,12,All (PS),production,131917.0
2641,ML2016A101,Mali,ML,Kayes,none,Kayes,Groundnuts (In Shell),Main,2017,6,2017,12,All (PS),production,93328.0
2642,ML2016A101,Mali,ML,Kayes,none,Kayes,Groundnuts (In Shell),Main,2018,6,2018,12,All (PS),production,173678.0
2643,ML2016A101,Mali,ML,Kayes,none,Kayes,Groundnuts (In Shell),Main,2019,6,2019,12,All (PS),production,136235.0
2644,ML2016A101,Mali,ML,Kayes,none,Kayes,Groundnuts (In Shell),Main,2020,6,2020,12,All (PS),production,184823.0
2645,ML2016A101,Mali,ML,Kayes,none,Kayes,Groundnuts (In Shell),Main,2021,6,2021,12,All (PS),production,167415.5786
2646,ML2016A101,Mali,ML,Kayes,none,Kayes,Maize,Main,1974,6,1974,12,All (PS),production,14779.0
2647,ML2016A101,Mali,ML,Kayes,none,Kayes,Maize,Main,1975,6,1975,12,All (PS),production,11292.0
2648,ML2016A101,Mali,ML,Kayes,none,Kayes,Maize,Main,1976,6,1976,12,All (PS),production,20213.0
2649,ML2016A101,Mali,ML,Kayes,none,Kayes,Maize,Main,1977,6,1977,12,All (PS),production,15442.0
2650,ML2016A101,Mali,ML,Kayes,none,Kayes,Maize,Main,1978,6,1978,12,All (PS),production,10244.0
2651,ML2016A101,Mali,ML,Kayes,none,Kayes,Maize,Main,1979,6,1979,12,All (PS),production,14379.0
2652,ML2016A101,Mali,ML,Kayes,none,Kayes,Maize,Main,1980,6,1980,12,All (PS),production,4389.0
2653,ML2016A101,Mali,ML,Kayes,none,Kayes,Maize,Main,1981,6,1981,12,All (PS),production,16995.0
2654,ML2016A101,Mali,ML,Kayes,none,Kayes,Maize,Main,1982,6,1982,12,All (PS),production,10244.0
2655,ML2016A101,Mali,ML,Kayes,none,Kayes,Maize,Main,1983,6,1983,12,All (PS),production,7829.0
2656,ML2016A101,Mali,ML,Kayes,none,Kayes,Maize,Main,1984,6,1984,12,All (PS),production,9235.0
2657,ML2016A101,Mali,ML,Kayes,none,Kayes,Maize,Main,1985,6,1985,12,All (PS),production,8306.0
2658,ML2016A101,Mali,ML,Kayes,none,Kayes,Maize,Main,1986,6,1986,12,All (PS),production,11778.0
2659,ML2016A101,Mali,ML,Kayes,none,Kayes,Maize,Main,1987,6,1987,12,All (PS),production,39443.0
2660,ML2016A101,Mali,ML,Kayes,none,Kayes,Maize,Main,1988,6,1988,12,All (PS),production,36867.0
2661,ML2016A101,Mali,ML,Kayes,none,Kayes,Maize,Main,1989,6,1989,12,All (PS),production,23896.0
2662,ML2016A101,Mali,ML,Kayes,none,Kayes,Maize,Main,1990,6,1990,12,All (PS),production,15011.0
2663,ML2016A101,Mali,ML,Kayes,none,Kayes,Maize,Main,1991,6,1991,12,All (PS),production,23425.0
2664,ML2016A101,Mali,ML,Kayes,none,Kayes,Maize,Main,1992,6,1992,12,All (PS),production,23425.0
2665,ML2016A101,Mali,ML,Kayes,none,Kayes,Maize,Main,1993,6,1993,12,All (PS),production,23592.0
2666,ML2016A101,Mali,ML,Kayes,none,Kayes,Maize,Main,1994,6,1994,12,All (PS),production,32307.0
2667,ML2016A101,Mali,ML,Kayes,none,Kayes,Maize,Main,1995,6,1995,12,All (PS),production,30100.0
2668,ML2016A101,Mali,ML,Kayes,none,Kayes,Maize,Main,1996,6,1996,12,All (PS),production,21230.0
2669,ML2016A101,Mali,ML,Kayes,none,Kayes,Maize,Main,1997,6,1997,12,All (PS),production,18799.0
2670,ML2016A101,Mali,ML,Kayes,none,Kayes,Maize,Main,1998,6,1998,12,All (PS),production,19233.0
2671,ML2016A101,Mali,ML,Kayes,none,Kayes,Maize,Main,1999,6,1999,12,All (PS),production,45372.0
2672,ML2016A101,Mali,ML,Kayes,none,Kayes,Maize,Main,2000,6,2000,12,All (PS),production,18048.0
2673,ML2016A101,Mali,ML,Kayes,none,Kayes,Maize,Main,2001,6,2001,12,All (PS),production,42167.0
2674,ML2016A101,Mali,ML,Kayes,none,Kayes,Maize,Main,2002,6,2002,12,All (PS),production,38334.0
2675,ML2016A101,Mali,ML,Kayes,none,Kayes,Maize,Main,2003,6,2003,12,All (PS),production,46552.0
2676,ML2016A101,Mali,ML,Kayes,none,Kayes,Maize,Main,2004,6,2004,12,All (PS),production,48293.0
2677,ML2016A101,Mali,ML,Kayes,none,Kayes,Maize,Main,2005,6,2005,12,All (PS),production,70657.0
2678,ML2016A101,Mali,ML,Kayes,none,Kayes,Maize,Main,2006,6,2006,12,All (PS),production,53593.1809543912
2679,ML2016A101,Mali,ML,Kayes,none,Kayes,Maize,Main,2007,6,2007,12,All (PS),production,57889.0
2680,ML2016A101,Mali,ML,Kayes,none,Kayes,Maize,Main,2008,6,2008,12,All (PS),production,81590.0
2681,ML2016A101,Mali,ML,Kayes,none,Kayes,Maize,Main,2009,6,2009,12,All (PS),production,48595.0
2682,ML2016A101,Mali,ML,Kayes,none,Kayes,Maize,Main,2010,6,2010,12,All (PS),production,220904.0
2683,ML2016A101,Mali,ML,Kayes,none,Kayes,Maize,Main,2011,6,2011,12,All (PS),production,50122.0
2684,ML2016A101,Mali,ML,Kayes,none,Kayes,Maize,Main,2012,6,2012,12,All (PS),production,127834.0
2685,ML2016A101,Mali,ML,Kayes,none,Kayes,Maize,Main,2013,6,2013,12,All (PS),production,67285.0
2686,ML2016A101,Mali,ML,Kayes,none,Kayes,Maize,Main,2014,6,2014,12,All (PS),production,164430.0
2687,ML2016A101,Mali,ML,Kayes,none,Kayes,Maize,Main,2015,6,2015,12,All (PS),production,196595.0
2688,ML2016A101,Mali,ML,Kayes,none,Kayes,Maize,Main,2016,6,2016,12,All (PS),production,152495.0
2689,ML2016A101,Mali,ML,Kayes,none,Kayes,Maize,Main,2017,6,2017,12,All (PS),production,112362.0
2690,ML2016A101,Mali,ML,Kayes,none,Kayes,Maize,Main,2018,6,2018,12,All (PS),production,269898.0
2691,ML2016A101,Mali,ML,Kayes,none,Kayes,Maize,Main,2019,6,2019,12,All (PS),production,365629.338284115
2692,ML2016A101,Mali,ML,Kayes,none,Kayes,Maize,Main,2020,6,2020,12,All (PS),production,163527.0
2693,ML2016A101,Mali,ML,Kayes,none,Kayes,Maize,Main,2021,6,2021,12,All (PS),production,116467.0
2694,ML2016A101,Mali,ML,Kayes,none,Kayes,Maize,Main,2022,6,2022,12,All (PS),production,284521.0
2695,ML2016A101,Mali,ML,Kayes,none,Kayes,Sorghum,Main,1982,6,1982,12,All (PS),production,98941.0
2696,ML2016A101,Mali,ML,Kayes,none,Kayes,Sorghum,Main,1983,6,1983,12,All (PS),production,68247.0
2697,ML2016A101,Mali,ML,Kayes,none,Kayes,Sorghum,Main,1984,6,1984,12,All (PS),production,58518.0
2698,ML2016A101,Mali,ML,Kayes,none,Kayes,Sorghum,Main,1985,6,1985,12,All (PS),production,94614.0
2699,ML2016A101,Mali,ML,Kayes,none,Kayes,Sorghum,Main,1986,6,1986,12,All (PS),production,42828.0
2700,ML2016A101,Mali,ML,Kayes,none,Kayes,Sorghum,Main,1987,6,1987,12,All (PS),production,132130.0
2701,ML2016A101,Mali,ML,Kayes,none,Kayes,Sorghum,Main,1988,6,1988,12,All (PS),production,131562.0
2702,ML2016A101,Mali,ML,Kayes,none,Kayes,Sorghum,Main,1989,6,1989,12,All (PS),production,115910.0
2703,ML2016A101,Mali,ML,Kayes,none,Kayes,Sorghum,Main,1990,6,1990,12,All (PS),production,42691.0
2704,ML2016A101,Mali,ML,Kayes,none,Kayes,Sorghum,Main,1991,6,1991,12,All (PS),production,155097.0
2705,ML2016A101,Mali,ML,Kayes,none,Kayes,Sorghum,Main,1992,6,1992,12,All (PS),production,155097.0
2706,ML2016A101,Mali,ML,Kayes,none,Kayes,Sorghum,Main,1993,6,1993,12,All (PS),production,148804.0
2707,ML2016A101,Mali,ML,Kayes,none,Kayes,Sorghum,Main,1994,6,1994,12,All (PS),production,189377.0
2708,ML2016A101,Mali,ML,Kayes,none,Kayes,Sorghum,Main,1995,6,1995,12,All (PS),production,163560.0
2709,ML2016A101,Mali,ML,Kayes,none,Kayes,Sorghum,Main,1996,6,1996,12,All (PS),production,103630.0
2710,ML2016A101,Mali,ML,Kayes,none,Kayes,Sorghum,Main,1997,6,1997,12,All (PS),production,110274.0
2711,ML2016A101,Mali,ML,Kayes,none,Kayes,Sorghum,Main,1998,6,1998,12,All (PS),production,134738.0
2712,ML2016A101,Mali,ML,Kayes,none,Kayes,Sorghum,Main,1999,6,1999,12,All (PS),production,144759.0
2713,ML2016A101,Mali,ML,Kayes,none,Kayes,Sorghum,Main,2000,6,2000,12,All (PS),production,99606.0
2714,ML2016A101,Mali,ML,Kayes,none,Kayes,Sorghum,Main,2001,6,2001,12,All (PS),production,94977.0
2715,ML2016A101,Mali,ML,Kayes,none,Kayes,Sorghum,Main,2002,6,2002,12,All (PS),production,139527.0
2716,ML2016A101,Mali,ML,Kayes,none,Kayes,Sorghum,Main,2003,6,2003,12,All (PS),production,200611.0
2717,ML2016A101,Mali,ML,Kayes,none,Kayes,Sorghum,Main,2004,6,2004,12,All (PS),production,140268.0
2718,ML2016A101,Mali,ML,Kayes,none,Kayes,Sorghum,Main,2005,6,2005,12,All (PS),production,146256.0
2719,ML2016A101,Mali,ML,Kayes,none,Kayes,Sorghum,Main,2006,6,2006,12,All (PS),production,123334.491081139
2720,ML2016A101,Mali,ML,Kayes,none,Kayes,Sorghum,Main,2007,6,2007,12,All (PS),production,148533.0
2721,ML2016A101,Mali,ML,Kayes,none,Kayes,Sorghum,Main,2008,6,2008,12,All (PS),production,233441.0
2722,ML2016A101,Mali,ML,Kayes,none,Kayes,Sorghum,Main,2009,6,2009,12,All (PS),production,142078.0
2723,ML2016A101,Mali,ML,Kayes,none,Kayes,Sorghum,Main,2010,6,2010,12,All (PS),production,183882.0
2724,ML2016A101,Mali,ML,Kayes,none,Kayes,Sorghum,Main,2011,6,2011,12,All (PS),production,84542.0
2725,ML2016A101,Mali,ML,Kayes,none,Kayes,Sorghum,Main,2012,6,2012,12,All (PS),production,280407.0
2726,ML2016A101,Mali,ML,Kayes,none,Kayes,Sorghum,Main,2013,6,2013,12,All (PS),production,91804.0
2727,ML2016A101,Mali,ML,Kayes,none,Kayes,Sorghum,Main,2014,6,2014,12,All (PS),production,228473.0
2728,ML2016A101,Mali,ML,Kayes,none,Kayes,Sorghum,Main,2015,6,2015,12,All (PS),production,304600.0
2729,ML2016A101,Mali,ML,Kayes,none,Kayes,Sorghum,Main,2016,6,2016,12,All (PS),production,384333.0
2730,ML2016A101,Mali,ML,Kayes,none,Kayes,Sorghum,Main,2017,6,2017,12,All (PS),production,175963.0
2731,ML2016A101,Mali,ML,Kayes,none,Kayes,Sorghum,Main,2018,6,2018,12,All (PS),production,671450.0
2732,ML2016A101,Mali,ML,Kayes,none,Kayes,Sorghum,Main,2019,6,2019,12,All (PS),production,326595.506568381
2733,ML2016A101,Mali,ML,Kayes,none,Kayes,Sorghum,Main,2020,6,2020,12,All (PS),production,651430.0
2734,ML2016A101,Mali,ML,Kayes,none,Kayes,Sorghum,Main,2021,6,2021,12,All (PS),production,258061.0
2735,ML2016A101,Mali,ML,Kayes,none,Kayes,Sorghum,Main,2022,6,2022,12,All (PS),production,351462.0
2736,ML2016A101,Mali,ML,Kayes,none,Kayes,Millet,Main,1982,6,1982,12,All (PS),production,18081.0
2737,ML2016A101,Mali,ML,Kayes,none,Kayes,Millet,Main,1983,6,1983,12,All (PS),production,46889.0
2738,ML2016A101,Mali,ML,Kayes,none,Kayes,Millet,Main,1984,6,1984,12,All (PS),production,5087.0
2739,ML2016A101,Mali,ML,Kayes,none,Kayes,Millet,Main,1985,6,1985,12,All (PS),production,26213.0
2740,ML2016A101,Mali,ML,Kayes,none,Kayes,Millet,Main,1986,6,1986,12,All (PS),production,8494.0
2741,ML2016A101,Mali,ML,Kayes,none,Kayes,Millet,Main,1987,6,1987,12,All (PS),production,32790.0
2742,ML2016A101,Mali,ML,Kayes,none,Kayes,Millet,Main,1988,6,1988,12,All (PS),production,11333.0
2743,ML2016A101,Mali,ML,Kayes,none,Kayes,Millet,Main,1989,6,1989,12,All (PS),production,21113.0
2744,ML2016A101,Mali,ML,Kayes,none,Kayes,Millet,Main,1990,6,1990,12,All (PS),production,4629.0
2745,ML2016A101,Mali,ML,Kayes,none,Kayes,Millet,Main,1991,6,1991,12,All (PS),production,15377.0
2746,ML2016A101,Mali,ML,Kayes,none,Kayes,Millet,Main,1992,6,1992,12,All (PS),production,15377.0
2747,ML2016A101,Mali,ML,Kayes,none,Kayes,Millet,Main,1993,6,1993,12,All (PS),production,12608.0
2748,ML2016A101,Mali,ML,Kayes,none,Kayes,Millet,Main,1994,6,1994,12,All (PS),production,17672.0
2749,ML2016A101,Mali,ML,Kayes,none,Kayes,Millet,Main,1995,6,1995,12,All (PS),production,22590.0
2750,ML2016A101,Mali,ML,Kayes,none,Kayes,Millet,Main,1996,6,1996,12,All (PS),production,33750.0
2751,ML2016A101,Mali,ML,Kayes,none,Kayes,Millet,Main,1997,6,1997,12,All (PS),production,28434.0
2752,ML2016A101,Mali,ML,Kayes,none,Kayes,Millet,Main,1998,6,1998,12,All (PS),production,31601.0
2753,ML2016A101,Mali,ML,Kayes,none,Kayes,Millet,Main,1999,6,1999,12,All (PS),production,69801.0
2754,ML2016A101,Mali,ML,Kayes,none,Kayes,Millet,Main,2000,6,2000,12,All (PS),production,13897.0
2755,ML2016A101,Mali,ML,Kayes,none,Kayes,Millet,Main,2001,6,2001,12,All (PS),production,5743.0
2756,ML2016A101,Mali,ML,Kayes,none,Kayes,Millet,Main,2002,6,2002,12,All (PS),production,40242.0
2757,ML2016A101,Mali,ML,Kayes,none,Kayes,Millet,Main,2003,6,2003,12,All (PS),production,44885.0
2758,ML2016A101,Mali,ML,Kayes,none,Kayes,Millet,Main,2004,6,2004,12,All (PS),production,57219.0
2759,ML2016A101,Mali,ML,Kayes,none,Kayes,Millet,Main,2005,6,2005,12,All (PS),production,37610.0
2760,ML2016A101,Mali,ML,Kayes,none,Kayes,Millet,Main,2006,6,2006,12,All (PS),production,48689.6716508041
2761,ML2016A101,Mali,ML,Kayes,none,Kayes,Millet,Main,2007,6,2007,12,All (PS),production,30136.0
2762,ML2016A101,Mali,ML,Kayes,none,Kayes,Millet,Main,2008,6,2008,12,All (PS),production,36926.0
2763,ML2016A101,Mali,ML,Kayes,none,Kayes,Millet,Main,2009,6,2009,12,All (PS),production,21135.0
2764,ML2016A101,Mali,ML,Kayes,none,Kayes,Millet,Main,2010,6,2010,12,All (PS),production,54156.0
2765,ML2016A101,Mali,ML,Kayes,none,Kayes,Millet,Main,2011,6,2011,12,All (PS),production,22666.0
2766,ML2016A101,Mali,ML,Kayes,none,Kayes,Millet,Main,2012,6,2012,12,All (PS),production,54212.0
2767,ML2016A101,Mali,ML,Kayes,none,Kayes,Millet,Main,2013,6,2013,12,All (PS),production,44380.0
2768,ML2016A101,Mali,ML,Kayes,none,Kayes,Millet,Main,2014,6,2014,12,All (PS),production,49976.0
2769,ML2016A101,Mali,ML,Kayes,none,Kayes,Millet,Main,2015,6,2015,12,All (PS),production,70735.0
2770,ML2016A101,Mali,ML,Kayes,none,Kayes,Millet,Main,2016,6,2016,12,All (PS),production,57326.0
2771,ML2016A101,Mali,ML,Kayes,none,Kayes,Millet,Main,2017,6,2017,12,All (PS),production,19187.0
2772,ML2016A101,Mali,ML,Kayes,none,Kayes,Millet,Main,2018,6,2018,12,All (PS),production,30666.0
2773,ML2016A101,Mali,ML,Kayes,none,Kayes,Millet,Main,2019,6,2019,12,All (PS),production,40159.5491824833
2774,ML2016A101,Mali,ML,Kayes,none,Kayes,Millet,Main,2020,6,2020,12,All (PS),production,62857.0
2775,ML2016A101,Mali,ML,Kayes,none,Kayes,Millet,Main,2021,6,2021,12,All (PS),production,49188.0
2776,ML2016A101,Mali,ML,Kayes,none,Kayes,Millet,Main,2022,6,2022,12,All (PS),production,65106.0
2777,ML2016A101,Mali,ML,Kayes,none,Kayes,Sweet Potatoes,Main,1990,6,1990,12,All (PS),production,20.0
2778,ML2016A101,Mali,ML,Kayes,none,Kayes,Sweet Potatoes,Main,1993,6,1993,12,All (PS),production,337.0
2779,ML2016A101,Mali,ML,Kayes,none,Kayes,Sweet Potatoes,Main,1996,6,1996,12,All (PS),production,600.0
2780,ML2016A101,Mali,ML,Kayes,none,Kayes,Sweet Potatoes,Main,2013,6,2013,12,All (PS),production,124.0
2781,ML2016A101,Mali,ML,Kayes,none,Kayes,Sesame Seed,Main,2006,6,2006,12,All (PS),production,9.0
2782,ML2016A101,Mali,ML,Kayes,none,Kayes,Sesame Seed,Main,2007,6,2007,12,All (PS),production,83.0
2783,ML2016A101,Mali,ML,Kayes,none,Kayes,Sesame Seed,Main,2008,6,2008,12,All (PS),production,1693.0
2784,ML2016A101,Mali,ML,Kayes,none,Kayes,Sesame Seed,Main,2009,6,2009,12,All (PS),production,323.0
2785,ML2016A101,Mali,ML,Kayes,none,Kayes,Sesame Seed,Main,2010,6,2010,12,All (PS),production,323.0
2786,ML2016A101,Mali,ML,Kayes,none,Kayes,Sesame Seed,Main,2011,6,2011,12,All (PS),production,1190.0
2787,ML2016A101,Mali,ML,Kayes,none,Kayes,Sesame Seed,Main,2012,6,2012,12,All (PS),production,1986.0
2788,ML2016A101,Mali,ML,Kayes,none,Kayes,Sesame Seed,Main,2013,6,2013,12,All (PS),production,1835.0
2789,ML2016A101,Mali,ML,Kayes,none,Kayes,Sesame Seed,Main,2014,6,2014,12,All (PS),production,1783.776
2790,ML2016A101,Mali,ML,Kayes,none,Kayes,Sesame Seed,Main,2015,6,2015,12,All (PS),production,3659.15
2791,ML2016A101,Mali,ML,Kayes,none,Kayes,Sesame Seed,Main,2016,6,2016,12,All (PS),production,2188.0
2792,ML2016A101,Mali,ML,Kayes,none,Kayes,Sesame Seed,Main,2017,6,2017,12,All (PS),production,1545.0
2793,ML2016A101,Mali,ML,Kayes,none,Kayes,Sesame Seed,Main,2018,6,2018,12,All (PS),production,2330.0
2794,ML2016A101,Mali,ML,Kayes,none,Kayes,Sesame Seed,Main,2020,6,2020,12,All (PS),production,1822.0
2795,ML2016A101,Mali,ML,Kayes,none,Kayes,Sesame Seed,Main,2021,6,2021,12,All (PS),production,1753.0042
2796,ML2016A101,Mali,ML,Kayes,none,Kayes,Soybean,Main,2006,6,2006,12,All (PS),production,45.0
2797,ML2016A101,Mali,ML,Kayes,none,Kayes,Soybean,Main,2013,6,2013,12,All (PS),production,2.0
2798,ML2016A101,Mali,ML,Kayes,none,Kayes,Soybean,Main,2021,6,2021,12,All (PS),production,997.9438
2799,ML2016A102,Mali,ML,Koulikoro,none,Koulikoro,Bambara groundnut,Main,1984,6,1984,12,All (PS),production,551.0
2800,ML2016A102,Mali,ML,Koulikoro,none,Koulikoro,Bambara groundnut,Main,1985,6,1985,12,All (PS),production,1380.0
2801,ML2016A102,Mali,ML,Koulikoro,none,Koulikoro,Bambara groundnut,Main,1987,6,1987,12,All (PS),production,820.0
2802,ML2016A102,Mali,ML,Koulikoro,none,Koulikoro,Bambara groundnut,Main,1988,6,1988,12,All (PS),production,290.0
2803,ML2016A102,Mali,ML,Koulikoro,none,Koulikoro,Bambara groundnut,Main,1989,6,1989,12,All (PS),production,226.0
2804,ML2016A102,Mali,ML,Koulikoro,none,Koulikoro,Bambara groundnut,Main,1990,6,1990,12,All (PS),production,2330.0
2805,ML2016A102,Mali,ML,Koulikoro,none,Koulikoro,Bambara groundnut,Main,1992,6,1992,12,All (PS),production,230.0
2806,ML2016A102,Mali,ML,Koulikoro,none,Koulikoro,Bambara groundnut,Main,1993,6,1993,12,All (PS),production,391.0
2807,ML2016A102,Mali,ML,Koulikoro,none,Koulikoro,Bambara groundnut,Main,1995,6,1995,12,All (PS),production,61.0
2808,ML2016A102,Mali,ML,Koulikoro,none,Koulikoro,Bambara groundnut,Main,1996,6,1996,12,All (PS),production,61.0
2809,ML2016A102,Mali,ML,Koulikoro,none,Koulikoro,Bambara groundnut,Main,1997,6,1997,12,All (PS),production,261.0
2810,ML2016A102,Mali,ML,Koulikoro,none,Koulikoro,Bambara groundnut,Main,1998,6,1998,12,All (PS),production,865.0
2811,ML2016A102,Mali,ML,Koulikoro,none,Koulikoro,Bambara groundnut,Main,1999,6,1999,12,All (PS),production,1111.0
2812,ML2016A102,Mali,ML,Koulikoro,none,Koulikoro,Bambara groundnut,Main,2000,6,2000,12,All (PS),production,1445.0
2813,ML2016A102,Mali,ML,Koulikoro,none,Koulikoro,Bambara groundnut,Main,2002,6,2002,12,All (PS),production,80.0
2814,ML2016A102,Mali,ML,Koulikoro,none,Koulikoro,Bambara groundnut,Main,2003,6,2003,12,All (PS),production,512.0
2815,ML2016A102,Mali,ML,Koulikoro,none,Koulikoro,Bambara groundnut,Main,2004,6,2004,12,All (PS),production,736.0
2816,ML2016A102,Mali,ML,Koulikoro,none,Koulikoro,Bambara groundnut,Main,2005,6,2005,12,All (PS),production,1160.0
2817,ML2016A102,Mali,ML,Koulikoro,none,Koulikoro,Bambara groundnut,Main,2006,6,2006,12,All (PS),production,2131.72703847892
2818,ML2016A102,Mali,ML,Koulikoro,none,Koulikoro,Bambara groundnut,Main,2007,6,2007,12,All (PS),production,483.0
2819,ML2016A102,Mali,ML,Koulikoro,none,Koulikoro,Bambara groundnut,Main,2008,6,2008,12,All (PS),production,398.0
2820,ML2016A102,Mali,ML,Koulikoro,none,Koulikoro,Bambara groundnut,Main,2009,6,2009,12,All (PS),production,453.0
2821,ML2016A102,Mali,ML,Koulikoro,none,Koulikoro,Bambara groundnut,Main,2010,6,2010,12,All (PS),production,442.0
2822,ML2016A102,Mali,ML,Koulikoro,none,Koulikoro,Bambara groundnut,Main,2011,6,2011,12,All (PS),production,939.0
2823,ML2016A102,Mali,ML,Koulikoro,none,Koulikoro,Bambara groundnut,Main,2012,6,2012,12,All (PS),production,754.0
2824,ML2016A102,Mali,ML,Koulikoro,none,Koulikoro,Bambara groundnut,Main,2013,6,2013,12,All (PS),production,374.0
2825,ML2016A102,Mali,ML,Koulikoro,none,Koulikoro,Bambara groundnut,Main,2014,6,2014,12,All (PS),production,526.0
2826,ML2016A102,Mali,ML,Koulikoro,none,Koulikoro,Bambara groundnut,Main,2015,6,2015,12,All (PS),production,993.345
2827,ML2016A102,Mali,ML,Koulikoro,none,Koulikoro,Bambara groundnut,Main,2016,6,2016,12,All (PS),production,905.0
2828,ML2016A102,Mali,ML,Koulikoro,none,Koulikoro,Bambara groundnut,Main,2017,6,2017,12,All (PS),production,1117.0
2829,ML2016A102,Mali,ML,Koulikoro,none,Koulikoro,Bambara groundnut,Main,2018,6,2018,12,All (PS),production,1785.0
2830,ML2016A102,Mali,ML,Koulikoro,none,Koulikoro,Bambara groundnut,Main,2019,6,2019,12,All (PS),production,2305.0
2831,ML2016A102,Mali,ML,Koulikoro,none,Koulikoro,Bambara groundnut,Main,2020,6,2020,12,All (PS),production,4460.0
2832,ML2016A102,Mali,ML,Koulikoro,none,Koulikoro,Bambara groundnut,Main,2021,6,2021,12,All (PS),production,2925.2274
2833,ML2016A102,Mali,ML,Koulikoro,none,Koulikoro,Cotton,Main,1983,6,1983,12,All (PS),production,13220.0
2834,ML2016A102,Mali,ML,Koulikoro,none,Koulikoro,Cotton,Main,1984,6,1984,12,All (PS),production,40670.0
2835,ML2016A102,Mali,ML,Koulikoro,none,Koulikoro,Cotton,Main,1985,6,1985,12,All (PS),production,45582.0
2836,ML2016A102,Mali,ML,Koulikoro,none,Koulikoro,Cotton,Main,1986,6,1986,12,All (PS),production,45233.0
2837,ML2016A102,Mali,ML,Koulikoro,none,Koulikoro,Cotton,Main,1987,6,1987,12,All (PS),production,50872.0
2838,ML2016A102,Mali,ML,Koulikoro,none,Koulikoro,Cotton,Main,1988,6,1988,12,All (PS),production,85672.0
2839,ML2016A102,Mali,ML,Koulikoro,none,Koulikoro,Cotton,Main,1989,6,1989,12,All (PS),production,70573.0
2840,ML2016A102,Mali,ML,Koulikoro,none,Koulikoro,Cotton,Main,1990,6,1990,12,All (PS),production,50511.0
2841,ML2016A102,Mali,ML,Koulikoro,none,Koulikoro,Cotton,Main,1991,6,1991,12,All (PS),production,88684.0
2842,ML2016A102,Mali,ML,Koulikoro,none,Koulikoro,Cotton,Main,1992,6,1992,12,All (PS),production,88684.0
2843,ML2016A102,Mali,ML,Koulikoro,none,Koulikoro,Cotton,Main,1993,6,1993,12,All (PS),production,81640.0
2844,ML2016A102,Mali,ML,Koulikoro,none,Koulikoro,Cotton,Main,1994,6,1994,12,All (PS),production,80880.0
2845,ML2016A102,Mali,ML,Koulikoro,none,Koulikoro,Cotton,Main,1995,6,1995,12,All (PS),production,111650.0
2846,ML2016A102,Mali,ML,Koulikoro,none,Koulikoro,Cotton,Main,1996,6,1996,12,All (PS),production,126030.0
2847,ML2016A102,Mali,ML,Koulikoro,none,Koulikoro,Cotton,Main,1997,6,1997,12,All (PS),production,143526.0
2848,ML2016A102,Mali,ML,Koulikoro,none,Koulikoro,Cotton,Main,1999,6,1999,12,All (PS),production,110241.0
2849,ML2016A102,Mali,ML,Koulikoro,none,Koulikoro,Cotton,Main,2000,6,2000,12,All (PS),production,20083.0
2850,ML2016A102,Mali,ML,Koulikoro,none,Koulikoro,Cotton,Main,2001,6,2001,12,All (PS),production,123791.0
2851,ML2016A102,Mali,ML,Koulikoro,none,Koulikoro,Cotton,Main,2002,6,2002,12,All (PS),production,83406.0
2852,ML2016A102,Mali,ML,Koulikoro,none,Koulikoro,Cotton,Main,2003,6,2003,12,All (PS),production,117182.0
2853,ML2016A102,Mali,ML,Koulikoro,none,Koulikoro,Cotton,Main,2004,6,2004,12,All (PS),production,119805.0
2854,ML2016A102,Mali,ML,Koulikoro,none,Koulikoro,Cotton,Main,2005,6,2005,12,All (PS),production,106623.0
2855,ML2016A102,Mali,ML,Koulikoro,none,Koulikoro,Cotton,Main,2006,6,2006,12,All (PS),production,80596.0
2856,ML2016A102,Mali,ML,Koulikoro,none,Koulikoro,Cotton,Main,2007,6,2007,12,All (PS),production,42770.0
2857,ML2016A102,Mali,ML,Koulikoro,none,Koulikoro,Cotton,Main,2008,6,2008,12,All (PS),production,33991.0
2858,ML2016A102,Mali,ML,Koulikoro,none,Koulikoro,Cotton,Main,2009,6,2009,12,All (PS),production,47000.0
2859,ML2016A102,Mali,ML,Koulikoro,none,Koulikoro,Cotton,Main,2010,6,2010,12,All (PS),production,40818.0
2860,ML2016A102,Mali,ML,Koulikoro,none,Koulikoro,Cotton,Main,2011,6,2011,12,All (PS),production,81903.0
2861,ML2016A102,Mali,ML,Koulikoro,none,Koulikoro,Cotton,Main,2012,6,2012,12,All (PS),production,74650.0
2862,ML2016A102,Mali,ML,Koulikoro,none,Koulikoro,Cotton,Main,2013,6,2013,12,All (PS),production,82400.0
2863,ML2016A102,Mali,ML,Koulikoro,none,Koulikoro,Cotton,Main,2014,6,2014,12,All (PS),production,99409.0
2864,ML2016A102,Mali,ML,Koulikoro,none,Koulikoro,Cotton,Main,2015,6,2015,12,All (PS),production,95645.0
2865,ML2016A102,Mali,ML,Koulikoro,none,Koulikoro,Cotton,Main,2016,6,2016,12,All (PS),production,135423.626
2866,ML2016A102,Mali,ML,Koulikoro,none,Koulikoro,Cotton,Main,2017,6,2017,12,All (PS),production,108750.0
2867,ML2016A102,Mali,ML,Koulikoro,none,Koulikoro,Cotton,Main,2019,6,2019,12,All (PS),production,130700.0
2868,ML2016A102,Mali,ML,Koulikoro,none,Koulikoro,Cotton,Main,2020,6,2020,12,All (PS),production,27820.0
2869,ML2016A102,Mali,ML,Koulikoro,none,Koulikoro,Cotton,Main,2021,6,2021,12,All (PS),production,147202.0
2870,ML2016A102,Mali,ML,Koulikoro,none,Koulikoro,Rice,Main,1983,6,1983,12,All (PS),production,404.77673256003425
2871,ML2016A102,Mali,ML,Koulikoro,none,Koulikoro,Rice,Main,1984,6,1984,12,All (PS),production,1388.5128503220733
2872,ML2016A102,Mali,ML,Koulikoro,none,Koulikoro,Rice,Main,1985,6,1985,12,All (PS),production,3642.990593040308
2873,ML2016A102,Mali,ML,Koulikoro,none,Koulikoro,Rice,Main,1986,6,1986,12,All (PS),production,1439.9759067844739
2874,ML2016A102,Mali,ML,Koulikoro,none,Koulikoro,Rice,Main,1987,6,1987,12,All (PS),production,1147.0323546138868
2875,ML2016A102,Mali,ML,Koulikoro,none,Koulikoro,Rice,Main,1988,6,1988,12,All (PS),production,45.52501148596962
2876,ML2016A102,Mali,ML,Koulikoro,none,Koulikoro,Rice,Main,1989,6,1989,12,All (PS),production,521.5582837631737
2877,ML2016A102,Mali,ML,Koulikoro,none,Koulikoro,Rice,Main,1990,6,1990,12,All (PS),production,8215.285224892039
2878,ML2016A102,Mali,ML,Koulikoro,none,Koulikoro,Rice,Main,1991,6,1991,12,All (PS),production,14397.779719519262
2879,ML2016A102,Mali,ML,Koulikoro,none,Koulikoro,Rice,Main,1992,6,1992,12,All (PS),production,14397.779719519262
2880,ML2016A102,Mali,ML,Koulikoro,none,Koulikoro,Rice,Main,1993,6,1993,12,All (PS),production,17829.969715896274
2881,ML2016A102,Mali,ML,Koulikoro,none,Koulikoro,Rice,Main,1994,6,1994,12,All (PS),production,17251.01033069427
2882,ML2016A102,Mali,ML,Koulikoro,none,Koulikoro,Rice,Main,1995,6,1995,12,All (PS),production,19783.586513142014
2883,ML2016A102,Mali,ML,Koulikoro,none,Koulikoro,Rice,Main,1996,6,1996,12,All (PS),production,29749.605331918407
2884,ML2016A102,Mali,ML,Koulikoro,none,Koulikoro,Rice,Main,1998,6,1998,12,All (PS),production,37222.63493475659
2885,ML2016A102,Mali,ML,Koulikoro,none,Koulikoro,Rice,Main,1999,6,1999,12,All (PS),production,25334.668891942092
2886,ML2016A102,Mali,ML,Koulikoro,none,Koulikoro,Rice,Main,2000,6,2000,12,All (PS),production,26524.257235553734
2887,ML2016A102,Mali,ML,Koulikoro,none,Koulikoro,Rice,Main,2001,6,2001,12,All (PS),production,35793.0
2888,ML2016A102,Mali,ML,Koulikoro,none,Koulikoro,Rice,Main,2002,6,2002,12,All (PS),production,17741.0
2889,ML2016A102,Mali,ML,Koulikoro,none,Koulikoro,Rice,Main,2003,6,2003,12,All (PS),production,24691.0
2890,ML2016A102,Mali,ML,Koulikoro,none,Koulikoro,Rice,Main,2004,6,2004,12,All (PS),production,20141.0
2891,ML2016A102,Mali,ML,Koulikoro,none,Koulikoro,Rice,Main,2005,6,2005,12,All (PS),production,48817.0
2892,ML2016A102,Mali,ML,Koulikoro,none,Koulikoro,Rice,Main,2006,6,2006,12,All (PS),production,21065.8398156044
2893,ML2016A102,Mali,ML,Koulikoro,none,Koulikoro,Rice,Main,2007,6,2007,12,All (PS),production,31669.0
2894,ML2016A102,Mali,ML,Koulikoro,none,Koulikoro,Rice,Main,2008,6,2008,12,All (PS),production,38661.0
2895,ML2016A102,Mali,ML,Koulikoro,none,Koulikoro,Rice,Main,2009,6,2009,12,All (PS),production,44464.0
2896,ML2016A102,Mali,ML,Koulikoro,none,Koulikoro,Rice,Main,2010,6,2010,12,All (PS),production,92432.0
2897,ML2016A102,Mali,ML,Koulikoro,none,Koulikoro,Rice,Main,2011,6,2011,12,All (PS),production,160506.0
2898,ML2016A102,Mali,ML,Koulikoro,none,Koulikoro,Rice,Main,2012,6,2012,12,All (PS),production,103348.0
2899,ML2016A102,Mali,ML,Koulikoro,none,Koulikoro,Rice,Main,2013,6,2013,12,All (PS),production,75408.0
2900,ML2016A102,Mali,ML,Koulikoro,none,Koulikoro,Rice,Main,2014,6,2014,12,All (PS),production,111409.0
2901,ML2016A102,Mali,ML,Koulikoro,none,Koulikoro,Rice,Main,2015,6,2015,12,All (PS),production,124956.0
2902,ML2016A102,Mali,ML,Koulikoro,none,Koulikoro,Rice,Main,2016,6,2016,12,All (PS),production,161302.0
2903,ML2016A102,Mali,ML,Koulikoro,none,Koulikoro,Rice,Main,2017,6,2017,12,All (PS),production,190526.0
2904,ML2016A102,Mali,ML,Koulikoro,none,Koulikoro,Rice,Main,2018,6,2018,12,All (PS),production,254048.0
2905,ML2016A102,Mali,ML,Koulikoro,none,Koulikoro,Rice,Main,2019,6,2019,12,All (PS),production,241864.414947805
2906,ML2016A102,Mali,ML,Koulikoro,none,Koulikoro,Rice,Main,2020,6,2020,12,All (PS),production,172249.0
2907,ML2016A102,Mali,ML,Koulikoro,none,Koulikoro,Rice,Main,2021,6,2021,12,All (PS),production,155053.0
2908,ML2016A102,Mali,ML,Koulikoro,none,Koulikoro,Rice,Main,2022,6,2022,12,All (PS),production,188249.0
2909,ML2016A102,Mali,ML,Koulikoro,none,Koulikoro,Cowpea,Main,1984,6,1984,12,All (PS),production,13403.436882485703
2910,ML2016A102,Mali,ML,Koulikoro,none,Koulikoro,Cowpea,Main,1985,6,1985,12,All (PS),production,77618.13867962426
2911,ML2016A102,Mali,ML,Koulikoro,none,Koulikoro,Cowpea,Main,1986,6,1986,12,All (PS),production,21666.836525868155
2912,ML2016A102,Mali,ML,Koulikoro,none,Koulikoro,Cowpea,Main,1987,6,1987,12,All (PS),production,4102.890181193741
2913,ML2016A102,Mali,ML,Koulikoro,none,Koulikoro,Cowpea,Main,1988,6,1988,12,All (PS),production,45618.575573950744
2914,ML2016A102,Mali,ML,Koulikoro,none,Koulikoro,Cowpea,Main,1989,6,1989,12,All (PS),production,5391.376516546836
2915,ML2016A102,Mali,ML,Koulikoro,none,Koulikoro,Cowpea,Main,1991,6,1991,12,All (PS),production,35426.916888995154
2916,ML2016A102,Mali,ML,Koulikoro,none,Koulikoro,Cowpea,Main,1992,6,1992,12,All (PS),production,35426.916888995154
2917,ML2016A102,Mali,ML,Koulikoro,none,Koulikoro,Cowpea,Main,1993,6,1993,12,All (PS),production,2541.2089790541377
2918,ML2016A102,Mali,ML,Koulikoro,none,Koulikoro,Cowpea,Main,1994,6,1994,12,All (PS),production,17812.30531448033
2919,ML2016A102,Mali,ML,Koulikoro,none,Koulikoro,Cowpea,Main,1995,6,1995,12,All (PS),production,17812.30531448033
2920,ML2016A102,Mali,ML,Koulikoro,none,Koulikoro,Cowpea,Main,1996,6,1996,12,All (PS),production,19267.688877543
2921,ML2016A102,Mali,ML,Koulikoro,none,Koulikoro,Cowpea,Main,1997,6,1997,12,All (PS),production,24236.85514541978
2922,ML2016A102,Mali,ML,Koulikoro,none,Koulikoro,Cowpea,Main,1998,6,1998,12,All (PS),production,24393.81801433712
2923,ML2016A102,Mali,ML,Koulikoro,none,Koulikoro,Cowpea,Main,1999,6,1999,12,All (PS),production,24072.938225347876
2924,ML2016A102,Mali,ML,Koulikoro,none,Koulikoro,Cowpea,Main,2000,6,2000,12,All (PS),production,25253.14004986559
2925,ML2016A102,Mali,ML,Koulikoro,none,Koulikoro,Cowpea,Main,2001,6,2001,12,All (PS),production,14951.0
2926,ML2016A102,Mali,ML,Koulikoro,none,Koulikoro,Cowpea,Main,2002,6,2002,12,All (PS),production,30261.0
2927,ML2016A102,Mali,ML,Koulikoro,none,Koulikoro,Cowpea,Main,2003,6,2003,12,All (PS),production,44165.0
2928,ML2016A102,Mali,ML,Koulikoro,none,Koulikoro,Cowpea,Main,2004,6,2004,12,All (PS),production,5721.0
2929,ML2016A102,Mali,ML,Koulikoro,none,Koulikoro,Cowpea,Main,2005,6,2005,12,All (PS),production,19199.0
2930,ML2016A102,Mali,ML,Koulikoro,none,Koulikoro,Cowpea,Main,2006,6,2006,12,All (PS),production,19846.1216242297
2931,ML2016A102,Mali,ML,Koulikoro,none,Koulikoro,Cowpea,Main,2007,6,2007,12,All (PS),production,17340.0
2932,ML2016A102,Mali,ML,Koulikoro,none,Koulikoro,Cowpea,Main,2008,6,2008,12,All (PS),production,21312.0
2933,ML2016A102,Mali,ML,Koulikoro,none,Koulikoro,Cowpea,Main,2009,6,2009,12,All (PS),production,38050.0
2934,ML2016A102,Mali,ML,Koulikoro,none,Koulikoro,Cowpea,Main,2010,6,2010,12,All (PS),production,23061.0
2935,ML2016A102,Mali,ML,Koulikoro,none,Koulikoro,Cowpea,Main,2011,6,2011,12,All (PS),production,2514.0
2936,ML2016A102,Mali,ML,Koulikoro,none,Koulikoro,Cowpea,Main,2012,6,2012,12,All (PS),production,25932.4
2937,ML2016A102,Mali,ML,Koulikoro,none,Koulikoro,Cowpea,Main,2013,6,2013,12,All (PS),production,48004.0
2938,ML2016A102,Mali,ML,Koulikoro,none,Koulikoro,Cowpea,Main,2014,6,2014,12,All (PS),production,61354.541
2939,ML2016A102,Mali,ML,Koulikoro,none,Koulikoro,Cowpea,Main,2015,6,2015,12,All (PS),production,48136.626
2940,ML2016A102,Mali,ML,Koulikoro,none,Koulikoro,Cowpea,Main,2016,6,2016,12,All (PS),production,44675.0
2941,ML2016A102,Mali,ML,Koulikoro,none,Koulikoro,Cowpea,Main,2017,6,2017,12,All (PS),production,9298.0
2942,ML2016A102,Mali,ML,Koulikoro,none,Koulikoro,Cowpea,Main,2018,6,2018,12,All (PS),production,118775.0
2943,ML2016A102,Mali,ML,Koulikoro,none,Koulikoro,Cowpea,Main,2019,6,2019,12,All (PS),production,64759.0
2944,ML2016A102,Mali,ML,Koulikoro,none,Koulikoro,Cowpea,Main,2020,6,2020,12,All (PS),production,47728.0
2945,ML2016A102,Mali,ML,Koulikoro,none,Koulikoro,Cowpea,Main,2021,6,2021,12,All (PS),production,31904.9424
2946,ML2016A102,Mali,ML,Koulikoro,none,Koulikoro,Fonio,Main,1983,6,1983,12,All (PS),production,1519.5148351674147
2947,ML2016A102,Mali,ML,Koulikoro,none,Koulikoro,Fonio,Main,1984,6,1984,12,All (PS),production,1252.8512095376652
2948,ML2016A102,Mali,ML,Koulikoro,none,Koulikoro,Fonio,Main,1985,6,1985,12,All (PS),production,608.1801988046919
2949,ML2016A102,Mali,ML,Koulikoro,none,Koulikoro,Fonio,Main,1988,6,1988,12,All (PS),production,1975.1821533487764
2950,ML2016A102,Mali,ML,Koulikoro,none,Koulikoro,Fonio,Main,1989,6,1989,12,All (PS),production,354.6158389953511
2951,ML2016A102,Mali,ML,Koulikoro,none,Koulikoro,Fonio,Main,1991,6,1991,12,All (PS),production,1130.2795079324121
2952,ML2016A102,Mali,ML,Koulikoro,none,Koulikoro,Fonio,Main,1992,6,1992,12,All (PS),production,1131.215169776727
2953,ML2016A102,Mali,ML,Koulikoro,none,Koulikoro,Fonio,Main,1993,6,1993,12,All (PS),production,466.8952603131404
2954,ML2016A102,Mali,ML,Koulikoro,none,Koulikoro,Fonio,Main,1994,6,1994,12,All (PS),production,1509.2225548799508
2955,ML2016A102,Mali,ML,Koulikoro,none,Koulikoro,Fonio,Main,1995,6,1995,12,All (PS),production,1674.83470132369
2956,ML2016A102,Mali,ML,Koulikoro,none,Koulikoro,Fonio,Main,1996,6,1996,12,All (PS),production,1207.0037791662346
2957,ML2016A102,Mali,ML,Koulikoro,none,Koulikoro,Fonio,Main,1997,6,1997,12,All (PS),production,972.1526562431922
2958,ML2016A102,Mali,ML,Koulikoro,none,Koulikoro,Fonio,Main,1998,6,1998,12,All (PS),production,538.9412223253885
2959,ML2016A102,Mali,ML,Koulikoro,none,Koulikoro,Fonio,Main,1999,6,1999,12,All (PS),production,1193.904513345826
2960,ML2016A102,Mali,ML,Koulikoro,none,Koulikoro,Fonio,Main,2000,6,2000,12,All (PS),production,85.14522783265687
2961,ML2016A102,Mali,ML,Koulikoro,none,Koulikoro,Fonio,Main,2001,6,2001,12,All (PS),production,1468.0
2962,ML2016A102,Mali,ML,Koulikoro,none,Koulikoro,Fonio,Main,2002,6,2002,12,All (PS),production,779.0
2963,ML2016A102,Mali,ML,Koulikoro,none,Koulikoro,Fonio,Main,2003,6,2003,12,All (PS),production,1606.0
2964,ML2016A102,Mali,ML,Koulikoro,none,Koulikoro,Fonio,Main,2004,6,2004,12,All (PS),production,1514.0
2965,ML2016A102,Mali,ML,Koulikoro,none,Koulikoro,Fonio,Main,2005,6,2005,12,All (PS),production,2542.0
2966,ML2016A102,Mali,ML,Koulikoro,none,Koulikoro,Fonio,Main,2006,6,2006,12,All (PS),production,677.49935447058
2967,ML2016A102,Mali,ML,Koulikoro,none,Koulikoro,Fonio,Main,2007,6,2007,12,All (PS),production,42.0
2968,ML2016A102,Mali,ML,Koulikoro,none,Koulikoro,Fonio,Main,2008,6,2008,12,All (PS),production,3081.0
2969,ML2016A102,Mali,ML,Koulikoro,none,Koulikoro,Fonio,Main,2009,6,2009,12,All (PS),production,249.0
2970,ML2016A102,Mali,ML,Koulikoro,none,Koulikoro,Fonio,Main,2010,6,2010,12,All (PS),production,3147.0
2971,ML2016A102,Mali,ML,Koulikoro,none,Koulikoro,Fonio,Main,2011,6,2011,12,All (PS),production,2720.0
2972,ML2016A102,Mali,ML,Koulikoro,none,Koulikoro,Fonio,Main,2012,6,2012,12,All (PS),production,402.0
2973,ML2016A102,Mali,ML,Koulikoro,none,Koulikoro,Fonio,Main,2013,6,2013,12,All (PS),production,387.0
2974,ML2016A102,Mali,ML,Koulikoro,none,Koulikoro,Fonio,Main,2014,6,2014,12,All (PS),production,1380.0
2975,ML2016A102,Mali,ML,Koulikoro,none,Koulikoro,Fonio,Main,2015,6,2015,12,All (PS),production,2388.0
2976,ML2016A102,Mali,ML,Koulikoro,none,Koulikoro,Fonio,Main,2016,6,2016,12,All (PS),production,472.0
2977,ML2016A102,Mali,ML,Koulikoro,none,Koulikoro,Fonio,Main,2017,6,2017,12,All (PS),production,1096.0
2978,ML2016A102,Mali,ML,Koulikoro,none,Koulikoro,Fonio,Main,2018,6,2018,12,All (PS),production,161.0
2979,ML2016A102,Mali,ML,Koulikoro,none,Koulikoro,Fonio,Main,2019,6,2019,12,All (PS),production,1008.88644637896
2980,ML2016A102,Mali,ML,Koulikoro,none,Koulikoro,Fonio,Main,2020,6,2020,12,All (PS),production,5131.0
2981,ML2016A102,Mali,ML,Koulikoro,none,Koulikoro,Fonio,Main,2021,6,2021,12,All (PS),production,6167.0
2982,ML2016A102,Mali,ML,Koulikoro,none,Koulikoro,Fonio,Main,2022,6,2022,12,All (PS),production,4450.0
2983,ML2016A102,Mali,ML,Koulikoro,none,Koulikoro,Groundnuts (In Shell),Main,1983,6,1983,12,All (PS),production,12228.291130768153
2984,ML2016A102,Mali,ML,Koulikoro,none,Koulikoro,Groundnuts (In Shell),Main,1984,6,1984,12,All (PS),production,12184.444271526543
2985,ML2016A102,Mali,ML,Koulikoro,none,Koulikoro,Groundnuts (In Shell),Main,1985,6,1985,12,All (PS),production,20889.042350514384
2986,ML2016A102,Mali,ML,Koulikoro,none,Koulikoro,Groundnuts (In Shell),Main,1986,6,1986,12,All (PS),production,17169.034951675047
2987,ML2016A102,Mali,ML,Koulikoro,none,Koulikoro,Groundnuts (In Shell),Main,1987,6,1987,12,All (PS),production,19921.421888614306
2988,ML2016A102,Mali,ML,Koulikoro,none,Koulikoro,Groundnuts (In Shell),Main,1988,6,1988,12,All (PS),production,60462.82585512403
2989,ML2016A102,Mali,ML,Koulikoro,none,Koulikoro,Groundnuts (In Shell),Main,1989,6,1989,12,All (PS),production,35757.113711533115
2990,ML2016A102,Mali,ML,Koulikoro,none,Koulikoro,Groundnuts (In Shell),Main,1990,6,1990,12,All (PS),production,61403.54028976221
2991,ML2016A102,Mali,ML,Koulikoro,none,Koulikoro,Groundnuts (In Shell),Main,1991,6,1991,12,All (PS),production,2819.153745329892
2992,ML2016A102,Mali,ML,Koulikoro,none,Koulikoro,Groundnuts (In Shell),Main,1992,6,1992,12,All (PS),production,28197.516570468233
2993,ML2016A102,Mali,ML,Koulikoro,none,Koulikoro,Groundnuts (In Shell),Main,1993,6,1993,12,All (PS),production,64544.56984270665
2994,ML2016A102,Mali,ML,Koulikoro,none,Koulikoro,Groundnuts (In Shell),Main,1994,6,1994,12,All (PS),production,64548.55592081953
2995,ML2016A102,Mali,ML,Koulikoro,none,Koulikoro,Groundnuts (In Shell),Main,1995,6,1995,12,All (PS),production,43926.58080386767
2996,ML2016A102,Mali,ML,Koulikoro,none,Koulikoro,Groundnuts (In Shell),Main,1996,6,1996,12,All (PS),production,30912.03576533519
2997,ML2016A102,Mali,ML,Koulikoro,none,Koulikoro,Groundnuts (In Shell),Main,1997,6,1997,12,All (PS),production,28462.59076497433
2998,ML2016A102,Mali,ML,Koulikoro,none,Koulikoro,Groundnuts (In Shell),Main,1999,6,1999,12,All (PS),production,56897.27898315855
2999,ML2016A102,Mali,ML,Koulikoro,none,Koulikoro,Groundnuts (In Shell),Main,2000,6,2000,12,All (PS),production,59229.13467918963
3000,ML2016A102,Mali,ML,Koulikoro,none,Koulikoro,Groundnuts (In Shell),Main,2001,6,2001,12,All (PS),production,32352.0
3001,ML2016A102,Mali,ML,Koulikoro,none,Koulikoro,Groundnuts (In Shell),Main,2002,6,2002,12,All (PS),production,30882.0
3002,ML2016A102,Mali,ML,Koulikoro,none,Koulikoro,Groundnuts (In Shell),Main,2003,6,2003,12,All (PS),production,50301.0
3003,ML2016A102,Mali,ML,Koulikoro,none,Koulikoro,Groundnuts (In Shell),Main,2004,6,2004,12,All (PS),production,62656.0
3004,ML2016A102,Mali,ML,Koulikoro,none,Koulikoro,Groundnuts (In Shell),Main,2005,6,2005,12,All (PS),production,90440.0
3005,ML2016A102,Mali,ML,Koulikoro,none,Koulikoro,Groundnuts (In Shell),Main,2006,6,2006,12,All (PS),production,57417.6089451088
3006,ML2016A102,Mali,ML,Koulikoro,none,Koulikoro,Groundnuts (In Shell),Main,2007,6,2007,12,All (PS),production,76717.0
3007,ML2016A102,Mali,ML,Koulikoro,none,Koulikoro,Groundnuts (In Shell),Main,2008,6,2008,12,All (PS),production,67618.0
3008,ML2016A102,Mali,ML,Koulikoro,none,Koulikoro,Groundnuts (In Shell),Main,2009,6,2009,12,All (PS),production,47000.0
3009,ML2016A102,Mali,ML,Koulikoro,none,Koulikoro,Groundnuts (In Shell),Main,2010,6,2010,12,All (PS),production,80290.0
3010,ML2016A102,Mali,ML,Koulikoro,none,Koulikoro,Groundnuts (In Shell),Main,2011,6,2011,12,All (PS),production,60434.695
3011,ML2016A102,Mali,ML,Koulikoro,none,Koulikoro,Groundnuts (In Shell),Main,2012,6,2012,12,All (PS),production,71264.0
3012,ML2016A102,Mali,ML,Koulikoro,none,Koulikoro,Groundnuts (In Shell),Main,2013,6,2013,12,All (PS),production,158584.0
3013,ML2016A102,Mali,ML,Koulikoro,none,Koulikoro,Groundnuts (In Shell),Main,2014,6,2014,12,All (PS),production,278112.852
3014,ML2016A102,Mali,ML,Koulikoro,none,Koulikoro,Groundnuts (In Shell),Main,2015,6,2015,12,All (PS),production,117468.666
3015,ML2016A102,Mali,ML,Koulikoro,none,Koulikoro,Groundnuts (In Shell),Main,2016,6,2016,12,All (PS),production,108995.0
3016,ML2016A102,Mali,ML,Koulikoro,none,Koulikoro,Groundnuts (In Shell),Main,2017,6,2017,12,All (PS),production,94193.0
3017,ML2016A102,Mali,ML,Koulikoro,none,Koulikoro,Groundnuts (In Shell),Main,2018,6,2018,12,All (PS),production,144096.0
3018,ML2016A102,Mali,ML,Koulikoro,none,Koulikoro,Groundnuts (In Shell),Main,2019,6,2019,12,All (PS),production,106732.0
3019,ML2016A102,Mali,ML,Koulikoro,none,Koulikoro,Groundnuts (In Shell),Main,2020,6,2020,12,All (PS),production,156446.0
3020,ML2016A102,Mali,ML,Koulikoro,none,Koulikoro,Groundnuts (In Shell),Main,2021,6,2021,12,All (PS),production,57115.5808
3021,ML2016A102,Mali,ML,Koulikoro,none,Koulikoro,Maize,Main,1974,6,1974,12,All (PS),production,3970.5128425921985
3022,ML2016A102,Mali,ML,Koulikoro,none,Koulikoro,Maize,Main,1975,6,1975,12,All (PS),production,4688.511469461544
3023,ML2016A102,Mali,ML,Koulikoro,none,Koulikoro,Maize,Main,1976,6,1976,12,All (PS),production,6275.1514868758195
3024,ML2016A102,Mali,ML,Koulikoro,none,Koulikoro,Maize,Main,1977,6,1977,12,All (PS),production,4176.912992823032
3025,ML2016A102,Mali,ML,Koulikoro,none,Koulikoro,Maize,Main,1978,6,1978,12,All (PS),production,18724.69988492236
3026,ML2016A102,Mali,ML,Koulikoro,none,Koulikoro,Maize,Main,1979,6,1979,12,All (PS),production,4711.010064036469
3027,ML2016A102,Mali,ML,Koulikoro,none,Koulikoro,Maize,Main,1980,6,1980,12,All (PS),production,14457.792513799628
3028,ML2016A102,Mali,ML,Koulikoro,none,Koulikoro,Maize,Main,1981,6,1981,12,All (PS),production,13482.527348964837
3029,ML2016A102,Mali,ML,Koulikoro,none,Koulikoro,Maize,Main,1983,6,1983,12,All (PS),production,15264.807319204547
3030,ML2016A102,Mali,ML,Koulikoro,none,Koulikoro,Maize,Main,1984,6,1984,12,All (PS),production,20104.9397521058
3031,ML2016A102,Mali,ML,Koulikoro,none,Koulikoro,Maize,Main,1985,6,1985,12,All (PS),production,22347.95181124941
3032,ML2016A102,Mali,ML,Koulikoro,none,Koulikoro,Maize,Main,1986,6,1986,12,All (PS),production,29960.30237568708
3033,ML2016A102,Mali,ML,Koulikoro,none,Koulikoro,Maize,Main,1987,6,1987,12,All (PS),production,25622.96462154719
3034,ML2016A102,Mali,ML,Koulikoro,none,Koulikoro,Maize,Main,1988,6,1988,12,All (PS),production,42022.48366713926
3035,ML2016A102,Mali,ML,Koulikoro,none,Koulikoro,Maize,Main,1989,6,1989,12,All (PS),production,28242.583589879763
3036,ML2016A102,Mali,ML,Koulikoro,none,Koulikoro,Maize,Main,1990,6,1990,12,All (PS),production,30969.804532266324
3037,ML2016A102,Mali,ML,Koulikoro,none,Koulikoro,Maize,Main,1991,6,1991,12,All (PS),production,32651.329926800936
3038,ML2016A102,Mali,ML,Koulikoro,none,Koulikoro,Maize,Main,1992,6,1992,12,All (PS),production,32651.329926800936
3039,ML2016A102,Mali,ML,Koulikoro,none,Koulikoro,Maize,Main,1993,6,1993,12,All (PS),production,51419.07060134489
3040,ML2016A102,Mali,ML,Koulikoro,none,Koulikoro,Maize,Main,1994,6,1994,12,All (PS),production,42962.53364046547
3041,ML2016A102,Mali,ML,Koulikoro,none,Koulikoro,Maize,Main,1995,6,1995,12,All (PS),production,43226.64757677981
3042,ML2016A102,Mali,ML,Koulikoro,none,Koulikoro,Maize,Main,1996,6,1996,12,All (PS),production,62233.068993770794
3043,ML2016A102,Mali,ML,Koulikoro,none,Koulikoro,Maize,Main,1997,6,1997,12,All (PS),production,69471.74724831188
3044,ML2016A102,Mali,ML,Koulikoro,none,Koulikoro,Maize,Main,1998,6,1998,12,All (PS),production,117540.48365752121
3045,ML2016A102,Mali,ML,Koulikoro,none,Koulikoro,Maize,Main,1999,6,1999,12,All (PS),production,98970.33933533094
3046,ML2016A102,Mali,ML,Koulikoro,none,Koulikoro,Maize,Main,2000,6,2000,12,All (PS),production,29446.747499520312
3047,ML2016A102,Mali,ML,Koulikoro,none,Koulikoro,Maize,Main,2001,6,2001,12,All (PS),production,45139.0
3048,ML2016A102,Mali,ML,Koulikoro,none,Koulikoro,Maize,Main,2002,6,2002,12,All (PS),production,58306.0
3049,ML2016A102,Mali,ML,Koulikoro,none,Koulikoro,Maize,Main,2003,6,2003,12,All (PS),production,73322.0
3050,ML2016A102,Mali,ML,Koulikoro,none,Koulikoro,Maize,Main,2004,6,2004,12,All (PS),production,60471.0
3051,ML2016A102,Mali,ML,Koulikoro,none,Koulikoro,Maize,Main,2005,6,2005,12,All (PS),production,131882.0
3052,ML2016A102,Mali,ML,Koulikoro,none,Koulikoro,Maize,Main,2006,6,2006,12,All (PS),production,95111.363661314
3053,ML2016A102,Mali,ML,Koulikoro,none,Koulikoro,Maize,Main,2007,6,2007,12,All (PS),production,80521.0
3054,ML2016A102,Mali,ML,Koulikoro,none,Koulikoro,Maize,Main,2008,6,2008,12,All (PS),production,54434.0
3055,ML2016A102,Mali,ML,Koulikoro,none,Koulikoro,Maize,Main,2009,6,2009,12,All (PS),production,94664.0
3056,ML2016A102,Mali,ML,Koulikoro,none,Koulikoro,Maize,Main,2010,6,2010,12,All (PS),production,261361.0
3057,ML2016A102,Mali,ML,Koulikoro,none,Koulikoro,Maize,Main,2011,6,2011,12,All (PS),production,305197.0
3058,ML2016A102,Mali,ML,Koulikoro,none,Koulikoro,Maize,Main,2012,6,2012,12,All (PS),production,237275.0
3059,ML2016A102,Mali,ML,Koulikoro,none,Koulikoro,Maize,Main,2013,6,2013,12,All (PS),production,248271.0
3060,ML2016A102,Mali,ML,Koulikoro,none,Koulikoro,Maize,Main,2014,6,2014,12,All (PS),production,258640.0
3061,ML2016A102,Mali,ML,Koulikoro,none,Koulikoro,Maize,Main,2015,6,2015,12,All (PS),production,465234.0
3062,ML2016A102,Mali,ML,Koulikoro,none,Koulikoro,Maize,Main,2016,6,2016,12,All (PS),production,523615.0
3063,ML2016A102,Mali,ML,Koulikoro,none,Koulikoro,Maize,Main,2017,6,2017,12,All (PS),production,1062382.0
3064,ML2016A102,Mali,ML,Koulikoro,none,Koulikoro,Maize,Main,2018,6,2018,12,All (PS),production,1076620.0
3065,ML2016A102,Mali,ML,Koulikoro,none,Koulikoro,Maize,Main,2019,6,2019,12,All (PS),production,807429.34899326
3066,ML2016A102,Mali,ML,Koulikoro,none,Koulikoro,Maize,Main,2020,6,2020,12,All (PS),production,831052.0
3067,ML2016A102,Mali,ML,Koulikoro,none,Koulikoro,Maize,Main,2021,6,2021,12,All (PS),production,745504.0
3068,ML2016A102,Mali,ML,Koulikoro,none,Koulikoro,Maize,Main,2022,6,2022,12,All (PS),production,917794.0
3069,ML2016A102,Mali,ML,Koulikoro,none,Koulikoro,Sorghum,Main,1983,6,1983,12,All (PS),production,91016.48309300264
3070,ML2016A102,Mali,ML,Koulikoro,none,Koulikoro,Sorghum,Main,1984,6,1984,12,All (PS),production,98444.26160534563
3071,ML2016A102,Mali,ML,Koulikoro,none,Koulikoro,Sorghum,Main,1985,6,1985,12,All (PS),production,135227.8822134943
3072,ML2016A102,Mali,ML,Koulikoro,none,Koulikoro,Sorghum,Main,1986,6,1986,12,All (PS),production,141647.72625083174
3073,ML2016A102,Mali,ML,Koulikoro,none,Koulikoro,Sorghum,Main,1987,6,1987,12,All (PS),production,110411.73707491667
3074,ML2016A102,Mali,ML,Koulikoro,none,Koulikoro,Sorghum,Main,1988,6,1988,12,All (PS),production,171662.21859763117
3075,ML2016A102,Mali,ML,Koulikoro,none,Koulikoro,Sorghum,Main,1989,6,1989,12,All (PS),production,224662.60674918623
3076,ML2016A102,Mali,ML,Koulikoro,none,Koulikoro,Sorghum,Main,1990,6,1990,12,All (PS),production,131129.28133344694
3077,ML2016A102,Mali,ML,Koulikoro,none,Koulikoro,Sorghum,Main,1991,6,1991,12,All (PS),production,120223.62990487185
3078,ML2016A102,Mali,ML,Koulikoro,none,Koulikoro,Sorghum,Main,1992,6,1992,12,All (PS),production,120223.62990487185
3079,ML2016A102,Mali,ML,Koulikoro,none,Koulikoro,Sorghum,Main,1993,6,1993,12,All (PS),production,236162.04135858142
3080,ML2016A102,Mali,ML,Koulikoro,none,Koulikoro,Sorghum,Main,1994,6,1994,12,All (PS),production,203530.91119647052
3081,ML2016A102,Mali,ML,Koulikoro,none,Koulikoro,Sorghum,Main,1995,6,1995,12,All (PS),production,198742.7234627312
3082,ML2016A102,Mali,ML,Koulikoro,none,Koulikoro,Sorghum,Main,1996,6,1996,12,All (PS),production,163664.607822686
3083,ML2016A102,Mali,ML,Koulikoro,none,Koulikoro,Sorghum,Main,1997,6,1997,12,All (PS),production,168744.19839474375
3084,ML2016A102,Mali,ML,Koulikoro,none,Koulikoro,Sorghum,Main,1998,6,1998,12,All (PS),production,215079.24559722736
3085,ML2016A102,Mali,ML,Koulikoro,none,Koulikoro,Sorghum,Main,1999,6,1999,12,All (PS),production,199725.70906459307
3086,ML2016A102,Mali,ML,Koulikoro,none,Koulikoro,Sorghum,Main,2000,6,2000,12,All (PS),production,223374.24694004544
3087,ML2016A102,Mali,ML,Koulikoro,none,Koulikoro,Sorghum,Main,2001,6,2001,12,All (PS),production,179344.0
3088,ML2016A102,Mali,ML,Koulikoro,none,Koulikoro,Sorghum,Main,2002,6,2002,12,All (PS),production,203809.0
3089,ML2016A102,Mali,ML,Koulikoro,none,Koulikoro,Sorghum,Main,2003,6,2003,12,All (PS),production,176214.0
3090,ML2016A102,Mali,ML,Koulikoro,none,Koulikoro,Sorghum,Main,2004,6,2004,12,All (PS),production,270245.0
3091,ML2016A102,Mali,ML,Koulikoro,none,Koulikoro,Sorghum,Main,2005,6,2005,12,All (PS),production,181964.0
3092,ML2016A102,Mali,ML,Koulikoro,none,Koulikoro,Sorghum,Main,2006,6,2006,12,All (PS),production,193597.951500273
3093,ML2016A102,Mali,ML,Koulikoro,none,Koulikoro,Sorghum,Main,2007,6,2007,12,All (PS),production,195357.0
3094,ML2016A102,Mali,ML,Koulikoro,none,Koulikoro,Sorghum,Main,2008,6,2008,12,All (PS),production,189197.0
3095,ML2016A102,Mali,ML,Koulikoro,none,Koulikoro,Sorghum,Main,2009,6,2009,12,All (PS),production,217955.0
3096,ML2016A102,Mali,ML,Koulikoro,none,Koulikoro,Sorghum,Main,2010,6,2010,12,All (PS),production,338043.0
3097,ML2016A102,Mali,ML,Koulikoro,none,Koulikoro,Sorghum,Main,2011,6,2011,12,All (PS),production,386371.0
3098,ML2016A102,Mali,ML,Koulikoro,none,Koulikoro,Sorghum,Main,2012,6,2012,12,All (PS),production,331138.0
3099,ML2016A102,Mali,ML,Koulikoro,none,Koulikoro,Sorghum,Main,2013,6,2013,12,All (PS),production,273483.0
3100,ML2016A102,Mali,ML,Koulikoro,none,Koulikoro,Sorghum,Main,2014,6,2014,12,All (PS),production,403269.0
3101,ML2016A102,Mali,ML,Koulikoro,none,Koulikoro,Sorghum,Main,2015,6,2015,12,All (PS),production,541921.0
3102,ML2016A102,Mali,ML,Koulikoro,none,Koulikoro,Sorghum,Main,2016,6,2016,12,All (PS),production,527681.0
3103,ML2016A102,Mali,ML,Koulikoro,none,Koulikoro,Sorghum,Main,2017,6,2017,12,All (PS),production,545483.0
3104,ML2016A102,Mali,ML,Koulikoro,none,Koulikoro,Sorghum,Main,2018,6,2018,12,All (PS),production,328761.0
3105,ML2016A102,Mali,ML,Koulikoro,none,Koulikoro,Sorghum,Main,2019,6,2019,12,All (PS),production,398623.430561437
3106,ML2016A102,Mali,ML,Koulikoro,none,Koulikoro,Sorghum,Main,2020,6,2020,12,All (PS),production,406879.0
3107,ML2016A102,Mali,ML,Koulikoro,none,Koulikoro,Sorghum,Main,2021,6,2021,12,All (PS),production,329322.0
3108,ML2016A102,Mali,ML,Koulikoro,none,Koulikoro,Sorghum,Main,2022,6,2022,12,All (PS),production,472622.0
3109,ML2016A102,Mali,ML,Koulikoro,none,Koulikoro,Millet,Main,1983,6,1983,12,All (PS),production,9415.854285633131
3110,ML2016A102,Mali,ML,Koulikoro,none,Koulikoro,Millet,Main,1984,6,1984,12,All (PS),production,119713.15342787268
3111,ML2016A102,Mali,ML,Koulikoro,none,Koulikoro,Millet,Main,1985,6,1985,12,All (PS),production,129452.28171886186
3112,ML2016A102,Mali,ML,Koulikoro,none,Koulikoro,Millet,Main,1986,6,1986,12,All (PS),production,115033.66242441614
3113,ML2016A102,Mali,ML,Koulikoro,none,Koulikoro,Millet,Main,1987,6,1987,12,All (PS),production,110648.51040731774
3114,ML2016A102,Mali,ML,Koulikoro,none,Koulikoro,Millet,Main,1988,6,1988,12,All (PS),production,162649.72834295698
3115,ML2016A102,Mali,ML,Koulikoro,none,Koulikoro,Millet,Main,1989,6,1989,12,All (PS),production,115915.68162421478
3116,ML2016A102,Mali,ML,Koulikoro,none,Koulikoro,Millet,Main,1990,6,1990,12,All (PS),production,78787.06345350585
3117,ML2016A102,Mali,ML,Koulikoro,none,Koulikoro,Millet,Main,1991,6,1991,12,All (PS),production,68580.98382144679
3118,ML2016A102,Mali,ML,Koulikoro,none,Koulikoro,Millet,Main,1992,6,1992,12,All (PS),production,47675.93147508826
3119,ML2016A102,Mali,ML,Koulikoro,none,Koulikoro,Millet,Main,1993,6,1993,12,All (PS),production,94636.46954943489
3120,ML2016A102,Mali,ML,Koulikoro,none,Koulikoro,Millet,Main,1994,6,1994,12,All (PS),production,115719.12304688408
3121,ML2016A102,Mali,ML,Koulikoro,none,Koulikoro,Millet,Main,1995,6,1995,12,All (PS),production,106291.29564994146
3122,ML2016A102,Mali,ML,Koulikoro,none,Koulikoro,Millet,Main,1996,6,1996,12,All (PS),production,89429.16388908526
3123,ML2016A102,Mali,ML,Koulikoro,none,Koulikoro,Millet,Main,1997,6,1997,12,All (PS),production,96131.11294456875
3124,ML2016A102,Mali,ML,Koulikoro,none,Koulikoro,Millet,Main,1998,6,1998,12,All (PS),production,121051.14861670748
3125,ML2016A102,Mali,ML,Koulikoro,none,Koulikoro,Millet,Main,1999,6,1999,12,All (PS),production,107347.9227230034
3126,ML2016A102,Mali,ML,Koulikoro,none,Koulikoro,Millet,Main,2000,6,2000,12,All (PS),production,109335.45920037769
3127,ML2016A102,Mali,ML,Koulikoro,none,Koulikoro,Millet,Main,2001,6,2001,12,All (PS),production,43059.0
3128,ML2016A102,Mali,ML,Koulikoro,none,Koulikoro,Millet,Main,2002,6,2002,12,All (PS),production,146692.0
3129,ML2016A102,Mali,ML,Koulikoro,none,Koulikoro,Millet,Main,2003,6,2003,12,All (PS),production,162470.0
3130,ML2016A102,Mali,ML,Koulikoro,none,Koulikoro,Millet,Main,2004,6,2004,12,All (PS),production,161239.0
3131,ML2016A102,Mali,ML,Koulikoro,none,Koulikoro,Millet,Main,2005,6,2005,12,All (PS),production,250494.0
3132,ML2016A102,Mali,ML,Koulikoro,none,Koulikoro,Millet,Main,2006,6,2006,12,All (PS),production,148112.220143319
3133,ML2016A102,Mali,ML,Koulikoro,none,Koulikoro,Millet,Main,2007,6,2007,12,All (PS),production,184409.0
3134,ML2016A102,Mali,ML,Koulikoro,none,Koulikoro,Millet,Main,2008,6,2008,12,All (PS),production,201141.0
3135,ML2016A102,Mali,ML,Koulikoro,none,Koulikoro,Millet,Main,2009,6,2009,12,All (PS),production,183410.0
3136,ML2016A102,Mali,ML,Koulikoro,none,Koulikoro,Millet,Main,2010,6,2010,12,All (PS),production,189214.0
3137,ML2016A102,Mali,ML,Koulikoro,none,Koulikoro,Millet,Main,2011,6,2011,12,All (PS),production,205049.0
3138,ML2016A102,Mali,ML,Koulikoro,none,Koulikoro,Millet,Main,2012,6,2012,12,All (PS),production,294196.0
3139,ML2016A102,Mali,ML,Koulikoro,none,Koulikoro,Millet,Main,2013,6,2013,12,All (PS),production,138251.0
3140,ML2016A102,Mali,ML,Koulikoro,none,Koulikoro,Millet,Main,2014,6,2014,12,All (PS),production,195564.0
3141,ML2016A102,Mali,ML,Koulikoro,none,Koulikoro,Millet,Main,2015,6,2015,12,All (PS),production,260436.0
3142,ML2016A102,Mali,ML,Koulikoro,none,Koulikoro,Millet,Main,2016,6,2016,12,All (PS),production,330052.0
3143,ML2016A102,Mali,ML,Koulikoro,none,Koulikoro,Millet,Main,2017,6,2017,12,All (PS),production,232448.0
3144,ML2016A102,Mali,ML,Koulikoro,none,Koulikoro,Millet,Main,2018,6,2018,12,All (PS),production,291950.0
3145,ML2016A102,Mali,ML,Koulikoro,none,Koulikoro,Millet,Main,2019,6,2019,12,All (PS),production,308834.172744826
3146,ML2016A102,Mali,ML,Koulikoro,none,Koulikoro,Millet,Main,2020,6,2020,12,All (PS),production,393095.0
3147,ML2016A102,Mali,ML,Koulikoro,none,Koulikoro,Millet,Main,2021,6,2021,12,All (PS),production,235051.0
3148,ML2016A102,Mali,ML,Koulikoro,none,Koulikoro,Millet,Main,2022,6,2022,12,All (PS),production,334357.0
3149,ML2016A102,Mali,ML,Koulikoro,none,Koulikoro,Sweet Potatoes,Main,2001,6,2001,12,All (PS),production,993.0
3150,ML2016A102,Mali,ML,Koulikoro,none,Koulikoro,Sweet Potatoes,Main,2013,6,2013,12,All (PS),production,1619.0
3151,ML2016A102,Mali,ML,Koulikoro,none,Koulikoro,Wheat,Main,2008,6,2008,12,All (PS),production,66.0
3152,ML2016A102,Mali,ML,Koulikoro,none,Koulikoro,Sesame Seed,Main,2004,6,2004,12,All (PS),production,621.0
3153,ML2016A102,Mali,ML,Koulikoro,none,Koulikoro,Sesame Seed,Main,2005,6,2005,12,All (PS),production,1357.0
3154,ML2016A102,Mali,ML,Koulikoro,none,Koulikoro,Sesame Seed,Main,2006,6,2006,12,All (PS),production,2347.0
3155,ML2016A102,Mali,ML,Koulikoro,none,Koulikoro,Sesame Seed,Main,2007,6,2007,12,All (PS),production,1083.0
3156,ML2016A102,Mali,ML,Koulikoro,none,Koulikoro,Sesame Seed,Main,2008,6,2008,12,All (PS),production,2464.0
3157,ML2016A102,Mali,ML,Koulikoro,none,Koulikoro,Sesame Seed,Main,2009,6,2009,12,All (PS),production,1600.0
3158,ML2016A102,Mali,ML,Koulikoro,none,Koulikoro,Sesame Seed,Main,2010,6,2010,12,All (PS),production,5365.0
3159,ML2016A102,Mali,ML,Koulikoro,none,Koulikoro,Sesame Seed,Main,2011,6,2011,12,All (PS),production,8673.0
3160,ML2016A102,Mali,ML,Koulikoro,none,Koulikoro,Sesame Seed,Main,2012,6,2012,12,All (PS),production,2754.0
3161,ML2016A102,Mali,ML,Koulikoro,none,Koulikoro,Sesame Seed,Main,2013,6,2013,12,All (PS),production,3731.0
3162,ML2016A102,Mali,ML,Koulikoro,none,Koulikoro,Sesame Seed,Main,2014,6,2014,12,All (PS),production,7372.74
3163,ML2016A102,Mali,ML,Koulikoro,none,Koulikoro,Sesame Seed,Main,2015,6,2015,12,All (PS),production,20001.33
3164,ML2016A102,Mali,ML,Koulikoro,none,Koulikoro,Sesame Seed,Main,2016,6,2016,12,All (PS),production,13140.0
3165,ML2016A102,Mali,ML,Koulikoro,none,Koulikoro,Sesame Seed,Main,2017,6,2017,12,All (PS),production,12320.0
3166,ML2016A102,Mali,ML,Koulikoro,none,Koulikoro,Sesame Seed,Main,2018,6,2018,12,All (PS),production,18474.0
3167,ML2016A102,Mali,ML,Koulikoro,none,Koulikoro,Sesame Seed,Main,2020,6,2020,12,All (PS),production,17057.0
3168,ML2016A102,Mali,ML,Koulikoro,none,Koulikoro,Sesame Seed,Main,2021,6,2021,12,All (PS),production,14623.1844
3169,ML2016A102,Mali,ML,Koulikoro,none,Koulikoro,Soybean,Main,2013,6,2013,12,All (PS),production,66.0
3170,ML2016A102,Mali,ML,Koulikoro,none,Koulikoro,Soybean,Main,2014,6,2014,12,All (PS),production,1.0
3171,ML2016A102,Mali,ML,Koulikoro,none,Koulikoro,Soybean,Main,2015,6,2015,12,All (PS),production,57.0
3172,ML2016A102,Mali,ML,Koulikoro,none,Koulikoro,Soybean,Main,2016,6,2016,12,All (PS),production,50.85
3173,ML2016A102,Mali,ML,Koulikoro,none,Koulikoro,Soybean,Main,2017,6,2017,12,All (PS),production,279.0
3174,ML2016A102,Mali,ML,Koulikoro,none,Koulikoro,Soybean,Main,2018,6,2018,12,All (PS),production,288.0
3175,ML2016A102,Mali,ML,Koulikoro,none,Koulikoro,Soybean,Main,2020,6,2020,12,All (PS),production,392.0
3176,ML2016A102,Mali,ML,Koulikoro,none,Koulikoro,Soybean,Main,2021,6,2021,12,All (PS),production,514.976
3177,ML2016A103,Mali,ML,Sikasso,none,Sikasso,Bambara groundnut,Main,1984,6,1984,12,All (PS),production,6205.0
3178,ML2016A103,Mali,ML,Sikasso,none,Sikasso,Bambara groundnut,Main,1985,6,1985,12,All (PS),production,6630.0
3179,ML2016A103,Mali,ML,Sikasso,none,Sikasso,Bambara groundnut,Main,1987,6,1987,12,All (PS),production,3560.0
3180,ML2016A103,Mali,ML,Sikasso,none,Sikasso,Bambara groundnut,Main,1988,6,1988,12,All (PS),production,2160.0
3181,ML2016A103,Mali,ML,Sikasso,none,Sikasso,Bambara groundnut,Main,1989,6,1989,12,All (PS),production,1332.0
3182,ML2016A103,Mali,ML,Sikasso,none,Sikasso,Bambara groundnut,Main,1990,6,1990,12,All (PS),production,6394.0
3183,ML2016A103,Mali,ML,Sikasso,none,Sikasso,Bambara groundnut,Main,1992,6,1992,12,All (PS),production,2570.0
3184,ML2016A103,Mali,ML,Sikasso,none,Sikasso,Bambara groundnut,Main,1993,6,1993,12,All (PS),production,3704.0
3185,ML2016A103,Mali,ML,Sikasso,none,Sikasso,Bambara groundnut,Main,1994,6,1994,12,All (PS),production,2302.0
3186,ML2016A103,Mali,ML,Sikasso,none,Sikasso,Bambara groundnut,Main,1995,6,1995,12,All (PS),production,2300.0
3187,ML2016A103,Mali,ML,Sikasso,none,Sikasso,Bambara groundnut,Main,1996,6,1996,12,All (PS),production,107.0
3188,ML2016A103,Mali,ML,Sikasso,none,Sikasso,Bambara groundnut,Main,1997,6,1997,12,All (PS),production,185.0
3189,ML2016A103,Mali,ML,Sikasso,none,Sikasso,Bambara groundnut,Main,1998,6,1998,12,All (PS),production,1482.0
3190,ML2016A103,Mali,ML,Sikasso,none,Sikasso,Bambara groundnut,Main,1999,6,1999,12,All (PS),production,699.0
3191,ML2016A103,Mali,ML,Sikasso,none,Sikasso,Bambara groundnut,Main,2000,6,2000,12,All (PS),production,439.0
3192,ML2016A103,Mali,ML,Sikasso,none,Sikasso,Bambara groundnut,Main,2002,6,2002,12,All (PS),production,544.0
3193,ML2016A103,Mali,ML,Sikasso,none,Sikasso,Bambara groundnut,Main,2003,6,2003,12,All (PS),production,618.0
3194,ML2016A103,Mali,ML,Sikasso,none,Sikasso,Bambara groundnut,Main,2004,6,2004,12,All (PS),production,660.0
3195,ML2016A103,Mali,ML,Sikasso,none,Sikasso,Bambara groundnut,Main,2005,6,2005,12,All (PS),production,615.0
3196,ML2016A103,Mali,ML,Sikasso,none,Sikasso,Bambara groundnut,Main,2006,6,2006,12,All (PS),production,700.54954385347
3197,ML2016A103,Mali,ML,Sikasso,none,Sikasso,Bambara groundnut,Main,2007,6,2007,12,All (PS),production,7859.0
3198,ML2016A103,Mali,ML,Sikasso,none,Sikasso,Bambara groundnut,Main,2008,6,2008,12,All (PS),production,1440.0
3199,ML2016A103,Mali,ML,Sikasso,none,Sikasso,Bambara groundnut,Main,2009,6,2009,12,All (PS),production,1721.0
3200,ML2016A103,Mali,ML,Sikasso,none,Sikasso,Bambara groundnut,Main,2010,6,2010,12,All (PS),production,1812.0
3201,ML2016A103,Mali,ML,Sikasso,none,Sikasso,Bambara groundnut,Main,2011,6,2011,12,All (PS),production,1447.0
3202,ML2016A103,Mali,ML,Sikasso,none,Sikasso,Bambara groundnut,Main,2012,6,2012,12,All (PS),production,1921.0
3203,ML2016A103,Mali,ML,Sikasso,none,Sikasso,Bambara groundnut,Main,2013,6,2013,12,All (PS),production,1646.0
3204,ML2016A103,Mali,ML,Sikasso,none,Sikasso,Bambara groundnut,Main,2014,6,2014,12,All (PS),production,1864.0
3205,ML2016A103,Mali,ML,Sikasso,none,Sikasso,Bambara groundnut,Main,2015,6,2015,12,All (PS),production,2007.219
3206,ML2016A103,Mali,ML,Sikasso,none,Sikasso,Bambara groundnut,Main,2016,6,2016,12,All (PS),production,2124.0
3207,ML2016A103,Mali,ML,Sikasso,none,Sikasso,Bambara groundnut,Main,2017,6,2017,12,All (PS),production,2527.0
3208,ML2016A103,Mali,ML,Sikasso,none,Sikasso,Bambara groundnut,Main,2018,6,2018,12,All (PS),production,2534.0
3209,ML2016A103,Mali,ML,Sikasso,none,Sikasso,Bambara groundnut,Main,2019,6,2019,12,All (PS),production,1649.0
3210,ML2016A103,Mali,ML,Sikasso,none,Sikasso,Bambara groundnut,Main,2020,6,2020,12,All (PS),production,4217.0
3211,ML2016A103,Mali,ML,Sikasso,none,Sikasso,Bambara groundnut,Main,2021,6,2021,12,All (PS),production,2058.965
3212,ML2016A103,Mali,ML,Sikasso,none,Sikasso,Cotton,Main,1982,6,1982,12,All (PS),production,82867.0
3213,ML2016A103,Mali,ML,Sikasso,none,Sikasso,Cotton,Main,1983,6,1983,12,All (PS),production,70082.0
3214,ML2016A103,Mali,ML,Sikasso,none,Sikasso,Cotton,Main,1984,6,1984,12,All (PS),production,135531.0
3215,ML2016A103,Mali,ML,Sikasso,none,Sikasso,Cotton,Main,1985,6,1985,12,All (PS),production,170052.0
3216,ML2016A103,Mali,ML,Sikasso,none,Sikasso,Cotton,Main,1986,6,1986,12,All (PS),production,199507.0
3217,ML2016A103,Mali,ML,Sikasso,none,Sikasso,Cotton,Main,1987,6,1987,12,All (PS),production,155262.0
3218,ML2016A103,Mali,ML,Sikasso,none,Sikasso,Cotton,Main,1988,6,1988,12,All (PS),production,172919.0
3219,ML2016A103,Mali,ML,Sikasso,none,Sikasso,Cotton,Main,1989,6,1989,12,All (PS),production,201087.0
3220,ML2016A103,Mali,ML,Sikasso,none,Sikasso,Cotton,Main,1990,6,1990,12,All (PS),production,162457.0
3221,ML2016A103,Mali,ML,Sikasso,none,Sikasso,Cotton,Main,1991,6,1991,12,All (PS),production,216309.0
3222,ML2016A103,Mali,ML,Sikasso,none,Sikasso,Cotton,Main,1992,6,1992,12,All (PS),production,216309.0
3223,ML2016A103,Mali,ML,Sikasso,none,Sikasso,Cotton,Main,1993,6,1993,12,All (PS),production,182110.0
3224,ML2016A103,Mali,ML,Sikasso,none,Sikasso,Cotton,Main,1994,6,1994,12,All (PS),production,168386.0
3225,ML2016A103,Mali,ML,Sikasso,none,Sikasso,Cotton,Main,1995,6,1995,12,All (PS),production,264790.0
3226,ML2016A103,Mali,ML,Sikasso,none,Sikasso,Cotton,Main,1996,6,1996,12,All (PS),production,293270.0
3227,ML2016A103,Mali,ML,Sikasso,none,Sikasso,Cotton,Main,1997,6,1997,12,All (PS),production,308358.0
3228,ML2016A103,Mali,ML,Sikasso,none,Sikasso,Cotton,Main,1999,6,1999,12,All (PS),production,298594.0
3229,ML2016A103,Mali,ML,Sikasso,none,Sikasso,Cotton,Main,2000,6,2000,12,All (PS),production,157513.0
3230,ML2016A103,Mali,ML,Sikasso,none,Sikasso,Cotton,Main,2001,6,2001,12,All (PS),production,344684.0
3231,ML2016A103,Mali,ML,Sikasso,none,Sikasso,Cotton,Main,2002,6,2002,12,All (PS),production,292341.0
3232,ML2016A103,Mali,ML,Sikasso,none,Sikasso,Cotton,Main,2003,6,2003,12,All (PS),production,404240.0
3233,ML2016A103,Mali,ML,Sikasso,none,Sikasso,Cotton,Main,2004,6,2004,12,All (PS),production,370319.0
3234,ML2016A103,Mali,ML,Sikasso,none,Sikasso,Cotton,Main,2005,6,2005,12,All (PS),production,340765.0
3235,ML2016A103,Mali,ML,Sikasso,none,Sikasso,Cotton,Main,2006,6,2006,12,All (PS),production,262111.0
3236,ML2016A103,Mali,ML,Sikasso,none,Sikasso,Cotton,Main,2007,6,2007,12,All (PS),production,164298.0
3237,ML2016A103,Mali,ML,Sikasso,none,Sikasso,Cotton,Main,2008,6,2008,12,All (PS),production,135736.0
3238,ML2016A103,Mali,ML,Sikasso,none,Sikasso,Cotton,Main,2009,6,2009,12,All (PS),production,160700.0
3239,ML2016A103,Mali,ML,Sikasso,none,Sikasso,Cotton,Main,2010,6,2010,12,All (PS),production,164492.0
3240,ML2016A103,Mali,ML,Sikasso,none,Sikasso,Cotton,Main,2011,6,2011,12,All (PS),production,285020.0
3241,ML2016A103,Mali,ML,Sikasso,none,Sikasso,Cotton,Main,2012,6,2012,12,All (PS),production,296595.0
3242,ML2016A103,Mali,ML,Sikasso,none,Sikasso,Cotton,Main,2013,6,2013,12,All (PS),production,355765.0
3243,ML2016A103,Mali,ML,Sikasso,none,Sikasso,Cotton,Main,2014,6,2014,12,All (PS),production,362285.0
3244,ML2016A103,Mali,ML,Sikasso,none,Sikasso,Cotton,Main,2015,6,2015,12,All (PS),production,336216.0
3245,ML2016A103,Mali,ML,Sikasso,none,Sikasso,Cotton,Main,2016,6,2016,12,All (PS),production,452350.956
3246,ML2016A103,Mali,ML,Sikasso,none,Sikasso,Cotton,Main,2017,6,2017,12,All (PS),production,454200.0
3247,ML2016A103,Mali,ML,Sikasso,none,Sikasso,Cotton,Main,2019,6,2019,12,All (PS),production,421500.0
3248,ML2016A103,Mali,ML,Sikasso,none,Sikasso,Cotton,Main,2020,6,2020,12,All (PS),production,40080.0
3249,ML2016A103,Mali,ML,Sikasso,none,Sikasso,Cotton,Main,2021,6,2021,12,All (PS),production,463558.0
3250,ML2016A103,Mali,ML,Sikasso,none,Sikasso,Rice,Main,1982,6,1982,12,All (PS),production,12706.0
3251,ML2016A103,Mali,ML,Sikasso,none,Sikasso,Rice,Main,1983,6,1983,12,All (PS),production,20849.0
3252,ML2016A103,Mali,ML,Sikasso,none,Sikasso,Rice,Main,1984,6,1984,12,All (PS),production,10599.0
3253,ML2016A103,Mali,ML,Sikasso,none,Sikasso,Rice,Main,1985,6,1985,12,All (PS),production,9010.0
3254,ML2016A103,Mali,ML,Sikasso,none,Sikasso,Rice,Main,1986,6,1986,12,All (PS),production,25275.0
3255,ML2016A103,Mali,ML,Sikasso,none,Sikasso,Rice,Main,1987,6,1987,12,All (PS),production,14732.0
3256,ML2016A103,Mali,ML,Sikasso,none,Sikasso,Rice,Main,1988,6,1988,12,All (PS),production,8459.0
3257,ML2016A103,Mali,ML,Sikasso,none,Sikasso,Rice,Main,1989,6,1989,12,All (PS),production,24538.0
3258,ML2016A103,Mali,ML,Sikasso,none,Sikasso,Rice,Main,1990,6,1990,12,All (PS),production,13225.0
3259,ML2016A103,Mali,ML,Sikasso,none,Sikasso,Rice,Main,1991,6,1991,12,All (PS),production,50223.0
3260,ML2016A103,Mali,ML,Sikasso,none,Sikasso,Rice,Main,1992,6,1992,12,All (PS),production,50223.0
3261,ML2016A103,Mali,ML,Sikasso,none,Sikasso,Rice,Main,1993,6,1993,12,All (PS),production,57604.0
3262,ML2016A103,Mali,ML,Sikasso,none,Sikasso,Rice,Main,1994,6,1994,12,All (PS),production,61324.0
3263,ML2016A103,Mali,ML,Sikasso,none,Sikasso,Rice,Main,1995,6,1995,12,All (PS),production,65850.0
3264,ML2016A103,Mali,ML,Sikasso,none,Sikasso,Rice,Main,1996,6,1996,12,All (PS),production,74000.0
3265,ML2016A103,Mali,ML,Sikasso,none,Sikasso,Rice,Main,1998,6,1998,12,All (PS),production,88946.0
3266,ML2016A103,Mali,ML,Sikasso,none,Sikasso,Rice,Main,1999,6,1999,12,All (PS),production,119114.0
3267,ML2016A103,Mali,ML,Sikasso,none,Sikasso,Rice,Main,2000,6,2000,12,All (PS),production,92796.0
3268,ML2016A103,Mali,ML,Sikasso,none,Sikasso,Rice,Main,2001,6,2001,12,All (PS),production,89054.0
3269,ML2016A103,Mali,ML,Sikasso,none,Sikasso,Rice,Main,2002,6,2002,12,All (PS),production,74094.0
3270,ML2016A103,Mali,ML,Sikasso,none,Sikasso,Rice,Main,2003,6,2003,12,All (PS),production,103077.0
3271,ML2016A103,Mali,ML,Sikasso,none,Sikasso,Rice,Main,2004,6,2004,12,All (PS),production,81288.0
3272,ML2016A103,Mali,ML,Sikasso,none,Sikasso,Rice,Main,2005,6,2005,12,All (PS),production,118157.0
3273,ML2016A103,Mali,ML,Sikasso,none,Sikasso,Rice,Main,2006,6,2006,12,All (PS),production,124744.752125768
3274,ML2016A103,Mali,ML,Sikasso,none,Sikasso,Rice,Main,2007,6,2007,12,All (PS),production,127605.0
3275,ML2016A103,Mali,ML,Sikasso,none,Sikasso,Rice,Main,2008,6,2008,12,All (PS),production,127321.0
3276,ML2016A103,Mali,ML,Sikasso,none,Sikasso,Rice,Main,2009,6,2009,12,All (PS),production,135020.0
3277,ML2016A103,Mali,ML,Sikasso,none,Sikasso,Rice,Main,2010,6,2010,12,All (PS),production,180655.0
3278,ML2016A103,Mali,ML,Sikasso,none,Sikasso,Rice,Main,2011,6,2011,12,All (PS),production,97185.0
3279,ML2016A103,Mali,ML,Sikasso,none,Sikasso,Rice,Main,2012,6,2012,12,All (PS),production,113040.0
3280,ML2016A103,Mali,ML,Sikasso,none,Sikasso,Rice,Main,2013,6,2013,12,All (PS),production,129868.0
3281,ML2016A103,Mali,ML,Sikasso,none,Sikasso,Rice,Main,2014,6,2014,12,All (PS),production,267730.0
3282,ML2016A103,Mali,ML,Sikasso,none,Sikasso,Rice,Main,2015,6,2015,12,All (PS),production,279046.0
3283,ML2016A103,Mali,ML,Sikasso,none,Sikasso,Rice,Main,2016,6,2016,12,All (PS),production,347601.0
3284,ML2016A103,Mali,ML,Sikasso,none,Sikasso,Rice,Main,2017,6,2017,12,All (PS),production,376119.0
3285,ML2016A103,Mali,ML,Sikasso,none,Sikasso,Rice,Main,2018,6,2018,12,All (PS),production,72055.0
3286,ML2016A103,Mali,ML,Sikasso,none,Sikasso,Rice,Main,2019,6,2019,12,All (PS),production,500624.005880841
3287,ML2016A103,Mali,ML,Sikasso,none,Sikasso,Rice,Main,2020,6,2020,12,All (PS),production,463566.0
3288,ML2016A103,Mali,ML,Sikasso,none,Sikasso,Rice,Main,2021,6,2021,12,All (PS),production,453296.0
3289,ML2016A103,Mali,ML,Sikasso,none,Sikasso,Rice,Main,2022,6,2022,12,All (PS),production,449176.0
3290,ML2016A103,Mali,ML,Sikasso,none,Sikasso,Cowpea,Main,1984,6,1984,12,All (PS),production,17009.0
3291,ML2016A103,Mali,ML,Sikasso,none,Sikasso,Cowpea,Main,1985,6,1985,12,All (PS),production,11092.0
3292,ML2016A103,Mali,ML,Sikasso,none,Sikasso,Cowpea,Main,1986,6,1986,12,All (PS),production,6040.0
3293,ML2016A103,Mali,ML,Sikasso,none,Sikasso,Cowpea,Main,1987,6,1987,12,All (PS),production,7180.0
3294,ML2016A103,Mali,ML,Sikasso,none,Sikasso,Cowpea,Main,1988,6,1988,12,All (PS),production,12430.0
3295,ML2016A103,Mali,ML,Sikasso,none,Sikasso,Cowpea,Main,1989,6,1989,12,All (PS),production,537.0
3296,ML2016A103,Mali,ML,Sikasso,none,Sikasso,Cowpea,Main,1990,6,1990,12,All (PS),production,10118.0
3297,ML2016A103,Mali,ML,Sikasso,none,Sikasso,Cowpea,Main,1991,6,1991,12,All (PS),production,28119.0
3298,ML2016A103,Mali,ML,Sikasso,none,Sikasso,Cowpea,Main,1992,6,1992,12,All (PS),production,28119.0
3299,ML2016A103,Mali,ML,Sikasso,none,Sikasso,Cowpea,Main,1993,6,1993,12,All (PS),production,10408.0
3300,ML2016A103,Mali,ML,Sikasso,none,Sikasso,Cowpea,Main,1994,6,1994,12,All (PS),production,25638.0
3301,ML2016A103,Mali,ML,Sikasso,none,Sikasso,Cowpea,Main,1995,6,1995,12,All (PS),production,25658.0
3302,ML2016A103,Mali,ML,Sikasso,none,Sikasso,Cowpea,Main,1996,6,1996,12,All (PS),production,26259.0
3303,ML2016A103,Mali,ML,Sikasso,none,Sikasso,Cowpea,Main,1997,6,1997,12,All (PS),production,26252.0
3304,ML2016A103,Mali,ML,Sikasso,none,Sikasso,Cowpea,Main,1998,6,1998,12,All (PS),production,29243.0
3305,ML2016A103,Mali,ML,Sikasso,none,Sikasso,Cowpea,Main,1999,6,1999,12,All (PS),production,18843.0
3306,ML2016A103,Mali,ML,Sikasso,none,Sikasso,Cowpea,Main,2000,6,2000,12,All (PS),production,15126.0
3307,ML2016A103,Mali,ML,Sikasso,none,Sikasso,Cowpea,Main,2001,6,2001,12,All (PS),production,15419.0
3308,ML2016A103,Mali,ML,Sikasso,none,Sikasso,Cowpea,Main,2002,6,2002,12,All (PS),production,16652.0
3309,ML2016A103,Mali,ML,Sikasso,none,Sikasso,Cowpea,Main,2003,6,2003,12,All (PS),production,14900.0
3310,ML2016A103,Mali,ML,Sikasso,none,Sikasso,Cowpea,Main,2004,6,2004,12,All (PS),production,5611.0
3311,ML2016A103,Mali,ML,Sikasso,none,Sikasso,Cowpea,Main,2005,6,2005,12,All (PS),production,4861.0
3312,ML2016A103,Mali,ML,Sikasso,none,Sikasso,Cowpea,Main,2006,6,2006,12,All (PS),production,12388.8305355217
3313,ML2016A103,Mali,ML,Sikasso,none,Sikasso,Cowpea,Main,2007,6,2007,12,All (PS),production,5393.0
3314,ML2016A103,Mali,ML,Sikasso,none,Sikasso,Cowpea,Main,2008,6,2008,12,All (PS),production,9919.0
3315,ML2016A103,Mali,ML,Sikasso,none,Sikasso,Cowpea,Main,2009,6,2009,12,All (PS),production,10980.0
3316,ML2016A103,Mali,ML,Sikasso,none,Sikasso,Cowpea,Main,2010,6,2010,12,All (PS),production,11004.0
3317,ML2016A103,Mali,ML,Sikasso,none,Sikasso,Cowpea,Main,2011,6,2011,12,All (PS),production,19321.0
3318,ML2016A103,Mali,ML,Sikasso,none,Sikasso,Cowpea,Main,2012,6,2012,12,All (PS),production,11364.0
3319,ML2016A103,Mali,ML,Sikasso,none,Sikasso,Cowpea,Main,2013,6,2013,12,All (PS),production,39472.0
3320,ML2016A103,Mali,ML,Sikasso,none,Sikasso,Cowpea,Main,2014,6,2014,12,All (PS),production,18718.527
3321,ML2016A103,Mali,ML,Sikasso,none,Sikasso,Cowpea,Main,2015,6,2015,12,All (PS),production,15708.065
3322,ML2016A103,Mali,ML,Sikasso,none,Sikasso,Cowpea,Main,2016,6,2016,12,All (PS),production,22596.0
3323,ML2016A103,Mali,ML,Sikasso,none,Sikasso,Cowpea,Main,2017,6,2017,12,All (PS),production,13132.0
3324,ML2016A103,Mali,ML,Sikasso,none,Sikasso,Cowpea,Main,2018,6,2018,12,All (PS),production,14894.0
3325,ML2016A103,Mali,ML,Sikasso,none,Sikasso,Cowpea,Main,2019,6,2019,12,All (PS),production,47728.0
3326,ML2016A103,Mali,ML,Sikasso,none,Sikasso,Cowpea,Main,2020,6,2020,12,All (PS),production,33360.0
3327,ML2016A103,Mali,ML,Sikasso,none,Sikasso,Cowpea,Main,2021,6,2021,12,All (PS),production,45390.1968
3328,ML2016A103,Mali,ML,Sikasso,none,Sikasso,Fonio,Main,1982,6,1982,12,All (PS),production,14723.0
3329,ML2016A103,Mali,ML,Sikasso,none,Sikasso,Fonio,Main,1983,6,1983,12,All (PS),production,5052.0
3330,ML2016A103,Mali,ML,Sikasso,none,Sikasso,Fonio,Main,1984,6,1984,12,All (PS),production,12795.0
3331,ML2016A103,Mali,ML,Sikasso,none,Sikasso,Fonio,Main,1985,6,1985,12,All (PS),production,8116.0
3332,ML2016A103,Mali,ML,Sikasso,none,Sikasso,Fonio,Main,1986,6,1986,12,All (PS),production,6492.0
3333,ML2016A103,Mali,ML,Sikasso,none,Sikasso,Fonio,Main,1987,6,1987,12,All (PS),production,5378.0
3334,ML2016A103,Mali,ML,Sikasso,none,Sikasso,Fonio,Main,1988,6,1988,12,All (PS),production,3457.0
3335,ML2016A103,Mali,ML,Sikasso,none,Sikasso,Fonio,Main,1989,6,1989,12,All (PS),production,5355.0
3336,ML2016A103,Mali,ML,Sikasso,none,Sikasso,Fonio,Main,1990,6,1990,12,All (PS),production,5517.0
3337,ML2016A103,Mali,ML,Sikasso,none,Sikasso,Fonio,Main,1991,6,1991,12,All (PS),production,5657.0
3338,ML2016A103,Mali,ML,Sikasso,none,Sikasso,Fonio,Main,1992,6,1992,12,All (PS),production,5657.0
3339,ML2016A103,Mali,ML,Sikasso,none,Sikasso,Fonio,Main,1993,6,1993,12,All (PS),production,11239.0
3340,ML2016A103,Mali,ML,Sikasso,none,Sikasso,Fonio,Main,1994,6,1994,12,All (PS),production,10903.0
3341,ML2016A103,Mali,ML,Sikasso,none,Sikasso,Fonio,Main,1995,6,1995,12,All (PS),production,8010.0
3342,ML2016A103,Mali,ML,Sikasso,none,Sikasso,Fonio,Main,1996,6,1996,12,All (PS),production,4340.0
3343,ML2016A103,Mali,ML,Sikasso,none,Sikasso,Fonio,Main,1997,6,1997,12,All (PS),production,3849.0
3344,ML2016A103,Mali,ML,Sikasso,none,Sikasso,Fonio,Main,1998,6,1998,12,All (PS),production,4476.0
3345,ML2016A103,Mali,ML,Sikasso,none,Sikasso,Fonio,Main,1999,6,1999,12,All (PS),production,7477.0
3346,ML2016A103,Mali,ML,Sikasso,none,Sikasso,Fonio,Main,2000,6,2000,12,All (PS),production,4840.0
3347,ML2016A103,Mali,ML,Sikasso,none,Sikasso,Fonio,Main,2001,6,2001,12,All (PS),production,4322.0
3348,ML2016A103,Mali,ML,Sikasso,none,Sikasso,Fonio,Main,2002,6,2002,12,All (PS),production,4392.0
3349,ML2016A103,Mali,ML,Sikasso,none,Sikasso,Fonio,Main,2003,6,2003,12,All (PS),production,5034.0
3350,ML2016A103,Mali,ML,Sikasso,none,Sikasso,Fonio,Main,2004,6,2004,12,All (PS),production,2199.0
3351,ML2016A103,Mali,ML,Sikasso,none,Sikasso,Fonio,Main,2005,6,2005,12,All (PS),production,4393.0
3352,ML2016A103,Mali,ML,Sikasso,none,Sikasso,Fonio,Main,2006,6,2006,12,All (PS),production,7765.64726374874
3353,ML2016A103,Mali,ML,Sikasso,none,Sikasso,Fonio,Main,2007,6,2007,12,All (PS),production,5492.0
3354,ML2016A103,Mali,ML,Sikasso,none,Sikasso,Fonio,Main,2008,6,2008,12,All (PS),production,2130.0
3355,ML2016A103,Mali,ML,Sikasso,none,Sikasso,Fonio,Main,2009,6,2009,12,All (PS),production,1841.0
3356,ML2016A103,Mali,ML,Sikasso,none,Sikasso,Fonio,Main,2010,6,2010,12,All (PS),production,7665.0
3357,ML2016A103,Mali,ML,Sikasso,none,Sikasso,Fonio,Main,2011,6,2011,12,All (PS),production,6388.0
3358,ML2016A103,Mali,ML,Sikasso,none,Sikasso,Fonio,Main,2012,6,2012,12,All (PS),production,5044.0
3359,ML2016A103,Mali,ML,Sikasso,none,Sikasso,Fonio,Main,2013,6,2013,12,All (PS),production,4298.0
3360,ML2016A103,Mali,ML,Sikasso,none,Sikasso,Fonio,Main,2014,6,2014,12,All (PS),production,1349.0
3361,ML2016A103,Mali,ML,Sikasso,none,Sikasso,Fonio,Main,2015,6,2015,12,All (PS),production,1614.0
3362,ML2016A103,Mali,ML,Sikasso,none,Sikasso,Fonio,Main,2016,6,2016,12,All (PS),production,876.0
3363,ML2016A103,Mali,ML,Sikasso,none,Sikasso,Fonio,Main,2017,6,2017,12,All (PS),production,4171.0
3364,ML2016A103,Mali,ML,Sikasso,none,Sikasso,Fonio,Main,2018,6,2018,12,All (PS),production,808.0
3365,ML2016A103,Mali,ML,Sikasso,none,Sikasso,Fonio,Main,2019,6,2019,12,All (PS),production,588.855404676175
3366,ML2016A103,Mali,ML,Sikasso,none,Sikasso,Fonio,Main,2020,6,2020,12,All (PS),production,4179.0
3367,ML2016A103,Mali,ML,Sikasso,none,Sikasso,Fonio,Main,2021,6,2021,12,All (PS),production,3019.0
3368,ML2016A103,Mali,ML,Sikasso,none,Sikasso,Fonio,Main,2022,6,2022,12,All (PS),production,2956.0
3369,ML2016A103,Mali,ML,Sikasso,none,Sikasso,Groundnuts (In Shell),Main,1982,6,1982,12,All (PS),production,21867.0
3370,ML2016A103,Mali,ML,Sikasso,none,Sikasso,Groundnuts (In Shell),Main,1983,6,1983,12,All (PS),production,14974.0
3371,ML2016A103,Mali,ML,Sikasso,none,Sikasso,Groundnuts (In Shell),Main,1984,6,1984,12,All (PS),production,17249.0
3372,ML2016A103,Mali,ML,Sikasso,none,Sikasso,Groundnuts (In Shell),Main,1985,6,1985,12,All (PS),production,21270.0
3373,ML2016A103,Mali,ML,Sikasso,none,Sikasso,Groundnuts (In Shell),Main,1986,6,1986,12,All (PS),production,25664.0
3374,ML2016A103,Mali,ML,Sikasso,none,Sikasso,Groundnuts (In Shell),Main,1987,6,1987,12,All (PS),production,22585.0
3375,ML2016A103,Mali,ML,Sikasso,none,Sikasso,Groundnuts (In Shell),Main,1988,6,1988,12,All (PS),production,32118.0
3376,ML2016A103,Mali,ML,Sikasso,none,Sikasso,Groundnuts (In Shell),Main,1989,6,1989,12,All (PS),production,41557.0
3377,ML2016A103,Mali,ML,Sikasso,none,Sikasso,Groundnuts (In Shell),Main,1990,6,1990,12,All (PS),production,28947.0
3378,ML2016A103,Mali,ML,Sikasso,none,Sikasso,Groundnuts (In Shell),Main,1991,6,1991,12,All (PS),production,25660.0
3379,ML2016A103,Mali,ML,Sikasso,none,Sikasso,Groundnuts (In Shell),Main,1992,6,1992,12,All (PS),production,25660.0
3380,ML2016A103,Mali,ML,Sikasso,none,Sikasso,Groundnuts (In Shell),Main,1993,6,1993,12,All (PS),production,42020.0
3381,ML2016A103,Mali,ML,Sikasso,none,Sikasso,Groundnuts (In Shell),Main,1994,6,1994,12,All (PS),production,42018.0
3382,ML2016A103,Mali,ML,Sikasso,none,Sikasso,Groundnuts (In Shell),Main,1995,6,1995,12,All (PS),production,28860.0
3383,ML2016A103,Mali,ML,Sikasso,none,Sikasso,Groundnuts (In Shell),Main,1996,6,1996,12,All (PS),production,25620.0
3384,ML2016A103,Mali,ML,Sikasso,none,Sikasso,Groundnuts (In Shell),Main,1997,6,1997,12,All (PS),production,28984.0
3385,ML2016A103,Mali,ML,Sikasso,none,Sikasso,Groundnuts (In Shell),Main,1999,6,1999,12,All (PS),production,69493.0
3386,ML2016A103,Mali,ML,Sikasso,none,Sikasso,Groundnuts (In Shell),Main,2000,6,2000,12,All (PS),production,33961.0
3387,ML2016A103,Mali,ML,Sikasso,none,Sikasso,Groundnuts (In Shell),Main,2001,6,2001,12,All (PS),production,28453.0
3388,ML2016A103,Mali,ML,Sikasso,none,Sikasso,Groundnuts (In Shell),Main,2002,6,2002,12,All (PS),production,25043.0
3389,ML2016A103,Mali,ML,Sikasso,none,Sikasso,Groundnuts (In Shell),Main,2003,6,2003,12,All (PS),production,36352.0
3390,ML2016A103,Mali,ML,Sikasso,none,Sikasso,Groundnuts (In Shell),Main,2004,6,2004,12,All (PS),production,31852.0
3391,ML2016A103,Mali,ML,Sikasso,none,Sikasso,Groundnuts (In Shell),Main,2005,6,2005,12,All (PS),production,49631.0
3392,ML2016A103,Mali,ML,Sikasso,none,Sikasso,Groundnuts (In Shell),Main,2006,6,2006,12,All (PS),production,53904.529308242
3393,ML2016A103,Mali,ML,Sikasso,none,Sikasso,Groundnuts (In Shell),Main,2007,6,2007,12,All (PS),production,90497.0
3394,ML2016A103,Mali,ML,Sikasso,none,Sikasso,Groundnuts (In Shell),Main,2008,6,2008,12,All (PS),production,86796.0
3395,ML2016A103,Mali,ML,Sikasso,none,Sikasso,Groundnuts (In Shell),Main,2009,6,2009,12,All (PS),production,74328.0
3396,ML2016A103,Mali,ML,Sikasso,none,Sikasso,Groundnuts (In Shell),Main,2010,6,2010,12,All (PS),production,72198.9
3397,ML2016A103,Mali,ML,Sikasso,none,Sikasso,Groundnuts (In Shell),Main,2011,6,2011,12,All (PS),production,75391.44
3398,ML2016A103,Mali,ML,Sikasso,none,Sikasso,Groundnuts (In Shell),Main,2012,6,2012,12,All (PS),production,73940.0
3399,ML2016A103,Mali,ML,Sikasso,none,Sikasso,Groundnuts (In Shell),Main,2013,6,2013,12,All (PS),production,152907.0
3400,ML2016A103,Mali,ML,Sikasso,none,Sikasso,Groundnuts (In Shell),Main,2014,6,2014,12,All (PS),production,65805.756
3401,ML2016A103,Mali,ML,Sikasso,none,Sikasso,Groundnuts (In Shell),Main,2015,6,2015,12,All (PS),production,71604.75625
3402,ML2016A103,Mali,ML,Sikasso,none,Sikasso,Groundnuts (In Shell),Main,2016,6,2016,12,All (PS),production,72139.0
3403,ML2016A103,Mali,ML,Sikasso,none,Sikasso,Groundnuts (In Shell),Main,2017,6,2017,12,All (PS),production,66193.0
3404,ML2016A103,Mali,ML,Sikasso,none,Sikasso,Groundnuts (In Shell),Main,2018,6,2018,12,All (PS),production,98253.0
3405,ML2016A103,Mali,ML,Sikasso,none,Sikasso,Groundnuts (In Shell),Main,2019,6,2019,12,All (PS),production,71467.0
3406,ML2016A103,Mali,ML,Sikasso,none,Sikasso,Groundnuts (In Shell),Main,2020,6,2020,12,All (PS),production,105625.0
3407,ML2016A103,Mali,ML,Sikasso,none,Sikasso,Groundnuts (In Shell),Main,2021,6,2021,12,All (PS),production,80520.9539
3408,ML2016A103,Mali,ML,Sikasso,none,Sikasso,Maize,Main,1974,6,1974,12,All (PS),production,26573.0
3409,ML2016A103,Mali,ML,Sikasso,none,Sikasso,Maize,Main,1975,6,1975,12,All (PS),production,16030.0
3410,ML2016A103,Mali,ML,Sikasso,none,Sikasso,Maize,Main,1976,6,1976,12,All (PS),production,31685.0
3411,ML2016A103,Mali,ML,Sikasso,none,Sikasso,Maize,Main,1977,6,1977,12,All (PS),production,90473.0
3412,ML2016A103,Mali,ML,Sikasso,none,Sikasso,Maize,Main,1978,6,1978,12,All (PS),production,68019.0
3413,ML2016A103,Mali,ML,Sikasso,none,Sikasso,Maize,Main,1979,6,1979,12,All (PS),production,48257.0
3414,ML2016A103,Mali,ML,Sikasso,none,Sikasso,Maize,Main,1980,6,1980,12,All (PS),production,20470.0
3415,ML2016A103,Mali,ML,Sikasso,none,Sikasso,Maize,Main,1981,6,1981,12,All (PS),production,19797.0
3416,ML2016A103,Mali,ML,Sikasso,none,Sikasso,Maize,Main,1982,6,1982,12,All (PS),production,68019.0
3417,ML2016A103,Mali,ML,Sikasso,none,Sikasso,Maize,Main,1983,6,1983,12,All (PS),production,53399.0
3418,ML2016A103,Mali,ML,Sikasso,none,Sikasso,Maize,Main,1984,6,1984,12,All (PS),production,71228.0
3419,ML2016A103,Mali,ML,Sikasso,none,Sikasso,Maize,Main,1985,6,1985,12,All (PS),production,128346.0
3420,ML2016A103,Mali,ML,Sikasso,none,Sikasso,Maize,Main,1986,6,1986,12,All (PS),production,150409.0
3421,ML2016A103,Mali,ML,Sikasso,none,Sikasso,Maize,Main,1987,6,1987,12,All (PS),production,101117.0
3422,ML2016A103,Mali,ML,Sikasso,none,Sikasso,Maize,Main,1988,6,1988,12,All (PS),production,112575.0
3423,ML2016A103,Mali,ML,Sikasso,none,Sikasso,Maize,Main,1989,6,1989,12,All (PS),production,154416.0
3424,ML2016A103,Mali,ML,Sikasso,none,Sikasso,Maize,Main,1990,6,1990,12,All (PS),production,126607.0
3425,ML2016A103,Mali,ML,Sikasso,none,Sikasso,Maize,Main,1991,6,1991,12,All (PS),production,124218.0
3426,ML2016A103,Mali,ML,Sikasso,none,Sikasso,Maize,Main,1992,6,1992,12,All (PS),production,124218.0
3427,ML2016A103,Mali,ML,Sikasso,none,Sikasso,Maize,Main,1993,6,1993,12,All (PS),production,196596.0
3428,ML2016A103,Mali,ML,Sikasso,none,Sikasso,Maize,Main,1994,6,1994,12,All (PS),production,236334.0
3429,ML2016A103,Mali,ML,Sikasso,none,Sikasso,Maize,Main,1995,6,1995,12,All (PS),production,180300.0
3430,ML2016A103,Mali,ML,Sikasso,none,Sikasso,Maize,Main,1996,6,1996,12,All (PS),production,168260.0
3431,ML2016A103,Mali,ML,Sikasso,none,Sikasso,Maize,Main,1997,6,1997,12,All (PS),production,226098.0
3432,ML2016A103,Mali,ML,Sikasso,none,Sikasso,Maize,Main,1998,6,1998,12,All (PS),production,214192.0
3433,ML2016A103,Mali,ML,Sikasso,none,Sikasso,Maize,Main,1999,6,1999,12,All (PS),production,405136.0
3434,ML2016A103,Mali,ML,Sikasso,none,Sikasso,Maize,Main,2000,6,2000,12,All (PS),production,136807.0
3435,ML2016A103,Mali,ML,Sikasso,none,Sikasso,Maize,Main,2001,6,2001,12,All (PS),production,195048.0
3436,ML2016A103,Mali,ML,Sikasso,none,Sikasso,Maize,Main,2002,6,2002,12,All (PS),production,247878.0
3437,ML2016A103,Mali,ML,Sikasso,none,Sikasso,Maize,Main,2003,6,2003,12,All (PS),production,310697.0
3438,ML2016A103,Mali,ML,Sikasso,none,Sikasso,Maize,Main,2004,6,2004,12,All (PS),production,318134.0
3439,ML2016A103,Mali,ML,Sikasso,none,Sikasso,Maize,Main,2005,6,2005,12,All (PS),production,393409.0
3440,ML2016A103,Mali,ML,Sikasso,none,Sikasso,Maize,Main,2006,6,2006,12,All (PS),production,525542.145572088
3441,ML2016A103,Mali,ML,Sikasso,none,Sikasso,Maize,Main,2007,6,2007,12,All (PS),production,501011.0
3442,ML2016A103,Mali,ML,Sikasso,none,Sikasso,Maize,Main,2008,6,2008,12,All (PS),production,355291.0
3443,ML2016A103,Mali,ML,Sikasso,none,Sikasso,Maize,Main,2009,6,2009,12,All (PS),production,607260.0
3444,ML2016A103,Mali,ML,Sikasso,none,Sikasso,Maize,Main,2010,6,2010,12,All (PS),production,795039.0
3445,ML2016A103,Mali,ML,Sikasso,none,Sikasso,Maize,Main,2011,6,2011,12,All (PS),production,887307.0
3446,ML2016A103,Mali,ML,Sikasso,none,Sikasso,Maize,Main,2012,6,2012,12,All (PS),production,1193244.0
3447,ML2016A103,Mali,ML,Sikasso,none,Sikasso,Maize,Main,2013,6,2013,12,All (PS),production,1113185.0
3448,ML2016A103,Mali,ML,Sikasso,none,Sikasso,Maize,Main,2014,6,2014,12,All (PS),production,1459037.0
3449,ML2016A103,Mali,ML,Sikasso,none,Sikasso,Maize,Main,2015,6,2015,12,All (PS),production,1532964.0
3450,ML2016A103,Mali,ML,Sikasso,none,Sikasso,Maize,Main,2016,6,2016,12,All (PS),production,1753149.0
3451,ML2016A103,Mali,ML,Sikasso,none,Sikasso,Maize,Main,2017,6,2017,12,All (PS),production,2280658.0
3452,ML2016A103,Mali,ML,Sikasso,none,Sikasso,Maize,Main,2018,6,2018,12,All (PS),production,2418654.0
3453,ML2016A103,Mali,ML,Sikasso,none,Sikasso,Maize,Main,2019,6,2019,12,All (PS),production,2463226.91741108
3454,ML2016A103,Mali,ML,Sikasso,none,Sikasso,Maize,Main,2020,6,2020,12,All (PS),production,2210927.0
3455,ML2016A103,Mali,ML,Sikasso,none,Sikasso,Maize,Main,2021,6,2021,12,All (PS),production,2563786.0
3456,ML2016A103,Mali,ML,Sikasso,none,Sikasso,Maize,Main,2022,6,2022,12,All (PS),production,2463544.0
3457,ML2016A103,Mali,ML,Sikasso,none,Sikasso,Sorghum,Main,1982,6,1982,12,All (PS),production,59561.0
3458,ML2016A103,Mali,ML,Sikasso,none,Sikasso,Sorghum,Main,1983,6,1983,12,All (PS),production,154493.0
3459,ML2016A103,Mali,ML,Sikasso,none,Sikasso,Sorghum,Main,1984,6,1984,12,All (PS),production,182295.0
3460,ML2016A103,Mali,ML,Sikasso,none,Sikasso,Sorghum,Main,1985,6,1985,12,All (PS),production,162157.0
3461,ML2016A103,Mali,ML,Sikasso,none,Sikasso,Sorghum,Main,1986,6,1986,12,All (PS),production,165808.0
3462,ML2016A103,Mali,ML,Sikasso,none,Sikasso,Sorghum,Main,1987,6,1987,12,All (PS),production,170874.0
3463,ML2016A103,Mali,ML,Sikasso,none,Sikasso,Sorghum,Main,1988,6,1988,12,All (PS),production,155014.0
3464,ML2016A103,Mali,ML,Sikasso,none,Sikasso,Sorghum,Main,1989,6,1989,12,All (PS),production,204049.0
3465,ML2016A103,Mali,ML,Sikasso,none,Sikasso,Sorghum,Main,1990,6,1990,12,All (PS),production,186803.0
3466,ML2016A103,Mali,ML,Sikasso,none,Sikasso,Sorghum,Main,1991,6,1991,12,All (PS),production,140638.0
3467,ML2016A103,Mali,ML,Sikasso,none,Sikasso,Sorghum,Main,1992,6,1992,12,All (PS),production,140667.0
3468,ML2016A103,Mali,ML,Sikasso,none,Sikasso,Sorghum,Main,1993,6,1993,12,All (PS),production,165322.0
3469,ML2016A103,Mali,ML,Sikasso,none,Sikasso,Sorghum,Main,1994,6,1994,12,All (PS),production,191016.0
3470,ML2016A103,Mali,ML,Sikasso,none,Sikasso,Sorghum,Main,1995,6,1995,12,All (PS),production,209870.0
3471,ML2016A103,Mali,ML,Sikasso,none,Sikasso,Sorghum,Main,1996,6,1996,12,All (PS),production,175190.0
3472,ML2016A103,Mali,ML,Sikasso,none,Sikasso,Sorghum,Main,1997,6,1997,12,All (PS),production,179240.0
3473,ML2016A103,Mali,ML,Sikasso,none,Sikasso,Sorghum,Main,1998,6,1998,12,All (PS),production,145288.0
3474,ML2016A103,Mali,ML,Sikasso,none,Sikasso,Sorghum,Main,1999,6,1999,12,All (PS),production,200004.0
3475,ML2016A103,Mali,ML,Sikasso,none,Sikasso,Sorghum,Main,2000,6,2000,12,All (PS),production,125320.0
3476,ML2016A103,Mali,ML,Sikasso,none,Sikasso,Sorghum,Main,2001,6,2001,12,All (PS),production,118050.0
3477,ML2016A103,Mali,ML,Sikasso,none,Sikasso,Sorghum,Main,2002,6,2002,12,All (PS),production,190723.0
3478,ML2016A103,Mali,ML,Sikasso,none,Sikasso,Sorghum,Main,2003,6,2003,12,All (PS),production,168086.0
3479,ML2016A103,Mali,ML,Sikasso,none,Sikasso,Sorghum,Main,2004,6,2004,12,All (PS),production,127787.0
3480,ML2016A103,Mali,ML,Sikasso,none,Sikasso,Sorghum,Main,2005,6,2005,12,All (PS),production,165378.0
3481,ML2016A103,Mali,ML,Sikasso,none,Sikasso,Sorghum,Main,2006,6,2006,12,All (PS),production,313293.602865307
3482,ML2016A103,Mali,ML,Sikasso,none,Sikasso,Sorghum,Main,2007,6,2007,12,All (PS),production,402332.0
3483,ML2016A103,Mali,ML,Sikasso,none,Sikasso,Sorghum,Main,2008,6,2008,12,All (PS),production,363138.0
3484,ML2016A103,Mali,ML,Sikasso,none,Sikasso,Sorghum,Main,2009,6,2009,12,All (PS),production,359967.0
3485,ML2016A103,Mali,ML,Sikasso,none,Sikasso,Sorghum,Main,2010,6,2010,12,All (PS),production,4799142.0
3486,ML2016A103,Mali,ML,Sikasso,none,Sikasso,Sorghum,Main,2011,6,2011,12,All (PS),production,496599.0
3487,ML2016A103,Mali,ML,Sikasso,none,Sikasso,Sorghum,Main,2012,6,2012,12,All (PS),production,254775.0
3488,ML2016A103,Mali,ML,Sikasso,none,Sikasso,Sorghum,Main,2013,6,2013,12,All (PS),production,310153.0
3489,ML2016A103,Mali,ML,Sikasso,none,Sikasso,Sorghum,Main,2014,6,2014,12,All (PS),production,258584.0
3490,ML2016A103,Mali,ML,Sikasso,none,Sikasso,Sorghum,Main,2015,6,2015,12,All (PS),production,345312.0
3491,ML2016A103,Mali,ML,Sikasso,none,Sikasso,Sorghum,Main,2016,6,2016,12,All (PS),production,334866.0
3492,ML2016A103,Mali,ML,Sikasso,none,Sikasso,Sorghum,Main,2017,6,2017,12,All (PS),production,368084.0
3493,ML2016A103,Mali,ML,Sikasso,none,Sikasso,Sorghum,Main,2018,6,2018,12,All (PS),production,83160.0
3494,ML2016A103,Mali,ML,Sikasso,none,Sikasso,Sorghum,Main,2019,6,2019,12,All (PS),production,354424.496035965
3495,ML2016A103,Mali,ML,Sikasso,none,Sikasso,Sorghum,Main,2020,6,2020,12,All (PS),production,414585.0
3496,ML2016A103,Mali,ML,Sikasso,none,Sikasso,Sorghum,Main,2021,6,2021,12,All (PS),production,449562.0
3497,ML2016A103,Mali,ML,Sikasso,none,Sikasso,Sorghum,Main,2022,6,2022,12,All (PS),production,457322.0
3498,ML2016A103,Mali,ML,Sikasso,none,Sikasso,Millet,Main,1982,6,1982,12,All (PS),production,39630.0
3499,ML2016A103,Mali,ML,Sikasso,none,Sikasso,Millet,Main,1983,6,1983,12,All (PS),production,49689.0
3500,ML2016A103,Mali,ML,Sikasso,none,Sikasso,Millet,Main,1984,6,1984,12,All (PS),production,109182.0
3501,ML2016A103,Mali,ML,Sikasso,none,Sikasso,Millet,Main,1985,6,1985,12,All (PS),production,162157.0
3502,ML2016A103,Mali,ML,Sikasso,none,Sikasso,Millet,Main,1986,6,1986,12,All (PS),production,143520.0
3503,ML2016A103,Mali,ML,Sikasso,none,Sikasso,Millet,Main,1987,6,1987,12,All (PS),production,101580.0
3504,ML2016A103,Mali,ML,Sikasso,none,Sikasso,Millet,Main,1988,6,1988,12,All (PS),production,155827.0
3505,ML2016A103,Mali,ML,Sikasso,none,Sikasso,Millet,Main,1989,6,1989,12,All (PS),production,147344.0
3506,ML2016A103,Mali,ML,Sikasso,none,Sikasso,Millet,Main,1990,6,1990,12,All (PS),production,134831.0
3507,ML2016A103,Mali,ML,Sikasso,none,Sikasso,Millet,Main,1991,6,1991,12,All (PS),production,62787.0
3508,ML2016A103,Mali,ML,Sikasso,none,Sikasso,Millet,Main,1992,6,1992,12,All (PS),production,62788.0
3509,ML2016A103,Mali,ML,Sikasso,none,Sikasso,Millet,Main,1993,6,1993,12,All (PS),production,73148.0
3510,ML2016A103,Mali,ML,Sikasso,none,Sikasso,Millet,Main,1994,6,1994,12,All (PS),production,89175.0
3511,ML2016A103,Mali,ML,Sikasso,none,Sikasso,Millet,Main,1995,6,1995,12,All (PS),production,77460.0
3512,ML2016A103,Mali,ML,Sikasso,none,Sikasso,Millet,Main,1996,6,1996,12,All (PS),production,59130.0
3513,ML2016A103,Mali,ML,Sikasso,none,Sikasso,Millet,Main,1997,6,1997,12,All (PS),production,69275.0
3514,ML2016A103,Mali,ML,Sikasso,none,Sikasso,Millet,Main,1998,6,1998,12,All (PS),production,60282.0
3515,ML2016A103,Mali,ML,Sikasso,none,Sikasso,Millet,Main,1999,6,1999,12,All (PS),production,128070.0
3516,ML2016A103,Mali,ML,Sikasso,none,Sikasso,Millet,Main,2000,6,2000,12,All (PS),production,94124.0
3517,ML2016A103,Mali,ML,Sikasso,none,Sikasso,Millet,Main,2001,6,2001,12,All (PS),production,66285.0
3518,ML2016A103,Mali,ML,Sikasso,none,Sikasso,Millet,Main,2002,6,2002,12,All (PS),production,119549.0
3519,ML2016A103,Mali,ML,Sikasso,none,Sikasso,Millet,Main,2003,6,2003,12,All (PS),production,144953.0
3520,ML2016A103,Mali,ML,Sikasso,none,Sikasso,Millet,Main,2004,6,2004,12,All (PS),production,141534.0
3521,ML2016A103,Mali,ML,Sikasso,none,Sikasso,Millet,Main,2005,6,2005,12,All (PS),production,139837.0
3522,ML2016A103,Mali,ML,Sikasso,none,Sikasso,Millet,Main,2006,6,2006,12,All (PS),production,257502.805140362
3523,ML2016A103,Mali,ML,Sikasso,none,Sikasso,Millet,Main,2007,6,2007,12,All (PS),production,222279.0
3524,ML2016A103,Mali,ML,Sikasso,none,Sikasso,Millet,Main,2008,6,2008,12,All (PS),production,281104.0
3525,ML2016A103,Mali,ML,Sikasso,none,Sikasso,Millet,Main,2009,6,2009,12,All (PS),production,251175.0
3526,ML2016A103,Mali,ML,Sikasso,none,Sikasso,Millet,Main,2010,6,2010,12,All (PS),production,261206.0
3527,ML2016A103,Mali,ML,Sikasso,none,Sikasso,Millet,Main,2011,6,2011,12,All (PS),production,214623.0
3528,ML2016A103,Mali,ML,Sikasso,none,Sikasso,Millet,Main,2012,6,2012,12,All (PS),production,205708.0
3529,ML2016A103,Mali,ML,Sikasso,none,Sikasso,Millet,Main,2013,6,2013,12,All (PS),production,137786.0
3530,ML2016A103,Mali,ML,Sikasso,none,Sikasso,Millet,Main,2014,6,2014,12,All (PS),production,190629.0
3531,ML2016A103,Mali,ML,Sikasso,none,Sikasso,Millet,Main,2015,6,2015,12,All (PS),production,210022.0
3532,ML2016A103,Mali,ML,Sikasso,none,Sikasso,Millet,Main,2016,6,2016,12,All (PS),production,146826.0
3533,ML2016A103,Mali,ML,Sikasso,none,Sikasso,Millet,Main,2017,6,2017,12,All (PS),production,183316.0
3534,ML2016A103,Mali,ML,Sikasso,none,Sikasso,Millet,Main,2018,6,2018,12,All (PS),production,141254.0
3535,ML2016A103,Mali,ML,Sikasso,none,Sikasso,Millet,Main,2019,6,2019,12,All (PS),production,241044.029529166
3536,ML2016A103,Mali,ML,Sikasso,none,Sikasso,Millet,Main,2020,6,2020,12,All (PS),production,287085.0
3537,ML2016A103,Mali,ML,Sikasso,none,Sikasso,Millet,Main,2021,6,2021,12,All (PS),production,338368.0
3538,ML2016A103,Mali,ML,Sikasso,none,Sikasso,Millet,Main,2022,6,2022,12,All (PS),production,290795.0
3539,ML2016A103,Mali,ML,Sikasso,none,Sikasso,Sweet Potatoes,Main,1990,6,1990,12,All (PS),production,1833.0
3540,ML2016A103,Mali,ML,Sikasso,none,Sikasso,Sweet Potatoes,Main,1993,6,1993,12,All (PS),production,4199.0
3541,ML2016A103,Mali,ML,Sikasso,none,Sikasso,Sweet Potatoes,Main,1994,6,1994,12,All (PS),production,2266.0
3542,ML2016A103,Mali,ML,Sikasso,none,Sikasso,Sweet Potatoes,Main,1995,6,1995,12,All (PS),production,2270.0
3543,ML2016A103,Mali,ML,Sikasso,none,Sikasso,Sweet Potatoes,Main,2001,6,2001,12,All (PS),production,5188.0
3544,ML2016A103,Mali,ML,Sikasso,none,Sikasso,Sweet Potatoes,Main,2013,6,2013,12,All (PS),production,28480.0
3545,ML2016A103,Mali,ML,Sikasso,none,Sikasso,Yams,Main,1985,6,1985,12,All (PS),production,13030.0
3546,ML2016A103,Mali,ML,Sikasso,none,Sikasso,Yams,Main,1986,6,1986,12,All (PS),production,11050.0
3547,ML2016A103,Mali,ML,Sikasso,none,Sikasso,Yams,Main,1987,6,1987,12,All (PS),production,7760.0
3548,ML2016A103,Mali,ML,Sikasso,none,Sikasso,Yams,Main,1988,6,1988,12,All (PS),production,5070.0
3549,ML2016A103,Mali,ML,Sikasso,none,Sikasso,Yams,Main,1989,6,1989,12,All (PS),production,1803.0
3550,ML2016A103,Mali,ML,Sikasso,none,Sikasso,Yams,Main,1990,6,1990,12,All (PS),production,11115.0
3551,ML2016A103,Mali,ML,Sikasso,none,Sikasso,Yams,Main,1992,6,1992,12,All (PS),production,7110.0
3552,ML2016A103,Mali,ML,Sikasso,none,Sikasso,Yams,Main,1993,6,1993,12,All (PS),production,10526.0
3553,ML2016A103,Mali,ML,Sikasso,none,Sikasso,Yams,Main,1994,6,1994,12,All (PS),production,17579.0
3554,ML2016A103,Mali,ML,Sikasso,none,Sikasso,Wheat,Main,2008,6,2008,12,All (PS),production,66.0
3555,ML2016A103,Mali,ML,Sikasso,none,Sikasso,Tomato,Main,1994,6,1994,12,All (PS),production,1328.0
3556,ML2016A103,Mali,ML,Sikasso,none,Sikasso,Sesame Seed,Main,2004,6,2004,12,All (PS),production,249.0
3557,ML2016A103,Mali,ML,Sikasso,none,Sikasso,Sesame Seed,Main,2005,6,2005,12,All (PS),production,17.0
3558,ML2016A103,Mali,ML,Sikasso,none,Sikasso,Sesame Seed,Main,2006,6,2006,12,All (PS),production,1309.0
3559,ML2016A103,Mali,ML,Sikasso,none,Sikasso,Sesame Seed,Main,2007,6,2007,12,All (PS),production,527.0
3560,ML2016A103,Mali,ML,Sikasso,none,Sikasso,Sesame Seed,Main,2008,6,2008,12,All (PS),production,922.0
3561,ML2016A103,Mali,ML,Sikasso,none,Sikasso,Sesame Seed,Main,2009,6,2009,12,All (PS),production,2473.0
3562,ML2016A103,Mali,ML,Sikasso,none,Sikasso,Sesame Seed,Main,2010,6,2010,12,All (PS),production,1435.7
3563,ML2016A103,Mali,ML,Sikasso,none,Sikasso,Sesame Seed,Main,2011,6,2011,12,All (PS),production,1377.0
3564,ML2016A103,Mali,ML,Sikasso,none,Sikasso,Sesame Seed,Main,2012,6,2012,12,All (PS),production,1152.0
3565,ML2016A103,Mali,ML,Sikasso,none,Sikasso,Sesame Seed,Main,2013,6,2013,12,All (PS),production,1548.0
3566,ML2016A103,Mali,ML,Sikasso,none,Sikasso,Sesame Seed,Main,2014,6,2014,12,All (PS),production,3447.12
3567,ML2016A103,Mali,ML,Sikasso,none,Sikasso,Sesame Seed,Main,2015,6,2015,12,All (PS),production,8327.996
3568,ML2016A103,Mali,ML,Sikasso,none,Sikasso,Sesame Seed,Main,2016,6,2016,12,All (PS),production,4765.0
3569,ML2016A103,Mali,ML,Sikasso,none,Sikasso,Sesame Seed,Main,2017,6,2017,12,All (PS),production,2016.0
3570,ML2016A103,Mali,ML,Sikasso,none,Sikasso,Sesame Seed,Main,2018,6,2018,12,All (PS),production,2576.0
3571,ML2016A103,Mali,ML,Sikasso,none,Sikasso,Sesame Seed,Main,2020,6,2020,12,All (PS),production,24092.0
3572,ML2016A103,Mali,ML,Sikasso,none,Sikasso,Sesame Seed,Main,2021,6,2021,12,All (PS),production,7702.8248
3573,ML2016A103,Mali,ML,Sikasso,none,Sikasso,Soybean,Main,2004,6,2004,12,All (PS),production,1548.0
3574,ML2016A103,Mali,ML,Sikasso,none,Sikasso,Soybean,Main,2005,6,2005,12,All (PS),production,2124.0
3575,ML2016A103,Mali,ML,Sikasso,none,Sikasso,Soybean,Main,2006,6,2006,12,All (PS),production,1782.0
3576,ML2016A103,Mali,ML,Sikasso,none,Sikasso,Soybean,Main,2007,6,2007,12,All (PS),production,4636.0
3577,ML2016A103,Mali,ML,Sikasso,none,Sikasso,Soybean,Main,2008,6,2008,12,All (PS),production,1730.0
3578,ML2016A103,Mali,ML,Sikasso,none,Sikasso,Soybean,Main,2009,6,2009,12,All (PS),production,1501.0
3579,ML2016A103,Mali,ML,Sikasso,none,Sikasso,Soybean,Main,2010,6,2010,12,All (PS),production,694.0
3580,ML2016A103,Mali,ML,Sikasso,none,Sikasso,Soybean,Main,2011,6,2011,12,All (PS),production,465.0
3581,ML2016A103,Mali,ML,Sikasso,none,Sikasso,Soybean,Main,2012,6,2012,12,All (PS),production,1290.0
3582,ML2016A103,Mali,ML,Sikasso,none,Sikasso,Soybean,Main,2013,6,2013,12,All (PS),production,1265.0
3583,ML2016A103,Mali,ML,Sikasso,none,Sikasso,Soybean,Main,2014,6,2014,12,All (PS),production,2739.0
3584,ML2016A103,Mali,ML,Sikasso,none,Sikasso,Soybean,Main,2015,6,2015,12,All (PS),production,4771.13
3585,ML2016A103,Mali,ML,Sikasso,none,Sikasso,Soybean,Main,2016,6,2016,12,All (PS),production,10530.0
3586,ML2016A103,Mali,ML,Sikasso,none,Sikasso,Soybean,Main,2017,6,2017,12,All (PS),production,5114.0
3587,ML2016A103,Mali,ML,Sikasso,none,Sikasso,Soybean,Main,2018,6,2018,12,All (PS),production,5908.0
3588,ML2016A103,Mali,ML,Sikasso,none,Sikasso,Soybean,Main,2020,6,2020,12,All (PS),production,4099.0
3589,ML2016A103,Mali,ML,Sikasso,none,Sikasso,Soybean,Main,2021,6,2021,12,All (PS),production,13645.5872
3590,ML2016A103,Mali,ML,Sikasso,none,Sikasso,Beans (mixed),Main,2003,6,2003,12,All (PS),production,1275.0
3591,ML2016A103,Mali,ML,Sikasso,none,Sikasso,Beans (mixed),Main,2004,6,2004,12,All (PS),production,22007.0
3592,ML2016A103,Mali,ML,Sikasso,none,Sikasso,Beans (mixed),Main,2005,6,2005,12,All (PS),production,5251.0
3593,ML2016A103,Mali,ML,Sikasso,none,Sikasso,Beans (mixed),Main,2006,6,2006,12,All (PS),production,5705.0
3594,ML2016A103,Mali,ML,Sikasso,none,Sikasso,Beans (mixed),Main,2007,6,2007,12,All (PS),production,5710.0
3595,ML2016A104,Mali,ML,Segou,none,Segou,Bambara groundnut,Main,1984,6,1984,12,All (PS),production,1639.0
3596,ML2016A104,Mali,ML,Segou,none,Segou,Bambara groundnut,Main,1985,6,1985,12,All (PS),production,6403.0
3597,ML2016A104,Mali,ML,Segou,none,Segou,Bambara groundnut,Main,1986,6,1986,12,All (PS),production,2107.0
3598,ML2016A104,Mali,ML,Segou,none,Segou,Bambara groundnut,Main,1987,6,1987,12,All (PS),production,4160.0
3599,ML2016A104,Mali,ML,Segou,none,Segou,Bambara groundnut,Main,1988,6,1988,12,All (PS),production,9170.0
3600,ML2016A104,Mali,ML,Segou,none,Segou,Bambara groundnut,Main,1989,6,1989,12,All (PS),production,5947.0
3601,ML2016A104,Mali,ML,Segou,none,Segou,Bambara groundnut,Main,1990,6,1990,12,All (PS),production,8057.0
3602,ML2016A104,Mali,ML,Segou,none,Segou,Bambara groundnut,Main,1992,6,1992,12,All (PS),production,9436.0
3603,ML2016A104,Mali,ML,Segou,none,Segou,Bambara groundnut,Main,1993,6,1993,12,All (PS),production,4544.0
3604,ML2016A104,Mali,ML,Segou,none,Segou,Bambara groundnut,Main,1994,6,1994,12,All (PS),production,3480.0
3605,ML2016A104,Mali,ML,Segou,none,Segou,Bambara groundnut,Main,1995,6,1995,12,All (PS),production,3480.0
3606,ML2016A104,Mali,ML,Segou,none,Segou,Bambara groundnut,Main,1996,6,1996,12,All (PS),production,2116.0
3607,ML2016A104,Mali,ML,Segou,none,Segou,Bambara groundnut,Main,1997,6,1997,12,All (PS),production,5411.0
3608,ML2016A104,Mali,ML,Segou,none,Segou,Bambara groundnut,Main,1998,6,1998,12,All (PS),production,3105.0
3609,ML2016A104,Mali,ML,Segou,none,Segou,Bambara groundnut,Main,1999,6,1999,12,All (PS),production,12188.0
3610,ML2016A104,Mali,ML,Segou,none,Segou,Bambara groundnut,Main,2000,6,2000,12,All (PS),production,8738.0
3611,ML2016A104,Mali,ML,Segou,none,Segou,Bambara groundnut,Main,2002,6,2002,12,All (PS),production,1275.0
3612,ML2016A104,Mali,ML,Segou,none,Segou,Bambara groundnut,Main,2003,6,2003,12,All (PS),production,22007.0
3613,ML2016A104,Mali,ML,Segou,none,Segou,Bambara groundnut,Main,2004,6,2004,12,All (PS),production,5251.0
3614,ML2016A104,Mali,ML,Segou,none,Segou,Bambara groundnut,Main,2005,6,2005,12,All (PS),production,5705.0
3615,ML2016A104,Mali,ML,Segou,none,Segou,Bambara groundnut,Main,2006,6,2006,12,All (PS),production,5709.92059695193
3616,ML2016A104,Mali,ML,Segou,none,Segou,Bambara groundnut,Main,2007,6,2007,12,All (PS),production,2267.0
3617,ML2016A104,Mali,ML,Segou,none,Segou,Bambara groundnut,Main,2008,6,2008,12,All (PS),production,12523.0
3618,ML2016A104,Mali,ML,Segou,none,Segou,Bambara groundnut,Main,2009,6,2009,12,All (PS),production,12861.0
3619,ML2016A104,Mali,ML,Segou,none,Segou,Bambara groundnut,Main,2010,6,2010,12,All (PS),production,9516.0
3620,ML2016A104,Mali,ML,Segou,none,Segou,Bambara groundnut,Main,2011,6,2011,12,All (PS),production,6848.0
3621,ML2016A104,Mali,ML,Segou,none,Segou,Bambara groundnut,Main,2012,6,2012,12,All (PS),production,11094.0
3622,ML2016A104,Mali,ML,Segou,none,Segou,Bambara groundnut,Main,2013,6,2013,12,All (PS),production,8655.0
3623,ML2016A104,Mali,ML,Segou,none,Segou,Bambara groundnut,Main,2014,6,2014,12,All (PS),production,13323.0
3624,ML2016A104,Mali,ML,Segou,none,Segou,Bambara groundnut,Main,2015,6,2015,12,All (PS),production,13751.91636
3625,ML2016A104,Mali,ML,Segou,none,Segou,Bambara groundnut,Main,2016,6,2016,12,All (PS),production,14126.0
3626,ML2016A104,Mali,ML,Segou,none,Segou,Bambara groundnut,Main,2017,6,2017,12,All (PS),production,12248.0
3627,ML2016A104,Mali,ML,Segou,none,Segou,Bambara groundnut,Main,2018,6,2018,12,All (PS),production,14219.0
3628,ML2016A104,Mali,ML,Segou,none,Segou,Bambara groundnut,Main,2019,6,2019,12,All (PS),production,13490.0
3629,ML2016A104,Mali,ML,Segou,none,Segou,Bambara groundnut,Main,2020,6,2020,12,All (PS),production,16283.0
3630,ML2016A104,Mali,ML,Segou,none,Segou,Bambara groundnut,Main,2021,6,2021,12,All (PS),production,9867.01012
3631,ML2016A104,Mali,ML,Segou,none,Segou,Cotton,Main,1982,6,1982,12,All (PS),production,9331.0
3632,ML2016A104,Mali,ML,Segou,none,Segou,Cotton,Main,1983,6,1983,12,All (PS),production,22740.0
3633,ML2016A104,Mali,ML,Segou,none,Segou,Cotton,Main,1984,6,1984,12,All (PS),production,10010.0
3634,ML2016A104,Mali,ML,Segou,none,Segou,Cotton,Main,1985,6,1985,12,All (PS),production,21286.0
3635,ML2016A104,Mali,ML,Segou,none,Segou,Cotton,Main,1986,6,1986,12,All (PS),production,14581.0
3636,ML2016A104,Mali,ML,Segou,none,Segou,Cotton,Main,1987,6,1987,12,All (PS),production,21864.0
3637,ML2016A104,Mali,ML,Segou,none,Segou,Cotton,Main,1988,6,1988,12,All (PS),production,48901.0
3638,ML2016A104,Mali,ML,Segou,none,Segou,Cotton,Main,1989,6,1989,12,All (PS),production,18506.0
3639,ML2016A104,Mali,ML,Segou,none,Segou,Cotton,Main,1990,6,1990,12,All (PS),production,8028.0
3640,ML2016A104,Mali,ML,Segou,none,Segou,Cotton,Main,1991,6,1991,12,All (PS),production,14735.0
3641,ML2016A104,Mali,ML,Segou,none,Segou,Cotton,Main,1992,6,1992,12,All (PS),production,14735.0
3642,ML2016A104,Mali,ML,Segou,none,Segou,Cotton,Main,1993,6,1993,12,All (PS),production,27000.0
3643,ML2016A104,Mali,ML,Segou,none,Segou,Cotton,Main,1994,6,1994,12,All (PS),production,15328.0
3644,ML2016A104,Mali,ML,Segou,none,Segou,Cotton,Main,1995,6,1995,12,All (PS),production,17860.0
3645,ML2016A104,Mali,ML,Segou,none,Segou,Cotton,Main,1996,6,1996,12,All (PS),production,21050.0
3646,ML2016A104,Mali,ML,Segou,none,Segou,Cotton,Main,1997,6,1997,12,All (PS),production,43982.0
3647,ML2016A104,Mali,ML,Segou,none,Segou,Cotton,Main,1999,6,1999,12,All (PS),production,18568.0
3648,ML2016A104,Mali,ML,Segou,none,Segou,Cotton,Main,2000,6,2000,12,All (PS),production,42703.0
3649,ML2016A104,Mali,ML,Segou,none,Segou,Cotton,Main,2001,6,2001,12,All (PS),production,66478.0
3650,ML2016A104,Mali,ML,Segou,none,Segou,Cotton,Main,2002,6,2002,12,All (PS),production,28720.0
3651,ML2016A104,Mali,ML,Segou,none,Segou,Cotton,Main,2003,6,2003,12,All (PS),production,60807.0
3652,ML2016A104,Mali,ML,Segou,none,Segou,Cotton,Main,2004,6,2004,12,All (PS),production,52575.0
3653,ML2016A104,Mali,ML,Segou,none,Segou,Cotton,Main,2005,6,2005,12,All (PS),production,47120.0
3654,ML2016A104,Mali,ML,Segou,none,Segou,Cotton,Main,2006,6,2006,12,All (PS),production,34366.0
3655,ML2016A104,Mali,ML,Segou,none,Segou,Cotton,Main,2007,6,2007,12,All (PS),production,14156.0
3656,ML2016A104,Mali,ML,Segou,none,Segou,Cotton,Main,2008,6,2008,12,All (PS),production,22735.0
3657,ML2016A104,Mali,ML,Segou,none,Segou,Cotton,Main,2009,6,2009,12,All (PS),production,19500.0
3658,ML2016A104,Mali,ML,Segou,none,Segou,Cotton,Main,2010,6,2010,12,All (PS),production,27163.0
3659,ML2016A104,Mali,ML,Segou,none,Segou,Cotton,Main,2011,6,2011,12,All (PS),production,46775.0
3660,ML2016A104,Mali,ML,Segou,none,Segou,Cotton,Main,2012,6,2012,12,All (PS),production,43300.0
3661,ML2016A104,Mali,ML,Segou,none,Segou,Cotton,Main,2013,6,2013,12,All (PS),production,30835.0
3662,ML2016A104,Mali,ML,Segou,none,Segou,Cotton,Main,2014,6,2014,12,All (PS),production,51818.0
3663,ML2016A104,Mali,ML,Segou,none,Segou,Cotton,Main,2015,6,2015,12,All (PS),production,47951.0
3664,ML2016A104,Mali,ML,Segou,none,Segou,Cotton,Main,2016,6,2016,12,All (PS),production,64117.0
3665,ML2016A104,Mali,ML,Segou,none,Segou,Cotton,Main,2017,6,2017,12,All (PS),production,62300.0
3666,ML2016A104,Mali,ML,Segou,none,Segou,Cotton,Main,2019,6,2019,12,All (PS),production,53600.0
3667,ML2016A104,Mali,ML,Segou,none,Segou,Cotton,Main,2020,6,2020,12,All (PS),production,7300.0
3668,ML2016A104,Mali,ML,Segou,none,Segou,Cotton,Main,2021,6,2021,12,All (PS),production,58090.0
3669,ML2016A104,Mali,ML,Segou,none,Segou,Rice,Main,1982,6,1982,12,All (PS),production,93118.0
3670,ML2016A104,Mali,ML,Segou,none,Segou,Rice,Main,1983,6,1983,12,All (PS),production,76613.0
3671,ML2016A104,Mali,ML,Segou,none,Segou,Rice,Main,1984,6,1984,12,All (PS),production,87682.0
3672,ML2016A104,Mali,ML,Segou,none,Segou,Rice,Main,1985,6,1985,12,All (PS),production,109532.0
3673,ML2016A104,Mali,ML,Segou,none,Segou,Rice,Main,1986,6,1986,12,All (PS),production,114311.0
3674,ML2016A104,Mali,ML,Segou,none,Segou,Rice,Main,1987,6,1987,12,All (PS),production,124982.0
3675,ML2016A104,Mali,ML,Segou,none,Segou,Rice,Main,1988,6,1988,12,All (PS),production,155072.0
3676,ML2016A104,Mali,ML,Segou,none,Segou,Rice,Main,1989,6,1989,12,All (PS),production,160014.0
3677,ML2016A104,Mali,ML,Segou,none,Segou,Rice,Main,1990,6,1990,12,All (PS),production,153534.0
3678,ML2016A104,Mali,ML,Segou,none,Segou,Rice,Main,1991,6,1991,12,All (PS),production,218645.0
3679,ML2016A104,Mali,ML,Segou,none,Segou,Rice,Main,1992,6,1992,12,All (PS),production,218645.0
3680,ML2016A104,Mali,ML,Segou,none,Segou,Rice,Main,1993,6,1993,12,All (PS),production,238752.0
3681,ML2016A104,Mali,ML,Segou,none,Segou,Rice,Main,1994,6,1994,12,All (PS),production,234390.0
3682,ML2016A104,Mali,ML,Segou,none,Segou,Rice,Main,1995,6,1995,12,All (PS),production,276630.0
3683,ML2016A104,Mali,ML,Segou,none,Segou,Rice,Main,1996,6,1996,12,All (PS),production,330780.0
3684,ML2016A104,Mali,ML,Segou,none,Segou,Rice,Main,1998,6,1998,12,All (PS),production,381083.0
3685,ML2016A104,Mali,ML,Segou,none,Segou,Rice,Main,1999,6,1999,12,All (PS),production,396902.0
3686,ML2016A104,Mali,ML,Segou,none,Segou,Rice,Main,2000,6,2000,12,All (PS),production,429094.0
3687,ML2016A104,Mali,ML,Segou,none,Segou,Rice,Main,2001,6,2001,12,All (PS),production,467949.0
3688,ML2016A104,Mali,ML,Segou,none,Segou,Rice,Main,2002,6,2002,12,All (PS),production,438610.0
3689,ML2016A104,Mali,ML,Segou,none,Segou,Rice,Main,2003,6,2003,12,All (PS),production,515461.0
3690,ML2016A104,Mali,ML,Segou,none,Segou,Rice,Main,2004,6,2004,12,All (PS),production,429153.0
3691,ML2016A104,Mali,ML,Segou,none,Segou,Rice,Main,2005,6,2005,12,All (PS),production,513297.0
3692,ML2016A104,Mali,ML,Segou,none,Segou,Rice,Main,2006,6,2006,12,All (PS),production,520817.566209312
3693,ML2016A104,Mali,ML,Segou,none,Segou,Rice,Main,2007,6,2007,12,All (PS),production,515560.0
3694,ML2016A104,Mali,ML,Segou,none,Segou,Rice,Main,2008,6,2008,12,All (PS),production,677852.0
3695,ML2016A104,Mali,ML,Segou,none,Segou,Rice,Main,2009,6,2009,12,All (PS),production,834306.0
3696,ML2016A104,Mali,ML,Segou,none,Segou,Rice,Main,2010,6,2010,12,All (PS),production,443662.3
3697,ML2016A104,Mali,ML,Segou,none,Segou,Rice,Main,2011,6,2011,12,All (PS),production,801087.0
3698,ML2016A104,Mali,ML,Segou,none,Segou,Rice,Main,2012,6,2012,12,All (PS),production,952471.0
3699,ML2016A104,Mali,ML,Segou,none,Segou,Rice,Main,2013,6,2013,12,All (PS),production,1212946.0
3700,ML2016A104,Mali,ML,Segou,none,Segou,Rice,Main,2014,6,2014,12,All (PS),production,1080536.0
3701,ML2016A104,Mali,ML,Segou,none,Segou,Rice,Main,2015,6,2015,12,All (PS),production,941748.0
3702,ML2016A104,Mali,ML,Segou,none,Segou,Rice,Main,2016,6,2016,12,All (PS),production,1217296.0
3703,ML2016A104,Mali,ML,Segou,none,Segou,Rice,Main,2017,6,2017,12,All (PS),production,1026435.0
3704,ML2016A104,Mali,ML,Segou,none,Segou,Rice,Main,2018,6,2018,12,All (PS),production,1469119.0
3705,ML2016A104,Mali,ML,Segou,none,Segou,Rice,Main,2019,6,2019,12,All (PS),production,1556429.47439568
3706,ML2016A104,Mali,ML,Segou,none,Segou,Rice,Main,2020,6,2020,12,All (PS),production,1283268.0
3707,ML2016A104,Mali,ML,Segou,none,Segou,Rice,Main,2021,6,2021,12,All (PS),production,893974.0
3708,ML2016A104,Mali,ML,Segou,none,Segou,Rice,Main,2022,6,2022,12,All (PS),production,1147960.0
3709,ML2016A104,Mali,ML,Segou,none,Segou,Cowpea,Main,1984,6,1984,12,All (PS),production,13153.0
3710,ML2016A104,Mali,ML,Segou,none,Segou,Cowpea,Main,1985,6,1985,12,All (PS),production,33242.0
3711,ML2016A104,Mali,ML,Segou,none,Segou,Cowpea,Main,1986,6,1986,12,All (PS),production,7380.0
3712,ML2016A104,Mali,ML,Segou,none,Segou,Cowpea,Main,1987,6,1987,12,All (PS),production,3230.0
3713,ML2016A104,Mali,ML,Segou,none,Segou,Cowpea,Main,1988,6,1988,12,All (PS),production,7270.0
3714,ML2016A104,Mali,ML,Segou,none,Segou,Cowpea,Main,1989,6,1989,12,All (PS),production,1740.0
3715,ML2016A104,Mali,ML,Segou,none,Segou,Cowpea,Main,1990,6,1990,12,All (PS),production,22310.0
3716,ML2016A104,Mali,ML,Segou,none,Segou,Cowpea,Main,1991,6,1991,12,All (PS),production,29124.0
3717,ML2016A104,Mali,ML,Segou,none,Segou,Cowpea,Main,1992,6,1992,12,All (PS),production,29124.0
3718,ML2016A104,Mali,ML,Segou,none,Segou,Cowpea,Main,1993,6,1993,12,All (PS),production,16710.0
3719,ML2016A104,Mali,ML,Segou,none,Segou,Cowpea,Main,1994,6,1994,12,All (PS),production,11284.0
3720,ML2016A104,Mali,ML,Segou,none,Segou,Cowpea,Main,1995,6,1995,12,All (PS),production,11284.0
3721,ML2016A104,Mali,ML,Segou,none,Segou,Cowpea,Main,1996,6,1996,12,All (PS),production,10104.0
3722,ML2016A104,Mali,ML,Segou,none,Segou,Cowpea,Main,1997,6,1997,12,All (PS),production,8185.0
3723,ML2016A104,Mali,ML,Segou,none,Segou,Cowpea,Main,1998,6,1998,12,All (PS),production,49682.0
3724,ML2016A104,Mali,ML,Segou,none,Segou,Cowpea,Main,1999,6,1999,12,All (PS),production,71251.0
3725,ML2016A104,Mali,ML,Segou,none,Segou,Cowpea,Main,2000,6,2000,12,All (PS),production,43151.0
3726,ML2016A104,Mali,ML,Segou,none,Segou,Cowpea,Main,2001,6,2001,12,All (PS),production,53106.0
3727,ML2016A104,Mali,ML,Segou,none,Segou,Cowpea,Main,2002,6,2002,12,All (PS),production,37069.0
3728,ML2016A104,Mali,ML,Segou,none,Segou,Cowpea,Main,2003,6,2003,12,All (PS),production,81408.0
3729,ML2016A104,Mali,ML,Segou,none,Segou,Cowpea,Main,2004,6,2004,12,All (PS),production,6083.0
3730,ML2016A104,Mali,ML,Segou,none,Segou,Cowpea,Main,2005,6,2005,12,All (PS),production,15090.0
3731,ML2016A104,Mali,ML,Segou,none,Segou,Cowpea,Main,2006,6,2006,12,All (PS),production,10261.8573938747
3732,ML2016A104,Mali,ML,Segou,none,Segou,Cowpea,Main,2007,6,2007,12,All (PS),production,19732.0
3733,ML2016A104,Mali,ML,Segou,none,Segou,Cowpea,Main,2008,6,2008,12,All (PS),production,21365.0
3734,ML2016A104,Mali,ML,Segou,none,Segou,Cowpea,Main,2009,6,2009,12,All (PS),production,33982.0
3735,ML2016A104,Mali,ML,Segou,none,Segou,Cowpea,Main,2010,6,2010,12,All (PS),production,25815.0
3736,ML2016A104,Mali,ML,Segou,none,Segou,Cowpea,Main,2011,6,2011,12,All (PS),production,29495.0
3737,ML2016A104,Mali,ML,Segou,none,Segou,Cowpea,Main,2012,6,2012,12,All (PS),production,19566.0
3738,ML2016A104,Mali,ML,Segou,none,Segou,Cowpea,Main,2013,6,2013,12,All (PS),production,26048.0
3739,ML2016A104,Mali,ML,Segou,none,Segou,Cowpea,Main,2014,6,2014,12,All (PS),production,72705.714
3740,ML2016A104,Mali,ML,Segou,none,Segou,Cowpea,Main,2015,6,2015,12,All (PS),production,76778.9798
3741,ML2016A104,Mali,ML,Segou,none,Segou,Cowpea,Main,2016,6,2016,12,All (PS),production,81864.0
3742,ML2016A104,Mali,ML,Segou,none,Segou,Cowpea,Main,2017,6,2017,12,All (PS),production,763.4652
3743,ML2016A104,Mali,ML,Segou,none,Segou,Cowpea,Main,2018,6,2018,12,All (PS),production,88436.0
3744,ML2016A104,Mali,ML,Segou,none,Segou,Cowpea,Main,2019,6,2019,12,All (PS),production,69984.0
3745,ML2016A104,Mali,ML,Segou,none,Segou,Cowpea,Main,2020,6,2020,12,All (PS),production,92503.0
3746,ML2016A104,Mali,ML,Segou,none,Segou,Cowpea,Main,2021,6,2021,12,All (PS),production,99827.0642
3747,ML2016A104,Mali,ML,Segou,none,Segou,Fonio,Main,1982,6,1982,12,All (PS),production,19965.0
3748,ML2016A104,Mali,ML,Segou,none,Segou,Fonio,Main,1983,6,1983,12,All (PS),production,11944.0
3749,ML2016A104,Mali,ML,Segou,none,Segou,Fonio,Main,1984,6,1984,12,All (PS),production,4123.0
3750,ML2016A104,Mali,ML,Segou,none,Segou,Fonio,Main,1985,6,1985,12,All (PS),production,7631.0
3751,ML2016A104,Mali,ML,Segou,none,Segou,Fonio,Main,1986,6,1986,12,All (PS),production,10628.0
3752,ML2016A104,Mali,ML,Segou,none,Segou,Fonio,Main,1987,6,1987,12,All (PS),production,8461.0
3753,ML2016A104,Mali,ML,Segou,none,Segou,Fonio,Main,1988,6,1988,12,All (PS),production,10961.0
3754,ML2016A104,Mali,ML,Segou,none,Segou,Fonio,Main,1989,6,1989,12,All (PS),production,6767.0
3755,ML2016A104,Mali,ML,Segou,none,Segou,Fonio,Main,1990,6,1990,12,All (PS),production,12572.0
3756,ML2016A104,Mali,ML,Segou,none,Segou,Fonio,Main,1991,6,1991,12,All (PS),production,9133.0
3757,ML2016A104,Mali,ML,Segou,none,Segou,Fonio,Main,1992,6,1992,12,All (PS),production,9133.0
3758,ML2016A104,Mali,ML,Segou,none,Segou,Fonio,Main,1993,6,1993,12,All (PS),production,11860.0
3759,ML2016A104,Mali,ML,Segou,none,Segou,Fonio,Main,1994,6,1994,12,All (PS),production,3179.0
3760,ML2016A104,Mali,ML,Segou,none,Segou,Fonio,Main,1995,6,1995,12,All (PS),production,8220.0
3761,ML2016A104,Mali,ML,Segou,none,Segou,Fonio,Main,1996,6,1996,12,All (PS),production,5450.0
3762,ML2016A104,Mali,ML,Segou,none,Segou,Fonio,Main,1997,6,1997,12,All (PS),production,7296.0
3763,ML2016A104,Mali,ML,Segou,none,Segou,Fonio,Main,1998,6,1998,12,All (PS),production,6186.0
3764,ML2016A104,Mali,ML,Segou,none,Segou,Fonio,Main,1999,6,1999,12,All (PS),production,11454.0
3765,ML2016A104,Mali,ML,Segou,none,Segou,Fonio,Main,2000,6,2000,12,All (PS),production,11000.0
3766,ML2016A104,Mali,ML,Segou,none,Segou,Fonio,Main,2001,6,2001,12,All (PS),production,6223.0
3767,ML2016A104,Mali,ML,Segou,none,Segou,Fonio,Main,2002,6,2002,12,All (PS),production,5486.0
3768,ML2016A104,Mali,ML,Segou,none,Segou,Fonio,Main,2003,6,2003,12,All (PS),production,8964.0
3769,ML2016A104,Mali,ML,Segou,none,Segou,Fonio,Main,2004,6,2004,12,All (PS),production,9414.0
3770,ML2016A104,Mali,ML,Segou,none,Segou,Fonio,Main,2005,6,2005,12,All (PS),production,4353.0
3771,ML2016A104,Mali,ML,Segou,none,Segou,Fonio,Main,2006,6,2006,12,All (PS),production,9136.38341072614
3772,ML2016A104,Mali,ML,Segou,none,Segou,Fonio,Main,2007,6,2007,12,All (PS),production,14564.0
3773,ML2016A104,Mali,ML,Segou,none,Segou,Fonio,Main,2008,6,2008,12,All (PS),production,4265.0
3774,ML2016A104,Mali,ML,Segou,none,Segou,Fonio,Main,2009,6,2009,12,All (PS),production,8270.0
3775,ML2016A104,Mali,ML,Segou,none,Segou,Fonio,Main,2010,6,2010,12,All (PS),production,13410.0
3776,ML2016A104,Mali,ML,Segou,none,Segou,Fonio,Main,2011,6,2011,12,All (PS),production,10990.0
3777,ML2016A104,Mali,ML,Segou,none,Segou,Fonio,Main,2012,6,2012,12,All (PS),production,7659.0
3778,ML2016A104,Mali,ML,Segou,none,Segou,Fonio,Main,2013,6,2013,12,All (PS),production,12949.0
3779,ML2016A104,Mali,ML,Segou,none,Segou,Fonio,Main,2014,6,2014,12,All (PS),production,14775.0
3780,ML2016A104,Mali,ML,Segou,none,Segou,Fonio,Main,2015,6,2015,12,All (PS),production,10596.0
3781,ML2016A104,Mali,ML,Segou,none,Segou,Fonio,Main,2016,6,2016,12,All (PS),production,10094.0
3782,ML2016A104,Mali,ML,Segou,none,Segou,Fonio,Main,2017,6,2017,12,All (PS),production,25925.0
3783,ML2016A104,Mali,ML,Segou,none,Segou,Fonio,Main,2018,6,2018,12,All (PS),production,26095.0
3784,ML2016A104,Mali,ML,Segou,none,Segou,Fonio,Main,2019,6,2019,12,All (PS),production,32979.778060996
3785,ML2016A104,Mali,ML,Segou,none,Segou,Fonio,Main,2020,6,2020,12,All (PS),production,20351.0
3786,ML2016A104,Mali,ML,Segou,none,Segou,Fonio,Main,2021,6,2021,12,All (PS),production,15317.0
3787,ML2016A104,Mali,ML,Segou,none,Segou,Fonio,Main,2022,6,2022,12,All (PS),production,15917.0
3788,ML2016A104,Mali,ML,Segou,none,Segou,Groundnuts (In Shell),Main,1982,6,1982,12,All (PS),production,50512.0
3789,ML2016A104,Mali,ML,Segou,none,Segou,Groundnuts (In Shell),Main,1983,6,1983,12,All (PS),production,15765.0
3790,ML2016A104,Mali,ML,Segou,none,Segou,Groundnuts (In Shell),Main,1984,6,1984,12,All (PS),production,6462.0
3791,ML2016A104,Mali,ML,Segou,none,Segou,Groundnuts (In Shell),Main,1985,6,1985,12,All (PS),production,19665.0
3792,ML2016A104,Mali,ML,Segou,none,Segou,Groundnuts (In Shell),Main,1986,6,1986,12,All (PS),production,26944.0
3793,ML2016A104,Mali,ML,Segou,none,Segou,Groundnuts (In Shell),Main,1987,6,1987,12,All (PS),production,14427.0
3794,ML2016A104,Mali,ML,Segou,none,Segou,Groundnuts (In Shell),Main,1988,6,1988,12,All (PS),production,33299.0
3795,ML2016A104,Mali,ML,Segou,none,Segou,Groundnuts (In Shell),Main,1989,6,1989,12,All (PS),production,21030.0
3796,ML2016A104,Mali,ML,Segou,none,Segou,Groundnuts (In Shell),Main,1990,6,1990,12,All (PS),production,62439.0
3797,ML2016A104,Mali,ML,Segou,none,Segou,Groundnuts (In Shell),Main,1991,6,1991,12,All (PS),production,14768.0
3798,ML2016A104,Mali,ML,Segou,none,Segou,Groundnuts (In Shell),Main,1992,6,1992,12,All (PS),production,14768.0
3799,ML2016A104,Mali,ML,Segou,none,Segou,Groundnuts (In Shell),Main,1993,6,1993,12,All (PS),production,21060.0
3800,ML2016A104,Mali,ML,Segou,none,Segou,Groundnuts (In Shell),Main,1994,6,1994,12,All (PS),production,21061.0
3801,ML2016A104,Mali,ML,Segou,none,Segou,Groundnuts (In Shell),Main,1995,6,1995,12,All (PS),production,12660.0
3802,ML2016A104,Mali,ML,Segou,none,Segou,Groundnuts (In Shell),Main,1996,6,1996,12,All (PS),production,18870.0
3803,ML2016A104,Mali,ML,Segou,none,Segou,Groundnuts (In Shell),Main,1997,6,1997,12,All (PS),production,13099.0
3804,ML2016A104,Mali,ML,Segou,none,Segou,Groundnuts (In Shell),Main,1999,6,1999,12,All (PS),production,42097.0
3805,ML2016A104,Mali,ML,Segou,none,Segou,Groundnuts (In Shell),Main,2000,6,2000,12,All (PS),production,32868.0
3806,ML2016A104,Mali,ML,Segou,none,Segou,Groundnuts (In Shell),Main,2001,6,2001,12,All (PS),production,20374.0
3807,ML2016A104,Mali,ML,Segou,none,Segou,Groundnuts (In Shell),Main,2002,6,2002,12,All (PS),production,17041.0
3808,ML2016A104,Mali,ML,Segou,none,Segou,Groundnuts (In Shell),Main,2003,6,2003,12,All (PS),production,27999.0
3809,ML2016A104,Mali,ML,Segou,none,Segou,Groundnuts (In Shell),Main,2004,6,2004,12,All (PS),production,19407.0
3810,ML2016A104,Mali,ML,Segou,none,Segou,Groundnuts (In Shell),Main,2005,6,2005,12,All (PS),production,20445.0
3811,ML2016A104,Mali,ML,Segou,none,Segou,Groundnuts (In Shell),Main,2006,6,2006,12,All (PS),production,26258.4802233831
3812,ML2016A104,Mali,ML,Segou,none,Segou,Groundnuts (In Shell),Main,2007,6,2007,12,All (PS),production,28723.0
3813,ML2016A104,Mali,ML,Segou,none,Segou,Groundnuts (In Shell),Main,2008,6,2008,12,All (PS),production,34167.0
3814,ML2016A104,Mali,ML,Segou,none,Segou,Groundnuts (In Shell),Main,2009,6,2009,12,All (PS),production,43352.0
3815,ML2016A104,Mali,ML,Segou,none,Segou,Groundnuts (In Shell),Main,2010,6,2010,12,All (PS),production,26151.0
3816,ML2016A104,Mali,ML,Segou,none,Segou,Groundnuts (In Shell),Main,2011,6,2011,12,All (PS),production,18926.532
3817,ML2016A104,Mali,ML,Segou,none,Segou,Groundnuts (In Shell),Main,2012,6,2012,12,All (PS),production,26732.0
3818,ML2016A104,Mali,ML,Segou,none,Segou,Groundnuts (In Shell),Main,2013,6,2013,12,All (PS),production,57793.0
3819,ML2016A104,Mali,ML,Segou,none,Segou,Groundnuts (In Shell),Main,2014,6,2014,12,All (PS),production,45664.513
3820,ML2016A104,Mali,ML,Segou,none,Segou,Groundnuts (In Shell),Main,2015,6,2015,12,All (PS),production,46322.7318225
3821,ML2016A104,Mali,ML,Segou,none,Segou,Groundnuts (In Shell),Main,2016,6,2016,12,All (PS),production,43000.0
3822,ML2016A104,Mali,ML,Segou,none,Segou,Groundnuts (In Shell),Main,2017,6,2017,12,All (PS),production,32568.0
3823,ML2016A104,Mali,ML,Segou,none,Segou,Groundnuts (In Shell),Main,2018,6,2018,12,All (PS),production,46371.0
3824,ML2016A104,Mali,ML,Segou,none,Segou,Groundnuts (In Shell),Main,2019,6,2019,12,All (PS),production,36764.0
3825,ML2016A104,Mali,ML,Segou,none,Segou,Groundnuts (In Shell),Main,2020,6,2020,12,All (PS),production,42520.0
3826,ML2016A104,Mali,ML,Segou,none,Segou,Groundnuts (In Shell),Main,2021,6,2021,12,All (PS),production,27119.56
3827,ML2016A104,Mali,ML,Segou,none,Segou,Maize,Main,1974,6,1974,12,All (PS),production,4777.0
3828,ML2016A104,Mali,ML,Segou,none,Segou,Maize,Main,1975,6,1975,12,All (PS),production,4454.0
3829,ML2016A104,Mali,ML,Segou,none,Segou,Maize,Main,1976,6,1976,12,All (PS),production,8424.0
3830,ML2016A104,Mali,ML,Segou,none,Segou,Maize,Main,1977,6,1977,12,All (PS),production,4096.0
3831,ML2016A104,Mali,ML,Segou,none,Segou,Maize,Main,1978,6,1978,12,All (PS),production,5706.0
3832,ML2016A104,Mali,ML,Segou,none,Segou,Maize,Main,1979,6,1979,12,All (PS),production,6147.0
3833,ML2016A104,Mali,ML,Segou,none,Segou,Maize,Main,1980,6,1980,12,All (PS),production,5748.0
3834,ML2016A104,Mali,ML,Segou,none,Segou,Maize,Main,1981,6,1981,12,All (PS),production,8176.0
3835,ML2016A104,Mali,ML,Segou,none,Segou,Maize,Main,1982,6,1982,12,All (PS),production,5706.0
3836,ML2016A104,Mali,ML,Segou,none,Segou,Maize,Main,1983,6,1983,12,All (PS),production,10940.0
3837,ML2016A104,Mali,ML,Segou,none,Segou,Maize,Main,1984,6,1984,12,All (PS),production,424.0
3838,ML2016A104,Mali,ML,Segou,none,Segou,Maize,Main,1985,6,1985,12,All (PS),production,8707.0
3839,ML2016A104,Mali,ML,Segou,none,Segou,Maize,Main,1986,6,1986,12,All (PS),production,20597.0
3840,ML2016A104,Mali,ML,Segou,none,Segou,Maize,Main,1987,6,1987,12,All (PS),production,11307.0
3841,ML2016A104,Mali,ML,Segou,none,Segou,Maize,Main,1988,6,1988,12,All (PS),production,22118.0
3842,ML2016A104,Mali,ML,Segou,none,Segou,Maize,Main,1989,6,1989,12,All (PS),production,17362.0
3843,ML2016A104,Mali,ML,Segou,none,Segou,Maize,Main,1990,6,1990,12,All (PS),production,11475.0
3844,ML2016A104,Mali,ML,Segou,none,Segou,Maize,Main,1991,6,1991,12,All (PS),production,9910.0
3845,ML2016A104,Mali,ML,Segou,none,Segou,Maize,Main,1992,6,1992,12,All (PS),production,9910.0
3846,ML2016A104,Mali,ML,Segou,none,Segou,Maize,Main,1993,6,1993,12,All (PS),production,10385.0
3847,ML2016A104,Mali,ML,Segou,none,Segou,Maize,Main,1994,6,1994,12,All (PS),production,9891.0
3848,ML2016A104,Mali,ML,Segou,none,Segou,Maize,Main,1995,6,1995,12,All (PS),production,8890.0
3849,ML2016A104,Mali,ML,Segou,none,Segou,Maize,Main,1996,6,1996,12,All (PS),production,35100.0
3850,ML2016A104,Mali,ML,Segou,none,Segou,Maize,Main,1997,6,1997,12,All (PS),production,21597.0
3851,ML2016A104,Mali,ML,Segou,none,Segou,Maize,Main,1998,6,1998,12,All (PS),production,30345.0
3852,ML2016A104,Mali,ML,Segou,none,Segou,Maize,Main,1999,6,1999,12,All (PS),production,59827.0
3853,ML2016A104,Mali,ML,Segou,none,Segou,Maize,Main,2000,6,2000,12,All (PS),production,27089.0
3854,ML2016A104,Mali,ML,Segou,none,Segou,Maize,Main,2001,6,2001,12,All (PS),production,16750.0
3855,ML2016A104,Mali,ML,Segou,none,Segou,Maize,Main,2002,6,2002,12,All (PS),production,19827.0
3856,ML2016A104,Mali,ML,Segou,none,Segou,Maize,Main,2003,6,2003,12,All (PS),production,22612.0
3857,ML2016A104,Mali,ML,Segou,none,Segou,Maize,Main,2004,6,2004,12,All (PS),production,31399.0
3858,ML2016A104,Mali,ML,Segou,none,Segou,Maize,Main,2005,6,2005,12,All (PS),production,32522.0
3859,ML2016A104,Mali,ML,Segou,none,Segou,Maize,Main,2006,6,2006,12,All (PS),production,29273.4390274697
3860,ML2016A104,Mali,ML,Segou,none,Segou,Maize,Main,2007,6,2007,12,All (PS),production,45556.0
3861,ML2016A104,Mali,ML,Segou,none,Segou,Maize,Main,2008,6,2008,12,All (PS),production,35693.0
3862,ML2016A104,Mali,ML,Segou,none,Segou,Maize,Main,2009,6,2009,12,All (PS),production,26694.0
3863,ML2016A104,Mali,ML,Segou,none,Segou,Maize,Main,2010,6,2010,12,All (PS),production,108674.0
3864,ML2016A104,Mali,ML,Segou,none,Segou,Maize,Main,2011,6,2011,12,All (PS),production,43490.0
3865,ML2016A104,Mali,ML,Segou,none,Segou,Maize,Main,2012,6,2012,12,All (PS),production,99293.0
3866,ML2016A104,Mali,ML,Segou,none,Segou,Maize,Main,2013,6,2013,12,All (PS),production,55093.0
3867,ML2016A104,Mali,ML,Segou,none,Segou,Maize,Main,2014,6,2014,12,All (PS),production,87139.0
3868,ML2016A104,Mali,ML,Segou,none,Segou,Maize,Main,2015,6,2015,12,All (PS),production,72295.0
3869,ML2016A104,Mali,ML,Segou,none,Segou,Maize,Main,2016,6,2016,12,All (PS),production,103047.0
3870,ML2016A104,Mali,ML,Segou,none,Segou,Maize,Main,2017,6,2017,12,All (PS),production,140220.0
3871,ML2016A104,Mali,ML,Segou,none,Segou,Maize,Main,2018,6,2018,12,All (PS),production,225675.0
3872,ML2016A104,Mali,ML,Segou,none,Segou,Maize,Main,2019,6,2019,12,All (PS),production,162847.302690494
3873,ML2016A104,Mali,ML,Segou,none,Segou,Maize,Main,2020,6,2020,12,All (PS),production,183899.0
3874,ML2016A104,Mali,ML,Segou,none,Segou,Maize,Main,2021,6,2021,12,All (PS),production,156887.0
3875,ML2016A104,Mali,ML,Segou,none,Segou,Maize,Main,2022,6,2022,12,All (PS),production,214606.0
3876,ML2016A104,Mali,ML,Segou,none,Segou,Sorghum,Main,1982,6,1982,12,All (PS),production,111223.0
3877,ML2016A104,Mali,ML,Segou,none,Segou,Sorghum,Main,1983,6,1983,12,All (PS),production,82249.0
3878,ML2016A104,Mali,ML,Segou,none,Segou,Sorghum,Main,1984,6,1984,12,All (PS),production,23205.0
3879,ML2016A104,Mali,ML,Segou,none,Segou,Sorghum,Main,1985,6,1985,12,All (PS),production,45810.0
3880,ML2016A104,Mali,ML,Segou,none,Segou,Sorghum,Main,1986,6,1986,12,All (PS),production,83201.0
3881,ML2016A104,Mali,ML,Segou,none,Segou,Sorghum,Main,1987,6,1987,12,All (PS),production,64058.0
3882,ML2016A104,Mali,ML,Segou,none,Segou,Sorghum,Main,1988,6,1988,12,All (PS),production,157591.0
3883,ML2016A104,Mali,ML,Segou,none,Segou,Sorghum,Main,1989,6,1989,12,All (PS),production,105391.0
3884,ML2016A104,Mali,ML,Segou,none,Segou,Sorghum,Main,1990,6,1990,12,All (PS),production,145084.0
3885,ML2016A104,Mali,ML,Segou,none,Segou,Sorghum,Main,1991,6,1991,12,All (PS),production,112833.0
3886,ML2016A104,Mali,ML,Segou,none,Segou,Sorghum,Main,1992,6,1992,12,All (PS),production,112833.0
3887,ML2016A104,Mali,ML,Segou,none,Segou,Sorghum,Main,1993,6,1993,12,All (PS),production,185854.0
3888,ML2016A104,Mali,ML,Segou,none,Segou,Sorghum,Main,1994,6,1994,12,All (PS),production,141294.0
3889,ML2016A104,Mali,ML,Segou,none,Segou,Sorghum,Main,1995,6,1995,12,All (PS),production,122200.0
3890,ML2016A104,Mali,ML,Segou,none,Segou,Sorghum,Main,1996,6,1996,12,All (PS),production,83650.0
3891,ML2016A104,Mali,ML,Segou,none,Segou,Sorghum,Main,1997,6,1997,12,All (PS),production,86533.0
3892,ML2016A104,Mali,ML,Segou,none,Segou,Sorghum,Main,1998,6,1998,12,All (PS),production,77679.0
3893,ML2016A104,Mali,ML,Segou,none,Segou,Sorghum,Main,1999,6,1999,12,All (PS),production,94775.0
3894,ML2016A104,Mali,ML,Segou,none,Segou,Sorghum,Main,2000,6,2000,12,All (PS),production,90338.0
3895,ML2016A104,Mali,ML,Segou,none,Segou,Sorghum,Main,2001,6,2001,12,All (PS),production,79173.0
3896,ML2016A104,Mali,ML,Segou,none,Segou,Sorghum,Main,2002,6,2002,12,All (PS),production,84519.0
3897,ML2016A104,Mali,ML,Segou,none,Segou,Sorghum,Main,2003,6,2003,12,All (PS),production,130010.0
3898,ML2016A104,Mali,ML,Segou,none,Segou,Sorghum,Main,2004,6,2004,12,All (PS),production,102469.0
3899,ML2016A104,Mali,ML,Segou,none,Segou,Sorghum,Main,2005,6,2005,12,All (PS),production,107082.0
3900,ML2016A104,Mali,ML,Segou,none,Segou,Sorghum,Main,2006,6,2006,12,All (PS),production,105647.42716048
3901,ML2016A104,Mali,ML,Segou,none,Segou,Sorghum,Main,2007,6,2007,12,All (PS),production,110030.0
3902,ML2016A104,Mali,ML,Segou,none,Segou,Sorghum,Main,2008,6,2008,12,All (PS),production,136165.0
3903,ML2016A104,Mali,ML,Segou,none,Segou,Sorghum,Main,2009,6,2009,12,All (PS),production,202146.0
3904,ML2016A104,Mali,ML,Segou,none,Segou,Sorghum,Main,2010,6,2010,12,All (PS),production,207560.0
3905,ML2016A104,Mali,ML,Segou,none,Segou,Sorghum,Main,2011,6,2011,12,All (PS),production,152626.0
3906,ML2016A104,Mali,ML,Segou,none,Segou,Sorghum,Main,2012,6,2012,12,All (PS),production,283467.0
3907,ML2016A104,Mali,ML,Segou,none,Segou,Sorghum,Main,2013,6,2013,12,All (PS),production,122151.0
3908,ML2016A104,Mali,ML,Segou,none,Segou,Sorghum,Main,2014,6,2014,12,All (PS),production,203338.0
3909,ML2016A104,Mali,ML,Segou,none,Segou,Sorghum,Main,2015,6,2015,12,All (PS),production,261914.0
3910,ML2016A104,Mali,ML,Segou,none,Segou,Sorghum,Main,2016,6,2016,12,All (PS),production,335344.0
3911,ML2016A104,Mali,ML,Segou,none,Segou,Sorghum,Main,2017,6,2017,12,All (PS),production,284444.0
3912,ML2016A104,Mali,ML,Segou,none,Segou,Sorghum,Main,2018,6,2018,12,All (PS),production,342134.0
3913,ML2016A104,Mali,ML,Segou,none,Segou,Sorghum,Main,2019,6,2019,12,All (PS),production,380216.32935489
3914,ML2016A104,Mali,ML,Segou,none,Segou,Sorghum,Main,2020,6,2020,12,All (PS),production,234353.0
3915,ML2016A104,Mali,ML,Segou,none,Segou,Sorghum,Main,2021,6,2021,12,All (PS),production,124330.0
3916,ML2016A104,Mali,ML,Segou,none,Segou,Sorghum,Main,2022,6,2022,12,All (PS),production,237750.0
3917,ML2016A104,Mali,ML,Segou,none,Segou,Millet,Main,1982,6,1982,12,All (PS),production,296387.0
3918,ML2016A104,Mali,ML,Segou,none,Segou,Millet,Main,1983,6,1983,12,All (PS),production,327223.0
3919,ML2016A104,Mali,ML,Segou,none,Segou,Millet,Main,1984,6,1984,12,All (PS),production,186132.0
3920,ML2016A104,Mali,ML,Segou,none,Segou,Millet,Main,1985,6,1985,12,All (PS),production,379275.0
3921,ML2016A104,Mali,ML,Segou,none,Segou,Millet,Main,1986,6,1986,12,All (PS),production,394869.0
3922,ML2016A104,Mali,ML,Segou,none,Segou,Millet,Main,1987,6,1987,12,All (PS),production,200751.0
3923,ML2016A104,Mali,ML,Segou,none,Segou,Millet,Main,1988,6,1988,12,All (PS),production,323434.0
3924,ML2016A104,Mali,ML,Segou,none,Segou,Millet,Main,1989,6,1989,12,All (PS),production,386093.0
3925,ML2016A104,Mali,ML,Segou,none,Segou,Millet,Main,1990,6,1990,12,All (PS),production,322102.0
3926,ML2016A104,Mali,ML,Segou,none,Segou,Millet,Main,1991,6,1991,12,All (PS),production,242383.0
3927,ML2016A104,Mali,ML,Segou,none,Segou,Millet,Main,1992,6,1992,12,All (PS),production,242383.0
3928,ML2016A104,Mali,ML,Segou,none,Segou,Millet,Main,1993,6,1993,12,All (PS),production,316210.0
3929,ML2016A104,Mali,ML,Segou,none,Segou,Millet,Main,1994,6,1994,12,All (PS),production,396341.0
3930,ML2016A104,Mali,ML,Segou,none,Segou,Millet,Main,1995,6,1995,12,All (PS),production,256800.0
3931,ML2016A104,Mali,ML,Segou,none,Segou,Millet,Main,1996,6,1996,12,All (PS),production,288070.0
3932,ML2016A104,Mali,ML,Segou,none,Segou,Millet,Main,1997,6,1997,12,All (PS),production,228890.0
3933,ML2016A104,Mali,ML,Segou,none,Segou,Millet,Main,1998,6,1998,12,All (PS),production,276917.0
3934,ML2016A104,Mali,ML,Segou,none,Segou,Millet,Main,1999,6,1999,12,All (PS),production,194533.0
3935,ML2016A104,Mali,ML,Segou,none,Segou,Millet,Main,2000,6,2000,12,All (PS),production,221294.0
3936,ML2016A104,Mali,ML,Segou,none,Segou,Millet,Main,2001,6,2001,12,All (PS),production,237766.0
3937,ML2016A104,Mali,ML,Segou,none,Segou,Millet,Main,2002,6,2002,12,All (PS),production,275264.0
3938,ML2016A104,Mali,ML,Segou,none,Segou,Millet,Main,2003,6,2003,12,All (PS),production,402331.0
3939,ML2016A104,Mali,ML,Segou,none,Segou,Millet,Main,2004,6,2004,12,All (PS),production,368484.0
3940,ML2016A104,Mali,ML,Segou,none,Segou,Millet,Main,2005,6,2005,12,All (PS),production,449971.0
3941,ML2016A104,Mali,ML,Segou,none,Segou,Millet,Main,2006,6,2006,12,All (PS),production,399047.464789761
3942,ML2016A104,Mali,ML,Segou,none,Segou,Millet,Main,2007,6,2007,12,All (PS),production,426240.0
3943,ML2016A104,Mali,ML,Segou,none,Segou,Millet,Main,2008,6,2008,12,All (PS),production,420671.0
3944,ML2016A104,Mali,ML,Segou,none,Segou,Millet,Main,2009,6,2009,12,All (PS),production,648619.0
3945,ML2016A104,Mali,ML,Segou,none,Segou,Millet,Main,2010,6,2010,12,All (PS),production,431405.0
3946,ML2016A104,Mali,ML,Segou,none,Segou,Millet,Main,2011,6,2011,12,All (PS),production,549644.0
3947,ML2016A104,Mali,ML,Segou,none,Segou,Millet,Main,2012,6,2012,12,All (PS),production,697379.0
3948,ML2016A104,Mali,ML,Segou,none,Segou,Millet,Main,2013,6,2013,12,All (PS),production,443077.0
3949,ML2016A104,Mali,ML,Segou,none,Segou,Millet,Main,2014,6,2014,12,All (PS),production,530563.0
3950,ML2016A104,Mali,ML,Segou,none,Segou,Millet,Main,2015,6,2015,12,All (PS),production,606019.0
3951,ML2016A104,Mali,ML,Segou,none,Segou,Millet,Main,2016,6,2016,12,All (PS),production,748650.0
3952,ML2016A104,Mali,ML,Segou,none,Segou,Millet,Main,2017,6,2017,12,All (PS),production,628025.0
3953,ML2016A104,Mali,ML,Segou,none,Segou,Millet,Main,2018,6,2018,12,All (PS),production,636816.0
3954,ML2016A104,Mali,ML,Segou,none,Segou,Millet,Main,2019,6,2019,12,All (PS),production,909683.971084172
3955,ML2016A104,Mali,ML,Segou,none,Segou,Millet,Main,2020,6,2020,12,All (PS),production,634010.0
3956,ML2016A104,Mali,ML,Segou,none,Segou,Millet,Main,2021,6,2021,12,All (PS),production,431818.0
3957,ML2016A104,Mali,ML,Segou,none,Segou,Millet,Main,2022,6,2022,12,All (PS),production,579116.0
3958,ML2016A104,Mali,ML,Segou,none,Segou,Yams,Main,1986,6,1986,12,All (PS),production,180.0
3959,ML2016A104,Mali,ML,Segou,none,Segou,Yams,Main,1988,6,1988,12,All (PS),production,310.0
3960,ML2016A104,Mali,ML,Segou,none,Segou,Yams,Main,1990,6,1990,12,All (PS),production,170.0
3961,ML2016A104,Mali,ML,Segou,none,Segou,Sugarcane,Main,1984,6,1984,12,All (PS),production,146388.0
3962,ML2016A104,Mali,ML,Segou,none,Segou,Sugarcane,Main,1985,6,1985,12,All (PS),production,184353.0
3963,ML2016A104,Mali,ML,Segou,none,Segou,Sugarcane,Main,1986,6,1986,12,All (PS),production,210465.0
3964,ML2016A104,Mali,ML,Segou,none,Segou,Sugarcane,Main,1987,6,1987,12,All (PS),production,245626.0
3965,ML2016A104,Mali,ML,Segou,none,Segou,Sugarcane,Main,1988,6,1988,12,All (PS),production,261304.0
3966,ML2016A104,Mali,ML,Segou,none,Segou,Sugarcane,Main,1989,6,1989,12,All (PS),production,257571.0
3967,ML2016A104,Mali,ML,Segou,none,Segou,Sugarcane,Main,1990,6,1990,12,All (PS),production,35300.0
3968,ML2016A104,Mali,ML,Segou,none,Segou,Sugarcane,Main,1991,6,1991,12,All (PS),production,25485.0
3969,ML2016A104,Mali,ML,Segou,none,Segou,Sugarcane,Main,1992,6,1992,12,All (PS),production,25485.0
3970,ML2016A104,Mali,ML,Segou,none,Segou,Sugarcane,Main,1993,6,1993,12,All (PS),production,20661.0
3971,ML2016A104,Mali,ML,Segou,none,Segou,Sugarcane,Main,1994,6,1994,12,All (PS),production,262333.0
3972,ML2016A104,Mali,ML,Segou,none,Segou,Sugarcane,Main,1995,6,1995,12,All (PS),production,293240.0
3973,ML2016A104,Mali,ML,Segou,none,Segou,Sugarcane,Main,1996,6,1996,12,All (PS),production,249950.0
3974,ML2016A104,Mali,ML,Segou,none,Segou,Sugarcane,Main,1997,6,1997,12,All (PS),production,302982.0
3975,ML2016A104,Mali,ML,Segou,none,Segou,Sugarcane,Main,2000,6,2000,12,All (PS),production,312992.0
3976,ML2016A104,Mali,ML,Segou,none,Segou,Sugarcane,Main,2001,6,2001,12,All (PS),production,285235.0
3977,ML2016A104,Mali,ML,Segou,none,Segou,Sugarcane,Main,2002,6,2002,12,All (PS),production,333286.0
3978,ML2016A104,Mali,ML,Segou,none,Segou,Sugarcane,Main,2003,6,2003,12,All (PS),production,336000.0
3979,ML2016A104,Mali,ML,Segou,none,Segou,Sugarcane,Main,2004,6,2004,12,All (PS),production,347939.0
3980,ML2016A104,Mali,ML,Segou,none,Segou,Sugarcane,Main,2005,6,2005,12,All (PS),production,344312.0
3981,ML2016A104,Mali,ML,Segou,none,Segou,Sugarcane,Main,2006,6,2006,12,All (PS),production,319529.0
3982,ML2016A104,Mali,ML,Segou,none,Segou,Sugarcane,Main,2007,6,2007,12,All (PS),production,341825.0
3983,ML2016A104,Mali,ML,Segou,none,Segou,Sugarcane,Main,2009,6,2009,12,All (PS),production,377000.0
3984,ML2016A104,Mali,ML,Segou,none,Segou,Sugarcane,Main,2011,6,2011,12,All (PS),production,377964.0
3985,ML2016A104,Mali,ML,Segou,none,Segou,Sugarcane,Main,2012,6,2012,12,All (PS),production,377964.0
3986,ML2016A104,Mali,ML,Segou,none,Segou,Sugarcane,Main,2013,6,2013,12,All (PS),production,335690.0
3987,ML2016A104,Mali,ML,Segou,none,Segou,Wheat,Main,2006,6,2006,12,All (PS),production,45.0
3988,ML2016A104,Mali,ML,Segou,none,Segou,Wheat,Main,2007,6,2007,12,All (PS),production,65.0
3989,ML2016A104,Mali,ML,Segou,none,Segou,Wheat,Main,2008,6,2008,12,All (PS),production,250.0
3990,ML2016A104,Mali,ML,Segou,none,Segou,Wheat,Main,2011,6,2011,12,All (PS),production,1855.0
3991,ML2016A104,Mali,ML,Segou,none,Segou,Wheat,Main,2012,6,2012,12,All (PS),production,1206.0
3992,ML2016A104,Mali,ML,Segou,none,Segou,Wheat,Main,2013,6,2013,12,All (PS),production,800.0
3993,ML2016A104,Mali,ML,Segou,none,Segou,Wheat,Main,2014,6,2014,12,All (PS),production,753.0
3994,ML2016A104,Mali,ML,Segou,none,Segou,Wheat,Main,2015,6,2015,12,All (PS),production,6546.0
3995,ML2016A104,Mali,ML,Segou,none,Segou,Wheat,Main,2016,6,2016,12,All (PS),production,2092.0
3996,ML2016A104,Mali,ML,Segou,none,Segou,Wheat,Main,2018,6,2018,12,All (PS),production,2800.0
3997,ML2016A104,Mali,ML,Segou,none,Segou,Sesame Seed,Main,2004,6,2004,12,All (PS),production,1349.0
3998,ML2016A104,Mali,ML,Segou,none,Segou,Sesame Seed,Main,2005,6,2005,12,All (PS),production,828.0
3999,ML2016A104,Mali,ML,Segou,none,Segou,Sesame Seed,Main,2006,6,2006,12,All (PS),production,697.0
4000,ML2016A104,Mali,ML,Segou,none,Segou,Sesame Seed,Main,2007,6,2007,12,All (PS),production,450.0
4001,ML2016A104,Mali,ML,Segou,none,Segou,Sesame Seed,Main,2008,6,2008,12,All (PS),production,1786.0
4002,ML2016A104,Mali,ML,Segou,none,Segou,Sesame Seed,Main,2009,6,2009,12,All (PS),production,3717.0
4003,ML2016A104,Mali,ML,Segou,none,Segou,Sesame Seed,Main,2010,6,2010,12,All (PS),production,4302.45
4004,ML2016A104,Mali,ML,Segou,none,Segou,Sesame Seed,Main,2011,6,2011,12,All (PS),production,4195.0
4005,ML2016A104,Mali,ML,Segou,none,Segou,Sesame Seed,Main,2012,6,2012,12,All (PS),production,4599.0
4006,ML2016A104,Mali,ML,Segou,none,Segou,Sesame Seed,Main,2013,6,2013,12,All (PS),production,4509.0
4007,ML2016A104,Mali,ML,Segou,none,Segou,Sesame Seed,Main,2014,6,2014,12,All (PS),production,4925.76
4008,ML2016A104,Mali,ML,Segou,none,Segou,Sesame Seed,Main,2015,6,2015,12,All (PS),production,6727.63104
4009,ML2016A104,Mali,ML,Segou,none,Segou,Sesame Seed,Main,2016,6,2016,12,All (PS),production,9360.0
4010,ML2016A104,Mali,ML,Segou,none,Segou,Sesame Seed,Main,2017,6,2017,12,All (PS),production,6640.0
4011,ML2016A104,Mali,ML,Segou,none,Segou,Sesame Seed,Main,2018,6,2018,12,All (PS),production,16907.0
4012,ML2016A104,Mali,ML,Segou,none,Segou,Sesame Seed,Main,2020,6,2020,12,All (PS),production,12124.0
4013,ML2016A104,Mali,ML,Segou,none,Segou,Sesame Seed,Main,2021,6,2021,12,All (PS),production,15005.3194
4014,ML2016A104,Mali,ML,Segou,none,Segou,Soybean,Main,2006,6,2006,12,All (PS),production,177.0
4015,ML2016A104,Mali,ML,Segou,none,Segou,Soybean,Main,2007,6,2007,12,All (PS),production,551.0
4016,ML2016A104,Mali,ML,Segou,none,Segou,Soybean,Main,2008,6,2008,12,All (PS),production,318.0
4017,ML2016A104,Mali,ML,Segou,none,Segou,Soybean,Main,2009,6,2009,12,All (PS),production,373.0
4018,ML2016A104,Mali,ML,Segou,none,Segou,Soybean,Main,2010,6,2010,12,All (PS),production,661.0
4019,ML2016A104,Mali,ML,Segou,none,Segou,Soybean,Main,2011,6,2011,12,All (PS),production,773.0
4020,ML2016A104,Mali,ML,Segou,none,Segou,Soybean,Main,2012,6,2012,12,All (PS),production,373.0
4021,ML2016A104,Mali,ML,Segou,none,Segou,Soybean,Main,2013,6,2013,12,All (PS),production,345.0
4022,ML2016A104,Mali,ML,Segou,none,Segou,Soybean,Main,2014,6,2014,12,All (PS),production,496.0
4023,ML2016A104,Mali,ML,Segou,none,Segou,Soybean,Main,2015,6,2015,12,All (PS),production,432.568
4024,ML2016A104,Mali,ML,Segou,none,Segou,Soybean,Main,2016,6,2016,12,All (PS),production,1188.0
4025,ML2016A104,Mali,ML,Segou,none,Segou,Soybean,Main,2017,6,2017,12,All (PS),production,2482.0
4026,ML2016A104,Mali,ML,Segou,none,Segou,Soybean,Main,2018,6,2018,12,All (PS),production,497.0
4027,ML2016A104,Mali,ML,Segou,none,Segou,Soybean,Main,2020,6,2020,12,All (PS),production,563.0
4028,ML2016A104,Mali,ML,Segou,none,Segou,Soybean,Main,2021,6,2021,12,All (PS),production,745.0368
4029,ML2016A104,Mali,ML,Segou,none,Segou,Beans (mixed),Main,2003,6,2003,12,All (PS),production,2468.0
4030,ML2016A104,Mali,ML,Segou,none,Segou,Beans (mixed),Main,2004,6,2004,12,All (PS),production,9164.0
4031,ML2016A104,Mali,ML,Segou,none,Segou,Beans (mixed),Main,2005,6,2005,12,All (PS),production,4636.0
4032,ML2016A105,Mali,ML,Mopti,none,Mopti,Bambara groundnut,Main,1984,6,1984,12,All (PS),production,1446.0
4033,ML2016A105,Mali,ML,Mopti,none,Mopti,Bambara groundnut,Main,1985,6,1985,12,All (PS),production,2391.0
4034,ML2016A105,Mali,ML,Mopti,none,Mopti,Bambara groundnut,Main,1990,6,1990,12,All (PS),production,552.0
4035,ML2016A105,Mali,ML,Mopti,none,Mopti,Bambara groundnut,Main,1992,6,1992,12,All (PS),production,4086.0
4036,ML2016A105,Mali,ML,Mopti,none,Mopti,Bambara groundnut,Main,1993,6,1993,12,All (PS),production,2385.0
4037,ML2016A105,Mali,ML,Mopti,none,Mopti,Bambara groundnut,Main,1995,6,1995,12,All (PS),production,3665.0
4038,ML2016A105,Mali,ML,Mopti,none,Mopti,Bambara groundnut,Main,1996,6,1996,12,All (PS),production,3665.0
4039,ML2016A105,Mali,ML,Mopti,none,Mopti,Bambara groundnut,Main,1997,6,1997,12,All (PS),production,1770.0
4040,ML2016A105,Mali,ML,Mopti,none,Mopti,Bambara groundnut,Main,1998,6,1998,12,All (PS),production,3023.0
4041,ML2016A105,Mali,ML,Mopti,none,Mopti,Bambara groundnut,Main,1999,6,1999,12,All (PS),production,6808.0
4042,ML2016A105,Mali,ML,Mopti,none,Mopti,Bambara groundnut,Main,2000,6,2000,12,All (PS),production,5401.0
4043,ML2016A105,Mali,ML,Mopti,none,Mopti,Bambara groundnut,Main,2002,6,2002,12,All (PS),production,2468.0
4044,ML2016A105,Mali,ML,Mopti,none,Mopti,Bambara groundnut,Main,2003,6,2003,12,All (PS),production,9164.0
4045,ML2016A105,Mali,ML,Mopti,none,Mopti,Bambara groundnut,Main,2004,6,2004,12,All (PS),production,4636.0
4046,ML2016A105,Mali,ML,Mopti,none,Mopti,Bambara groundnut,Main,2005,6,2005,12,All (PS),production,8430.0
4047,ML2016A105,Mali,ML,Mopti,none,Mopti,Bambara groundnut,Main,2006,6,2006,12,All (PS),production,9413.20332513417
4048,ML2016A105,Mali,ML,Mopti,none,Mopti,Bambara groundnut,Main,2007,6,2007,12,All (PS),production,2267.0
4049,ML2016A105,Mali,ML,Mopti,none,Mopti,Bambara groundnut,Main,2008,6,2008,12,All (PS),production,9299.0
4050,ML2016A105,Mali,ML,Mopti,none,Mopti,Bambara groundnut,Main,2009,6,2009,12,All (PS),production,9233.0
4051,ML2016A105,Mali,ML,Mopti,none,Mopti,Bambara groundnut,Main,2010,6,2010,12,All (PS),production,15075.0
4052,ML2016A105,Mali,ML,Mopti,none,Mopti,Bambara groundnut,Main,2011,6,2011,12,All (PS),production,9233.0
4053,ML2016A105,Mali,ML,Mopti,none,Mopti,Bambara groundnut,Main,2012,6,2012,12,All (PS),production,10425.0
4054,ML2016A105,Mali,ML,Mopti,none,Mopti,Bambara groundnut,Main,2013,6,2013,12,All (PS),production,9708.0
4055,ML2016A105,Mali,ML,Mopti,none,Mopti,Bambara groundnut,Main,2014,6,2014,12,All (PS),production,9582.0
4056,ML2016A105,Mali,ML,Mopti,none,Mopti,Bambara groundnut,Main,2015,6,2015,12,All (PS),production,9865.35
4057,ML2016A105,Mali,ML,Mopti,none,Mopti,Bambara groundnut,Main,2016,6,2016,12,All (PS),production,7531.0
4058,ML2016A105,Mali,ML,Mopti,none,Mopti,Bambara groundnut,Main,2017,6,2017,12,All (PS),production,7990.0
4059,ML2016A105,Mali,ML,Mopti,none,Mopti,Bambara groundnut,Main,2018,6,2018,12,All (PS),production,7515.0
4060,ML2016A105,Mali,ML,Mopti,none,Mopti,Bambara groundnut,Main,2019,6,2019,12,All (PS),production,7493.0
4061,ML2016A105,Mali,ML,Mopti,none,Mopti,Bambara groundnut,Main,2020,6,2020,12,All (PS),production,6260.0
4062,ML2016A105,Mali,ML,Mopti,none,Mopti,Bambara groundnut,Main,2021,6,2021,12,All (PS),production,6908.1884
4063,ML2016A105,Mali,ML,Mopti,none,Mopti,Rice,Main,1982,6,1982,12,All (PS),production,33548.0
4064,ML2016A105,Mali,ML,Mopti,none,Mopti,Rice,Main,1983,6,1983,12,All (PS),production,29107.0
4065,ML2016A105,Mali,ML,Mopti,none,Mopti,Rice,Main,1984,6,1984,12,All (PS),production,4654.0
4066,ML2016A105,Mali,ML,Mopti,none,Mopti,Rice,Main,1985,6,1985,12,All (PS),production,43079.0
4067,ML2016A105,Mali,ML,Mopti,none,Mopti,Rice,Main,1986,6,1986,12,All (PS),production,53812.0
4068,ML2016A105,Mali,ML,Mopti,none,Mopti,Rice,Main,1987,6,1987,12,All (PS),production,65471.0
4069,ML2016A105,Mali,ML,Mopti,none,Mopti,Rice,Main,1988,6,1988,12,All (PS),production,70578.0
4070,ML2016A105,Mali,ML,Mopti,none,Mopti,Rice,Main,1989,6,1989,12,All (PS),production,77539.0
4071,ML2016A105,Mali,ML,Mopti,none,Mopti,Rice,Main,1990,6,1990,12,All (PS),production,50282.0
4072,ML2016A105,Mali,ML,Mopti,none,Mopti,Rice,Main,1991,6,1991,12,All (PS),production,67882.0
4073,ML2016A105,Mali,ML,Mopti,none,Mopti,Rice,Main,1992,6,1992,12,All (PS),production,67882.0
4074,ML2016A105,Mali,ML,Mopti,none,Mopti,Rice,Main,1993,6,1993,12,All (PS),production,63687.0
4075,ML2016A105,Mali,ML,Mopti,none,Mopti,Rice,Main,1994,6,1994,12,All (PS),production,102706.0
4076,ML2016A105,Mali,ML,Mopti,none,Mopti,Rice,Main,1995,6,1995,12,All (PS),production,66670.0
4077,ML2016A105,Mali,ML,Mopti,none,Mopti,Rice,Main,1996,6,1996,12,All (PS),production,108530.0
4078,ML2016A105,Mali,ML,Mopti,none,Mopti,Rice,Main,1998,6,1998,12,All (PS),production,132860.0
4079,ML2016A105,Mali,ML,Mopti,none,Mopti,Rice,Main,1999,6,1999,12,All (PS),production,88271.0
4080,ML2016A105,Mali,ML,Mopti,none,Mopti,Rice,Main,2000,6,2000,12,All (PS),production,108398.0
4081,ML2016A105,Mali,ML,Mopti,none,Mopti,Rice,Main,2001,6,2001,12,All (PS),production,205733.0
4082,ML2016A105,Mali,ML,Mopti,none,Mopti,Rice,Main,2002,6,2002,12,All (PS),production,68228.0
4083,ML2016A105,Mali,ML,Mopti,none,Mopti,Rice,Main,2003,6,2003,12,All (PS),production,189491.0
4084,ML2016A105,Mali,ML,Mopti,none,Mopti,Rice,Main,2004,6,2004,12,All (PS),production,114358.0
4085,ML2016A105,Mali,ML,Mopti,none,Mopti,Rice,Main,2005,6,2005,12,All (PS),production,117744.0
4086,ML2016A105,Mali,ML,Mopti,none,Mopti,Rice,Main,2006,6,2006,12,All (PS),production,195631.56093586
4087,ML2016A105,Mali,ML,Mopti,none,Mopti,Rice,Main,2007,6,2007,12,All (PS),production,247722.0
4088,ML2016A105,Mali,ML,Mopti,none,Mopti,Rice,Main,2008,6,2008,12,All (PS),production,294191.0
4089,ML2016A105,Mali,ML,Mopti,none,Mopti,Rice,Main,2009,6,2009,12,All (PS),production,387261.0
4090,ML2016A105,Mali,ML,Mopti,none,Mopti,Rice,Main,2010,6,2010,12,All (PS),production,346958.0
4091,ML2016A105,Mali,ML,Mopti,none,Mopti,Rice,Main,2011,6,2011,12,All (PS),production,278356.0
4092,ML2016A105,Mali,ML,Mopti,none,Mopti,Rice,Main,2012,6,2012,12,All (PS),production,534535.0
4093,ML2016A105,Mali,ML,Mopti,none,Mopti,Rice,Main,2013,6,2013,12,All (PS),production,585767.0
4094,ML2016A105,Mali,ML,Mopti,none,Mopti,Rice,Main,2014,6,2014,12,All (PS),production,581809.0
4095,ML2016A105,Mali,ML,Mopti,none,Mopti,Rice,Main,2015,6,2015,12,All (PS),production,537656.0
4096,ML2016A105,Mali,ML,Mopti,none,Mopti,Rice,Main,2016,6,2016,12,All (PS),production,639172.0
4097,ML2016A105,Mali,ML,Mopti,none,Mopti,Rice,Main,2017,6,2017,12,All (PS),production,483592.0
4098,ML2016A105,Mali,ML,Mopti,none,Mopti,Rice,Main,2018,6,2018,12,All (PS),production,869805.0
4099,ML2016A105,Mali,ML,Mopti,none,Mopti,Rice,Main,2019,6,2019,12,All (PS),production,356720.64959873
4100,ML2016A105,Mali,ML,Mopti,none,Mopti,Rice,Main,2020,6,2020,12,All (PS),production,615346.0
4101,ML2016A105,Mali,ML,Mopti,none,Mopti,Rice,Main,2021,6,2021,12,All (PS),production,536216.0
4102,ML2016A105,Mali,ML,Mopti,none,Mopti,Rice,Main,2022,6,2022,12,All (PS),production,548073.0
4103,ML2016A105,Mali,ML,Mopti,none,Mopti,Cowpea,Main,1984,6,1984,12,All (PS),production,4318.0
4104,ML2016A105,Mali,ML,Mopti,none,Mopti,Cowpea,Main,1985,6,1985,12,All (PS),production,3617.0
4105,ML2016A105,Mali,ML,Mopti,none,Mopti,Cowpea,Main,1986,6,1986,12,All (PS),production,5620.0
4106,ML2016A105,Mali,ML,Mopti,none,Mopti,Cowpea,Main,1987,6,1987,12,All (PS),production,160.0
4107,ML2016A105,Mali,ML,Mopti,none,Mopti,Cowpea,Main,1988,6,1988,12,All (PS),production,60.0
4108,ML2016A105,Mali,ML,Mopti,none,Mopti,Cowpea,Main,1989,6,1989,12,All (PS),production,3705.0
4109,ML2016A105,Mali,ML,Mopti,none,Mopti,Cowpea,Main,1990,6,1990,12,All (PS),production,2391.0
4110,ML2016A105,Mali,ML,Mopti,none,Mopti,Cowpea,Main,1991,6,1991,12,All (PS),production,17168.0
4111,ML2016A105,Mali,ML,Mopti,none,Mopti,Cowpea,Main,1992,6,1992,12,All (PS),production,17168.0
4112,ML2016A105,Mali,ML,Mopti,none,Mopti,Cowpea,Main,1993,6,1993,12,All (PS),production,7367.0
4113,ML2016A105,Mali,ML,Mopti,none,Mopti,Cowpea,Main,1994,6,1994,12,All (PS),production,2200.0
4114,ML2016A105,Mali,ML,Mopti,none,Mopti,Cowpea,Main,1995,6,1995,12,All (PS),production,2200.0
4115,ML2016A105,Mali,ML,Mopti,none,Mopti,Cowpea,Main,1996,6,1996,12,All (PS),production,1929.0
4116,ML2016A105,Mali,ML,Mopti,none,Mopti,Cowpea,Main,1997,6,1997,12,All (PS),production,2159.0
4117,ML2016A105,Mali,ML,Mopti,none,Mopti,Cowpea,Main,1998,6,1998,12,All (PS),production,1878.0
4118,ML2016A105,Mali,ML,Mopti,none,Mopti,Cowpea,Main,1999,6,1999,12,All (PS),production,3395.0
4119,ML2016A105,Mali,ML,Mopti,none,Mopti,Cowpea,Main,2000,6,2000,12,All (PS),production,2036.0
4120,ML2016A105,Mali,ML,Mopti,none,Mopti,Cowpea,Main,2001,6,2001,12,All (PS),production,3819.0
4121,ML2016A105,Mali,ML,Mopti,none,Mopti,Cowpea,Main,2002,6,2002,12,All (PS),production,2236.0
4122,ML2016A105,Mali,ML,Mopti,none,Mopti,Cowpea,Main,2003,6,2003,12,All (PS),production,4729.0
4123,ML2016A105,Mali,ML,Mopti,none,Mopti,Cowpea,Main,2004,6,2004,12,All (PS),production,17984.0
4124,ML2016A105,Mali,ML,Mopti,none,Mopti,Cowpea,Main,2005,6,2005,12,All (PS),production,52246.0
4125,ML2016A105,Mali,ML,Mopti,none,Mopti,Cowpea,Main,2006,6,2006,12,All (PS),production,21691.4535967
4126,ML2016A105,Mali,ML,Mopti,none,Mopti,Cowpea,Main,2007,6,2007,12,All (PS),production,14371.4
4127,ML2016A105,Mali,ML,Mopti,none,Mopti,Cowpea,Main,2008,6,2008,12,All (PS),production,15641.0
4128,ML2016A105,Mali,ML,Mopti,none,Mopti,Cowpea,Main,2009,6,2009,12,All (PS),production,16057.0
4129,ML2016A105,Mali,ML,Mopti,none,Mopti,Cowpea,Main,2010,6,2010,12,All (PS),production,32355.4
4130,ML2016A105,Mali,ML,Mopti,none,Mopti,Cowpea,Main,2011,6,2011,12,All (PS),production,27889.0
4131,ML2016A105,Mali,ML,Mopti,none,Mopti,Cowpea,Main,2012,6,2012,12,All (PS),production,52170.4
4132,ML2016A105,Mali,ML,Mopti,none,Mopti,Cowpea,Main,2013,6,2013,12,All (PS),production,36010.0
4133,ML2016A105,Mali,ML,Mopti,none,Mopti,Cowpea,Main,2014,6,2014,12,All (PS),production,10147.0
4134,ML2016A105,Mali,ML,Mopti,none,Mopti,Cowpea,Main,2015,6,2015,12,All (PS),production,10850.76
4135,ML2016A105,Mali,ML,Mopti,none,Mopti,Cowpea,Main,2016,6,2016,12,All (PS),production,9712.0
4136,ML2016A105,Mali,ML,Mopti,none,Mopti,Cowpea,Main,2017,6,2017,12,All (PS),production,11254.87934
4137,ML2016A105,Mali,ML,Mopti,none,Mopti,Cowpea,Main,2018,6,2018,12,All (PS),production,13755.0
4138,ML2016A105,Mali,ML,Mopti,none,Mopti,Cowpea,Main,2019,6,2019,12,All (PS),production,13923.0
4139,ML2016A105,Mali,ML,Mopti,none,Mopti,Cowpea,Main,2020,6,2020,12,All (PS),production,15041.0
4140,ML2016A105,Mali,ML,Mopti,none,Mopti,Cowpea,Main,2021,6,2021,12,All (PS),production,10350.4115
4141,ML2016A105,Mali,ML,Mopti,none,Mopti,Fonio,Main,1982,6,1982,12,All (PS),production,1971.0
4142,ML2016A105,Mali,ML,Mopti,none,Mopti,Fonio,Main,1983,6,1983,12,All (PS),production,3140.0
4143,ML2016A105,Mali,ML,Mopti,none,Mopti,Fonio,Main,1984,6,1984,12,All (PS),production,3458.0
4144,ML2016A105,Mali,ML,Mopti,none,Mopti,Fonio,Main,1985,6,1985,12,All (PS),production,4089.0
4145,ML2016A105,Mali,ML,Mopti,none,Mopti,Fonio,Main,1986,6,1986,12,All (PS),production,11.0
4146,ML2016A105,Mali,ML,Mopti,none,Mopti,Fonio,Main,1989,6,1989,12,All (PS),production,2777.0
4147,ML2016A105,Mali,ML,Mopti,none,Mopti,Fonio,Main,1990,6,1990,12,All (PS),production,3455.0
4148,ML2016A105,Mali,ML,Mopti,none,Mopti,Fonio,Main,1991,6,1991,12,All (PS),production,2589.0
4149,ML2016A105,Mali,ML,Mopti,none,Mopti,Fonio,Main,1992,6,1992,12,All (PS),production,2589.0
4150,ML2016A105,Mali,ML,Mopti,none,Mopti,Fonio,Main,1993,6,1993,12,All (PS),production,1400.0
4151,ML2016A105,Mali,ML,Mopti,none,Mopti,Fonio,Main,1994,6,1994,12,All (PS),production,2194.0
4152,ML2016A105,Mali,ML,Mopti,none,Mopti,Fonio,Main,1995,6,1995,12,All (PS),production,2660.0
4153,ML2016A105,Mali,ML,Mopti,none,Mopti,Fonio,Main,1996,6,1996,12,All (PS),production,2050.0
4154,ML2016A105,Mali,ML,Mopti,none,Mopti,Fonio,Main,1997,6,1997,12,All (PS),production,1563.0
4155,ML2016A105,Mali,ML,Mopti,none,Mopti,Fonio,Main,1998,6,1998,12,All (PS),production,1197.0
4156,ML2016A105,Mali,ML,Mopti,none,Mopti,Fonio,Main,1999,6,1999,12,All (PS),production,5713.0
4157,ML2016A105,Mali,ML,Mopti,none,Mopti,Fonio,Main,2000,6,2000,12,All (PS),production,512.0
4158,ML2016A105,Mali,ML,Mopti,none,Mopti,Fonio,Main,2001,6,2001,12,All (PS),production,3616.0
4159,ML2016A105,Mali,ML,Mopti,none,Mopti,Fonio,Main,2002,6,2002,12,All (PS),production,2480.0
4160,ML2016A105,Mali,ML,Mopti,none,Mopti,Fonio,Main,2003,6,2003,12,All (PS),production,2609.0
4161,ML2016A105,Mali,ML,Mopti,none,Mopti,Fonio,Main,2004,6,2004,12,All (PS),production,3708.0
4162,ML2016A105,Mali,ML,Mopti,none,Mopti,Fonio,Main,2005,6,2005,12,All (PS),production,4792.0
4163,ML2016A105,Mali,ML,Mopti,none,Mopti,Fonio,Main,2006,6,2006,12,All (PS),production,3804.99942595448
4164,ML2016A105,Mali,ML,Mopti,none,Mopti,Fonio,Main,2007,6,2007,12,All (PS),production,2738.0
4165,ML2016A105,Mali,ML,Mopti,none,Mopti,Fonio,Main,2008,6,2008,12,All (PS),production,7011.0
4166,ML2016A105,Mali,ML,Mopti,none,Mopti,Fonio,Main,2009,6,2009,12,All (PS),production,4671.0
4167,ML2016A105,Mali,ML,Mopti,none,Mopti,Fonio,Main,2010,6,2010,12,All (PS),production,6136.0
4168,ML2016A105,Mali,ML,Mopti,none,Mopti,Fonio,Main,2011,6,2011,12,All (PS),production,28806.0
4169,ML2016A105,Mali,ML,Mopti,none,Mopti,Fonio,Main,2012,6,2012,12,All (PS),production,5725.0
4170,ML2016A105,Mali,ML,Mopti,none,Mopti,Fonio,Main,2013,6,2013,12,All (PS),production,2470.0
4171,ML2016A105,Mali,ML,Mopti,none,Mopti,Fonio,Main,2014,6,2014,12,All (PS),production,5759.0
4172,ML2016A105,Mali,ML,Mopti,none,Mopti,Fonio,Main,2015,6,2015,12,All (PS),production,2680.0
4173,ML2016A105,Mali,ML,Mopti,none,Mopti,Fonio,Main,2016,6,2016,12,All (PS),production,2004.0
4174,ML2016A105,Mali,ML,Mopti,none,Mopti,Fonio,Main,2017,6,2017,12,All (PS),production,3938.0
4175,ML2016A105,Mali,ML,Mopti,none,Mopti,Fonio,Main,2018,6,2018,12,All (PS),production,518.0
4176,ML2016A105,Mali,ML,Mopti,none,Mopti,Fonio,Main,2019,6,2019,12,All (PS),production,766.102025831538
4177,ML2016A105,Mali,ML,Mopti,none,Mopti,Fonio,Main,2020,6,2020,12,All (PS),production,5537.0
4178,ML2016A105,Mali,ML,Mopti,none,Mopti,Fonio,Main,2021,6,2021,12,All (PS),production,4971.0
4179,ML2016A105,Mali,ML,Mopti,none,Mopti,Fonio,Main,2022,6,2022,12,All (PS),production,3975.0
4180,ML2016A105,Mali,ML,Mopti,none,Mopti,Groundnuts (In Shell),Main,1982,6,1982,12,All (PS),production,1020.0
4181,ML2016A105,Mali,ML,Mopti,none,Mopti,Groundnuts (In Shell),Main,1983,6,1983,12,All (PS),production,2282.0
4182,ML2016A105,Mali,ML,Mopti,none,Mopti,Groundnuts (In Shell),Main,1984,6,1984,12,All (PS),production,831.0
4183,ML2016A105,Mali,ML,Mopti,none,Mopti,Groundnuts (In Shell),Main,1985,6,1985,12,All (PS),production,2586.0
4184,ML2016A105,Mali,ML,Mopti,none,Mopti,Groundnuts (In Shell),Main,1986,6,1986,12,All (PS),production,329.0
4185,ML2016A105,Mali,ML,Mopti,none,Mopti,Groundnuts (In Shell),Main,1987,6,1987,12,All (PS),production,689.0
4186,ML2016A105,Mali,ML,Mopti,none,Mopti,Groundnuts (In Shell),Main,1988,6,1988,12,All (PS),production,205.0
4187,ML2016A105,Mali,ML,Mopti,none,Mopti,Groundnuts (In Shell),Main,1989,6,1989,12,All (PS),production,2314.0
4188,ML2016A105,Mali,ML,Mopti,none,Mopti,Groundnuts (In Shell),Main,1990,6,1990,12,All (PS),production,1842.0
4189,ML2016A105,Mali,ML,Mopti,none,Mopti,Groundnuts (In Shell),Main,1991,6,1991,12,All (PS),production,3591.0
4190,ML2016A105,Mali,ML,Mopti,none,Mopti,Groundnuts (In Shell),Main,1992,6,1992,12,All (PS),production,3591.0
4191,ML2016A105,Mali,ML,Mopti,none,Mopti,Groundnuts (In Shell),Main,1993,6,1993,12,All (PS),production,1430.0
4192,ML2016A105,Mali,ML,Mopti,none,Mopti,Groundnuts (In Shell),Main,1994,6,1994,12,All (PS),production,1434.0
4193,ML2016A105,Mali,ML,Mopti,none,Mopti,Groundnuts (In Shell),Main,1995,6,1995,12,All (PS),production,4800.0
4194,ML2016A105,Mali,ML,Mopti,none,Mopti,Groundnuts (In Shell),Main,1996,6,1996,12,All (PS),production,6970.0
4195,ML2016A105,Mali,ML,Mopti,none,Mopti,Groundnuts (In Shell),Main,1997,6,1997,12,All (PS),production,4391.0
4196,ML2016A105,Mali,ML,Mopti,none,Mopti,Groundnuts (In Shell),Main,1999,6,1999,12,All (PS),production,12182.0
4197,ML2016A105,Mali,ML,Mopti,none,Mopti,Groundnuts (In Shell),Main,2000,6,2000,12,All (PS),production,6702.0
4198,ML2016A105,Mali,ML,Mopti,none,Mopti,Groundnuts (In Shell),Main,2001,6,2001,12,All (PS),production,9310.0
4199,ML2016A105,Mali,ML,Mopti,none,Mopti,Groundnuts (In Shell),Main,2002,6,2002,12,All (PS),production,2016.0
4200,ML2016A105,Mali,ML,Mopti,none,Mopti,Groundnuts (In Shell),Main,2003,6,2003,12,All (PS),production,15706.0
4201,ML2016A105,Mali,ML,Mopti,none,Mopti,Groundnuts (In Shell),Main,2004,6,2004,12,All (PS),production,6756.0
4202,ML2016A105,Mali,ML,Mopti,none,Mopti,Groundnuts (In Shell),Main,2005,6,2005,12,All (PS),production,15599.0
4203,ML2016A105,Mali,ML,Mopti,none,Mopti,Groundnuts (In Shell),Main,2006,6,2006,12,All (PS),production,13472.4575415119
4204,ML2016A105,Mali,ML,Mopti,none,Mopti,Groundnuts (In Shell),Main,2007,6,2007,12,All (PS),production,6330.0
4205,ML2016A105,Mali,ML,Mopti,none,Mopti,Groundnuts (In Shell),Main,2008,6,2008,12,All (PS),production,7831.0
4206,ML2016A105,Mali,ML,Mopti,none,Mopti,Groundnuts (In Shell),Main,2009,6,2009,12,All (PS),production,10106.0
4207,ML2016A105,Mali,ML,Mopti,none,Mopti,Groundnuts (In Shell),Main,2010,6,2010,12,All (PS),production,18624.45
4208,ML2016A105,Mali,ML,Mopti,none,Mopti,Groundnuts (In Shell),Main,2011,6,2011,12,All (PS),production,21805.14
4209,ML2016A105,Mali,ML,Mopti,none,Mopti,Groundnuts (In Shell),Main,2012,6,2012,12,All (PS),production,11770.728
4210,ML2016A105,Mali,ML,Mopti,none,Mopti,Groundnuts (In Shell),Main,2013,6,2013,12,All (PS),production,15607.0
4211,ML2016A105,Mali,ML,Mopti,none,Mopti,Groundnuts (In Shell),Main,2014,6,2014,12,All (PS),production,16621.8
4212,ML2016A105,Mali,ML,Mopti,none,Mopti,Groundnuts (In Shell),Main,2015,6,2015,12,All (PS),production,19280.95
4213,ML2016A105,Mali,ML,Mopti,none,Mopti,Groundnuts (In Shell),Main,2016,6,2016,12,All (PS),production,17588.0
4214,ML2016A105,Mali,ML,Mopti,none,Mopti,Groundnuts (In Shell),Main,2017,6,2017,12,All (PS),production,14218.0
4215,ML2016A105,Mali,ML,Mopti,none,Mopti,Groundnuts (In Shell),Main,2018,6,2018,12,All (PS),production,27851.0
4216,ML2016A105,Mali,ML,Mopti,none,Mopti,Groundnuts (In Shell),Main,2019,6,2019,12,All (PS),production,16762.0
4217,ML2016A105,Mali,ML,Mopti,none,Mopti,Groundnuts (In Shell),Main,2020,6,2020,12,All (PS),production,15673.0
4218,ML2016A105,Mali,ML,Mopti,none,Mopti,Groundnuts (In Shell),Main,2021,6,2021,12,All (PS),production,12969.9672
4219,ML2016A105,Mali,ML,Mopti,none,Mopti,Maize,Main,1974,6,1974,12,All (PS),production,983.0
4220,ML2016A105,Mali,ML,Mopti,none,Mopti,Maize,Main,1975,6,1975,12,All (PS),production,54.0
4221,ML2016A105,Mali,ML,Mopti,none,Mopti,Maize,Main,1976,6,1976,12,All (PS),production,1160.0
4222,ML2016A105,Mali,ML,Mopti,none,Mopti,Maize,Main,1977,6,1977,12,All (PS),production,616.0
4223,ML2016A105,Mali,ML,Mopti,none,Mopti,Maize,Main,1979,6,1979,12,All (PS),production,2316.0
4224,ML2016A105,Mali,ML,Mopti,none,Mopti,Maize,Main,1981,6,1981,12,All (PS),production,2393.0
4225,ML2016A105,Mali,ML,Mopti,none,Mopti,Maize,Main,1983,6,1983,12,All (PS),production,1538.0
4226,ML2016A105,Mali,ML,Mopti,none,Mopti,Maize,Main,1986,6,1986,12,All (PS),production,11.0
4227,ML2016A105,Mali,ML,Mopti,none,Mopti,Maize,Main,1987,6,1987,12,All (PS),production,548.0
4228,ML2016A105,Mali,ML,Mopti,none,Mopti,Maize,Main,1989,6,1989,12,All (PS),production,848.0
4229,ML2016A105,Mali,ML,Mopti,none,Mopti,Maize,Main,1990,6,1990,12,All (PS),production,826.0
4230,ML2016A105,Mali,ML,Mopti,none,Mopti,Maize,Main,1991,6,1991,12,All (PS),production,1598.0
4231,ML2016A105,Mali,ML,Mopti,none,Mopti,Maize,Main,1992,6,1992,12,All (PS),production,1598.0
4232,ML2016A105,Mali,ML,Mopti,none,Mopti,Maize,Main,1993,6,1993,12,All (PS),production,235.0
4233,ML2016A105,Mali,ML,Mopti,none,Mopti,Maize,Main,1994,6,1994,12,All (PS),production,41.0
4234,ML2016A105,Mali,ML,Mopti,none,Mopti,Maize,Main,1995,6,1995,12,All (PS),production,980.0
4235,ML2016A105,Mali,ML,Mopti,none,Mopti,Maize,Main,1996,6,1996,12,All (PS),production,1550.0
4236,ML2016A105,Mali,ML,Mopti,none,Mopti,Maize,Main,1997,6,1997,12,All (PS),production,199.0
4237,ML2016A105,Mali,ML,Mopti,none,Mopti,Maize,Main,1998,6,1998,12,All (PS),production,1121.0
4238,ML2016A105,Mali,ML,Mopti,none,Mopti,Maize,Main,1999,6,1999,12,All (PS),production,2381.0
4239,ML2016A105,Mali,ML,Mopti,none,Mopti,Maize,Main,2000,6,2000,12,All (PS),production,1657.0
4240,ML2016A105,Mali,ML,Mopti,none,Mopti,Maize,Main,2001,6,2001,12,All (PS),production,827.0
4241,ML2016A105,Mali,ML,Mopti,none,Mopti,Maize,Main,2002,6,2002,12,All (PS),production,168.0
4242,ML2016A105,Mali,ML,Mopti,none,Mopti,Maize,Main,2003,6,2003,12,All (PS),production,625.0
4243,ML2016A105,Mali,ML,Mopti,none,Mopti,Maize,Main,2004,6,2004,12,All (PS),production,1090.0
4244,ML2016A105,Mali,ML,Mopti,none,Mopti,Maize,Main,2005,6,2005,12,All (PS),production,5958.0
4245,ML2016A105,Mali,ML,Mopti,none,Mopti,Maize,Main,2006,6,2006,12,All (PS),production,2863.13180467632
4246,ML2016A105,Mali,ML,Mopti,none,Mopti,Maize,Main,2007,6,2007,12,All (PS),production,202.0
4247,ML2016A105,Mali,ML,Mopti,none,Mopti,Maize,Main,2008,6,2008,12,All (PS),production,260.0
4248,ML2016A105,Mali,ML,Mopti,none,Mopti,Maize,Main,2009,6,2009,12,All (PS),production,1733.0
4249,ML2016A105,Mali,ML,Mopti,none,Mopti,Maize,Main,2010,6,2010,12,All (PS),production,17598.0
4250,ML2016A105,Mali,ML,Mopti,none,Mopti,Maize,Main,2011,6,2011,12,All (PS),production,12118.0
4251,ML2016A105,Mali,ML,Mopti,none,Mopti,Maize,Main,2012,6,2012,12,All (PS),production,6537.0
4252,ML2016A105,Mali,ML,Mopti,none,Mopti,Maize,Main,2013,6,2013,12,All (PS),production,4478.0
4253,ML2016A105,Mali,ML,Mopti,none,Mopti,Maize,Main,2014,6,2014,12,All (PS),production,2425.0
4254,ML2016A105,Mali,ML,Mopti,none,Mopti,Maize,Main,2015,6,2015,12,All (PS),production,6569.0
4255,ML2016A105,Mali,ML,Mopti,none,Mopti,Maize,Main,2016,6,2016,12,All (PS),production,1648.0
4256,ML2016A105,Mali,ML,Mopti,none,Mopti,Maize,Main,2017,6,2017,12,All (PS),production,2583.0
4257,ML2016A105,Mali,ML,Mopti,none,Mopti,Maize,Main,2018,6,2018,12,All (PS),production,3646.0
4258,ML2016A105,Mali,ML,Mopti,none,Mopti,Maize,Main,2019,6,2019,12,All (PS),production,1905.04840978139
4259,ML2016A105,Mali,ML,Mopti,none,Mopti,Maize,Main,2020,6,2020,12,All (PS),production,1890.0
4260,ML2016A105,Mali,ML,Mopti,none,Mopti,Maize,Main,2021,6,2021,12,All (PS),production,3493.0
4261,ML2016A105,Mali,ML,Mopti,none,Mopti,Maize,Main,2022,6,2022,12,All (PS),production,3941.0
4262,ML2016A105,Mali,ML,Mopti,none,Mopti,Sorghum,Main,1982,6,1982,12,All (PS),production,21759.0
4263,ML2016A105,Mali,ML,Mopti,none,Mopti,Sorghum,Main,1983,6,1983,12,All (PS),production,24481.0
4264,ML2016A105,Mali,ML,Mopti,none,Mopti,Sorghum,Main,1984,6,1984,12,All (PS),production,5713.0
4265,ML2016A105,Mali,ML,Mopti,none,Mopti,Sorghum,Main,1985,6,1985,12,All (PS),production,13186.0
4266,ML2016A105,Mali,ML,Mopti,none,Mopti,Sorghum,Main,1986,6,1986,12,All (PS),production,20062.0
4267,ML2016A105,Mali,ML,Mopti,none,Mopti,Sorghum,Main,1987,6,1987,12,All (PS),production,18816.0
4268,ML2016A105,Mali,ML,Mopti,none,Mopti,Sorghum,Main,1988,6,1988,12,All (PS),production,25358.0
4269,ML2016A105,Mali,ML,Mopti,none,Mopti,Sorghum,Main,1989,6,1989,12,All (PS),production,11648.0
4270,ML2016A105,Mali,ML,Mopti,none,Mopti,Sorghum,Main,1990,6,1990,12,All (PS),production,38011.0
4271,ML2016A105,Mali,ML,Mopti,none,Mopti,Sorghum,Main,1991,6,1991,12,All (PS),production,51047.0
4272,ML2016A105,Mali,ML,Mopti,none,Mopti,Sorghum,Main,1992,6,1992,12,All (PS),production,51047.0
4273,ML2016A105,Mali,ML,Mopti,none,Mopti,Sorghum,Main,1993,6,1993,12,All (PS),production,28087.0
4274,ML2016A105,Mali,ML,Mopti,none,Mopti,Sorghum,Main,1994,6,1994,12,All (PS),production,11567.0
4275,ML2016A105,Mali,ML,Mopti,none,Mopti,Sorghum,Main,1995,6,1995,12,All (PS),production,14020.0
4276,ML2016A105,Mali,ML,Mopti,none,Mopti,Sorghum,Main,1996,6,1996,12,All (PS),production,11510.0
4277,ML2016A105,Mali,ML,Mopti,none,Mopti,Sorghum,Main,1997,6,1997,12,All (PS),production,10748.0
4278,ML2016A105,Mali,ML,Mopti,none,Mopti,Sorghum,Main,1998,6,1998,12,All (PS),production,19485.0
4279,ML2016A105,Mali,ML,Mopti,none,Mopti,Sorghum,Main,1999,6,1999,12,All (PS),production,39759.0
4280,ML2016A105,Mali,ML,Mopti,none,Mopti,Sorghum,Main,2000,6,2000,12,All (PS),production,25492.0
4281,ML2016A105,Mali,ML,Mopti,none,Mopti,Sorghum,Main,2001,6,2001,12,All (PS),production,34953.0
4282,ML2016A105,Mali,ML,Mopti,none,Mopti,Sorghum,Main,2002,6,2002,12,All (PS),production,17069.0
4283,ML2016A105,Mali,ML,Mopti,none,Mopti,Sorghum,Main,2003,6,2003,12,All (PS),production,41758.0
4284,ML2016A105,Mali,ML,Mopti,none,Mopti,Sorghum,Main,2004,6,2004,12,All (PS),production,18691.0
4285,ML2016A105,Mali,ML,Mopti,none,Mopti,Sorghum,Main,2005,6,2005,12,All (PS),production,18867.0
4286,ML2016A105,Mali,ML,Mopti,none,Mopti,Sorghum,Main,2006,6,2006,12,All (PS),production,21164.0052350185
4287,ML2016A105,Mali,ML,Mopti,none,Mopti,Sorghum,Main,2007,6,2007,12,All (PS),production,38032.0
4288,ML2016A105,Mali,ML,Mopti,none,Mopti,Sorghum,Main,2008,6,2008,12,All (PS),production,30451.0
4289,ML2016A105,Mali,ML,Mopti,none,Mopti,Sorghum,Main,2009,6,2009,12,All (PS),production,31563.0
4290,ML2016A105,Mali,ML,Mopti,none,Mopti,Sorghum,Main,2010,6,2010,12,All (PS),production,34552.0
4291,ML2016A105,Mali,ML,Mopti,none,Mopti,Sorghum,Main,2011,6,2011,12,All (PS),production,50269.0
4292,ML2016A105,Mali,ML,Mopti,none,Mopti,Sorghum,Main,2012,6,2012,12,All (PS),production,45035.0
4293,ML2016A105,Mali,ML,Mopti,none,Mopti,Sorghum,Main,2013,6,2013,12,All (PS),production,20450.0
4294,ML2016A105,Mali,ML,Mopti,none,Mopti,Sorghum,Main,2014,6,2014,12,All (PS),production,49270.0
4295,ML2016A105,Mali,ML,Mopti,none,Mopti,Sorghum,Main,2015,6,2015,12,All (PS),production,54646.0
4296,ML2016A105,Mali,ML,Mopti,none,Mopti,Sorghum,Main,2016,6,2016,12,All (PS),production,46387.0
4297,ML2016A105,Mali,ML,Mopti,none,Mopti,Sorghum,Main,2017,6,2017,12,All (PS),production,40430.0
4298,ML2016A105,Mali,ML,Mopti,none,Mopti,Sorghum,Main,2018,6,2018,12,All (PS),production,17880.0
4299,ML2016A105,Mali,ML,Mopti,none,Mopti,Sorghum,Main,2019,6,2019,12,All (PS),production,19128.2068947444
4300,ML2016A105,Mali,ML,Mopti,none,Mopti,Sorghum,Main,2020,6,2020,12,All (PS),production,49730.0
4301,ML2016A105,Mali,ML,Mopti,none,Mopti,Sorghum,Main,2021,6,2021,12,All (PS),production,44816.0
4302,ML2016A105,Mali,ML,Mopti,none,Mopti,Sorghum,Main,2022,6,2022,12,All (PS),production,51487.0
4303,ML2016A105,Mali,ML,Mopti,none,Mopti,Millet,Main,1982,6,1982,12,All (PS),production,148130.0
4304,ML2016A105,Mali,ML,Mopti,none,Mopti,Millet,Main,1983,6,1983,12,All (PS),production,108403.0
4305,ML2016A105,Mali,ML,Mopti,none,Mopti,Millet,Main,1984,6,1984,12,All (PS),production,86077.0
4306,ML2016A105,Mali,ML,Mopti,none,Mopti,Millet,Main,1985,6,1985,12,All (PS),production,137212.0
4307,ML2016A105,Mali,ML,Mopti,none,Mopti,Millet,Main,1986,6,1986,12,All (PS),production,125157.0
4308,ML2016A105,Mali,ML,Mopti,none,Mopti,Millet,Main,1987,6,1987,12,All (PS),production,235922.0
4309,ML2016A105,Mali,ML,Mopti,none,Mopti,Millet,Main,1988,6,1988,12,All (PS),production,315609.0
4310,ML2016A105,Mali,ML,Mopti,none,Mopti,Millet,Main,1989,6,1989,12,All (PS),production,132159.0
4311,ML2016A105,Mali,ML,Mopti,none,Mopti,Millet,Main,1990,6,1990,12,All (PS),production,183892.0
4312,ML2016A105,Mali,ML,Mopti,none,Mopti,Millet,Main,1991,6,1991,12,All (PS),production,198026.0
4313,ML2016A105,Mali,ML,Mopti,none,Mopti,Millet,Main,1992,6,1992,12,All (PS),production,198026.0
4314,ML2016A105,Mali,ML,Mopti,none,Mopti,Millet,Main,1993,6,1993,12,All (PS),production,195514.0
4315,ML2016A105,Mali,ML,Mopti,none,Mopti,Millet,Main,1994,6,1994,12,All (PS),production,243013.0
4316,ML2016A105,Mali,ML,Mopti,none,Mopti,Millet,Main,1995,6,1995,12,All (PS),production,223090.0
4317,ML2016A105,Mali,ML,Mopti,none,Mopti,Millet,Main,1996,6,1996,12,All (PS),production,232390.0
4318,ML2016A105,Mali,ML,Mopti,none,Mopti,Millet,Main,1997,6,1997,12,All (PS),production,206115.0
4319,ML2016A105,Mali,ML,Mopti,none,Mopti,Millet,Main,1998,6,1998,12,All (PS),production,297738.0
4320,ML2016A105,Mali,ML,Mopti,none,Mopti,Millet,Main,1999,6,1999,12,All (PS),production,283654.0
4321,ML2016A105,Mali,ML,Mopti,none,Mopti,Millet,Main,2000,6,2000,12,All (PS),production,312016.0
4322,ML2016A105,Mali,ML,Mopti,none,Mopti,Millet,Main,2001,6,2001,12,All (PS),production,366286.0
4323,ML2016A105,Mali,ML,Mopti,none,Mopti,Millet,Main,2002,6,2002,12,All (PS),production,182577.0
4324,ML2016A105,Mali,ML,Mopti,none,Mopti,Millet,Main,2003,6,2003,12,All (PS),production,450155.0
4325,ML2016A105,Mali,ML,Mopti,none,Mopti,Millet,Main,2004,6,2004,12,All (PS),production,239517.0
4326,ML2016A105,Mali,ML,Mopti,none,Mopti,Millet,Main,2005,6,2005,12,All (PS),production,245162.0
4327,ML2016A105,Mali,ML,Mopti,none,Mopti,Millet,Main,2006,6,2006,12,All (PS),production,247761.640679432
4328,ML2016A105,Mali,ML,Mopti,none,Mopti,Millet,Main,2007,6,2007,12,All (PS),production,272922.0
4329,ML2016A105,Mali,ML,Mopti,none,Mopti,Millet,Main,2008,6,2008,12,All (PS),production,256771.0
4330,ML2016A105,Mali,ML,Mopti,none,Mopti,Millet,Main,2009,6,2009,12,All (PS),production,294116.0
4331,ML2016A105,Mali,ML,Mopti,none,Mopti,Millet,Main,2010,6,2010,12,All (PS),production,391007.0
4332,ML2016A105,Mali,ML,Mopti,none,Mopti,Millet,Main,2011,6,2011,12,All (PS),production,423437.0
4333,ML2016A105,Mali,ML,Mopti,none,Mopti,Millet,Main,2012,6,2012,12,All (PS),production,490087.0
4334,ML2016A105,Mali,ML,Mopti,none,Mopti,Millet,Main,2013,6,2013,12,All (PS),production,354320.0
4335,ML2016A105,Mali,ML,Mopti,none,Mopti,Millet,Main,2014,6,2014,12,All (PS),production,430668.0
4336,ML2016A105,Mali,ML,Mopti,none,Mopti,Millet,Main,2015,6,2015,12,All (PS),production,618108.0
4337,ML2016A105,Mali,ML,Mopti,none,Mopti,Millet,Main,2016,6,2016,12,All (PS),production,625089.0
4338,ML2016A105,Mali,ML,Mopti,none,Mopti,Millet,Main,2017,6,2017,12,All (PS),production,415996.0
4339,ML2016A105,Mali,ML,Mopti,none,Mopti,Millet,Main,2018,6,2018,12,All (PS),production,586656.0
4340,ML2016A105,Mali,ML,Mopti,none,Mopti,Millet,Main,2019,6,2019,12,All (PS),production,347236.222347134
4341,ML2016A105,Mali,ML,Mopti,none,Mopti,Millet,Main,2020,6,2020,12,All (PS),production,490730.0
4342,ML2016A105,Mali,ML,Mopti,none,Mopti,Millet,Main,2021,6,2021,12,All (PS),production,366957.0
4343,ML2016A105,Mali,ML,Mopti,none,Mopti,Millet,Main,2022,6,2022,12,All (PS),production,497062.0
4344,ML2016A105,Mali,ML,Mopti,none,Mopti,Sesame Seed,Main,2004,6,2004,12,All (PS),production,206.0
4345,ML2016A105,Mali,ML,Mopti,none,Mopti,Sesame Seed,Main,2005,6,2005,12,All (PS),production,2670.0
4346,ML2016A105,Mali,ML,Mopti,none,Mopti,Sesame Seed,Main,2006,6,2006,12,All (PS),production,137.0
4347,ML2016A105,Mali,ML,Mopti,none,Mopti,Sesame Seed,Main,2007,6,2007,12,All (PS),production,96.0
4348,ML2016A105,Mali,ML,Mopti,none,Mopti,Sesame Seed,Main,2008,6,2008,12,All (PS),production,394.0
4349,ML2016A105,Mali,ML,Mopti,none,Mopti,Sesame Seed,Main,2009,6,2009,12,All (PS),production,1796.0
4350,ML2016A105,Mali,ML,Mopti,none,Mopti,Sesame Seed,Main,2010,6,2010,12,All (PS),production,1886.0
4351,ML2016A105,Mali,ML,Mopti,none,Mopti,Sesame Seed,Main,2011,6,2011,12,All (PS),production,1510.0
4352,ML2016A105,Mali,ML,Mopti,none,Mopti,Sesame Seed,Main,2012,6,2012,12,All (PS),production,1516.0
4353,ML2016A105,Mali,ML,Mopti,none,Mopti,Sesame Seed,Main,2013,6,2013,12,All (PS),production,3883.2
4354,ML2016A105,Mali,ML,Mopti,none,Mopti,Sesame Seed,Main,2014,6,2014,12,All (PS),production,5063.4
4355,ML2016A105,Mali,ML,Mopti,none,Mopti,Sesame Seed,Main,2015,6,2015,12,All (PS),production,4668.0
4356,ML2016A105,Mali,ML,Mopti,none,Mopti,Sesame Seed,Main,2016,6,2016,12,All (PS),production,8124.0
4357,ML2016A105,Mali,ML,Mopti,none,Mopti,Sesame Seed,Main,2017,6,2017,12,All (PS),production,5306.148
4358,ML2016A105,Mali,ML,Mopti,none,Mopti,Sesame Seed,Main,2018,6,2018,12,All (PS),production,6411.0
4359,ML2016A105,Mali,ML,Mopti,none,Mopti,Sesame Seed,Main,2020,6,2020,12,All (PS),production,4542.0
4360,ML2016A105,Mali,ML,Mopti,none,Mopti,Sesame Seed,Main,2021,6,2021,12,All (PS),production,3972.71
4361,ML2016A105,Mali,ML,Mopti,none,Mopti,Soybean,Main,2008,6,2008,12,All (PS),production,90.0
4362,ML2016A105,Mali,ML,Mopti,none,Mopti,Beans (mixed),Main,2003,6,2003,12,All (PS),production,80.0
4363,ML2016A105,Mali,ML,Mopti,none,Mopti,Beans (mixed),Main,2004,6,2004,12,All (PS),production,512.0
4364,ML2016A105,Mali,ML,Mopti,none,Mopti,Beans (mixed),Main,2005,6,2005,12,All (PS),production,736.0
4365,ML2016A105,Mali,ML,Mopti,none,Mopti,Beans (mixed),Main,2006,6,2006,12,All (PS),production,1160.0
4366,ML2016A105,Mali,ML,Mopti,none,Mopti,Beans (mixed),Main,2007,6,2007,12,All (PS),production,2132.0
4367,ML2016A106,Mali,ML,Tombouctou,none,Tombouctou,Rice,Main,1983,6,1983,12,All (PS),production,4588.0
4368,ML2016A106,Mali,ML,Tombouctou,none,Tombouctou,Rice,Main,1984,6,1984,12,All (PS),production,1687.0
4369,ML2016A106,Mali,ML,Tombouctou,none,Tombouctou,Rice,Main,1985,6,1985,12,All (PS),production,9597.0
4370,ML2016A106,Mali,ML,Tombouctou,none,Tombouctou,Rice,Main,1986,6,1986,12,All (PS),production,21504.0
4371,ML2016A106,Mali,ML,Tombouctou,none,Tombouctou,Rice,Main,1987,6,1987,12,All (PS),production,19549.9
4372,ML2016A106,Mali,ML,Tombouctou,none,Tombouctou,Rice,Main,1988,6,1988,12,All (PS),production,15683.0
4373,ML2016A106,Mali,ML,Tombouctou,none,Tombouctou,Rice,Main,1989,6,1989,12,All (PS),production,18765.0
4374,ML2016A106,Mali,ML,Tombouctou,none,Tombouctou,Rice,Main,1990,6,1990,12,All (PS),production,18592.0
4375,ML2016A106,Mali,ML,Tombouctou,none,Tombouctou,Rice,Main,1991,6,1991,12,All (PS),production,43317.0
4376,ML2016A106,Mali,ML,Tombouctou,none,Tombouctou,Rice,Main,1992,6,1992,12,All (PS),production,36053.78
4377,ML2016A106,Mali,ML,Tombouctou,none,Tombouctou,Rice,Main,1993,6,1993,12,All (PS),production,23225.66
4378,ML2016A106,Mali,ML,Tombouctou,none,Tombouctou,Rice,Main,1994,6,1994,12,All (PS),production,42159.0
4379,ML2016A106,Mali,ML,Tombouctou,none,Tombouctou,Rice,Main,1995,6,1995,12,All (PS),production,24260.0
4380,ML2016A106,Mali,ML,Tombouctou,none,Tombouctou,Rice,Main,1996,6,1996,12,All (PS),production,58240.0
4381,ML2016A106,Mali,ML,Tombouctou,none,Tombouctou,Rice,Main,1998,6,1998,12,All (PS),production,46426.0
4382,ML2016A106,Mali,ML,Tombouctou,none,Tombouctou,Rice,Main,1999,6,1999,12,All (PS),production,78702.0
4383,ML2016A106,Mali,ML,Tombouctou,none,Tombouctou,Rice,Main,2000,6,2000,12,All (PS),production,52976.0
4384,ML2016A106,Mali,ML,Tombouctou,none,Tombouctou,Rice,Main,2001,6,2001,12,All (PS),production,99613.0
4385,ML2016A106,Mali,ML,Tombouctou,none,Tombouctou,Rice,Main,2002,6,2002,12,All (PS),production,67662.0
4386,ML2016A106,Mali,ML,Tombouctou,none,Tombouctou,Rice,Main,2003,6,2003,12,All (PS),production,74607.0
4387,ML2016A106,Mali,ML,Tombouctou,none,Tombouctou,Rice,Main,2004,6,2004,12,All (PS),production,44231.0
4388,ML2016A106,Mali,ML,Tombouctou,none,Tombouctou,Rice,Main,2005,6,2005,12,All (PS),production,103735.0
4389,ML2016A106,Mali,ML,Tombouctou,none,Tombouctou,Rice,Main,2006,6,2006,12,All (PS),production,134444.488869126
4390,ML2016A106,Mali,ML,Tombouctou,none,Tombouctou,Rice,Main,2007,6,2007,12,All (PS),production,121403.0
4391,ML2016A106,Mali,ML,Tombouctou,none,Tombouctou,Rice,Main,2008,6,2008,12,All (PS),production,130101.0
4392,ML2016A106,Mali,ML,Tombouctou,none,Tombouctou,Rice,Main,2009,6,2009,12,All (PS),production,136863.0
4393,ML2016A106,Mali,ML,Tombouctou,none,Tombouctou,Rice,Main,2010,6,2010,12,All (PS),production,185811.0
4394,ML2016A106,Mali,ML,Tombouctou,none,Tombouctou,Rice,Main,2011,6,2011,12,All (PS),production,194129.0
4395,ML2016A106,Mali,ML,Tombouctou,none,Tombouctou,Rice,Main,2012,6,2012,12,All (PS),production,156864.0
4396,ML2016A106,Mali,ML,Tombouctou,none,Tombouctou,Rice,Main,2013,6,2013,12,All (PS),production,181310.0
4397,ML2016A106,Mali,ML,Tombouctou,none,Tombouctou,Rice,Main,2014,6,2014,12,All (PS),production,69411.0
4398,ML2016A106,Mali,ML,Tombouctou,none,Tombouctou,Rice,Main,2015,6,2015,12,All (PS),production,265039.0
4399,ML2016A106,Mali,ML,Tombouctou,none,Tombouctou,Rice,Main,2016,6,2016,12,All (PS),production,318659.0
4400,ML2016A106,Mali,ML,Tombouctou,none,Tombouctou,Rice,Main,2017,6,2017,12,All (PS),production,450054.0
4401,ML2016A106,Mali,ML,Tombouctou,none,Tombouctou,Rice,Main,2018,6,2018,12,All (PS),production,256999.0
4402,ML2016A106,Mali,ML,Tombouctou,none,Tombouctou,Rice,Main,2019,6,2019,12,All (PS),production,366256.595262881
4403,ML2016A106,Mali,ML,Tombouctou,none,Tombouctou,Rice,Main,2020,6,2020,12,All (PS),production,335491.0
4404,ML2016A106,Mali,ML,Tombouctou,none,Tombouctou,Rice,Main,2021,6,2021,12,All (PS),production,265227.0
4405,ML2016A106,Mali,ML,Tombouctou,none,Tombouctou,Rice,Main,2022,6,2022,12,All (PS),production,404729.0
4406,ML2016A106,Mali,ML,Tombouctou,none,Tombouctou,Cowpea,Main,1988,6,1988,12,All (PS),production,10.0
4407,ML2016A106,Mali,ML,Tombouctou,none,Tombouctou,Cowpea,Main,1996,6,1996,12,All (PS),production,258.0
4408,ML2016A106,Mali,ML,Tombouctou,none,Tombouctou,Cowpea,Main,1997,6,1997,12,All (PS),production,1134.0
4409,ML2016A106,Mali,ML,Tombouctou,none,Tombouctou,Cowpea,Main,1999,6,1999,12,All (PS),production,1869.0
4410,ML2016A106,Mali,ML,Tombouctou,none,Tombouctou,Cowpea,Main,2000,6,2000,12,All (PS),production,1611.0
4411,ML2016A106,Mali,ML,Tombouctou,none,Tombouctou,Cowpea,Main,2001,6,2001,12,All (PS),production,1623.0
4412,ML2016A106,Mali,ML,Tombouctou,none,Tombouctou,Cowpea,Main,2002,6,2002,12,All (PS),production,2454.76
4413,ML2016A106,Mali,ML,Tombouctou,none,Tombouctou,Cowpea,Main,2003,6,2003,12,All (PS),production,4223.0
4414,ML2016A106,Mali,ML,Tombouctou,none,Tombouctou,Cowpea,Main,2004,6,2004,12,All (PS),production,3.0
4415,ML2016A106,Mali,ML,Tombouctou,none,Tombouctou,Cowpea,Main,2005,6,2005,12,All (PS),production,1555.0
4416,ML2016A106,Mali,ML,Tombouctou,none,Tombouctou,Cowpea,Main,2006,6,2006,12,All (PS),production,2029.79015699638
4417,ML2016A106,Mali,ML,Tombouctou,none,Tombouctou,Cowpea,Main,2007,6,2007,12,All (PS),production,186.4
4418,ML2016A106,Mali,ML,Tombouctou,none,Tombouctou,Cowpea,Main,2008,6,2008,12,All (PS),production,156.0
4419,ML2016A106,Mali,ML,Tombouctou,none,Tombouctou,Cowpea,Main,2009,6,2009,12,All (PS),production,2281.0
4420,ML2016A106,Mali,ML,Tombouctou,none,Tombouctou,Cowpea,Main,2010,6,2010,12,All (PS),production,3441.8
4421,ML2016A106,Mali,ML,Tombouctou,none,Tombouctou,Cowpea,Main,2011,6,2011,12,All (PS),production,5113.0
4422,ML2016A106,Mali,ML,Tombouctou,none,Tombouctou,Cowpea,Main,2012,6,2012,12,All (PS),production,2906.4
4423,ML2016A106,Mali,ML,Tombouctou,none,Tombouctou,Cowpea,Main,2013,6,2013,12,All (PS),production,1817.0
4424,ML2016A106,Mali,ML,Tombouctou,none,Tombouctou,Cowpea,Main,2014,6,2014,12,All (PS),production,1067.774
4425,ML2016A106,Mali,ML,Tombouctou,none,Tombouctou,Cowpea,Main,2015,6,2015,12,All (PS),production,980.057
4426,ML2016A106,Mali,ML,Tombouctou,none,Tombouctou,Cowpea,Main,2016,6,2016,12,All (PS),production,3419.0
4427,ML2016A106,Mali,ML,Tombouctou,none,Tombouctou,Cowpea,Main,2017,6,2017,12,All (PS),production,3447.0
4428,ML2016A106,Mali,ML,Tombouctou,none,Tombouctou,Cowpea,Main,2018,6,2018,12,All (PS),production,2856.0
4429,ML2016A106,Mali,ML,Tombouctou,none,Tombouctou,Cowpea,Main,2019,6,2019,12,All (PS),production,5441.0
4430,ML2016A106,Mali,ML,Tombouctou,none,Tombouctou,Cowpea,Main,2020,6,2020,12,All (PS),production,4965.0
4431,ML2016A106,Mali,ML,Tombouctou,none,Tombouctou,Cowpea,Main,2021,6,2021,12,All (PS),production,2250.6912
4432,ML2016A106,Mali,ML,Tombouctou,none,Tombouctou,Groundnuts (In Shell),Main,1988,6,1988,12,All (PS),production,126.0
4433,ML2016A106,Mali,ML,Tombouctou,none,Tombouctou,Groundnuts (In Shell),Main,1989,6,1989,12,All (PS),production,7.0
4434,ML2016A106,Mali,ML,Tombouctou,none,Tombouctou,Groundnuts (In Shell),Main,1990,6,1990,12,All (PS),production,9.0
4435,ML2016A106,Mali,ML,Tombouctou,none,Tombouctou,Groundnuts (In Shell),Main,1999,6,1999,12,All (PS),production,298.0
4436,ML2016A106,Mali,ML,Tombouctou,none,Tombouctou,Groundnuts (In Shell),Main,2003,6,2003,12,All (PS),production,372.0
4437,ML2016A106,Mali,ML,Tombouctou,none,Tombouctou,Groundnuts (In Shell),Main,2004,6,2004,12,All (PS),production,17.0
4438,ML2016A106,Mali,ML,Tombouctou,none,Tombouctou,Groundnuts (In Shell),Main,2005,6,2005,12,All (PS),production,108.0
4439,ML2016A106,Mali,ML,Tombouctou,none,Tombouctou,Groundnuts (In Shell),Main,2006,6,2006,12,All (PS),production,144.448147328181
4440,ML2016A106,Mali,ML,Tombouctou,none,Tombouctou,Groundnuts (In Shell),Main,2007,6,2007,12,All (PS),production,209.0
4441,ML2016A106,Mali,ML,Tombouctou,none,Tombouctou,Groundnuts (In Shell),Main,2008,6,2008,12,All (PS),production,204.0
4442,ML2016A106,Mali,ML,Tombouctou,none,Tombouctou,Groundnuts (In Shell),Main,2009,6,2009,12,All (PS),production,282.0
4443,ML2016A106,Mali,ML,Tombouctou,none,Tombouctou,Groundnuts (In Shell),Main,2010,6,2010,12,All (PS),production,279.0
4444,ML2016A106,Mali,ML,Tombouctou,none,Tombouctou,Groundnuts (In Shell),Main,2011,6,2011,12,All (PS),production,278.46
4445,ML2016A106,Mali,ML,Tombouctou,none,Tombouctou,Groundnuts (In Shell),Main,2012,6,2012,12,All (PS),production,401.7
4446,ML2016A106,Mali,ML,Tombouctou,none,Tombouctou,Groundnuts (In Shell),Main,2013,6,2013,12,All (PS),production,339.0
4447,ML2016A106,Mali,ML,Tombouctou,none,Tombouctou,Groundnuts (In Shell),Main,2014,6,2014,12,All (PS),production,1622.425
4448,ML2016A106,Mali,ML,Tombouctou,none,Tombouctou,Groundnuts (In Shell),Main,2015,6,2015,12,All (PS),production,337.317
4449,ML2016A106,Mali,ML,Tombouctou,none,Tombouctou,Groundnuts (In Shell),Main,2016,6,2016,12,All (PS),production,255.0
4450,ML2016A106,Mali,ML,Tombouctou,none,Tombouctou,Groundnuts (In Shell),Main,2017,6,2017,12,All (PS),production,457.0
4451,ML2016A106,Mali,ML,Tombouctou,none,Tombouctou,Groundnuts (In Shell),Main,2018,6,2018,12,All (PS),production,733.0
4452,ML2016A106,Mali,ML,Tombouctou,none,Tombouctou,Groundnuts (In Shell),Main,2019,6,2019,12,All (PS),production,409.0
4453,ML2016A106,Mali,ML,Tombouctou,none,Tombouctou,Groundnuts (In Shell),Main,2020,6,2020,12,All (PS),production,557.0
4454,ML2016A106,Mali,ML,Tombouctou,none,Tombouctou,Groundnuts (In Shell),Main,2021,6,2021,12,All (PS),production,112.0028
4455,ML2016A106,Mali,ML,Tombouctou,none,Tombouctou,Maize,Main,2000,6,2000,12,All (PS),production,884.0
4456,ML2016A106,Mali,ML,Tombouctou,none,Tombouctou,Maize,Main,2001,6,2001,12,All (PS),production,2000.0
4457,ML2016A106,Mali,ML,Tombouctou,none,Tombouctou,Maize,Main,2002,6,2002,12,All (PS),production,661.0
4458,ML2016A106,Mali,ML,Tombouctou,none,Tombouctou,Maize,Main,2003,6,2003,12,All (PS),production,950.0
4459,ML2016A106,Mali,ML,Tombouctou,none,Tombouctou,Maize,Main,2004,6,2004,12,All (PS),production,76.0
4460,ML2016A106,Mali,ML,Tombouctou,none,Tombouctou,Maize,Main,2005,6,2005,12,All (PS),production,130.0
4461,ML2016A106,Mali,ML,Tombouctou,none,Tombouctou,Maize,Main,2006,6,2006,12,All (PS),production,354.036581066329
4462,ML2016A106,Mali,ML,Tombouctou,none,Tombouctou,Maize,Main,2007,6,2007,12,All (PS),production,4739.0
4463,ML2016A106,Mali,ML,Tombouctou,none,Tombouctou,Maize,Main,2008,6,2008,12,All (PS),production,30473.0
4464,ML2016A106,Mali,ML,Tombouctou,none,Tombouctou,Maize,Main,2009,6,2009,12,All (PS),production,37242.0
4465,ML2016A106,Mali,ML,Tombouctou,none,Tombouctou,Maize,Main,2010,6,2010,12,All (PS),production,39823.0
4466,ML2016A106,Mali,ML,Tombouctou,none,Tombouctou,Maize,Main,2011,6,2011,12,All (PS),production,34250.0
4467,ML2016A106,Mali,ML,Tombouctou,none,Tombouctou,Maize,Main,2012,6,2012,12,All (PS),production,49512.0
4468,ML2016A106,Mali,ML,Tombouctou,none,Tombouctou,Maize,Main,2013,6,2013,12,All (PS),production,457.0
4469,ML2016A106,Mali,ML,Tombouctou,none,Tombouctou,Maize,Main,2014,6,2014,12,All (PS),production,2239.0
4470,ML2016A106,Mali,ML,Tombouctou,none,Tombouctou,Maize,Main,2015,6,2015,12,All (PS),production,2379.0
4471,ML2016A106,Mali,ML,Tombouctou,none,Tombouctou,Maize,Main,2016,6,2016,12,All (PS),production,380.0
4472,ML2016A106,Mali,ML,Tombouctou,none,Tombouctou,Maize,Main,2017,6,2017,12,All (PS),production,1271.0
4473,ML2016A106,Mali,ML,Tombouctou,none,Tombouctou,Maize,Main,2019,6,2019,12,All (PS),production,15498.364453264
4474,ML2016A106,Mali,ML,Tombouctou,none,Tombouctou,Maize,Main,2020,6,2020,12,All (PS),production,1909.0
4475,ML2016A106,Mali,ML,Tombouctou,none,Tombouctou,Maize,Main,2021,6,2021,12,All (PS),production,1506.0
4476,ML2016A106,Mali,ML,Tombouctou,none,Tombouctou,Maize,Main,2022,6,2022,12,All (PS),production,1293.0
4477,ML2016A106,Mali,ML,Tombouctou,none,Tombouctou,Sorghum,Main,1983,6,1983,12,All (PS),production,6785.0
4478,ML2016A106,Mali,ML,Tombouctou,none,Tombouctou,Sorghum,Main,1984,6,1984,12,All (PS),production,1267.0
4479,ML2016A106,Mali,ML,Tombouctou,none,Tombouctou,Sorghum,Main,1985,6,1985,12,All (PS),production,328.0
4480,ML2016A106,Mali,ML,Tombouctou,none,Tombouctou,Sorghum,Main,1986,6,1986,12,All (PS),production,9529.0
4481,ML2016A106,Mali,ML,Tombouctou,none,Tombouctou,Sorghum,Main,1987,6,1987,12,All (PS),production,1824.0
4482,ML2016A106,Mali,ML,Tombouctou,none,Tombouctou,Sorghum,Main,1988,6,1988,12,All (PS),production,33851.0
4483,ML2016A106,Mali,ML,Tombouctou,none,Tombouctou,Sorghum,Main,1989,6,1989,12,All (PS),production,9982.0
4484,ML2016A106,Mali,ML,Tombouctou,none,Tombouctou,Sorghum,Main,1990,6,1990,12,All (PS),production,4799.0
4485,ML2016A106,Mali,ML,Tombouctou,none,Tombouctou,Sorghum,Main,1991,6,1991,12,All (PS),production,16645.0
4486,ML2016A106,Mali,ML,Tombouctou,none,Tombouctou,Sorghum,Main,1992,6,1992,12,All (PS),production,16645.0
4487,ML2016A106,Mali,ML,Tombouctou,none,Tombouctou,Sorghum,Main,1993,6,1993,12,All (PS),production,9155.0
4488,ML2016A106,Mali,ML,Tombouctou,none,Tombouctou,Sorghum,Main,1994,6,1994,12,All (PS),production,6787.0
4489,ML2016A106,Mali,ML,Tombouctou,none,Tombouctou,Sorghum,Main,1995,6,1995,12,All (PS),production,1160.0
4490,ML2016A106,Mali,ML,Tombouctou,none,Tombouctou,Sorghum,Main,1996,6,1996,12,All (PS),production,1820.0
4491,ML2016A106,Mali,ML,Tombouctou,none,Tombouctou,Sorghum,Main,1997,6,1997,12,All (PS),production,2456.0
4492,ML2016A106,Mali,ML,Tombouctou,none,Tombouctou,Sorghum,Main,1998,6,1998,12,All (PS),production,5270.0
4493,ML2016A106,Mali,ML,Tombouctou,none,Tombouctou,Sorghum,Main,1999,6,1999,12,All (PS),production,8587.0
4494,ML2016A106,Mali,ML,Tombouctou,none,Tombouctou,Sorghum,Main,2000,6,2000,12,All (PS),production,51.0
4495,ML2016A106,Mali,ML,Tombouctou,none,Tombouctou,Sorghum,Main,2001,6,2001,12,All (PS),production,9822.0
4496,ML2016A106,Mali,ML,Tombouctou,none,Tombouctou,Sorghum,Main,2002,6,2002,12,All (PS),production,5359.0
4497,ML2016A106,Mali,ML,Tombouctou,none,Tombouctou,Sorghum,Main,2003,6,2003,12,All (PS),production,10660.0
4498,ML2016A106,Mali,ML,Tombouctou,none,Tombouctou,Sorghum,Main,2004,6,2004,12,All (PS),production,3232.0
4499,ML2016A106,Mali,ML,Tombouctou,none,Tombouctou,Sorghum,Main,2005,6,2005,12,All (PS),production,9495.0
4500,ML2016A106,Mali,ML,Tombouctou,none,Tombouctou,Sorghum,Main,2006,6,2006,12,All (PS),production,10107.4274491181
4501,ML2016A106,Mali,ML,Tombouctou,none,Tombouctou,Sorghum,Main,2007,6,2007,12,All (PS),production,4783.0
4502,ML2016A106,Mali,ML,Tombouctou,none,Tombouctou,Sorghum,Main,2008,6,2008,12,All (PS),production,12771.0
4503,ML2016A106,Mali,ML,Tombouctou,none,Tombouctou,Sorghum,Main,2009,6,2009,12,All (PS),production,14997.0
4504,ML2016A106,Mali,ML,Tombouctou,none,Tombouctou,Sorghum,Main,2010,6,2010,12,All (PS),production,8371.0
4505,ML2016A106,Mali,ML,Tombouctou,none,Tombouctou,Sorghum,Main,2011,6,2011,12,All (PS),production,50800.0
4506,ML2016A106,Mali,ML,Tombouctou,none,Tombouctou,Sorghum,Main,2012,6,2012,12,All (PS),production,17383.0
4507,ML2016A106,Mali,ML,Tombouctou,none,Tombouctou,Sorghum,Main,2013,6,2013,12,All (PS),production,18167.0
4508,ML2016A106,Mali,ML,Tombouctou,none,Tombouctou,Sorghum,Main,2014,6,2014,12,All (PS),production,10054.0
4509,ML2016A106,Mali,ML,Tombouctou,none,Tombouctou,Sorghum,Main,2015,6,2015,12,All (PS),production,18923.0
4510,ML2016A106,Mali,ML,Tombouctou,none,Tombouctou,Sorghum,Main,2016,6,2016,12,All (PS),production,8814.0
4511,ML2016A106,Mali,ML,Tombouctou,none,Tombouctou,Sorghum,Main,2017,6,2017,12,All (PS),production,8954.0
4512,ML2016A106,Mali,ML,Tombouctou,none,Tombouctou,Sorghum,Main,2019,6,2019,12,All (PS),production,28627.7474275829
4513,ML2016A106,Mali,ML,Tombouctou,none,Tombouctou,Sorghum,Main,2020,6,2020,12,All (PS),production,37630.0
4514,ML2016A106,Mali,ML,Tombouctou,none,Tombouctou,Sorghum,Main,2021,6,2021,12,All (PS),production,25505.0
4515,ML2016A106,Mali,ML,Tombouctou,none,Tombouctou,Sorghum,Main,2022,6,2022,12,All (PS),production,26095.0
4516,ML2016A106,Mali,ML,Tombouctou,none,Tombouctou,Millet,Main,1983,6,1983,12,All (PS),production,2663.0
4517,ML2016A106,Mali,ML,Tombouctou,none,Tombouctou,Millet,Main,1984,6,1984,12,All (PS),production,11104.412
4518,ML2016A106,Mali,ML,Tombouctou,none,Tombouctou,Millet,Main,1985,6,1985,12,All (PS),production,21437.0
4519,ML2016A106,Mali,ML,Tombouctou,none,Tombouctou,Millet,Main,1986,6,1986,12,All (PS),production,18431.0
4520,ML2016A106,Mali,ML,Tombouctou,none,Tombouctou,Millet,Main,1987,6,1987,12,All (PS),production,11586.0
4521,ML2016A106,Mali,ML,Tombouctou,none,Tombouctou,Millet,Main,1988,6,1988,12,All (PS),production,30610.0
4522,ML2016A106,Mali,ML,Tombouctou,none,Tombouctou,Millet,Main,1989,6,1989,12,All (PS),production,38908.0
4523,ML2016A106,Mali,ML,Tombouctou,none,Tombouctou,Millet,Main,1990,6,1990,12,All (PS),production,13404.0
4524,ML2016A106,Mali,ML,Tombouctou,none,Tombouctou,Millet,Main,1991,6,1991,12,All (PS),production,14626.0
4525,ML2016A106,Mali,ML,Tombouctou,none,Tombouctou,Millet,Main,1992,6,1992,12,All (PS),production,14626.0
4526,ML2016A106,Mali,ML,Tombouctou,none,Tombouctou,Millet,Main,1993,6,1993,12,All (PS),production,14436.0
4527,ML2016A106,Mali,ML,Tombouctou,none,Tombouctou,Millet,Main,1994,6,1994,12,All (PS),production,33804.0
4528,ML2016A106,Mali,ML,Tombouctou,none,Tombouctou,Millet,Main,1995,6,1995,12,All (PS),production,18710.0
4529,ML2016A106,Mali,ML,Tombouctou,none,Tombouctou,Millet,Main,1996,6,1996,12,All (PS),production,34460.0
4530,ML2016A106,Mali,ML,Tombouctou,none,Tombouctou,Millet,Main,1997,6,1997,12,All (PS),production,8424.0
4531,ML2016A106,Mali,ML,Tombouctou,none,Tombouctou,Millet,Main,1998,6,1998,12,All (PS),production,21207.0
4532,ML2016A106,Mali,ML,Tombouctou,none,Tombouctou,Millet,Main,1999,6,1999,12,All (PS),production,33466.0
4533,ML2016A106,Mali,ML,Tombouctou,none,Tombouctou,Millet,Main,2000,6,2000,12,All (PS),production,7141.0
4534,ML2016A106,Mali,ML,Tombouctou,none,Tombouctou,Millet,Main,2001,6,2001,12,All (PS),production,39798.0
4535,ML2016A106,Mali,ML,Tombouctou,none,Tombouctou,Millet,Main,2002,6,2002,12,All (PS),production,23189.0
4536,ML2016A106,Mali,ML,Tombouctou,none,Tombouctou,Millet,Main,2003,6,2003,12,All (PS),production,41400.0
4537,ML2016A106,Mali,ML,Tombouctou,none,Tombouctou,Millet,Main,2004,6,2004,12,All (PS),production,3873.0
4538,ML2016A106,Mali,ML,Tombouctou,none,Tombouctou,Millet,Main,2005,6,2005,12,All (PS),production,19382.0
4539,ML2016A106,Mali,ML,Tombouctou,none,Tombouctou,Millet,Main,2006,6,2006,12,All (PS),production,21879.9091764303
4540,ML2016A106,Mali,ML,Tombouctou,none,Tombouctou,Millet,Main,2007,6,2007,12,All (PS),production,34081.0
4541,ML2016A106,Mali,ML,Tombouctou,none,Tombouctou,Millet,Main,2008,6,2008,12,All (PS),production,45520.0
4542,ML2016A106,Mali,ML,Tombouctou,none,Tombouctou,Millet,Main,2009,6,2009,12,All (PS),production,48860.0
4543,ML2016A106,Mali,ML,Tombouctou,none,Tombouctou,Millet,Main,2010,6,2010,12,All (PS),production,39980.0
4544,ML2016A106,Mali,ML,Tombouctou,none,Tombouctou,Millet,Main,2011,6,2011,12,All (PS),production,39480.0
4545,ML2016A106,Mali,ML,Tombouctou,none,Tombouctou,Millet,Main,2012,6,2012,12,All (PS),production,30348.0
4546,ML2016A106,Mali,ML,Tombouctou,none,Tombouctou,Millet,Main,2013,6,2013,12,All (PS),production,25558.0
4547,ML2016A106,Mali,ML,Tombouctou,none,Tombouctou,Millet,Main,2014,6,2014,12,All (PS),production,31853.0
4548,ML2016A106,Mali,ML,Tombouctou,none,Tombouctou,Millet,Main,2015,6,2015,12,All (PS),production,82419.0
4549,ML2016A106,Mali,ML,Tombouctou,none,Tombouctou,Millet,Main,2016,6,2016,12,All (PS),production,12123.0
4550,ML2016A106,Mali,ML,Tombouctou,none,Tombouctou,Millet,Main,2017,6,2017,12,All (PS),production,13679.0
4551,ML2016A106,Mali,ML,Tombouctou,none,Tombouctou,Millet,Main,2018,6,2018,12,All (PS),production,67073.0
4552,ML2016A106,Mali,ML,Tombouctou,none,Tombouctou,Millet,Main,2019,6,2019,12,All (PS),production,28082.0946487274
4553,ML2016A106,Mali,ML,Tombouctou,none,Tombouctou,Millet,Main,2020,6,2020,12,All (PS),production,61296.0
4554,ML2016A106,Mali,ML,Tombouctou,none,Tombouctou,Millet,Main,2021,6,2021,12,All (PS),production,50996.0
4555,ML2016A106,Mali,ML,Tombouctou,none,Tombouctou,Millet,Main,2022,6,2022,12,All (PS),production,65132.0
4556,ML2016A106,Mali,ML,Tombouctou,none,Tombouctou,Wheat,Main,1987,6,1987,12,All (PS),production,1425.0
4557,ML2016A106,Mali,ML,Tombouctou,none,Tombouctou,Wheat,Main,1991,6,1991,12,All (PS),production,1256.0
4558,ML2016A106,Mali,ML,Tombouctou,none,Tombouctou,Wheat,Main,1992,6,1992,12,All (PS),production,1256.0
4559,ML2016A106,Mali,ML,Tombouctou,none,Tombouctou,Wheat,Main,1994,6,1994,12,All (PS),production,2210.0
4560,ML2016A106,Mali,ML,Tombouctou,none,Tombouctou,Wheat,Main,1995,6,1995,12,All (PS),production,6150.0
4561,ML2016A106,Mali,ML,Tombouctou,none,Tombouctou,Wheat,Main,1996,6,1996,12,All (PS),production,3086.0
4562,ML2016A106,Mali,ML,Tombouctou,none,Tombouctou,Wheat,Main,1997,6,1997,12,All (PS),production,2591.0
4563,ML2016A106,Mali,ML,Tombouctou,none,Tombouctou,Wheat,Main,1998,6,1998,12,All (PS),production,6630.0
4564,ML2016A106,Mali,ML,Tombouctou,none,Tombouctou,Wheat,Main,1999,6,1999,12,All (PS),production,7450.0
4565,ML2016A106,Mali,ML,Tombouctou,none,Tombouctou,Wheat,Main,2000,6,2000,12,All (PS),production,6149.0
4566,ML2016A106,Mali,ML,Tombouctou,none,Tombouctou,Wheat,Main,2001,6,2001,12,All (PS),production,9138.0
4567,ML2016A106,Mali,ML,Tombouctou,none,Tombouctou,Wheat,Main,2002,6,2002,12,All (PS),production,4621.0
4568,ML2016A106,Mali,ML,Tombouctou,none,Tombouctou,Wheat,Main,2003,6,2003,12,All (PS),production,5620.0
4569,ML2016A106,Mali,ML,Tombouctou,none,Tombouctou,Wheat,Main,2004,6,2004,12,All (PS),production,8819.0
4570,ML2016A106,Mali,ML,Tombouctou,none,Tombouctou,Wheat,Main,2005,6,2005,12,All (PS),production,4805.0
4571,ML2016A106,Mali,ML,Tombouctou,none,Tombouctou,Wheat,Main,2006,6,2006,12,All (PS),production,8370.0
4572,ML2016A106,Mali,ML,Tombouctou,none,Tombouctou,Wheat,Main,2007,6,2007,12,All (PS),production,8370.0
4573,ML2016A106,Mali,ML,Tombouctou,none,Tombouctou,Wheat,Main,2008,6,2008,12,All (PS),production,12596.0
4574,ML2016A106,Mali,ML,Tombouctou,none,Tombouctou,Wheat,Main,2009,6,2009,12,All (PS),production,15132.0
4575,ML2016A106,Mali,ML,Tombouctou,none,Tombouctou,Wheat,Main,2010,6,2010,12,All (PS),production,23788.0
4576,ML2016A106,Mali,ML,Tombouctou,none,Tombouctou,Wheat,Main,2011,6,2011,12,All (PS),production,31987.0
4577,ML2016A106,Mali,ML,Tombouctou,none,Tombouctou,Wheat,Main,2012,6,2012,12,All (PS),production,38863.0
4578,ML2016A106,Mali,ML,Tombouctou,none,Tombouctou,Wheat,Main,2013,6,2013,12,All (PS),production,26380.0
4579,ML2016A106,Mali,ML,Tombouctou,none,Tombouctou,Wheat,Main,2014,6,2014,12,All (PS),production,44100.0
4580,ML2016A106,Mali,ML,Tombouctou,none,Tombouctou,Wheat,Main,2015,6,2015,12,All (PS),production,28395.0
4581,ML2016A106,Mali,ML,Tombouctou,none,Tombouctou,Wheat,Main,2016,6,2016,12,All (PS),production,38045.0
4582,ML2016A106,Mali,ML,Tombouctou,none,Tombouctou,Wheat,Main,2017,6,2017,12,All (PS),production,28015.0
4583,ML2016A106,Mali,ML,Tombouctou,none,Tombouctou,Wheat,Main,2018,6,2018,12,All (PS),production,25825.0
4584,ML2016A106,Mali,ML,Tombouctou,none,Tombouctou,Wheat,Main,2019,6,2019,12,All (PS),production,8226.17107142857
4585,ML2016A106,Mali,ML,Tombouctou,none,Tombouctou,Wheat,Main,2020,6,2020,12,All (PS),production,37124.0
4586,ML2016A106,Mali,ML,Tombouctou,none,Tombouctou,Wheat,Main,2021,6,2021,12,All (PS),production,21000.0
4587,ML2016A106,Mali,ML,Tombouctou,none,Tombouctou,Wheat,Main,2022,6,2022,12,All (PS),production,33542.0
4588,ML2016A106,Mali,ML,Tombouctou,none,Tombouctou,Barley,Main,1997,6,1997,12,All (PS),production,46.0
4589,ML2016A106,Mali,ML,Tombouctou,none,Tombouctou,Barley,Main,1998,6,1998,12,All (PS),production,51.0
4590,ML2016A106,Mali,ML,Tombouctou,none,Tombouctou,Barley,Main,1999,6,1999,12,All (PS),production,36.0
4591,ML2016A106,Mali,ML,Tombouctou,none,Tombouctou,Beans (mixed),Main,2003,6,2003,12,All (PS),production,544.0
4592,ML2016A106,Mali,ML,Tombouctou,none,Tombouctou,Beans (mixed),Main,2004,6,2004,12,All (PS),production,618.0
4593,ML2016A106,Mali,ML,Tombouctou,none,Tombouctou,Beans (mixed),Main,2005,6,2005,12,All (PS),production,660.0
4594,ML2016A106,Mali,ML,Tombouctou,none,Tombouctou,Beans (mixed),Main,2006,6,2006,12,All (PS),production,615.0
4595,ML2016A106,Mali,ML,Tombouctou,none,Tombouctou,Beans (mixed),Main,2007,6,2007,12,All (PS),production,701.0
4596,ML2016A107,Mali,ML,Gao,none,Gao,Rice,Main,1982,6,1982,12,All (PS),production,11883.0
4597,ML2016A107,Mali,ML,Gao,none,Gao,Rice,Main,1983,6,1983,12,All (PS),production,19859.0
4598,ML2016A107,Mali,ML,Gao,none,Gao,Rice,Main,1984,6,1984,12,All (PS),production,2228.0
4599,ML2016A107,Mali,ML,Gao,none,Gao,Rice,Main,1985,6,1985,12,All (PS),production,26625.0
4600,ML2016A107,Mali,ML,Gao,none,Gao,Rice,Main,1986,6,1986,12,All (PS),production,8685.0
4601,ML2016A107,Mali,ML,Gao,none,Gao,Rice,Main,1987,6,1987,12,All (PS),production,15927.0
4602,ML2016A107,Mali,ML,Gao,none,Gao,Rice,Main,1988,6,1988,12,All (PS),production,25273.0
4603,ML2016A107,Mali,ML,Gao,none,Gao,Rice,Main,1989,6,1989,12,All (PS),production,32172.0
4604,ML2016A107,Mali,ML,Gao,none,Gao,Rice,Main,1990,6,1990,12,All (PS),production,11911.0
4605,ML2016A107,Mali,ML,Gao,none,Gao,Rice,Main,1991,6,1991,12,All (PS),production,13232.0
4606,ML2016A107,Mali,ML,Gao,none,Gao,Rice,Main,1992,6,1992,12,All (PS),production,13232.0
4607,ML2016A107,Mali,ML,Gao,none,Gao,Rice,Main,1993,6,1993,12,All (PS),production,7297.0
4608,ML2016A107,Mali,ML,Gao,none,Gao,Rice,Main,1994,6,1994,12,All (PS),production,7680.0
4609,ML2016A107,Mali,ML,Gao,none,Gao,Rice,Main,1995,6,1995,12,All (PS),production,5450.0
4610,ML2016A107,Mali,ML,Gao,none,Gao,Rice,Main,1996,6,1996,12,All (PS),production,8880.0
4611,ML2016A107,Mali,ML,Gao,none,Gao,Rice,Main,1998,6,1998,12,All (PS),production,17693.0
4612,ML2016A107,Mali,ML,Gao,none,Gao,Rice,Main,1999,6,1999,12,All (PS),production,15834.0
4613,ML2016A107,Mali,ML,Gao,none,Gao,Rice,Main,2000,6,2000,12,All (PS),production,31306.0
4614,ML2016A107,Mali,ML,Gao,none,Gao,Rice,Main,2001,6,2001,12,All (PS),production,35901.0
4615,ML2016A107,Mali,ML,Gao,none,Gao,Rice,Main,2002,6,2002,12,All (PS),production,23646.0
4616,ML2016A107,Mali,ML,Gao,none,Gao,Rice,Main,2003,6,2003,12,All (PS),production,29866.0
4617,ML2016A107,Mali,ML,Gao,none,Gao,Rice,Main,2004,6,2004,12,All (PS),production,25196.0
4618,ML2016A107,Mali,ML,Gao,none,Gao,Rice,Main,2005,6,2005,12,All (PS),production,42313.0
4619,ML2016A107,Mali,ML,Gao,none,Gao,Rice,Main,2006,6,2006,12,All (PS),production,48644.7098210054
4620,ML2016A107,Mali,ML,Gao,none,Gao,Rice,Main,2007,6,2007,12,All (PS),production,34839.0
4621,ML2016A107,Mali,ML,Gao,none,Gao,Rice,Main,2008,6,2008,12,All (PS),production,34159.0
4622,ML2016A107,Mali,ML,Gao,none,Gao,Rice,Main,2009,6,2009,12,All (PS),production,72084.0
4623,ML2016A107,Mali,ML,Gao,none,Gao,Rice,Main,2010,6,2010,12,All (PS),production,63665.0
4624,ML2016A107,Mali,ML,Gao,none,Gao,Rice,Main,2011,6,2011,12,All (PS),production,54482.0
4625,ML2016A107,Mali,ML,Gao,none,Gao,Rice,Main,2012,6,2012,12,All (PS),production,33134.0
4626,ML2016A107,Mali,ML,Gao,none,Gao,Rice,Main,2013,6,2013,12,All (PS),production,61897.0
4627,ML2016A107,Mali,ML,Gao,none,Gao,Rice,Main,2014,6,2014,12,All (PS),production,121330.0
4628,ML2016A107,Mali,ML,Gao,none,Gao,Rice,Main,2015,6,2015,12,All (PS),production,138382.0
4629,ML2016A107,Mali,ML,Gao,none,Gao,Rice,Main,2016,6,2016,12,All (PS),production,108968.0
4630,ML2016A107,Mali,ML,Gao,none,Gao,Rice,Main,2017,6,2017,12,All (PS),production,148089.0
4631,ML2016A107,Mali,ML,Gao,none,Gao,Rice,Main,2018,6,2018,12,All (PS),production,231410.0
4632,ML2016A107,Mali,ML,Gao,none,Gao,Rice,Main,2019,6,2019,12,All (PS),production,118441.048785224
4633,ML2016A107,Mali,ML,Gao,none,Gao,Rice,Main,2020,6,2020,12,All (PS),production,64654.0
4634,ML2016A107,Mali,ML,Gao,none,Gao,Rice,Main,2021,6,2021,12,All (PS),production,72371.0
4635,ML2016A107,Mali,ML,Gao,none,Gao,Rice,Main,2022,6,2022,12,All (PS),production,76868.0
4636,ML2016A107,Mali,ML,Gao,none,Gao,Cowpea,Main,1997,6,1997,12,All (PS),production,553.0
4637,ML2016A107,Mali,ML,Gao,none,Gao,Cowpea,Main,1998,6,1998,12,All (PS),production,175.0
4638,ML2016A107,Mali,ML,Gao,none,Gao,Cowpea,Main,1999,6,1999,12,All (PS),production,133.0
4639,ML2016A107,Mali,ML,Gao,none,Gao,Cowpea,Main,2000,6,2000,12,All (PS),production,406.0
4640,ML2016A107,Mali,ML,Gao,none,Gao,Cowpea,Main,2001,6,2001,12,All (PS),production,508.0
4641,ML2016A107,Mali,ML,Gao,none,Gao,Cowpea,Main,2002,6,2002,12,All (PS),production,485.0
4642,ML2016A107,Mali,ML,Gao,none,Gao,Cowpea,Main,2003,6,2003,12,All (PS),production,1299.0
4643,ML2016A107,Mali,ML,Gao,none,Gao,Cowpea,Main,2004,6,2004,12,All (PS),production,145.25
4644,ML2016A107,Mali,ML,Gao,none,Gao,Cowpea,Main,2005,6,2005,12,All (PS),production,136.0
4645,ML2016A107,Mali,ML,Gao,none,Gao,Cowpea,Main,2006,6,2006,12,All (PS),production,944.0
4646,ML2016A107,Mali,ML,Gao,none,Gao,Cowpea,Main,2007,6,2007,12,All (PS),production,1164.0
4647,ML2016A107,Mali,ML,Gao,none,Gao,Cowpea,Main,2008,6,2008,12,All (PS),production,102.0
4648,ML2016A107,Mali,ML,Gao,none,Gao,Cowpea,Main,2009,6,2009,12,All (PS),production,624.0
4649,ML2016A107,Mali,ML,Gao,none,Gao,Cowpea,Main,2010,6,2010,12,All (PS),production,819.0
4650,ML2016A107,Mali,ML,Gao,none,Gao,Cowpea,Main,2011,6,2011,12,All (PS),production,624.0
4651,ML2016A107,Mali,ML,Gao,none,Gao,Cowpea,Main,2012,6,2012,12,All (PS),production,204.75
4652,ML2016A107,Mali,ML,Gao,none,Gao,Cowpea,Main,2013,6,2013,12,All (PS),production,254.0
4653,ML2016A107,Mali,ML,Gao,none,Gao,Cowpea,Main,2014,6,2014,12,All (PS),production,430.5
4654,ML2016A107,Mali,ML,Gao,none,Gao,Cowpea,Main,2015,6,2015,12,All (PS),production,1493.55
4655,ML2016A107,Mali,ML,Gao,none,Gao,Cowpea,Main,2016,6,2016,12,All (PS),production,2064.0
4656,ML2016A107,Mali,ML,Gao,none,Gao,Cowpea,Main,2017,6,2017,12,All (PS),production,430.5
4657,ML2016A107,Mali,ML,Gao,none,Gao,Cowpea,Main,2018,6,2018,12,All (PS),production,1993.0
4658,ML2016A107,Mali,ML,Gao,none,Gao,Cowpea,Main,2019,6,2019,12,All (PS),production,1743.0
4659,ML2016A107,Mali,ML,Gao,none,Gao,Cowpea,Main,2020,6,2020,12,All (PS),production,2597.0
4660,ML2016A107,Mali,ML,Gao,none,Gao,Cowpea,Main,2021,6,2021,12,All (PS),production,172.0206
4661,ML2016A107,Mali,ML,Gao,none,Gao,Maize,Main,1975,6,1975,12,All (PS),production,309.0
4662,ML2016A107,Mali,ML,Gao,none,Gao,Maize,Main,2005,6,2005,12,All (PS),production,36.0
4663,ML2016A107,Mali,ML,Gao,none,Gao,Maize,Main,2012,6,2012,12,All (PS),production,42.0
4664,ML2016A107,Mali,ML,Gao,none,Gao,Maize,Main,2016,6,2016,12,All (PS),production,46.0
4665,ML2016A107,Mali,ML,Gao,none,Gao,Sorghum,Main,1982,6,1982,12,All (PS),production,1875.0
4666,ML2016A107,Mali,ML,Gao,none,Gao,Sorghum,Main,1984,6,1984,12,All (PS),production,174.0
4667,ML2016A107,Mali,ML,Gao,none,Gao,Sorghum,Main,1985,6,1985,12,All (PS),production,455.0
4668,ML2016A107,Mali,ML,Gao,none,Gao,Sorghum,Main,1986,6,1986,12,All (PS),production,1199.0
4669,ML2016A107,Mali,ML,Gao,none,Gao,Sorghum,Main,1987,6,1987,12,All (PS),production,14836.0
4670,ML2016A107,Mali,ML,Gao,none,Gao,Sorghum,Main,1988,6,1988,12,All (PS),production,1539.0
4671,ML2016A107,Mali,ML,Gao,none,Gao,Sorghum,Main,1989,6,1989,12,All (PS),production,179.0
4672,ML2016A107,Mali,ML,Gao,none,Gao,Sorghum,Main,1990,6,1990,12,All (PS),production,1378.0
4673,ML2016A107,Mali,ML,Gao,none,Gao,Sorghum,Main,1991,6,1991,12,All (PS),production,5474.0
4674,ML2016A107,Mali,ML,Gao,none,Gao,Sorghum,Main,1992,6,1992,12,All (PS),production,5474.0
4675,ML2016A107,Mali,ML,Gao,none,Gao,Sorghum,Main,1993,6,1993,12,All (PS),production,1300.0
4676,ML2016A107,Mali,ML,Gao,none,Gao,Sorghum,Main,1994,6,1994,12,All (PS),production,2228.0
4677,ML2016A107,Mali,ML,Gao,none,Gao,Sorghum,Main,1995,6,1995,12,All (PS),production,310.0
4678,ML2016A107,Mali,ML,Gao,none,Gao,Sorghum,Main,1996,6,1996,12,All (PS),production,460.0
4679,ML2016A107,Mali,ML,Gao,none,Gao,Sorghum,Main,1997,6,1997,12,All (PS),production,461.0
4680,ML2016A107,Mali,ML,Gao,none,Gao,Sorghum,Main,1998,6,1998,12,All (PS),production,994.0
4681,ML2016A107,Mali,ML,Gao,none,Gao,Sorghum,Main,1999,6,1999,12,All (PS),production,811.0
4682,ML2016A107,Mali,ML,Gao,none,Gao,Sorghum,Main,2000,6,2000,12,All (PS),production,23.0
4683,ML2016A107,Mali,ML,Gao,none,Gao,Sorghum,Main,2001,6,2001,12,All (PS),production,1429.0
4684,ML2016A107,Mali,ML,Gao,none,Gao,Sorghum,Main,2002,6,2002,12,All (PS),production,842.0
4685,ML2016A107,Mali,ML,Gao,none,Gao,Sorghum,Main,2003,6,2003,12,All (PS),production,293.0
4686,ML2016A107,Mali,ML,Gao,none,Gao,Sorghum,Main,2004,6,2004,12,All (PS),production,1391.0
4687,ML2016A107,Mali,ML,Gao,none,Gao,Sorghum,Main,2005,6,2005,12,All (PS),production,85.0
4688,ML2016A107,Mali,ML,Gao,none,Gao,Sorghum,Main,2006,6,2006,12,All (PS),production,2536.40103437794
4689,ML2016A107,Mali,ML,Gao,none,Gao,Sorghum,Main,2007,6,2007,12,All (PS),production,1723.0
4690,ML2016A107,Mali,ML,Gao,none,Gao,Sorghum,Main,2008,6,2008,12,All (PS),production,4434.0
4691,ML2016A107,Mali,ML,Gao,none,Gao,Sorghum,Main,2009,6,2009,12,All (PS),production,358.0
4692,ML2016A107,Mali,ML,Gao,none,Gao,Sorghum,Main,2010,6,2010,12,All (PS),production,4307.0
4693,ML2016A107,Mali,ML,Gao,none,Gao,Sorghum,Main,2011,6,2011,12,All (PS),production,4323.0
4694,ML2016A107,Mali,ML,Gao,none,Gao,Sorghum,Main,2012,6,2012,12,All (PS),production,235.0
4695,ML2016A107,Mali,ML,Gao,none,Gao,Sorghum,Main,2013,6,2013,12,All (PS),production,1017.0
4696,ML2016A107,Mali,ML,Gao,none,Gao,Sorghum,Main,2014,6,2014,12,All (PS),production,1792.0
4697,ML2016A107,Mali,ML,Gao,none,Gao,Sorghum,Main,2015,6,2015,12,All (PS),production,139.0
4698,ML2016A107,Mali,ML,Gao,none,Gao,Sorghum,Main,2016,6,2016,12,All (PS),production,488.0
4699,ML2016A107,Mali,ML,Gao,none,Gao,Sorghum,Main,2017,6,2017,12,All (PS),production,5340.0
4700,ML2016A107,Mali,ML,Gao,none,Gao,Sorghum,Main,2019,6,2019,12,All (PS),production,3494.69516208605
4701,ML2016A107,Mali,ML,Gao,none,Gao,Sorghum,Main,2020,6,2020,12,All (PS),production,6409.0
4702,ML2016A107,Mali,ML,Gao,none,Gao,Sorghum,Main,2021,6,2021,12,All (PS),production,7312.0
4703,ML2016A107,Mali,ML,Gao,none,Gao,Sorghum,Main,2022,6,2022,12,All (PS),production,5774.0
4704,ML2016A107,Mali,ML,Gao,none,Gao,Millet,Main,1982,6,1982,12,All (PS),production,61.9
4705,ML2016A107,Mali,ML,Gao,none,Gao,Millet,Main,1985,6,1985,12,All (PS),production,129.0
4706,ML2016A107,Mali,ML,Gao,none,Gao,Millet,Main,1988,6,1988,12,All (PS),production,73.0
4707,ML2016A107,Mali,ML,Gao,none,Gao,Millet,Main,1990,6,1990,12,All (PS),production,1304.0
4708,ML2016A107,Mali,ML,Gao,none,Gao,Millet,Main,1991,6,1991,12,All (PS),production,1314.0
4709,ML2016A107,Mali,ML,Gao,none,Gao,Millet,Main,1992,6,1992,12,All (PS),production,1314.0
4710,ML2016A107,Mali,ML,Gao,none,Gao,Millet,Main,1993,6,1993,12,All (PS),production,1297.0
4711,ML2016A107,Mali,ML,Gao,none,Gao,Millet,Main,1994,6,1994,12,All (PS),production,1608.0
4712,ML2016A107,Mali,ML,Gao,none,Gao,Millet,Main,1995,6,1995,12,All (PS),production,1480.0
4713,ML2016A107,Mali,ML,Gao,none,Gao,Millet,Main,1996,6,1996,12,All (PS),production,1410.0
4714,ML2016A107,Mali,ML,Gao,none,Gao,Millet,Main,1997,6,1997,12,All (PS),production,3603.0
4715,ML2016A107,Mali,ML,Gao,none,Gao,Millet,Main,1998,6,1998,12,All (PS),production,2747.0
4716,ML2016A107,Mali,ML,Gao,none,Gao,Millet,Main,1999,6,1999,12,All (PS),production,1792.0
4717,ML2016A107,Mali,ML,Gao,none,Gao,Millet,Main,2000,6,2000,12,All (PS),production,1061.0
4718,ML2016A107,Mali,ML,Gao,none,Gao,Millet,Main,2001,6,2001,12,All (PS),production,33611.0
4719,ML2016A107,Mali,ML,Gao,none,Gao,Millet,Main,2002,6,2002,12,All (PS),production,7633.0
4720,ML2016A107,Mali,ML,Gao,none,Gao,Millet,Main,2003,6,2003,12,All (PS),production,14304.0
4721,ML2016A107,Mali,ML,Gao,none,Gao,Millet,Main,2004,6,2004,12,All (PS),production,2807.0
4722,ML2016A107,Mali,ML,Gao,none,Gao,Millet,Main,2005,6,2005,12,All (PS),production,15354.0
4723,ML2016A107,Mali,ML,Gao,none,Gao,Millet,Main,2006,6,2006,12,All (PS),production,5779.70445407637
4724,ML2016A107,Mali,ML,Gao,none,Gao,Millet,Main,2007,6,2007,12,All (PS),production,5040.0
4725,ML2016A107,Mali,ML,Gao,none,Gao,Millet,Main,2008,6,2008,12,All (PS),production,11126.0
4726,ML2016A107,Mali,ML,Gao,none,Gao,Millet,Main,2009,6,2009,12,All (PS),production,2277.0
4727,ML2016A107,Mali,ML,Gao,none,Gao,Millet,Main,2010,6,2010,12,All (PS),production,6374.0
4728,ML2016A107,Mali,ML,Gao,none,Gao,Millet,Main,2011,6,2011,12,All (PS),production,3884.0
4729,ML2016A107,Mali,ML,Gao,none,Gao,Millet,Main,2012,6,2012,12,All (PS),production,345.0
4730,ML2016A107,Mali,ML,Gao,none,Gao,Millet,Main,2013,6,2013,12,All (PS),production,4385.0
4731,ML2016A107,Mali,ML,Gao,none,Gao,Millet,Main,2014,6,2014,12,All (PS),production,2965.0
4732,ML2016A107,Mali,ML,Gao,none,Gao,Millet,Main,2015,6,2015,12,All (PS),production,16562.0
4733,ML2016A107,Mali,ML,Gao,none,Gao,Millet,Main,2016,6,2016,12,All (PS),production,7039.0
4734,ML2016A107,Mali,ML,Gao,none,Gao,Millet,Main,2017,6,2017,12,All (PS),production,8026.0
4735,ML2016A107,Mali,ML,Gao,none,Gao,Millet,Main,2018,6,2018,12,All (PS),production,18666.0
4736,ML2016A107,Mali,ML,Gao,none,Gao,Millet,Main,2019,6,2019,12,All (PS),production,3486.48975185666
4737,ML2016A107,Mali,ML,Gao,none,Gao,Millet,Main,2020,6,2020,12,All (PS),production,11654.0
4738,ML2016A107,Mali,ML,Gao,none,Gao,Millet,Main,2021,6,2021,12,All (PS),production,14807.0
4739,ML2016A107,Mali,ML,Gao,none,Gao,Millet,Main,2022,6,2022,12,All (PS),production,12414.0
4740,ML2016A107,Mali,ML,Gao,none,Gao,Wheat,Main,1997,6,1997,12,All (PS),production,47.0
4741,ML2016A107,Mali,ML,Gao,none,Gao,Wheat,Main,1999,6,1999,12,All (PS),production,45.0
4742,ML2016A107,Mali,ML,Gao,none,Gao,Wheat,Main,2000,6,2000,12,All (PS),production,59.0
4743,ML2016A107,Mali,ML,Gao,none,Gao,Wheat,Main,2001,6,2001,12,All (PS),production,115.0
4744,ML2016A107,Mali,ML,Gao,none,Gao,Wheat,Main,2002,6,2002,12,All (PS),production,101.68
4745,ML2016A107,Mali,ML,Gao,none,Gao,Wheat,Main,2003,6,2003,12,All (PS),production,81.0
4746,ML2016A107,Mali,ML,Gao,none,Gao,Wheat,Main,2004,6,2004,12,All (PS),production,123.0
4747,ML2016A107,Mali,ML,Gao,none,Gao,Wheat,Main,2006,6,2006,12,All (PS),production,150.0
4748,ML2016A107,Mali,ML,Gao,none,Gao,Wheat,Main,2008,6,2008,12,All (PS),production,170.0
4749,ML2016A107,Mali,ML,Gao,none,Gao,Wheat,Main,2009,6,2009,12,All (PS),production,115.0
4750,ML2016A107,Mali,ML,Gao,none,Gao,Wheat,Main,2013,6,2013,12,All (PS),production,250.0
4751,ML2016A107,Mali,ML,Gao,none,Gao,Wheat,Main,2014,6,2014,12,All (PS),production,815.0
4752,ML2016A107,Mali,ML,Gao,none,Gao,Wheat,Main,2015,6,2015,12,All (PS),production,815.0
4753,ML2016A107,Mali,ML,Gao,none,Gao,Wheat,Main,2018,6,2018,12,All (PS),production,520.0
4754,ML2016A107,Mali,ML,Gao,none,Gao,Barley,Main,1999,6,1999,12,All (PS),production,21.0
4755,ML2016A108,Mali,ML,Kidal,none,Kidal,Cowpea,Main,2018,6,2018,12,All (PS),production,1.2
4756,ML2016A109,Mali,ML,Bamako,none,Bamako,Rice,Main,1983,6,1983,12,All (PS),production,4.223267439965769
4757,ML2016A109,Mali,ML,Bamako,none,Bamako,Rice,Main,1984,6,1984,12,All (PS),production,14.487149677926585
4758,ML2016A109,Mali,ML,Bamako,none,Bamako,Rice,Main,1985,6,1985,12,All (PS),production,38.009406959691916
4759,ML2016A109,Mali,ML,Bamako,none,Bamako,Rice,Main,1986,6,1986,12,All (PS),production,15.024093215526145
4760,ML2016A109,Mali,ML,Bamako,none,Bamako,Rice,Main,1987,6,1987,12,All (PS),production,11.967645386113267
4761,ML2016A109,Mali,ML,Bamako,none,Bamako,Rice,Main,1988,6,1988,12,All (PS),production,0.47498851403037984
4762,ML2016A109,Mali,ML,Bamako,none,Bamako,Rice,Main,1989,6,1989,12,All (PS),production,5.441716236826308
4763,ML2016A109,Mali,ML,Bamako,none,Bamako,Rice,Main,1990,6,1990,12,All (PS),production,85.7147751079605
4764,ML2016A109,Mali,ML,Bamako,none,Bamako,Rice,Main,1991,6,1991,12,All (PS),production,150.22028048073838
4765,ML2016A109,Mali,ML,Bamako,none,Bamako,Rice,Main,1992,6,1992,12,All (PS),production,150.22028048073838
4766,ML2016A109,Mali,ML,Bamako,none,Bamako,Rice,Main,1993,6,1993,12,All (PS),production,186.03028410372443
4767,ML2016A109,Mali,ML,Bamako,none,Bamako,Rice,Main,1994,6,1994,12,All (PS),production,179.98966930572936
4768,ML2016A109,Mali,ML,Bamako,none,Bamako,Rice,Main,1995,6,1995,12,All (PS),production,206.41348685798462
4769,ML2016A109,Mali,ML,Bamako,none,Bamako,Rice,Main,1996,6,1996,12,All (PS),production,310.3946680815917
4770,ML2016A109,Mali,ML,Bamako,none,Bamako,Rice,Main,1998,6,1998,12,All (PS),production,388.3650652434047
4771,ML2016A109,Mali,ML,Bamako,none,Bamako,Rice,Main,1999,6,1999,12,All (PS),production,264.33110805790636
4772,ML2016A109,Mali,ML,Bamako,none,Bamako,Rice,Main,2000,6,2000,12,All (PS),production,276.7427644462654
4773,ML2016A109,Mali,ML,Bamako,none,Bamako,Rice,Main,2022,6,2022,12,All (PS),production,2032.0
4774,ML2016A109,Mali,ML,Bamako,none,Bamako,Cowpea,Main,1984,6,1984,12,All (PS),production,88.56311751429766
4775,ML2016A109,Mali,ML,Bamako,none,Bamako,Cowpea,Main,1985,6,1985,12,All (PS),production,512.8613203757478
4776,ML2016A109,Mali,ML,Bamako,none,Bamako,Cowpea,Main,1986,6,1986,12,All (PS),production,143.16347413184346
4777,ML2016A109,Mali,ML,Bamako,none,Bamako,Cowpea,Main,1987,6,1987,12,All (PS),production,27.109818806259213
4778,ML2016A109,Mali,ML,Bamako,none,Bamako,Cowpea,Main,1988,6,1988,12,All (PS),production,301.424426049255
4779,ML2016A109,Mali,ML,Bamako,none,Bamako,Cowpea,Main,1989,6,1989,12,All (PS),production,35.62348345316435
4780,ML2016A109,Mali,ML,Bamako,none,Bamako,Cowpea,Main,1991,6,1991,12,All (PS),production,234.083111004845
4781,ML2016A109,Mali,ML,Bamako,none,Bamako,Cowpea,Main,1992,6,1992,12,All (PS),production,234.083111004845
4782,ML2016A109,Mali,ML,Bamako,none,Bamako,Cowpea,Main,1993,6,1993,12,All (PS),production,16.791020945862243
4783,ML2016A109,Mali,ML,Bamako,none,Bamako,Cowpea,Main,1994,6,1994,12,All (PS),production,117.69468551966773
4784,ML2016A109,Mali,ML,Bamako,none,Bamako,Cowpea,Main,1995,6,1995,12,All (PS),production,117.69468551966773
4785,ML2016A109,Mali,ML,Bamako,none,Bamako,Cowpea,Main,1996,6,1996,12,All (PS),production,127.31112245699696
4786,ML2016A109,Mali,ML,Bamako,none,Bamako,Cowpea,Main,1997,6,1997,12,All (PS),production,160.14485458021937
4787,ML2016A109,Mali,ML,Bamako,none,Bamako,Cowpea,Main,1998,6,1998,12,All (PS),production,161.18198566288015
4788,ML2016A109,Mali,ML,Bamako,none,Bamako,Cowpea,Main,1999,6,1999,12,All (PS),production,159.06177465212429
4789,ML2016A109,Mali,ML,Bamako,none,Bamako,Cowpea,Main,2000,6,2000,12,All (PS),production,166.85995013440902
4790,ML2016A109,Mali,ML,Bamako,none,Bamako,Cowpea,Main,2017,6,2017,12,All (PS),production,415.0
4791,ML2016A109,Mali,ML,Bamako,none,Bamako,Cowpea,Main,2018,6,2018,12,All (PS),production,404.0
4792,ML2016A109,Mali,ML,Bamako,none,Bamako,Cowpea,Main,2019,6,2019,12,All (PS),production,287.0
4793,ML2016A109,Mali,ML,Bamako,none,Bamako,Cowpea,Main,2020,6,2020,12,All (PS),production,291.0
4794,ML2016A109,Mali,ML,Bamako,none,Bamako,Fonio,Main,1983,6,1983,12,All (PS),production,104.48516483258508
4795,ML2016A109,Mali,ML,Bamako,none,Bamako,Fonio,Main,1984,6,1984,12,All (PS),production,86.14879046233463
4796,ML2016A109,Mali,ML,Bamako,none,Bamako,Fonio,Main,1985,6,1985,12,All (PS),production,41.819801195308074
4797,ML2016A109,Mali,ML,Bamako,none,Bamako,Fonio,Main,1988,6,1988,12,All (PS),production,135.8178466512236
4798,ML2016A109,Mali,ML,Bamako,none,Bamako,Fonio,Main,1989,6,1989,12,All (PS),production,24.38416100464886
4799,ML2016A109,Mali,ML,Bamako,none,Bamako,Fonio,Main,1991,6,1991,12,All (PS),production,77.72049206758793
4800,ML2016A109,Mali,ML,Bamako,none,Bamako,Fonio,Main,1992,6,1992,12,All (PS),production,77.78483022327302
4801,ML2016A109,Mali,ML,Bamako,none,Bamako,Fonio,Main,1993,6,1993,12,All (PS),production,32.10473968685958
4802,ML2016A109,Mali,ML,Bamako,none,Bamako,Fonio,Main,1994,6,1994,12,All (PS),production,103.77744512004911
4803,ML2016A109,Mali,ML,Bamako,none,Bamako,Fonio,Main,1995,6,1995,12,All (PS),production,115.16529867630992
4804,ML2016A109,Mali,ML,Bamako,none,Bamako,Fonio,Main,1996,6,1996,12,All (PS),production,82.99622083376525
4805,ML2016A109,Mali,ML,Bamako,none,Bamako,Fonio,Main,1997,6,1997,12,All (PS),production,66.84734375680783
4806,ML2016A109,Mali,ML,Bamako,none,Bamako,Fonio,Main,1998,6,1998,12,All (PS),production,37.05877767461146
4807,ML2016A109,Mali,ML,Bamako,none,Bamako,Fonio,Main,1999,6,1999,12,All (PS),production,82.095486654174
4808,ML2016A109,Mali,ML,Bamako,none,Bamako,Fonio,Main,2000,6,2000,12,All (PS),production,5.85477216734313
4809,ML2016A109,Mali,ML,Bamako,none,Bamako,Fonio,Main,2022,6,2022,12,All (PS),production,181.59
4810,ML2016A109,Mali,ML,Bamako,none,Bamako,Groundnuts (In Shell),Main,1983,6,1983,12,All (PS),production,42.70886923184558
4811,ML2016A109,Mali,ML,Bamako,none,Bamako,Groundnuts (In Shell),Main,1984,6,1984,12,All (PS),production,42.55572847345579
4812,ML2016A109,Mali,ML,Bamako,none,Bamako,Groundnuts (In Shell),Main,1985,6,1985,12,All (PS),production,72.9576494856122
4813,ML2016A109,Mali,ML,Bamako,none,Bamako,Groundnuts (In Shell),Main,1986,6,1986,12,All (PS),production,59.9650483249505
4814,ML2016A109,Mali,ML,Bamako,none,Bamako,Groundnuts (In Shell),Main,1987,6,1987,12,All (PS),production,69.57811138569188
4815,ML2016A109,Mali,ML,Bamako,none,Bamako,Groundnuts (In Shell),Main,1988,6,1988,12,All (PS),production,211.17414487596764
4816,ML2016A109,Mali,ML,Bamako,none,Bamako,Groundnuts (In Shell),Main,1989,6,1989,12,All (PS),production,124.8862884668799
4817,ML2016A109,Mali,ML,Bamako,none,Bamako,Groundnuts (In Shell),Main,1990,6,1990,12,All (PS),production,214.45971023778512
4818,ML2016A109,Mali,ML,Bamako,none,Bamako,Groundnuts (In Shell),Main,1991,6,1991,12,All (PS),production,9.846254670107665
4819,ML2016A109,Mali,ML,Bamako,none,Bamako,Groundnuts (In Shell),Main,1992,6,1992,12,All (PS),production,98.48342953176618
4820,ML2016A109,Mali,ML,Bamako,none,Bamako,Groundnuts (In Shell),Main,1993,6,1993,12,All (PS),production,225.43015729334516
4821,ML2016A109,Mali,ML,Bamako,none,Bamako,Groundnuts (In Shell),Main,1994,6,1994,12,All (PS),production,225.4440791804715
4822,ML2016A109,Mali,ML,Bamako,none,Bamako,Groundnuts (In Shell),Main,1995,6,1995,12,All (PS),production,153.41919613232446
4823,ML2016A109,Mali,ML,Bamako,none,Bamako,Groundnuts (In Shell),Main,1996,6,1996,12,All (PS),production,107.96423466480728
4824,ML2016A109,Mali,ML,Bamako,none,Bamako,Groundnuts (In Shell),Main,1997,6,1997,12,All (PS),production,99.40923502566812
4825,ML2016A109,Mali,ML,Bamako,none,Bamako,Groundnuts (In Shell),Main,1999,6,1999,12,All (PS),production,198.72101684145184
4826,ML2016A109,Mali,ML,Bamako,none,Bamako,Groundnuts (In Shell),Main,2000,6,2000,12,All (PS),production,206.8653208103638
4827,ML2016A109,Mali,ML,Bamako,none,Bamako,Groundnuts (In Shell),Main,2016,6,2016,12,All (PS),production,423.0
4828,ML2016A109,Mali,ML,Bamako,none,Bamako,Groundnuts (In Shell),Main,2017,6,2017,12,All (PS),production,250.0
4829,ML2016A109,Mali,ML,Bamako,none,Bamako,Groundnuts (In Shell),Main,2018,6,2018,12,All (PS),production,471.0
4830,ML2016A109,Mali,ML,Bamako,none,Bamako,Groundnuts (In Shell),Main,2019,6,2019,12,All (PS),production,302.0
4831,ML2016A109,Mali,ML,Bamako,none,Bamako,Groundnuts (In Shell),Main,2020,6,2020,12,All (PS),production,497.0
4832,ML2016A109,Mali,ML,Bamako,none,Bamako,Maize,Main,1974,6,1974,12,All (PS),production,88.48715740780143
4833,ML2016A109,Mali,ML,Bamako,none,Bamako,Maize,Main,1975,6,1975,12,All (PS),production,104.48853053845585
4834,ML2016A109,Mali,ML,Bamako,none,Bamako,Maize,Main,1976,6,1976,12,All (PS),production,139.8485131241799
4835,ML2016A109,Mali,ML,Bamako,none,Bamako,Maize,Main,1977,6,1977,12,All (PS),production,93.08700717696776
4836,ML2016A109,Mali,ML,Bamako,none,Bamako,Maize,Main,1978,6,1978,12,All (PS),production,417.3001150776386
4837,ML2016A109,Mali,ML,Bamako,none,Bamako,Maize,Main,1979,6,1979,12,All (PS),production,104.98993596353085
4838,ML2016A109,Mali,ML,Bamako,none,Bamako,Maize,Main,1980,6,1980,12,All (PS),production,322.20748620037085
4839,ML2016A109,Mali,ML,Bamako,none,Bamako,Maize,Main,1981,6,1981,12,All (PS),production,300.47265103516315
4840,ML2016A109,Mali,ML,Bamako,none,Bamako,Maize,Main,1983,6,1983,12,All (PS),production,340.1926807954524
4841,ML2016A109,Mali,ML,Bamako,none,Bamako,Maize,Main,1984,6,1984,12,All (PS),production,448.0602478941963
4842,ML2016A109,Mali,ML,Bamako,none,Bamako,Maize,Main,1985,6,1985,12,All (PS),production,498.04818875058675
4843,ML2016A109,Mali,ML,Bamako,none,Bamako,Maize,Main,1986,6,1986,12,All (PS),production,667.6976243129201
4844,ML2016A109,Mali,ML,Bamako,none,Bamako,Maize,Main,1987,6,1987,12,All (PS),production,571.0353784528088
4845,ML2016A109,Mali,ML,Bamako,none,Bamako,Maize,Main,1988,6,1988,12,All (PS),production,936.5163328607396
4846,ML2016A109,Mali,ML,Bamako,none,Bamako,Maize,Main,1989,6,1989,12,All (PS),production,629.4164101202373
4847,ML2016A109,Mali,ML,Bamako,none,Bamako,Maize,Main,1990,6,1990,12,All (PS),production,690.1954677336767
4848,ML2016A109,Mali,ML,Bamako,none,Bamako,Maize,Main,1991,6,1991,12,All (PS),production,727.6700731990649
4849,ML2016A109,Mali,ML,Bamako,none,Bamako,Maize,Main,1992,6,1992,12,All (PS),production,727.6700731990649
4850,ML2016A109,Mali,ML,Bamako,none,Bamako,Maize,Main,1993,6,1993,12,All (PS),production,1145.929398655108
4851,ML2016A109,Mali,ML,Bamako,none,Bamako,Maize,Main,1994,6,1994,12,All (PS),production,957.4663595345255
4852,ML2016A109,Mali,ML,Bamako,none,Bamako,Maize,Main,1995,6,1995,12,All (PS),production,963.3524232201886
4853,ML2016A109,Mali,ML,Bamako,none,Bamako,Maize,Main,1996,6,1996,12,All (PS),production,1386.931006229201
4854,ML2016A109,Mali,ML,Bamako,none,Bamako,Maize,Main,1997,6,1997,12,All (PS),production,1548.2527516881148
4855,ML2016A109,Mali,ML,Bamako,none,Bamako,Maize,Main,1998,6,1998,12,All (PS),production,2619.516342478793
4856,ML2016A109,Mali,ML,Bamako,none,Bamako,Maize,Main,1999,6,1999,12,All (PS),production,2205.660664669061
4857,ML2016A109,Mali,ML,Bamako,none,Bamako,Maize,Main,2000,6,2000,12,All (PS),production,656.2525004796863
4858,ML2016A109,Mali,ML,Bamako,none,Bamako,Maize,Main,2022,6,2022,12,All (PS),production,18989.0
4859,ML2016A109,Mali,ML,Bamako,none,Bamako,Sorghum,Main,1983,6,1983,12,All (PS),production,186.51690699736247
4860,ML2016A109,Mali,ML,Bamako,none,Bamako,Sorghum,Main,1984,6,1984,12,All (PS),production,201.73839465436245
4861,ML2016A109,Mali,ML,Bamako,none,Bamako,Sorghum,Main,1985,6,1985,12,All (PS),production,277.1177865056807
4862,ML2016A109,Mali,ML,Bamako,none,Bamako,Sorghum,Main,1986,6,1986,12,All (PS),production,290.27374916824704
4863,ML2016A109,Mali,ML,Bamako,none,Bamako,Sorghum,Main,1987,6,1987,12,All (PS),production,226.2629250833217
4864,ML2016A109,Mali,ML,Bamako,none,Bamako,Sorghum,Main,1988,6,1988,12,All (PS),production,351.78140236882894
4865,ML2016A109,Mali,ML,Bamako,none,Bamako,Sorghum,Main,1989,6,1989,12,All (PS),production,460.39325081375864
4866,ML2016A109,Mali,ML,Bamako,none,Bamako,Sorghum,Main,1990,6,1990,12,All (PS),production,268.7186665530677
4867,ML2016A109,Mali,ML,Bamako,none,Bamako,Sorghum,Main,1991,6,1991,12,All (PS),production,246.37009512814552
4868,ML2016A109,Mali,ML,Bamako,none,Bamako,Sorghum,Main,1992,6,1992,12,All (PS),production,246.37009512814552
4869,ML2016A109,Mali,ML,Bamako,none,Bamako,Sorghum,Main,1993,6,1993,12,All (PS),production,483.95864141857
4870,ML2016A109,Mali,ML,Bamako,none,Bamako,Sorghum,Main,1994,6,1994,12,All (PS),production,417.0888035294681
4871,ML2016A109,Mali,ML,Bamako,none,Bamako,Sorghum,Main,1995,6,1995,12,All (PS),production,407.27653726878214
4872,ML2016A109,Mali,ML,Bamako,none,Bamako,Sorghum,Main,1996,6,1996,12,All (PS),production,335.39217731398577
4873,ML2016A109,Mali,ML,Bamako,none,Bamako,Sorghum,Main,1997,6,1997,12,All (PS),production,345.8016052562308
4874,ML2016A109,Mali,ML,Bamako,none,Bamako,Sorghum,Main,1998,6,1998,12,All (PS),production,440.7544027726233
4875,ML2016A109,Mali,ML,Bamako,none,Bamako,Sorghum,Main,1999,6,1999,12,All (PS),production,409.2909354069179
4876,ML2016A109,Mali,ML,Bamako,none,Bamako,Sorghum,Main,2000,6,2000,12,All (PS),production,457.753059954537
4877,ML2016A109,Mali,ML,Bamako,none,Bamako,Sorghum,Main,2022,6,2022,12,All (PS),production,881.0
4878,ML2016A109,Mali,ML,Bamako,none,Bamako,Millet,Main,1983,6,1983,12,All (PS),production,21.14571436686734
4879,ML2016A109,Mali,ML,Bamako,none,Bamako,Millet,Main,1984,6,1984,12,All (PS),production,268.84657212731565
4880,ML2016A109,Mali,ML,Bamako,none,Bamako,Millet,Main,1985,6,1985,12,All (PS),production,290.7182811381233
4881,ML2016A109,Mali,ML,Bamako,none,Bamako,Millet,Main,1986,6,1986,12,All (PS),production,258.3375755838582
4882,ML2016A109,Mali,ML,Bamako,none,Bamako,Millet,Main,1987,6,1987,12,All (PS),production,248.48959268226002
4883,ML2016A109,Mali,ML,Bamako,none,Bamako,Millet,Main,1988,6,1988,12,All (PS),production,365.27165704300944
4884,ML2016A109,Mali,ML,Bamako,none,Bamako,Millet,Main,1989,6,1989,12,All (PS),production,260.3183757852263
4885,ML2016A109,Mali,ML,Bamako,none,Bamako,Millet,Main,1990,6,1990,12,All (PS),production,176.93654649415205
4886,ML2016A109,Mali,ML,Bamako,none,Bamako,Millet,Main,1991,6,1991,12,All (PS),production,154.0161785532083
4887,ML2016A109,Mali,ML,Bamako,none,Bamako,Millet,Main,1992,6,1992,12,All (PS),production,107.06852491173278
4888,ML2016A109,Mali,ML,Bamako,none,Bamako,Millet,Main,1993,6,1993,12,All (PS),production,212.5304505651161
4889,ML2016A109,Mali,ML,Bamako,none,Bamako,Millet,Main,1994,6,1994,12,All (PS),production,259.8769531159169
4890,ML2016A109,Mali,ML,Bamako,none,Bamako,Millet,Main,1995,6,1995,12,All (PS),production,238.70435005853324
4891,ML2016A109,Mali,ML,Bamako,none,Bamako,Millet,Main,1996,6,1996,12,All (PS),production,200.83611091473136
4892,ML2016A109,Mali,ML,Bamako,none,Bamako,Millet,Main,1997,6,1997,12,All (PS),production,215.88705543123535
4893,ML2016A109,Mali,ML,Bamako,none,Bamako,Millet,Main,1998,6,1998,12,All (PS),production,271.85138329251316
4894,ML2016A109,Mali,ML,Bamako,none,Bamako,Millet,Main,1999,6,1999,12,All (PS),production,241.0772769965975
4895,ML2016A109,Mali,ML,Bamako,none,Bamako,Millet,Main,2000,6,2000,12,All (PS),production,245.5407996223048
4896,ML2016A109,Mali,ML,Bamako,none,Bamako,Millet,Main,2022,6,2022,12,All (PS),production,682.0
4897,ML2016A101,Mali,ML,Kayes,none,Kayes,Bambara groundnut,Main,1984,6,1984,12,All (PS),yield,1.191304347826087
4898,ML2016A101,Mali,ML,Kayes,none,Kayes,Bambara groundnut,Main,1990,6,1990,12,All (PS),yield,0.7170795306388527
4899,ML2016A101,Mali,ML,Kayes,none,Kayes,Bambara groundnut,Main,1992,6,1992,12,All (PS),yield,0.012376237623762377
4900,ML2016A101,Mali,ML,Kayes,none,Kayes,Bambara groundnut,Main,1994,6,1994,12,All (PS),yield,0.49246231155778897
4901,ML2016A101,Mali,ML,Kayes,none,Kayes,Bambara groundnut,Main,1995,6,1995,12,All (PS),yield,0.49246231155778897
4902,ML2016A101,Mali,ML,Kayes,none,Kayes,Bambara groundnut,Main,1996,6,1996,12,All (PS),yield,1.0099667774086378
4903,ML2016A101,Mali,ML,Kayes,none,Kayes,Bambara groundnut,Main,1997,6,1997,12,All (PS),yield,1.2312599681020733
4904,ML2016A101,Mali,ML,Kayes,none,Kayes,Bambara groundnut,Main,1998,6,1998,12,All (PS),yield,0.9215686274509803
4905,ML2016A101,Mali,ML,Kayes,none,Kayes,Bambara groundnut,Main,2000,6,2000,12,All (PS),yield,1.013157894736842
4906,ML2016A101,Mali,ML,Kayes,none,Kayes,Bambara groundnut,Main,2003,6,2003,12,All (PS),yield,0.7846153846153846
4907,ML2016A101,Mali,ML,Kayes,none,Kayes,Bambara groundnut,Main,2004,6,2004,12,All (PS),yield,0.4689507494646681
4908,ML2016A101,Mali,ML,Kayes,none,Kayes,Bambara groundnut,Main,2005,6,2005,12,All (PS),yield,0.7511933174224343
4909,ML2016A101,Mali,ML,Kayes,none,Kayes,Bambara groundnut,Main,2006,6,2006,12,All (PS),yield,0.6106225712466221
4910,ML2016A101,Mali,ML,Kayes,none,Kayes,Bambara groundnut,Main,2007,6,2007,12,All (PS),yield,0.6309523809523809
4911,ML2016A101,Mali,ML,Kayes,none,Kayes,Bambara groundnut,Main,2008,6,2008,12,All (PS),yield,0.8439849624060151
4912,ML2016A101,Mali,ML,Kayes,none,Kayes,Bambara groundnut,Main,2009,6,2009,12,All (PS),yield,0.7650862068965517
4913,ML2016A101,Mali,ML,Kayes,none,Kayes,Bambara groundnut,Main,2010,6,2010,12,All (PS),yield,0.7650862068965517
4914,ML2016A101,Mali,ML,Kayes,none,Kayes,Bambara groundnut,Main,2011,6,2011,12,All (PS),yield,0.8392434988179669
4915,ML2016A101,Mali,ML,Kayes,none,Kayes,Bambara groundnut,Main,2012,6,2012,12,All (PS),yield,0.7281672816728167
4916,ML2016A101,Mali,ML,Kayes,none,Kayes,Bambara groundnut,Main,2013,6,2013,12,All (PS),yield,0.4916003536693192
4917,ML2016A101,Mali,ML,Kayes,none,Kayes,Bambara groundnut,Main,2015,6,2015,12,All (PS),yield,0.5
4918,ML2016A101,Mali,ML,Kayes,none,Kayes,Bambara groundnut,Main,2016,6,2016,12,All (PS),yield,0.7297142857142858
4919,ML2016A101,Mali,ML,Kayes,none,Kayes,Bambara groundnut,Main,2017,6,2017,12,All (PS),yield,0.18105574740996547
4920,ML2016A101,Mali,ML,Kayes,none,Kayes,Bambara groundnut,Main,2018,6,2018,12,All (PS),yield,0.7747957992998833
4921,ML2016A101,Mali,ML,Kayes,none,Kayes,Bambara groundnut,Main,2019,6,2019,12,All (PS),yield,0.7690749493585415
4922,ML2016A101,Mali,ML,Kayes,none,Kayes,Bambara groundnut,Main,2020,6,2020,12,All (PS),yield,0.7749525616698292
4923,ML2016A101,Mali,ML,Kayes,none,Kayes,Bambara groundnut,Main,2021,6,2021,12,All (PS),yield,0.6722
4924,ML2016A101,Mali,ML,Kayes,none,Kayes,Cotton,Main,1994,6,1994,12,All (PS),yield,1.184313725490196
4925,ML2016A101,Mali,ML,Kayes,none,Kayes,Cotton,Main,1995,6,1995,12,All (PS),yield,0.8347125278837159
4926,ML2016A101,Mali,ML,Kayes,none,Kayes,Cotton,Main,1996,6,1996,12,All (PS),yield,0.9211356466876972
4927,ML2016A101,Mali,ML,Kayes,none,Kayes,Cotton,Main,1997,6,1997,12,All (PS),yield,1.2840520516717324
4928,ML2016A101,Mali,ML,Kayes,none,Kayes,Cotton,Main,2000,6,2000,12,All (PS),yield,0.9169596859923134
4929,ML2016A101,Mali,ML,Kayes,none,Kayes,Cotton,Main,2001,6,2001,12,All (PS),yield,1.0482285182384083
4930,ML2016A101,Mali,ML,Kayes,none,Kayes,Cotton,Main,2002,6,2002,12,All (PS),yield,1.084035422175758
4931,ML2016A101,Mali,ML,Kayes,none,Kayes,Cotton,Main,2003,6,2003,12,All (PS),yield,0.8984362216871976
4932,ML2016A101,Mali,ML,Kayes,none,Kayes,Cotton,Main,2004,6,2004,12,All (PS),yield,0.9862580388377987
4933,ML2016A101,Mali,ML,Kayes,none,Kayes,Cotton,Main,2005,6,2005,12,All (PS),yield,1.1247202860155867
4934,ML2016A101,Mali,ML,Kayes,none,Kayes,Cotton,Main,2006,6,2006,12,All (PS),yield,0.9760193699611055
4935,ML2016A101,Mali,ML,Kayes,none,Kayes,Cotton,Main,2007,6,2007,12,All (PS),yield,0.7034309623430962
4936,ML2016A101,Mali,ML,Kayes,none,Kayes,Cotton,Main,2008,6,2008,12,All (PS),yield,1.0753818130867312
4937,ML2016A101,Mali,ML,Kayes,none,Kayes,Cotton,Main,2009,6,2009,12,All (PS),yield,0.7031488841332926
4938,ML2016A101,Mali,ML,Kayes,none,Kayes,Cotton,Main,2010,6,2010,12,All (PS),yield,0.8697831023412419
4939,ML2016A101,Mali,ML,Kayes,none,Kayes,Cotton,Main,2011,6,2011,12,All (PS),yield,0.8615887723123041
4940,ML2016A101,Mali,ML,Kayes,none,Kayes,Cotton,Main,2012,6,2012,12,All (PS),yield,0.9223755091315202
4941,ML2016A101,Mali,ML,Kayes,none,Kayes,Cotton,Main,2013,6,2013,12,All (PS),yield,0.9210526315789473
4942,ML2016A101,Mali,ML,Kayes,none,Kayes,Cotton,Main,2014,6,2014,12,All (PS),yield,0.9215537337279657
4943,ML2016A101,Mali,ML,Kayes,none,Kayes,Cotton,Main,2015,6,2015,12,All (PS),yield,0.8197338384574288
4944,ML2016A101,Mali,ML,Kayes,none,Kayes,Cotton,Main,2016,6,2016,12,All (PS),yield,0.9534148768069293
4945,ML2016A101,Mali,ML,Kayes,none,Kayes,Cotton,Main,2017,6,2017,12,All (PS),yield,0.9919730800238354
4946,ML2016A101,Mali,ML,Kayes,none,Kayes,Cotton,Main,2019,6,2019,12,All (PS),yield,1.0137898459730654
4947,ML2016A101,Mali,ML,Kayes,none,Kayes,Cotton,Main,2020,6,2020,12,All (PS),yield,1.0247359881586064
4948,ML2016A101,Mali,ML,Kayes,none,Kayes,Cotton,Main,2021,6,2021,12,All (PS),yield,1.0539180923676978
4949,ML2016A101,Mali,ML,Kayes,none,Kayes,Rice,Main,1982,6,1982,12,All (PS),yield,1.138203356367226
4950,ML2016A101,Mali,ML,Kayes,none,Kayes,Rice,Main,1983,6,1983,12,All (PS),yield,0.8863636363636364
4951,ML2016A101,Mali,ML,Kayes,none,Kayes,Rice,Main,1984,6,1984,12,All (PS),yield,1.1813304721030042
4952,ML2016A101,Mali,ML,Kayes,none,Kayes,Rice,Main,1985,6,1985,12,All (PS),yield,0.10966057441253264
4953,ML2016A101,Mali,ML,Kayes,none,Kayes,Rice,Main,1986,6,1986,12,All (PS),yield,0.1979381443298969
4954,ML2016A101,Mali,ML,Kayes,none,Kayes,Rice,Main,1987,6,1987,12,All (PS),yield,0.3844621513944223
4955,ML2016A101,Mali,ML,Kayes,none,Kayes,Rice,Main,1990,6,1990,12,All (PS),yield,0.18890074706510138
4956,ML2016A101,Mali,ML,Kayes,none,Kayes,Rice,Main,1991,6,1991,12,All (PS),yield,1.3302696078431373
4957,ML2016A101,Mali,ML,Kayes,none,Kayes,Rice,Main,1992,6,1992,12,All (PS),yield,1.3302696078431373
4958,ML2016A101,Mali,ML,Kayes,none,Kayes,Rice,Main,1993,6,1993,12,All (PS),yield,1.368668407310705
4959,ML2016A101,Mali,ML,Kayes,none,Kayes,Rice,Main,1994,6,1994,12,All (PS),yield,0.5336127930445583
4960,ML2016A101,Mali,ML,Kayes,none,Kayes,Rice,Main,1995,6,1995,12,All (PS),yield,0.7243650047036688
4961,ML2016A101,Mali,ML,Kayes,none,Kayes,Rice,Main,1996,6,1996,12,All (PS),yield,1.9194704908990623
4962,ML2016A101,Mali,ML,Kayes,none,Kayes,Rice,Main,1998,6,1998,12,All (PS),yield,1.0384615384615385
4963,ML2016A101,Mali,ML,Kayes,none,Kayes,Rice,Main,1999,6,1999,12,All (PS),yield,0.7886397608370702
4964,ML2016A101,Mali,ML,Kayes,none,Kayes,Rice,Main,2000,6,2000,12,All (PS),yield,0.47931954636424284
4965,ML2016A101,Mali,ML,Kayes,none,Kayes,Rice,Main,2001,6,2001,12,All (PS),yield,1.5490900921141317
4966,ML2016A101,Mali,ML,Kayes,none,Kayes,Rice,Main,2002,6,2002,12,All (PS),yield,0.8282776349614396
4967,ML2016A101,Mali,ML,Kayes,none,Kayes,Rice,Main,2003,6,2003,12,All (PS),yield,1.3509234828496042
4968,ML2016A101,Mali,ML,Kayes,none,Kayes,Rice,Main,2004,6,2004,12,All (PS),yield,1.4917769755314882
4969,ML2016A101,Mali,ML,Kayes,none,Kayes,Rice,Main,2005,6,2005,12,All (PS),yield,0.8898433552299141
4970,ML2016A101,Mali,ML,Kayes,none,Kayes,Rice,Main,2006,6,2006,12,All (PS),yield,1.2681829056838811
4971,ML2016A101,Mali,ML,Kayes,none,Kayes,Rice,Main,2007,6,2007,12,All (PS),yield,1.7969924812030076
4972,ML2016A101,Mali,ML,Kayes,none,Kayes,Rice,Main,2008,6,2008,12,All (PS),yield,0.8293636686811233
4973,ML2016A101,Mali,ML,Kayes,none,Kayes,Rice,Main,2009,6,2009,12,All (PS),yield,0.9189414461346114
4974,ML2016A101,Mali,ML,Kayes,none,Kayes,Rice,Main,2010,6,2010,12,All (PS),yield,2.5376953229877035
4975,ML2016A101,Mali,ML,Kayes,none,Kayes,Rice,Main,2011,6,2011,12,All (PS),yield,0.7724977724977725
4976,ML2016A101,Mali,ML,Kayes,none,Kayes,Rice,Main,2012,6,2012,12,All (PS),yield,2.578340737183335
4977,ML2016A101,Mali,ML,Kayes,none,Kayes,Rice,Main,2013,6,2013,12,All (PS),yield,1.5182489451476793
4978,ML2016A101,Mali,ML,Kayes,none,Kayes,Rice,Main,2014,6,2014,12,All (PS),yield,1.8295554042222006
4979,ML2016A101,Mali,ML,Kayes,none,Kayes,Rice,Main,2015,6,2015,12,All (PS),yield,2.1151657181118177
4980,ML2016A101,Mali,ML,Kayes,none,Kayes,Rice,Main,2016,6,2016,12,All (PS),yield,3.0234466588511135
4981,ML2016A101,Mali,ML,Kayes,none,Kayes,Rice,Main,2017,6,2017,12,All (PS),yield,5.2548547584657355
4982,ML2016A101,Mali,ML,Kayes,none,Kayes,Rice,Main,2018,6,2018,12,All (PS),yield,3.792944599345375
4983,ML2016A101,Mali,ML,Kayes,none,Kayes,Rice,Main,2019,6,2019,12,All (PS),yield,2.630100287421538
4984,ML2016A101,Mali,ML,Kayes,none,Kayes,Rice,Main,2020,6,2020,12,All (PS),yield,3.74074596679366
4985,ML2016A101,Mali,ML,Kayes,none,Kayes,Rice,Main,2021,6,2021,12,All (PS),yield,2.0435431819276526
4986,ML2016A101,Mali,ML,Kayes,none,Kayes,Rice,Main,2022,6,2022,12,All (PS),yield,2.391535719664642
4987,ML2016A101,Mali,ML,Kayes,none,Kayes,Cowpea,Main,1984,6,1984,12,All (PS),yield,0.0559889857732905
4988,ML2016A101,Mali,ML,Kayes,none,Kayes,Cowpea,Main,1985,6,1985,12,All (PS),yield,0.3380206343141001
4989,ML2016A101,Mali,ML,Kayes,none,Kayes,Cowpea,Main,1986,6,1986,12,All (PS),yield,0.2396804260985353
4990,ML2016A101,Mali,ML,Kayes,none,Kayes,Cowpea,Main,1989,6,1989,12,All (PS),yield,0.027332704995287466
4991,ML2016A101,Mali,ML,Kayes,none,Kayes,Cowpea,Main,1991,6,1991,12,All (PS),yield,0.20002279462046957
4992,ML2016A101,Mali,ML,Kayes,none,Kayes,Cowpea,Main,1992,6,1992,12,All (PS),yield,0.20002279462046957
4993,ML2016A101,Mali,ML,Kayes,none,Kayes,Cowpea,Main,1993,6,1993,12,All (PS),yield,0.38069270449521003
4994,ML2016A101,Mali,ML,Kayes,none,Kayes,Cowpea,Main,1994,6,1994,12,All (PS),yield,0.35192555476020043
4995,ML2016A101,Mali,ML,Kayes,none,Kayes,Cowpea,Main,1995,6,1995,12,All (PS),yield,0.35192555476020043
4996,ML2016A101,Mali,ML,Kayes,none,Kayes,Cowpea,Main,1996,6,1996,12,All (PS),yield,0.2648363028066169
4997,ML2016A101,Mali,ML,Kayes,none,Kayes,Cowpea,Main,1997,6,1997,12,All (PS),yield,0.5730482669258179
4998,ML2016A101,Mali,ML,Kayes,none,Kayes,Cowpea,Main,1998,6,1998,12,All (PS),yield,0.1905864522376121
4999,ML2016A101,Mali,ML,Kayes,none,Kayes,Cowpea,Main,2000,6,2000,12,All (PS),yield,0.406276672575668
5000,ML2016A101,Mali,ML,Kayes,none,Kayes,Cowpea,Main,2001,6,2001,12,All (PS),yield,0.2719465044051467
5001,ML2016A101,Mali,ML,Kayes,none,Kayes,Cowpea,Main,2002,6,2002,12,All (PS),yield,0.2275290215588723
5002,ML2016A101,Mali,ML,Kayes,none,Kayes,Cowpea,Main,2003,6,2003,12,All (PS),yield,0.35
5003,ML2016A101,Mali,ML,Kayes,none,Kayes,Cowpea,Main,2004,6,2004,12,All (PS),yield,0.052603183166981385
5004,ML2016A101,Mali,ML,Kayes,none,Kayes,Cowpea,Main,2005,6,2005,12,All (PS),yield,0.2334227673438099
5005,ML2016A101,Mali,ML,Kayes,none,Kayes,Cowpea,Main,2006,6,2006,12,All (PS),yield,0.3424546079357908
5006,ML2016A101,Mali,ML,Kayes,none,Kayes,Cowpea,Main,2007,6,2007,12,All (PS),yield,0.23366380422363908
5007,ML2016A101,Mali,ML,Kayes,none,Kayes,Cowpea,Main,2008,6,2008,12,All (PS),yield,0.5455652173913044
5008,ML2016A101,Mali,ML,Kayes,none,Kayes,Cowpea,Main,2009,6,2009,12,All (PS),yield,0.22696274587161133
5009,ML2016A101,Mali,ML,Kayes,none,Kayes,Cowpea,Main,2010,6,2010,12,All (PS),yield,0.16017780502759044
5010,ML2016A101,Mali,ML,Kayes,none,Kayes,Cowpea,Main,2011,6,2011,12,All (PS),yield,0.5203857957036387
5011,ML2016A101,Mali,ML,Kayes,none,Kayes,Cowpea,Main,2012,6,2012,12,All (PS),yield,0.4
5012,ML2016A101,Mali,ML,Kayes,none,Kayes,Cowpea,Main,2013,6,2013,12,All (PS),yield,0.9292761502063828
5013,ML2016A101,Mali,ML,Kayes,none,Kayes,Cowpea,Main,2014,6,2014,12,All (PS),yield,0.9
5014,ML2016A101,Mali,ML,Kayes,none,Kayes,Cowpea,Main,2015,6,2015,12,All (PS),yield,0.65
5015,ML2016A101,Mali,ML,Kayes,none,Kayes,Cowpea,Main,2016,6,2016,12,All (PS),yield,0.41817433081674676
5016,ML2016A101,Mali,ML,Kayes,none,Kayes,Cowpea,Main,2017,6,2017,12,All (PS),yield,0.3776597071515877
5017,ML2016A101,Mali,ML,Kayes,none,Kayes,Cowpea,Main,2018,6,2018,12,All (PS),yield,0.37070116477141934
5018,ML2016A101,Mali,ML,Kayes,none,Kayes,Cowpea,Main,2019,6,2019,12,All (PS),yield,0.3163781551672273
5019,ML2016A101,Mali,ML,Kayes,none,Kayes,Cowpea,Main,2020,6,2020,12,All (PS),yield,0.3900030136160653
5020,ML2016A101,Mali,ML,Kayes,none,Kayes,Cowpea,Main,2021,6,2021,12,All (PS),yield,0.35760000000000003
5021,ML2016A101,Mali,ML,Kayes,none,Kayes,Fonio,Main,1982,6,1982,12,All (PS),yield,0.35964912280701755
5022,ML2016A101,Mali,ML,Kayes,none,Kayes,Fonio,Main,1983,6,1983,12,All (PS),yield,0.5584538026398491
5023,ML2016A101,Mali,ML,Kayes,none,Kayes,Fonio,Main,1984,6,1984,12,All (PS),yield,0.5873776296604873
5024,ML2016A101,Mali,ML,Kayes,none,Kayes,Fonio,Main,1986,6,1986,12,All (PS),yield,0.15033557046979865
5025,ML2016A101,Mali,ML,Kayes,none,Kayes,Fonio,Main,1987,6,1987,12,All (PS),yield,0.7014028056112225
5026,ML2016A101,Mali,ML,Kayes,none,Kayes,Fonio,Main,1988,6,1988,12,All (PS),yield,0.9114713216957606
5027,ML2016A101,Mali,ML,Kayes,none,Kayes,Fonio,Main,1989,6,1989,12,All (PS),yield,0.8711524695776665
5028,ML2016A101,Mali,ML,Kayes,none,Kayes,Fonio,Main,1990,6,1990,12,All (PS),yield,0.005931784478497282
5029,ML2016A101,Mali,ML,Kayes,none,Kayes,Fonio,Main,1991,6,1991,12,All (PS),yield,1.2954035874439462
5030,ML2016A101,Mali,ML,Kayes,none,Kayes,Fonio,Main,1992,6,1992,12,All (PS),yield,1.2954035874439462
5031,ML2016A101,Mali,ML,Kayes,none,Kayes,Fonio,Main,1993,6,1993,12,All (PS),yield,0.9026295731707317
5032,ML2016A101,Mali,ML,Kayes,none,Kayes,Fonio,Main,1994,6,1994,12,All (PS),yield,0.43463230672533
5033,ML2016A101,Mali,ML,Kayes,none,Kayes,Fonio,Main,1995,6,1995,12,All (PS),yield,0.4988282557750251
5034,ML2016A101,Mali,ML,Kayes,none,Kayes,Fonio,Main,1996,6,1996,12,All (PS),yield,0.7685984381422113
5035,ML2016A101,Mali,ML,Kayes,none,Kayes,Fonio,Main,1997,6,1997,12,All (PS),yield,0.07559776906510575
5036,ML2016A101,Mali,ML,Kayes,none,Kayes,Fonio,Main,1998,6,1998,12,All (PS),yield,0.8151781104801239
5037,ML2016A101,Mali,ML,Kayes,none,Kayes,Fonio,Main,1999,6,1999,12,All (PS),yield,0.8543735982057034
5038,ML2016A101,Mali,ML,Kayes,none,Kayes,Fonio,Main,2000,6,2000,12,All (PS),yield,1.4471264367816092
5039,ML2016A101,Mali,ML,Kayes,none,Kayes,Fonio,Main,2001,6,2001,12,All (PS),yield,0.6070075757575758
5040,ML2016A101,Mali,ML,Kayes,none,Kayes,Fonio,Main,2002,6,2002,12,All (PS),yield,0.6620919110002079
5041,ML2016A101,Mali,ML,Kayes,none,Kayes,Fonio,Main,2003,6,2003,12,All (PS),yield,0.7443171806167401
5042,ML2016A101,Mali,ML,Kayes,none,Kayes,Fonio,Main,2004,6,2004,12,All (PS),yield,0.9517381032737091
5043,ML2016A101,Mali,ML,Kayes,none,Kayes,Fonio,Main,2005,6,2005,12,All (PS),yield,0.623658464275126
5044,ML2016A101,Mali,ML,Kayes,none,Kayes,Fonio,Main,2006,6,2006,12,All (PS),yield,0.7128571428571423
5045,ML2016A101,Mali,ML,Kayes,none,Kayes,Fonio,Main,2007,6,2007,12,All (PS),yield,0.5969008053828117
5046,ML2016A101,Mali,ML,Kayes,none,Kayes,Fonio,Main,2008,6,2008,12,All (PS),yield,0.6319256102285936
5047,ML2016A101,Mali,ML,Kayes,none,Kayes,Fonio,Main,2009,6,2009,12,All (PS),yield,0.7362534948741846
5048,ML2016A101,Mali,ML,Kayes,none,Kayes,Fonio,Main,2010,6,2010,12,All (PS),yield,1.0808140392272527
5049,ML2016A101,Mali,ML,Kayes,none,Kayes,Fonio,Main,2011,6,2011,12,All (PS),yield,1.0341963849535907
5050,ML2016A101,Mali,ML,Kayes,none,Kayes,Fonio,Main,2012,6,2012,12,All (PS),yield,0.8667452830188679
5051,ML2016A101,Mali,ML,Kayes,none,Kayes,Fonio,Main,2013,6,2013,12,All (PS),yield,1.001008064516129
5052,ML2016A101,Mali,ML,Kayes,none,Kayes,Fonio,Main,2014,6,2014,12,All (PS),yield,1.0
5053,ML2016A101,Mali,ML,Kayes,none,Kayes,Fonio,Main,2015,6,2015,12,All (PS),yield,0.5509682133723054
5054,ML2016A101,Mali,ML,Kayes,none,Kayes,Fonio,Main,2016,6,2016,12,All (PS),yield,0.47105788423153694
5055,ML2016A101,Mali,ML,Kayes,none,Kayes,Fonio,Main,2017,6,2017,12,All (PS),yield,1.4341849306185968
5056,ML2016A101,Mali,ML,Kayes,none,Kayes,Fonio,Main,2018,6,2018,12,All (PS),yield,0.30111524163568776
5057,ML2016A101,Mali,ML,Kayes,none,Kayes,Fonio,Main,2019,6,2019,12,All (PS),yield,0.7160499999999995
5058,ML2016A101,Mali,ML,Kayes,none,Kayes,Fonio,Main,2020,6,2020,12,All (PS),yield,0.6714528944381385
5059,ML2016A101,Mali,ML,Kayes,none,Kayes,Fonio,Main,2021,6,2021,12,All (PS),yield,0.6925274223034735
5060,ML2016A101,Mali,ML,Kayes,none,Kayes,Fonio,Main,2022,6,2022,12,All (PS),yield,0.5890317442257367
5061,ML2016A101,Mali,ML,Kayes,none,Kayes,Groundnuts (In Shell),Main,1982,6,1982,12,All (PS),yield,1.0772260375640748
5062,ML2016A101,Mali,ML,Kayes,none,Kayes,Groundnuts (In Shell),Main,1983,6,1983,12,All (PS),yield,0.6819972986897253
5063,ML2016A101,Mali,ML,Kayes,none,Kayes,Groundnuts (In Shell),Main,1984,6,1984,12,All (PS),yield,0.6473802881491956
5064,ML2016A101,Mali,ML,Kayes,none,Kayes,Groundnuts (In Shell),Main,1985,6,1985,12,All (PS),yield,1.139367190899484
5065,ML2016A101,Mali,ML,Kayes,none,Kayes,Groundnuts (In Shell),Main,1986,6,1986,12,All (PS),yield,1.3566379500773138
5066,ML2016A101,Mali,ML,Kayes,none,Kayes,Groundnuts (In Shell),Main,1987,6,1987,12,All (PS),yield,0.7306907805276041
5067,ML2016A101,Mali,ML,Kayes,none,Kayes,Groundnuts (In Shell),Main,1988,6,1988,12,All (PS),yield,1.0019447943600963
5068,ML2016A101,Mali,ML,Kayes,none,Kayes,Groundnuts (In Shell),Main,1989,6,1989,12,All (PS),yield,1.2184084995663487
5069,ML2016A101,Mali,ML,Kayes,none,Kayes,Groundnuts (In Shell),Main,1990,6,1990,12,All (PS),yield,0.4875043724979595
5070,ML2016A101,Mali,ML,Kayes,none,Kayes,Groundnuts (In Shell),Main,1991,6,1991,12,All (PS),yield,0.8149964547388324
5071,ML2016A101,Mali,ML,Kayes,none,Kayes,Groundnuts (In Shell),Main,1992,6,1992,12,All (PS),yield,0.815840061514802
5072,ML2016A101,Mali,ML,Kayes,none,Kayes,Groundnuts (In Shell),Main,1993,6,1993,12,All (PS),yield,1.2322417702264443
5073,ML2016A101,Mali,ML,Kayes,none,Kayes,Groundnuts (In Shell),Main,1994,6,1994,12,All (PS),yield,1.1113224883850346
5074,ML2016A101,Mali,ML,Kayes,none,Kayes,Groundnuts (In Shell),Main,1995,6,1995,12,All (PS),yield,1.228881478342576
5075,ML2016A101,Mali,ML,Kayes,none,Kayes,Groundnuts (In Shell),Main,1996,6,1996,12,All (PS),yield,1.2339632558472895
5076,ML2016A101,Mali,ML,Kayes,none,Kayes,Groundnuts (In Shell),Main,1997,6,1997,12,All (PS),yield,1.3442161826611574
5077,ML2016A101,Mali,ML,Kayes,none,Kayes,Groundnuts (In Shell),Main,2000,6,2000,12,All (PS),yield,1.1784796972727094
5078,ML2016A101,Mali,ML,Kayes,none,Kayes,Groundnuts (In Shell),Main,2001,6,2001,12,All (PS),yield,0.7488011411921817
5079,ML2016A101,Mali,ML,Kayes,none,Kayes,Groundnuts (In Shell),Main,2002,6,2002,12,All (PS),yield,0.5194413926674293
5080,ML2016A101,Mali,ML,Kayes,none,Kayes,Groundnuts (In Shell),Main,2003,6,2003,12,All (PS),yield,0.85
5081,ML2016A101,Mali,ML,Kayes,none,Kayes,Groundnuts (In Shell),Main,2004,6,2004,12,All (PS),yield,1.025656025405315
5082,ML2016A101,Mali,ML,Kayes,none,Kayes,Groundnuts (In Shell),Main,2005,6,2005,12,All (PS),yield,1.162238501963697
5083,ML2016A101,Mali,ML,Kayes,none,Kayes,Groundnuts (In Shell),Main,2006,6,2006,12,All (PS),yield,0.9068445159315607
5084,ML2016A101,Mali,ML,Kayes,none,Kayes,Groundnuts (In Shell),Main,2007,6,2007,12,All (PS),yield,0.970093190192349
5085,ML2016A101,Mali,ML,Kayes,none,Kayes,Groundnuts (In Shell),Main,2008,6,2008,12,All (PS),yield,0.9928575861640945
5086,ML2016A101,Mali,ML,Kayes,none,Kayes,Groundnuts (In Shell),Main,2009,6,2009,12,All (PS),yield,1.1458484593268086
5087,ML2016A101,Mali,ML,Kayes,none,Kayes,Groundnuts (In Shell),Main,2010,6,2010,12,All (PS),yield,1.1458484593268086
5088,ML2016A101,Mali,ML,Kayes,none,Kayes,Groundnuts (In Shell),Main,2011,6,2011,12,All (PS),yield,0.743
5089,ML2016A101,Mali,ML,Kayes,none,Kayes,Groundnuts (In Shell),Main,2012,6,2012,12,All (PS),yield,1.0083791332552483
5090,ML2016A101,Mali,ML,Kayes,none,Kayes,Groundnuts (In Shell),Main,2013,6,2013,12,All (PS),yield,1.2975529692629066
5091,ML2016A101,Mali,ML,Kayes,none,Kayes,Groundnuts (In Shell),Main,2014,6,2014,12,All (PS),yield,0.848
5092,ML2016A101,Mali,ML,Kayes,none,Kayes,Groundnuts (In Shell),Main,2015,6,2015,12,All (PS),yield,1.2
5093,ML2016A101,Mali,ML,Kayes,none,Kayes,Groundnuts (In Shell),Main,2016,6,2016,12,All (PS),yield,0.9860004484640108
5094,ML2016A101,Mali,ML,Kayes,none,Kayes,Groundnuts (In Shell),Main,2017,6,2017,12,All (PS),yield,0.8555765387506646
5095,ML2016A101,Mali,ML,Kayes,none,Kayes,Groundnuts (In Shell),Main,2018,6,2018,12,All (PS),yield,1.04999758173728
5096,ML2016A101,Mali,ML,Kayes,none,Kayes,Groundnuts (In Shell),Main,2019,6,2019,12,All (PS),yield,0.9772324598842256
5097,ML2016A101,Mali,ML,Kayes,none,Kayes,Groundnuts (In Shell),Main,2020,6,2020,12,All (PS),yield,1.0499994318891956
5098,ML2016A101,Mali,ML,Kayes,none,Kayes,Groundnuts (In Shell),Main,2021,6,2021,12,All (PS),yield,1.1155
5099,ML2016A101,Mali,ML,Kayes,none,Kayes,Maize,Main,1974,6,1974,12,All (PS),yield,0.9099809125053876
5100,ML2016A101,Mali,ML,Kayes,none,Kayes,Maize,Main,1975,6,1975,12,All (PS),yield,0.6606986133052484
5101,ML2016A101,Mali,ML,Kayes,none,Kayes,Maize,Main,1976,6,1976,12,All (PS),yield,1.3680541455160744
5102,ML2016A101,Mali,ML,Kayes,none,Kayes,Maize,Main,1977,6,1977,12,All (PS),yield,0.7695221009617781
5103,ML2016A101,Mali,ML,Kayes,none,Kayes,Maize,Main,1978,6,1978,12,All (PS),yield,0.754066985645933
5104,ML2016A101,Mali,ML,Kayes,none,Kayes,Maize,Main,1979,6,1979,12,All (PS),yield,0.8399929898352612
5105,ML2016A101,Mali,ML,Kayes,none,Kayes,Maize,Main,1980,6,1980,12,All (PS),yield,0.2511587982832618
5106,ML2016A101,Mali,ML,Kayes,none,Kayes,Maize,Main,1981,6,1981,12,All (PS),yield,0.9725321888412017
5107,ML2016A101,Mali,ML,Kayes,none,Kayes,Maize,Main,1982,6,1982,12,All (PS),yield,0.754066985645933
5108,ML2016A101,Mali,ML,Kayes,none,Kayes,Maize,Main,1983,6,1983,12,All (PS),yield,0.6151488960477725
5109,ML2016A101,Mali,ML,Kayes,none,Kayes,Maize,Main,1984,6,1984,12,All (PS),yield,0.6737924996351963
5110,ML2016A101,Mali,ML,Kayes,none,Kayes,Maize,Main,1985,6,1985,12,All (PS),yield,0.46702277199887543
5111,ML2016A101,Mali,ML,Kayes,none,Kayes,Maize,Main,1986,6,1986,12,All (PS),yield,0.9600586892729052
5112,ML2016A101,Mali,ML,Kayes,none,Kayes,Maize,Main,1987,6,1987,12,All (PS),yield,2.4314511157687093
5113,ML2016A101,Mali,ML,Kayes,none,Kayes,Maize,Main,1988,6,1988,12,All (PS),yield,2.1663532730050536
5114,ML2016A101,Mali,ML,Kayes,none,Kayes,Maize,Main,1989,6,1989,12,All (PS),yield,1.1246764249070458
5115,ML2016A101,Mali,ML,Kayes,none,Kayes,Maize,Main,1990,6,1990,12,All (PS),yield,0.5119189714558537
5116,ML2016A101,Mali,ML,Kayes,none,Kayes,Maize,Main,1991,6,1991,12,All (PS),yield,0.7896244859435043
5117,ML2016A101,Mali,ML,Kayes,none,Kayes,Maize,Main,1992,6,1992,12,All (PS),yield,0.7896244859435043
5118,ML2016A101,Mali,ML,Kayes,none,Kayes,Maize,Main,1993,6,1993,12,All (PS),yield,0.8567070956496478
5119,ML2016A101,Mali,ML,Kayes,none,Kayes,Maize,Main,1994,6,1994,12,All (PS),yield,0.795778117148628
5120,ML2016A101,Mali,ML,Kayes,none,Kayes,Maize,Main,1995,6,1995,12,All (PS),yield,0.9494968612977509
5121,ML2016A101,Mali,ML,Kayes,none,Kayes,Maize,Main,1996,6,1996,12,All (PS),yield,1.0798026550022888
5122,ML2016A101,Mali,ML,Kayes,none,Kayes,Maize,Main,1997,6,1997,12,All (PS),yield,1.0381026009166712
5123,ML2016A101,Mali,ML,Kayes,none,Kayes,Maize,Main,1998,6,1998,12,All (PS),yield,1.1671926204636485
5124,ML2016A101,Mali,ML,Kayes,none,Kayes,Maize,Main,1999,6,1999,12,All (PS),yield,1.0744784142846993
5125,ML2016A101,Mali,ML,Kayes,none,Kayes,Maize,Main,2000,6,2000,12,All (PS),yield,0.9173994815228994
5126,ML2016A101,Mali,ML,Kayes,none,Kayes,Maize,Main,2001,6,2001,12,All (PS),yield,0.9408286664137977
5127,ML2016A101,Mali,ML,Kayes,none,Kayes,Maize,Main,2002,6,2002,12,All (PS),yield,0.6884450989547789
5128,ML2016A101,Mali,ML,Kayes,none,Kayes,Maize,Main,2003,6,2003,12,All (PS),yield,0.8951274852901588
5129,ML2016A101,Mali,ML,Kayes,none,Kayes,Maize,Main,2004,6,2004,12,All (PS),yield,1.672716566797132
5130,ML2016A101,Mali,ML,Kayes,none,Kayes,Maize,Main,2005,6,2005,12,All (PS),yield,1.077384038303193
5131,ML2016A101,Mali,ML,Kayes,none,Kayes,Maize,Main,2006,6,2006,12,All (PS),yield,0.854545858563424
5132,ML2016A101,Mali,ML,Kayes,none,Kayes,Maize,Main,2007,6,2007,12,All (PS),yield,1.064449102677258
5133,ML2016A101,Mali,ML,Kayes,none,Kayes,Maize,Main,2008,6,2008,12,All (PS),yield,1.225553519391955
5134,ML2016A101,Mali,ML,Kayes,none,Kayes,Maize,Main,2009,6,2009,12,All (PS),yield,1.204396748289878
5135,ML2016A101,Mali,ML,Kayes,none,Kayes,Maize,Main,2010,6,2010,12,All (PS),yield,4.2864017385904996
5136,ML2016A101,Mali,ML,Kayes,none,Kayes,Maize,Main,2011,6,2011,12,All (PS),yield,0.699285674423796
5137,ML2016A101,Mali,ML,Kayes,none,Kayes,Maize,Main,2012,6,2012,12,All (PS),yield,3.3055957798924287
5138,ML2016A101,Mali,ML,Kayes,none,Kayes,Maize,Main,2013,6,2013,12,All (PS),yield,1.3827010809255682
5139,ML2016A101,Mali,ML,Kayes,none,Kayes,Maize,Main,2014,6,2014,12,All (PS),yield,1.5514020455145865
5140,ML2016A101,Mali,ML,Kayes,none,Kayes,Maize,Main,2015,6,2015,12,All (PS),yield,2.1319893289376655
5141,ML2016A101,Mali,ML,Kayes,none,Kayes,Maize,Main,2016,6,2016,12,All (PS),yield,1.0177189001601707
5142,ML2016A101,Mali,ML,Kayes,none,Kayes,Maize,Main,2017,6,2017,12,All (PS),yield,0.9687130898086921
5143,ML2016A101,Mali,ML,Kayes,none,Kayes,Maize,Main,2018,6,2018,12,All (PS),yield,2.6999789922271242
5144,ML2016A101,Mali,ML,Kayes,none,Kayes,Maize,Main,2019,6,2019,12,All (PS),yield,2.5756259963067243
5145,ML2016A101,Mali,ML,Kayes,none,Kayes,Maize,Main,2020,6,2020,12,All (PS),yield,1.8763209528071323
5146,ML2016A101,Mali,ML,Kayes,none,Kayes,Maize,Main,2021,6,2021,12,All (PS),yield,1.7
5147,ML2016A101,Mali,ML,Kayes,none,Kayes,Maize,Main,2022,6,2022,12,All (PS),yield,1.8742037692099942
5148,ML2016A101,Mali,ML,Kayes,none,Kayes,Sorghum,Main,1982,6,1982,12,All (PS),yield,1.0077818633692208
5149,ML2016A101,Mali,ML,Kayes,none,Kayes,Sorghum,Main,1983,6,1983,12,All (PS),yield,0.5560924335511628
5150,ML2016A101,Mali,ML,Kayes,none,Kayes,Sorghum,Main,1984,6,1984,12,All (PS),yield,0.8477797899311843
5151,ML2016A101,Mali,ML,Kayes,none,Kayes,Sorghum,Main,1985,6,1985,12,All (PS),yield,0.9907017654080543
5152,ML2016A101,Mali,ML,Kayes,none,Kayes,Sorghum,Main,1986,6,1986,12,All (PS),yield,0.6376155667048787
5153,ML2016A101,Mali,ML,Kayes,none,Kayes,Sorghum,Main,1987,6,1987,12,All (PS),yield,1.7016755315723724
5154,ML2016A101,Mali,ML,Kayes,none,Kayes,Sorghum,Main,1988,6,1988,12,All (PS),yield,1.275629029912251
5155,ML2016A101,Mali,ML,Kayes,none,Kayes,Sorghum,Main,1989,6,1989,12,All (PS),yield,0.9599012852789188
5156,ML2016A101,Mali,ML,Kayes,none,Kayes,Sorghum,Main,1990,6,1990,12,All (PS),yield,0.25464360274381154
5157,ML2016A101,Mali,ML,Kayes,none,Kayes,Sorghum,Main,1991,6,1991,12,All (PS),yield,0.7781033176639391
5158,ML2016A101,Mali,ML,Kayes,none,Kayes,Sorghum,Main,1992,6,1992,12,All (PS),yield,0.7781033176639391
5159,ML2016A101,Mali,ML,Kayes,none,Kayes,Sorghum,Main,1993,6,1993,12,All (PS),yield,0.7923788832444061
5160,ML2016A101,Mali,ML,Kayes,none,Kayes,Sorghum,Main,1994,6,1994,12,All (PS),yield,0.7316740525524771
5161,ML2016A101,Mali,ML,Kayes,none,Kayes,Sorghum,Main,1995,6,1995,12,All (PS),yield,1.5300853165693757
5162,ML2016A101,Mali,ML,Kayes,none,Kayes,Sorghum,Main,1996,6,1996,12,All (PS),yield,0.884388574549613
5163,ML2016A101,Mali,ML,Kayes,none,Kayes,Sorghum,Main,1997,6,1997,12,All (PS),yield,0.8924371788127706
5164,ML2016A101,Mali,ML,Kayes,none,Kayes,Sorghum,Main,1998,6,1998,12,All (PS),yield,0.85468166219465
5165,ML2016A101,Mali,ML,Kayes,none,Kayes,Sorghum,Main,1999,6,1999,12,All (PS),yield,0.9367028814359943
5166,ML2016A101,Mali,ML,Kayes,none,Kayes,Sorghum,Main,2000,6,2000,12,All (PS),yield,0.8043769684244528
5167,ML2016A101,Mali,ML,Kayes,none,Kayes,Sorghum,Main,2001,6,2001,12,All (PS),yield,0.6605441419887889
5168,ML2016A101,Mali,ML,Kayes,none,Kayes,Sorghum,Main,2002,6,2002,12,All (PS),yield,0.626074665709414
5169,ML2016A101,Mali,ML,Kayes,none,Kayes,Sorghum,Main,2003,6,2003,12,All (PS),yield,1.0132329247289018
5170,ML2016A101,Mali,ML,Kayes,none,Kayes,Sorghum,Main,2004,6,2004,12,All (PS),yield,1.3022020869694382
5171,ML2016A101,Mali,ML,Kayes,none,Kayes,Sorghum,Main,2005,6,2005,12,All (PS),yield,0.864632228620074
5172,ML2016A101,Mali,ML,Kayes,none,Kayes,Sorghum,Main,2006,6,2006,12,All (PS),yield,0.6455513158948365
5173,ML2016A101,Mali,ML,Kayes,none,Kayes,Sorghum,Main,2007,6,2007,12,All (PS),yield,0.8086377073545183
5174,ML2016A101,Mali,ML,Kayes,none,Kayes,Sorghum,Main,2008,6,2008,12,All (PS),yield,0.9607772120952707
5175,ML2016A101,Mali,ML,Kayes,none,Kayes,Sorghum,Main,2009,6,2009,12,All (PS),yield,0.8050018697519462
5176,ML2016A101,Mali,ML,Kayes,none,Kayes,Sorghum,Main,2010,6,2010,12,All (PS),yield,1.051505360972123
5177,ML2016A101,Mali,ML,Kayes,none,Kayes,Sorghum,Main,2011,6,2011,12,All (PS),yield,0.5055674492590688
5178,ML2016A101,Mali,ML,Kayes,none,Kayes,Sorghum,Main,2012,6,2012,12,All (PS),yield,1.0718962992977803
5179,ML2016A101,Mali,ML,Kayes,none,Kayes,Sorghum,Main,2013,6,2013,12,All (PS),yield,0.7523807962759593
5180,ML2016A101,Mali,ML,Kayes,none,Kayes,Sorghum,Main,2014,6,2014,12,All (PS),yield,1.0
5181,ML2016A101,Mali,ML,Kayes,none,Kayes,Sorghum,Main,2015,6,2015,12,All (PS),yield,1.0130404850355363
5182,ML2016A101,Mali,ML,Kayes,none,Kayes,Sorghum,Main,2016,6,2016,12,All (PS),yield,1.2259191211651452
5183,ML2016A101,Mali,ML,Kayes,none,Kayes,Sorghum,Main,2017,6,2017,12,All (PS),yield,0.6572822388154479
5184,ML2016A101,Mali,ML,Kayes,none,Kayes,Sorghum,Main,2018,6,2018,12,All (PS),yield,0.9632516863539464
5185,ML2016A101,Mali,ML,Kayes,none,Kayes,Sorghum,Main,2019,6,2019,12,All (PS),yield,0.9584800000000006
5186,ML2016A101,Mali,ML,Kayes,none,Kayes,Sorghum,Main,2020,6,2020,12,All (PS),yield,0.9900257297570035
5187,ML2016A101,Mali,ML,Kayes,none,Kayes,Sorghum,Main,2021,6,2021,12,All (PS),yield,0.7598946999567139
5188,ML2016A101,Mali,ML,Kayes,none,Kayes,Sorghum,Main,2022,6,2022,12,All (PS),yield,0.9575029763445313
5189,ML2016A101,Mali,ML,Kayes,none,Kayes,Millet,Main,1982,6,1982,12,All (PS),yield,1.1999601805149986
5190,ML2016A101,Mali,ML,Kayes,none,Kayes,Millet,Main,1983,6,1983,12,All (PS),yield,0.6086002803592753
5191,ML2016A101,Mali,ML,Kayes,none,Kayes,Millet,Main,1984,6,1984,12,All (PS),yield,0.24343207158922334
5192,ML2016A101,Mali,ML,Kayes,none,Kayes,Millet,Main,1985,6,1985,12,All (PS),yield,0.9100788112349408
5193,ML2016A101,Mali,ML,Kayes,none,Kayes,Millet,Main,1986,6,1986,12,All (PS),yield,0.674341060654176
5194,ML2016A101,Mali,ML,Kayes,none,Kayes,Millet,Main,1987,6,1987,12,All (PS),yield,1.0637469586374695
5195,ML2016A101,Mali,ML,Kayes,none,Kayes,Millet,Main,1988,6,1988,12,All (PS),yield,0.572634025567177
5196,ML2016A101,Mali,ML,Kayes,none,Kayes,Millet,Main,1989,6,1989,12,All (PS),yield,0.9323470964892913
5197,ML2016A101,Mali,ML,Kayes,none,Kayes,Millet,Main,1990,6,1990,12,All (PS),yield,0.35260511882998175
5198,ML2016A101,Mali,ML,Kayes,none,Kayes,Millet,Main,1991,6,1991,12,All (PS),yield,1.019627345666733
5199,ML2016A101,Mali,ML,Kayes,none,Kayes,Millet,Main,1992,6,1992,12,All (PS),yield,1.019627345666733
5200,ML2016A101,Mali,ML,Kayes,none,Kayes,Millet,Main,1993,6,1993,12,All (PS),yield,0.6033401923721108
5201,ML2016A101,Mali,ML,Kayes,none,Kayes,Millet,Main,1994,6,1994,12,All (PS),yield,0.4889872717210847
5202,ML2016A101,Mali,ML,Kayes,none,Kayes,Millet,Main,1995,6,1995,12,All (PS),yield,0.7677667131155899
5203,ML2016A101,Mali,ML,Kayes,none,Kayes,Millet,Main,1996,6,1996,12,All (PS),yield,0.87728418808973
5204,ML2016A101,Mali,ML,Kayes,none,Kayes,Millet,Main,1997,6,1997,12,All (PS),yield,0.8074170831440255
5205,ML2016A101,Mali,ML,Kayes,none,Kayes,Millet,Main,1998,6,1998,12,All (PS),yield,0.7993372793038903
5206,ML2016A101,Mali,ML,Kayes,none,Kayes,Millet,Main,1999,6,1999,12,All (PS),yield,0.9131117303088576
5207,ML2016A101,Mali,ML,Kayes,none,Kayes,Millet,Main,2000,6,2000,12,All (PS),yield,0.7458272956582408
5208,ML2016A101,Mali,ML,Kayes,none,Kayes,Millet,Main,2001,6,2001,12,All (PS),yield,0.4520623425692695
5209,ML2016A101,Mali,ML,Kayes,none,Kayes,Millet,Main,2002,6,2002,12,All (PS),yield,0.6784112748238309
5210,ML2016A101,Mali,ML,Kayes,none,Kayes,Millet,Main,2003,6,2003,12,All (PS),yield,0.7112410470938708
5211,ML2016A101,Mali,ML,Kayes,none,Kayes,Millet,Main,2004,6,2004,12,All (PS),yield,1.0742124432095521
5212,ML2016A101,Mali,ML,Kayes,none,Kayes,Millet,Main,2005,6,2005,12,All (PS),yield,0.7925069009840487
5213,ML2016A101,Mali,ML,Kayes,none,Kayes,Millet,Main,2006,6,2006,12,All (PS),yield,0.6343329150835045
5214,ML2016A101,Mali,ML,Kayes,none,Kayes,Millet,Main,2007,6,2007,12,All (PS),yield,0.6989516652750719
5215,ML2016A101,Mali,ML,Kayes,none,Kayes,Millet,Main,2008,6,2008,12,All (PS),yield,0.7049502682270289
5216,ML2016A101,Mali,ML,Kayes,none,Kayes,Millet,Main,2009,6,2009,12,All (PS),yield,0.8904946490267127
5217,ML2016A101,Mali,ML,Kayes,none,Kayes,Millet,Main,2010,6,2010,12,All (PS),yield,0.8812445080873499
5218,ML2016A101,Mali,ML,Kayes,none,Kayes,Millet,Main,2011,6,2011,12,All (PS),yield,0.4749690911757926
5219,ML2016A101,Mali,ML,Kayes,none,Kayes,Millet,Main,2012,6,2012,12,All (PS),yield,1.0503758815779276
5220,ML2016A101,Mali,ML,Kayes,none,Kayes,Millet,Main,2013,6,2013,12,All (PS),yield,0.6566837323547691
5221,ML2016A101,Mali,ML,Kayes,none,Kayes,Millet,Main,2014,6,2014,12,All (PS),yield,1.0
5222,ML2016A101,Mali,ML,Kayes,none,Kayes,Millet,Main,2015,6,2015,12,All (PS),yield,0.986348551189447
5223,ML2016A101,Mali,ML,Kayes,none,Kayes,Millet,Main,2016,6,2016,12,All (PS),yield,0.9887714093519844
5224,ML2016A101,Mali,ML,Kayes,none,Kayes,Millet,Main,2017,6,2017,12,All (PS),yield,0.3593609529517531
5225,ML2016A101,Mali,ML,Kayes,none,Kayes,Millet,Main,2018,6,2018,12,All (PS),yield,0.8179999466510176
5226,ML2016A101,Mali,ML,Kayes,none,Kayes,Millet,Main,2019,6,2019,12,All (PS),yield,0.8060100000000003
5227,ML2016A101,Mali,ML,Kayes,none,Kayes,Millet,Main,2020,6,2020,12,All (PS),yield,0.8464563217926446
5228,ML2016A101,Mali,ML,Kayes,none,Kayes,Millet,Main,2021,6,2021,12,All (PS),yield,0.7030874785591766
5229,ML2016A101,Mali,ML,Kayes,none,Kayes,Millet,Main,2022,6,2022,12,All (PS),yield,0.8281309623750286
5230,ML2016A101,Mali,ML,Kayes,none,Kayes,Sweet Potatoes,Main,1990,6,1990,12,All (PS),yield,1.1764705882352942
5231,ML2016A101,Mali,ML,Kayes,none,Kayes,Sweet Potatoes,Main,1993,6,1993,12,All (PS),yield,2.3566433566433567
5232,ML2016A101,Mali,ML,Kayes,none,Kayes,Sweet Potatoes,Main,1996,6,1996,12,All (PS),yield,4.761904761904762
5233,ML2016A101,Mali,ML,Kayes,none,Kayes,Sweet Potatoes,Main,2013,6,2013,12,All (PS),yield,8.266666666666667
5234,ML2016A101,Mali,ML,Kayes,none,Kayes,Sesame Seed,Main,2006,6,2006,12,All (PS),yield,0.2571428571428571
5235,ML2016A101,Mali,ML,Kayes,none,Kayes,Sesame Seed,Main,2007,6,2007,12,All (PS),yield,0.3672566371681416
5236,ML2016A101,Mali,ML,Kayes,none,Kayes,Sesame Seed,Main,2008,6,2008,12,All (PS),yield,1.824353448275862
5237,ML2016A101,Mali,ML,Kayes,none,Kayes,Sesame Seed,Main,2009,6,2009,12,All (PS),yield,1.0949152542372882
5238,ML2016A101,Mali,ML,Kayes,none,Kayes,Sesame Seed,Main,2010,6,2010,12,All (PS),yield,0.3641488162344983
5239,ML2016A101,Mali,ML,Kayes,none,Kayes,Sesame Seed,Main,2011,6,2011,12,All (PS),yield,0.39932885906040266
5240,ML2016A101,Mali,ML,Kayes,none,Kayes,Sesame Seed,Main,2012,6,2012,12,All (PS),yield,0.5207131620346094
5241,ML2016A101,Mali,ML,Kayes,none,Kayes,Sesame Seed,Main,2013,6,2013,12,All (PS),yield,0.3799958583557672
5242,ML2016A101,Mali,ML,Kayes,none,Kayes,Sesame Seed,Main,2014,6,2014,12,All (PS),yield,0.272
5243,ML2016A101,Mali,ML,Kayes,none,Kayes,Sesame Seed,Main,2015,6,2015,12,All (PS),yield,0.55
5244,ML2016A101,Mali,ML,Kayes,none,Kayes,Sesame Seed,Main,2016,6,2016,12,All (PS),yield,0.4
5245,ML2016A101,Mali,ML,Kayes,none,Kayes,Sesame Seed,Main,2017,6,2017,12,All (PS),yield,0.3682078169685415
5246,ML2016A101,Mali,ML,Kayes,none,Kayes,Sesame Seed,Main,2018,6,2018,12,All (PS),yield,0.3699587170530327
5247,ML2016A101,Mali,ML,Kayes,none,Kayes,Sesame Seed,Main,2020,6,2020,12,All (PS),yield,0.36994923857868023
5248,ML2016A101,Mali,ML,Kayes,none,Kayes,Sesame Seed,Main,2021,6,2021,12,All (PS),yield,0.6022000000000001
5249,ML2016A101,Mali,ML,Kayes,none,Kayes,Soybean,Main,2006,6,2006,12,All (PS),yield,0.4945054945054945
5250,ML2016A101,Mali,ML,Kayes,none,Kayes,Soybean,Main,2013,6,2013,12,All (PS),yield,0.023529411764705882
5251,ML2016A101,Mali,ML,Kayes,none,Kayes,Soybean,Main,2021,6,2021,12,All (PS),yield,0.7742
5252,ML2016A102,Mali,ML,Koulikoro,none,Koulikoro,Bambara groundnut,Main,1984,6,1984,12,All (PS),yield,0.21899841017488075
5253,ML2016A102,Mali,ML,Koulikoro,none,Koulikoro,Bambara groundnut,Main,1985,6,1985,12,All (PS),yield,1.9686162624821684
5254,ML2016A102,Mali,ML,Koulikoro,none,Koulikoro,Bambara groundnut,Main,1987,6,1987,12,All (PS),yield,0.347016504443504
5255,ML2016A102,Mali,ML,Koulikoro,none,Koulikoro,Bambara groundnut,Main,1988,6,1988,12,All (PS),yield,0.06756756756756757
5256,ML2016A102,Mali,ML,Koulikoro,none,Koulikoro,Bambara groundnut,Main,1989,6,1989,12,All (PS),yield,0.5055928411633109
5257,ML2016A102,Mali,ML,Koulikoro,none,Koulikoro,Bambara groundnut,Main,1990,6,1990,12,All (PS),yield,0.4533956022572485
5258,ML2016A102,Mali,ML,Koulikoro,none,Koulikoro,Bambara groundnut,Main,1992,6,1992,12,All (PS),yield,0.06882106523040096
5259,ML2016A102,Mali,ML,Koulikoro,none,Koulikoro,Bambara groundnut,Main,1993,6,1993,12,All (PS),yield,0.09276393831553974
5260,ML2016A102,Mali,ML,Koulikoro,none,Koulikoro,Bambara groundnut,Main,1995,6,1995,12,All (PS),yield,0.028800755429650614
5261,ML2016A102,Mali,ML,Koulikoro,none,Koulikoro,Bambara groundnut,Main,1996,6,1996,12,All (PS),yield,0.488
5262,ML2016A102,Mali,ML,Koulikoro,none,Koulikoro,Bambara groundnut,Main,1997,6,1997,12,All (PS),yield,0.22774869109947643
5263,ML2016A102,Mali,ML,Koulikoro,none,Koulikoro,Bambara groundnut,Main,1998,6,1998,12,All (PS),yield,0.7849364791288567
5264,ML2016A102,Mali,ML,Koulikoro,none,Koulikoro,Bambara groundnut,Main,2000,6,2000,12,All (PS),yield,0.6907265774378585
5265,ML2016A102,Mali,ML,Koulikoro,none,Koulikoro,Bambara groundnut,Main,2002,6,2002,12,All (PS),yield,0.07782101167315175
5266,ML2016A102,Mali,ML,Koulikoro,none,Koulikoro,Bambara groundnut,Main,2003,6,2003,12,All (PS),yield,0.6297662976629766
5267,ML2016A102,Mali,ML,Koulikoro,none,Koulikoro,Bambara groundnut,Main,2004,6,2004,12,All (PS),yield,0.456575682382134
5268,ML2016A102,Mali,ML,Koulikoro,none,Koulikoro,Bambara groundnut,Main,2005,6,2005,12,All (PS),yield,0.9923011120615911
5269,ML2016A102,Mali,ML,Koulikoro,none,Koulikoro,Bambara groundnut,Main,2006,6,2006,12,All (PS),yield,0.6782459556089468
5270,ML2016A102,Mali,ML,Koulikoro,none,Koulikoro,Bambara groundnut,Main,2007,6,2007,12,All (PS),yield,0.8813868613138686
5271,ML2016A102,Mali,ML,Koulikoro,none,Koulikoro,Bambara groundnut,Main,2008,6,2008,12,All (PS),yield,0.5422343324250681
5272,ML2016A102,Mali,ML,Koulikoro,none,Koulikoro,Bambara groundnut,Main,2009,6,2009,12,All (PS),yield,0.6231086657496562
5273,ML2016A102,Mali,ML,Koulikoro,none,Koulikoro,Bambara groundnut,Main,2010,6,2010,12,All (PS),yield,0.6323319027181689
5274,ML2016A102,Mali,ML,Koulikoro,none,Koulikoro,Bambara groundnut,Main,2011,6,2011,12,All (PS),yield,0.8200873362445414
5275,ML2016A102,Mali,ML,Koulikoro,none,Koulikoro,Bambara groundnut,Main,2012,6,2012,12,All (PS),yield,0.5370370370370371
5276,ML2016A102,Mali,ML,Koulikoro,none,Koulikoro,Bambara groundnut,Main,2013,6,2013,12,All (PS),yield,0.43137254901960786
5277,ML2016A102,Mali,ML,Koulikoro,none,Koulikoro,Bambara groundnut,Main,2014,6,2014,12,All (PS),yield,0.40306513409961686
5278,ML2016A102,Mali,ML,Koulikoro,none,Koulikoro,Bambara groundnut,Main,2015,6,2015,12,All (PS),yield,0.7050000000000001
5279,ML2016A102,Mali,ML,Koulikoro,none,Koulikoro,Bambara groundnut,Main,2016,6,2016,12,All (PS),yield,0.5002763957987839
5280,ML2016A102,Mali,ML,Koulikoro,none,Koulikoro,Bambara groundnut,Main,2017,6,2017,12,All (PS),yield,0.523921200750469
5281,ML2016A102,Mali,ML,Koulikoro,none,Koulikoro,Bambara groundnut,Main,2018,6,2018,12,All (PS),yield,0.5240751614797416
5282,ML2016A102,Mali,ML,Koulikoro,none,Koulikoro,Bambara groundnut,Main,2019,6,2019,12,All (PS),yield,0.5361712026052571
5283,ML2016A102,Mali,ML,Koulikoro,none,Koulikoro,Bambara groundnut,Main,2020,6,2020,12,All (PS),yield,0.524027728821525
5284,ML2016A102,Mali,ML,Koulikoro,none,Koulikoro,Bambara groundnut,Main,2021,6,2021,12,All (PS),yield,0.3774
5285,ML2016A102,Mali,ML,Koulikoro,none,Koulikoro,Cotton,Main,1983,6,1983,12,All (PS),yield,0.9195242401057244
5286,ML2016A102,Mali,ML,Koulikoro,none,Koulikoro,Cotton,Main,1984,6,1984,12,All (PS),yield,1.5495104202385035
5287,ML2016A102,Mali,ML,Koulikoro,none,Koulikoro,Cotton,Main,1985,6,1985,12,All (PS),yield,1.3617949330783938
5288,ML2016A102,Mali,ML,Koulikoro,none,Koulikoro,Cotton,Main,1986,6,1986,12,All (PS),yield,1.592991723895052
5289,ML2016A102,Mali,ML,Koulikoro,none,Koulikoro,Cotton,Main,1987,6,1987,12,All (PS),yield,1.7730377805660114
5290,ML2016A102,Mali,ML,Koulikoro,none,Koulikoro,Cotton,Main,1988,6,1988,12,All (PS),yield,1.1816501613748587
5291,ML2016A102,Mali,ML,Koulikoro,none,Koulikoro,Cotton,Main,1989,6,1989,12,All (PS),yield,1.2736279800039703
5292,ML2016A102,Mali,ML,Koulikoro,none,Koulikoro,Cotton,Main,1990,6,1990,12,All (PS),yield,1.0367823641700364
5293,ML2016A102,Mali,ML,Koulikoro,none,Koulikoro,Cotton,Main,1991,6,1991,12,All (PS),yield,2.3722448106141667
5294,ML2016A102,Mali,ML,Koulikoro,none,Koulikoro,Cotton,Main,1992,6,1992,12,All (PS),yield,2.3722448106141667
5295,ML2016A102,Mali,ML,Koulikoro,none,Koulikoro,Cotton,Main,1993,6,1993,12,All (PS),yield,1.7875284638290418
5296,ML2016A102,Mali,ML,Koulikoro,none,Koulikoro,Cotton,Main,1995,6,1995,12,All (PS),yield,1.178239763613339
5297,ML2016A102,Mali,ML,Koulikoro,none,Koulikoro,Cotton,Main,1996,6,1996,12,All (PS),yield,1.0031759677149747
5298,ML2016A102,Mali,ML,Koulikoro,none,Koulikoro,Cotton,Main,1997,6,1997,12,All (PS),yield,1.0115443166441136
5299,ML2016A102,Mali,ML,Koulikoro,none,Koulikoro,Cotton,Main,2000,6,2000,12,All (PS),yield,0.8320420930521606
5300,ML2016A102,Mali,ML,Koulikoro,none,Koulikoro,Cotton,Main,2001,6,2001,12,All (PS),yield,0.9489390733756478
5301,ML2016A102,Mali,ML,Koulikoro,none,Koulikoro,Cotton,Main,2002,6,2002,12,All (PS),yield,0.8275143614013156
5302,ML2016A102,Mali,ML,Koulikoro,none,Koulikoro,Cotton,Main,2003,6,2003,12,All (PS),yield,0.9929836454537752
5303,ML2016A102,Mali,ML,Koulikoro,none,Koulikoro,Cotton,Main,2004,6,2004,12,All (PS),yield,0.9700338445095785
5304,ML2016A102,Mali,ML,Koulikoro,none,Koulikoro,Cotton,Main,2005,6,2005,12,All (PS),yield,0.9167691289132697
5305,ML2016A102,Mali,ML,Koulikoro,none,Koulikoro,Cotton,Main,2006,6,2006,12,All (PS),yield,0.8342666680468289
5306,ML2016A102,Mali,ML,Koulikoro,none,Koulikoro,Cotton,Main,2007,6,2007,12,All (PS),yield,0.7928445639076838
5307,ML2016A102,Mali,ML,Koulikoro,none,Koulikoro,Cotton,Main,2008,6,2008,12,All (PS),yield,0.8534019583228722
5308,ML2016A102,Mali,ML,Koulikoro,none,Koulikoro,Cotton,Main,2009,6,2009,12,All (PS),yield,0.9017305552357929
5309,ML2016A102,Mali,ML,Koulikoro,none,Koulikoro,Cotton,Main,2010,6,2010,12,All (PS),yield,0.768367750315306
5310,ML2016A102,Mali,ML,Koulikoro,none,Koulikoro,Cotton,Main,2011,6,2011,12,All (PS),yield,0.8205480138255773
5311,ML2016A102,Mali,ML,Koulikoro,none,Koulikoro,Cotton,Main,2012,6,2012,12,All (PS),yield,0.7230934645524376
5312,ML2016A102,Mali,ML,Koulikoro,none,Koulikoro,Cotton,Main,2013,6,2013,12,All (PS),yield,0.9104972375690608
5313,ML2016A102,Mali,ML,Koulikoro,none,Koulikoro,Cotton,Main,2014,6,2014,12,All (PS),yield,0.9091981671346387
5314,ML2016A102,Mali,ML,Koulikoro,none,Koulikoro,Cotton,Main,2015,6,2015,12,All (PS),yield,0.8966942923573089
5315,ML2016A102,Mali,ML,Koulikoro,none,Koulikoro,Cotton,Main,2016,6,2016,12,All (PS),yield,0.962
5316,ML2016A102,Mali,ML,Koulikoro,none,Koulikoro,Cotton,Main,2017,6,2017,12,All (PS),yield,0.9433716754280955
5317,ML2016A102,Mali,ML,Koulikoro,none,Koulikoro,Cotton,Main,2019,6,2019,12,All (PS),yield,0.933144848069454
5318,ML2016A102,Mali,ML,Koulikoro,none,Koulikoro,Cotton,Main,2020,6,2020,12,All (PS),yield,0.8208911183239894
5319,ML2016A102,Mali,ML,Koulikoro,none,Koulikoro,Cotton,Main,2021,6,2021,12,All (PS),yield,1.0579720561177552
5320,ML2016A102,Mali,ML,Koulikoro,none,Koulikoro,Rice,Main,1983,6,1983,12,All (PS),yield,1.514814814814815
5321,ML2016A102,Mali,ML,Koulikoro,none,Koulikoro,Rice,Main,1984,6,1984,12,All (PS),yield,1.3542471042471043
5322,ML2016A102,Mali,ML,Koulikoro,none,Koulikoro,Rice,Main,1985,6,1985,12,All (PS),yield,0.9496904024767802
5323,ML2016A102,Mali,ML,Koulikoro,none,Koulikoro,Rice,Main,1986,6,1986,12,All (PS),yield,0.9448051948051949
5324,ML2016A102,Mali,ML,Koulikoro,none,Koulikoro,Rice,Main,1987,6,1987,12,All (PS),yield,0.6244612068965517
5325,ML2016A102,Mali,ML,Koulikoro,none,Koulikoro,Rice,Main,1988,6,1988,12,All (PS),yield,0.01651705565529623
5326,ML2016A102,Mali,ML,Koulikoro,none,Koulikoro,Rice,Main,1989,6,1989,12,All (PS),yield,0.1514803104340328
5327,ML2016A102,Mali,ML,Koulikoro,none,Koulikoro,Rice,Main,1990,6,1990,12,All (PS),yield,0.9923490735206215
5328,ML2016A102,Mali,ML,Koulikoro,none,Koulikoro,Rice,Main,1991,6,1991,12,All (PS),yield,2.296810862014525
5329,ML2016A102,Mali,ML,Koulikoro,none,Koulikoro,Rice,Main,1992,6,1992,12,All (PS),yield,2.296810862014525
5330,ML2016A102,Mali,ML,Koulikoro,none,Koulikoro,Rice,Main,1993,6,1993,12,All (PS),yield,1.3221781887567883
5331,ML2016A102,Mali,ML,Koulikoro,none,Koulikoro,Rice,Main,1995,6,1995,12,All (PS),yield,1.2911768505361065
5332,ML2016A102,Mali,ML,Koulikoro,none,Koulikoro,Rice,Main,1996,6,1996,12,All (PS),yield,1.4237673471320986
5333,ML2016A102,Mali,ML,Koulikoro,none,Koulikoro,Rice,Main,1998,6,1998,12,All (PS),yield,1.6433346441211167
5334,ML2016A102,Mali,ML,Koulikoro,none,Koulikoro,Rice,Main,1999,6,1999,12,All (PS),yield,1.1753983194820699
5335,ML2016A102,Mali,ML,Koulikoro,none,Koulikoro,Rice,Main,2000,6,2000,12,All (PS),yield,1.1691750643458534
5336,ML2016A102,Mali,ML,Koulikoro,none,Koulikoro,Rice,Main,2001,6,2001,12,All (PS),yield,1.492369913275517
5337,ML2016A102,Mali,ML,Koulikoro,none,Koulikoro,Rice,Main,2002,6,2002,12,All (PS),yield,1.3651123422591567
5338,ML2016A102,Mali,ML,Koulikoro,none,Koulikoro,Rice,Main,2003,6,2003,12,All (PS),yield,1.1860409261216256
5339,ML2016A102,Mali,ML,Koulikoro,none,Koulikoro,Rice,Main,2004,6,2004,12,All (PS),yield,1.207856071964018
5340,ML2016A102,Mali,ML,Koulikoro,none,Koulikoro,Rice,Main,2005,6,2005,12,All (PS),yield,1.842568128632898
5341,ML2016A102,Mali,ML,Koulikoro,none,Koulikoro,Rice,Main,2006,6,2006,12,All (PS),yield,1.961300365372633
5342,ML2016A102,Mali,ML,Koulikoro,none,Koulikoro,Rice,Main,2007,6,2007,12,All (PS),yield,2.6099390143398713
5343,ML2016A102,Mali,ML,Koulikoro,none,Koulikoro,Rice,Main,2008,6,2008,12,All (PS),yield,2.1215496899522583
5344,ML2016A102,Mali,ML,Koulikoro,none,Koulikoro,Rice,Main,2009,6,2009,12,All (PS),yield,3.0371584699453553
5345,ML2016A102,Mali,ML,Koulikoro,none,Koulikoro,Rice,Main,2010,6,2010,12,All (PS),yield,1.8868679445567191
5346,ML2016A102,Mali,ML,Koulikoro,none,Koulikoro,Rice,Main,2011,6,2011,12,All (PS),yield,2.3857839348356027
5347,ML2016A102,Mali,ML,Koulikoro,none,Koulikoro,Rice,Main,2012,6,2012,12,All (PS),yield,1.7720546629858884
5348,ML2016A102,Mali,ML,Koulikoro,none,Koulikoro,Rice,Main,2013,6,2013,12,All (PS),yield,3.310562823777329
5349,ML2016A102,Mali,ML,Koulikoro,none,Koulikoro,Rice,Main,2014,6,2014,12,All (PS),yield,3.846464576715923
5350,ML2016A102,Mali,ML,Koulikoro,none,Koulikoro,Rice,Main,2015,6,2015,12,All (PS),yield,2.0721700772777023
5351,ML2016A102,Mali,ML,Koulikoro,none,Koulikoro,Rice,Main,2016,6,2016,12,All (PS),yield,1.9128836392960487
5352,ML2016A102,Mali,ML,Koulikoro,none,Koulikoro,Rice,Main,2017,6,2017,12,All (PS),yield,3.9250530479388557
5353,ML2016A102,Mali,ML,Koulikoro,none,Koulikoro,Rice,Main,2018,6,2018,12,All (PS),yield,4.449956209493782
5354,ML2016A102,Mali,ML,Koulikoro,none,Koulikoro,Rice,Main,2019,6,2019,12,All (PS),yield,2.677744100225538
5355,ML2016A102,Mali,ML,Koulikoro,none,Koulikoro,Rice,Main,2020,6,2020,12,All (PS),yield,2.5932522357050374
5356,ML2016A102,Mali,ML,Koulikoro,none,Koulikoro,Rice,Main,2021,6,2021,12,All (PS),yield,2.2678182270260785
5357,ML2016A102,Mali,ML,Koulikoro,none,Koulikoro,Rice,Main,2022,6,2022,12,All (PS),yield,2.960401956313199
5358,ML2016A102,Mali,ML,Koulikoro,none,Koulikoro,Cowpea,Main,1984,6,1984,12,All (PS),yield,0.4513431238082494
5359,ML2016A102,Mali,ML,Koulikoro,none,Koulikoro,Cowpea,Main,1985,6,1985,12,All (PS),yield,1.4070812397572354
5360,ML2016A102,Mali,ML,Koulikoro,none,Koulikoro,Cowpea,Main,1986,6,1986,12,All (PS),yield,0.45048022307136215
5361,ML2016A102,Mali,ML,Koulikoro,none,Koulikoro,Cowpea,Main,1987,6,1987,12,All (PS),yield,0.0806672135630298
5362,ML2016A102,Mali,ML,Koulikoro,none,Koulikoro,Cowpea,Main,1988,6,1988,12,All (PS),yield,0.5867095966371523
5363,ML2016A102,Mali,ML,Koulikoro,none,Koulikoro,Cowpea,Main,1989,6,1989,12,All (PS),yield,0.051488098061725
5364,ML2016A102,Mali,ML,Koulikoro,none,Koulikoro,Cowpea,Main,1991,6,1991,12,All (PS),yield,0.48646768340927066
5365,ML2016A102,Mali,ML,Koulikoro,none,Koulikoro,Cowpea,Main,1992,6,1992,12,All (PS),yield,0.48646768340927066
5366,ML2016A102,Mali,ML,Koulikoro,none,Koulikoro,Cowpea,Main,1993,6,1993,12,All (PS),yield,0.04035273146030193
5367,ML2016A102,Mali,ML,Koulikoro,none,Koulikoro,Cowpea,Main,1995,6,1995,12,All (PS),yield,0.7091160767253311
5368,ML2016A102,Mali,ML,Koulikoro,none,Koulikoro,Cowpea,Main,1996,6,1996,12,All (PS),yield,0.3024467073151714
5369,ML2016A102,Mali,ML,Koulikoro,none,Koulikoro,Cowpea,Main,1997,6,1997,12,All (PS),yield,0.45020390839807345
5370,ML2016A102,Mali,ML,Koulikoro,none,Koulikoro,Cowpea,Main,1998,6,1998,12,All (PS),yield,0.33569387671401424
5371,ML2016A102,Mali,ML,Koulikoro,none,Koulikoro,Cowpea,Main,2000,6,2000,12,All (PS),yield,0.32403217376894544
5372,ML2016A102,Mali,ML,Koulikoro,none,Koulikoro,Cowpea,Main,2001,6,2001,12,All (PS),yield,0.18583751802316908
5373,ML2016A102,Mali,ML,Koulikoro,none,Koulikoro,Cowpea,Main,2002,6,2002,12,All (PS),yield,0.2253004154444064
5374,ML2016A102,Mali,ML,Koulikoro,none,Koulikoro,Cowpea,Main,2003,6,2003,12,All (PS),yield,0.5443061375400542
5375,ML2016A102,Mali,ML,Koulikoro,none,Koulikoro,Cowpea,Main,2004,6,2004,12,All (PS),yield,0.15536485348830895
5376,ML2016A102,Mali,ML,Koulikoro,none,Koulikoro,Cowpea,Main,2005,6,2005,12,All (PS),yield,0.25086566228064444
5377,ML2016A102,Mali,ML,Koulikoro,none,Koulikoro,Cowpea,Main,2006,6,2006,12,All (PS),yield,0.3083918844353791
5378,ML2016A102,Mali,ML,Koulikoro,none,Koulikoro,Cowpea,Main,2007,6,2007,12,All (PS),yield,0.417087602828691
5379,ML2016A102,Mali,ML,Koulikoro,none,Koulikoro,Cowpea,Main,2008,6,2008,12,All (PS),yield,0.22252850519984965
5380,ML2016A102,Mali,ML,Koulikoro,none,Koulikoro,Cowpea,Main,2009,6,2009,12,All (PS),yield,0.6190011387668781
5381,ML2016A102,Mali,ML,Koulikoro,none,Koulikoro,Cowpea,Main,2010,6,2010,12,All (PS),yield,0.2941566641580673
5382,ML2016A102,Mali,ML,Koulikoro,none,Koulikoro,Cowpea,Main,2011,6,2011,12,All (PS),yield,0.8202283849918434
5383,ML2016A102,Mali,ML,Koulikoro,none,Koulikoro,Cowpea,Main,2012,6,2012,12,All (PS),yield,0.4
5384,ML2016A102,Mali,ML,Koulikoro,none,Koulikoro,Cowpea,Main,2013,6,2013,12,All (PS),yield,0.6276099206401088
5385,ML2016A102,Mali,ML,Koulikoro,none,Koulikoro,Cowpea,Main,2014,6,2014,12,All (PS),yield,0.5928032251519338
5386,ML2016A102,Mali,ML,Koulikoro,none,Koulikoro,Cowpea,Main,2015,6,2015,12,All (PS),yield,0.4344500040614085
5387,ML2016A102,Mali,ML,Koulikoro,none,Koulikoro,Cowpea,Main,2016,6,2016,12,All (PS),yield,0.32615440773863846
5388,ML2016A102,Mali,ML,Koulikoro,none,Koulikoro,Cowpea,Main,2017,6,2017,12,All (PS),yield,0.5634127128400896
5389,ML2016A102,Mali,ML,Koulikoro,none,Koulikoro,Cowpea,Main,2018,6,2018,12,All (PS),yield,0.40454700272479566
5390,ML2016A102,Mali,ML,Koulikoro,none,Koulikoro,Cowpea,Main,2019,6,2019,12,All (PS),yield,0.4006843170132594
5391,ML2016A102,Mali,ML,Koulikoro,none,Koulikoro,Cowpea,Main,2020,6,2020,12,All (PS),yield,0.28679934621670994
5392,ML2016A102,Mali,ML,Koulikoro,none,Koulikoro,Cowpea,Main,2021,6,2021,12,All (PS),yield,0.2896
5393,ML2016A102,Mali,ML,Koulikoro,none,Koulikoro,Fonio,Main,1983,6,1983,12,All (PS),yield,0.35881573133009276
5394,ML2016A102,Mali,ML,Koulikoro,none,Koulikoro,Fonio,Main,1984,6,1984,12,All (PS),yield,1.0067669172932332
5395,ML2016A102,Mali,ML,Koulikoro,none,Koulikoro,Fonio,Main,1985,6,1985,12,All (PS),yield,0.6749740394600208
5396,ML2016A102,Mali,ML,Koulikoro,none,Koulikoro,Fonio,Main,1988,6,1988,12,All (PS),yield,0.9882958801498127
5397,ML2016A102,Mali,ML,Koulikoro,none,Koulikoro,Fonio,Main,1989,6,1989,12,All (PS),yield,0.21869590305828043
5398,ML2016A102,Mali,ML,Koulikoro,none,Koulikoro,Fonio,Main,1991,6,1991,12,All (PS),yield,0.8928307464892832
5399,ML2016A102,Mali,ML,Koulikoro,none,Koulikoro,Fonio,Main,1992,6,1992,12,All (PS),yield,0.893569844789357
5400,ML2016A102,Mali,ML,Koulikoro,none,Koulikoro,Fonio,Main,1993,6,1993,12,All (PS),yield,0.38004569687738005
5401,ML2016A102,Mali,ML,Koulikoro,none,Koulikoro,Fonio,Main,1995,6,1995,12,All (PS),yield,0.4341498908561727
5402,ML2016A102,Mali,ML,Koulikoro,none,Koulikoro,Fonio,Main,1996,6,1996,12,All (PS),yield,0.7633136094674555
5403,ML2016A102,Mali,ML,Koulikoro,none,Koulikoro,Fonio,Main,1997,6,1997,12,All (PS),yield,0.7967791411042945
5404,ML2016A102,Mali,ML,Koulikoro,none,Koulikoro,Fonio,Main,1998,6,1998,12,All (PS),yield,0.8228571428571428
5405,ML2016A102,Mali,ML,Koulikoro,none,Koulikoro,Fonio,Main,1999,6,1999,12,All (PS),yield,0.7818627450980392
5406,ML2016A102,Mali,ML,Koulikoro,none,Koulikoro,Fonio,Main,2000,6,2000,12,All (PS),yield,0.30033003300330036
5407,ML2016A102,Mali,ML,Koulikoro,none,Koulikoro,Fonio,Main,2001,6,2001,12,All (PS),yield,0.8242560359348681
5408,ML2016A102,Mali,ML,Koulikoro,none,Koulikoro,Fonio,Main,2002,6,2002,12,All (PS),yield,1.0359042553191489
5409,ML2016A102,Mali,ML,Koulikoro,none,Koulikoro,Fonio,Main,2003,6,2003,12,All (PS),yield,0.5633111189056471
5410,ML2016A102,Mali,ML,Koulikoro,none,Koulikoro,Fonio,Main,2004,6,2004,12,All (PS),yield,0.6348008385744235
5411,ML2016A102,Mali,ML,Koulikoro,none,Koulikoro,Fonio,Main,2005,6,2005,12,All (PS),yield,1.0538971807628523
5412,ML2016A102,Mali,ML,Koulikoro,none,Koulikoro,Fonio,Main,2006,6,2006,12,All (PS),yield,0.7500000000000009
5413,ML2016A102,Mali,ML,Koulikoro,none,Koulikoro,Fonio,Main,2007,6,2007,12,All (PS),yield,0.39622641509433965
5414,ML2016A102,Mali,ML,Koulikoro,none,Koulikoro,Fonio,Main,2008,6,2008,12,All (PS),yield,0.6871097234611954
5415,ML2016A102,Mali,ML,Koulikoro,none,Koulikoro,Fonio,Main,2009,6,2009,12,All (PS),yield,0.3143939393939394
5416,ML2016A102,Mali,ML,Koulikoro,none,Koulikoro,Fonio,Main,2010,6,2010,12,All (PS),yield,0.7999491611591256
5417,ML2016A102,Mali,ML,Koulikoro,none,Koulikoro,Fonio,Main,2011,6,2011,12,All (PS),yield,0.3958666860718964
5418,ML2016A102,Mali,ML,Koulikoro,none,Koulikoro,Fonio,Main,2012,6,2012,12,All (PS),yield,0.8626609442060086
5419,ML2016A102,Mali,ML,Koulikoro,none,Koulikoro,Fonio,Main,2013,6,2013,12,All (PS),yield,0.8815489749430524
5420,ML2016A102,Mali,ML,Koulikoro,none,Koulikoro,Fonio,Main,2014,6,2014,12,All (PS),yield,1.0
5421,ML2016A102,Mali,ML,Koulikoro,none,Koulikoro,Fonio,Main,2015,6,2015,12,All (PS),yield,0.5030545607752265
5422,ML2016A102,Mali,ML,Koulikoro,none,Koulikoro,Fonio,Main,2016,6,2016,12,All (PS),yield,0.5333333333333333
5423,ML2016A102,Mali,ML,Koulikoro,none,Koulikoro,Fonio,Main,2017,6,2017,12,All (PS),yield,0.6469893742621016
5424,ML2016A102,Mali,ML,Koulikoro,none,Koulikoro,Fonio,Main,2018,6,2018,12,All (PS),yield,0.8944444444444445
5425,ML2016A102,Mali,ML,Koulikoro,none,Koulikoro,Fonio,Main,2019,6,2019,12,All (PS),yield,0.6751500000000035
5426,ML2016A102,Mali,ML,Koulikoro,none,Koulikoro,Fonio,Main,2020,6,2020,12,All (PS),yield,0.4890858831379277
5427,ML2016A102,Mali,ML,Koulikoro,none,Koulikoro,Fonio,Main,2021,6,2021,12,All (PS),yield,0.6072870507139341
5428,ML2016A102,Mali,ML,Koulikoro,none,Koulikoro,Fonio,Main,2022,6,2022,12,All (PS),yield,0.5486376525705832
5429,ML2016A102,Mali,ML,Koulikoro,none,Koulikoro,Groundnuts (In Shell),Main,1983,6,1983,12,All (PS),yield,0.7433815956866785
5430,ML2016A102,Mali,ML,Koulikoro,none,Koulikoro,Groundnuts (In Shell),Main,1984,6,1984,12,All (PS),yield,1.1213316214233309
5431,ML2016A102,Mali,ML,Koulikoro,none,Koulikoro,Groundnuts (In Shell),Main,1985,6,1985,12,All (PS),yield,1.5448448669761956
5432,ML2016A102,Mali,ML,Koulikoro,none,Koulikoro,Groundnuts (In Shell),Main,1986,6,1986,12,All (PS),yield,1.1176775867661368
5433,ML2016A102,Mali,ML,Koulikoro,none,Koulikoro,Groundnuts (In Shell),Main,1987,6,1987,12,All (PS),yield,1.026021350851981
5434,ML2016A102,Mali,ML,Koulikoro,none,Koulikoro,Groundnuts (In Shell),Main,1988,6,1988,12,All (PS),yield,1.3738650001132169
5435,ML2016A102,Mali,ML,Koulikoro,none,Koulikoro,Groundnuts (In Shell),Main,1989,6,1989,12,All (PS),yield,1.924174174174174
5436,ML2016A102,Mali,ML,Koulikoro,none,Koulikoro,Groundnuts (In Shell),Main,1990,6,1990,12,All (PS),yield,0.6883692871426497
5437,ML2016A102,Mali,ML,Koulikoro,none,Koulikoro,Groundnuts (In Shell),Main,1991,6,1991,12,All (PS),yield,0.6950859950859951
5438,ML2016A102,Mali,ML,Koulikoro,none,Koulikoro,Groundnuts (In Shell),Main,1992,6,1992,12,All (PS),yield,0.6392842618950794
5439,ML2016A102,Mali,ML,Koulikoro,none,Koulikoro,Groundnuts (In Shell),Main,1993,6,1993,12,All (PS),yield,1.4633319777687408
5440,ML2016A102,Mali,ML,Koulikoro,none,Koulikoro,Groundnuts (In Shell),Main,1995,6,1995,12,All (PS),yield,0.8936282360573317
5441,ML2016A102,Mali,ML,Koulikoro,none,Koulikoro,Groundnuts (In Shell),Main,1996,6,1996,12,All (PS),yield,0.8469855832241153
5442,ML2016A102,Mali,ML,Koulikoro,none,Koulikoro,Groundnuts (In Shell),Main,1997,6,1997,12,All (PS),yield,0.6879425791223084
5443,ML2016A102,Mali,ML,Koulikoro,none,Koulikoro,Groundnuts (In Shell),Main,2000,6,2000,12,All (PS),yield,0.8551327242644414
5444,ML2016A102,Mali,ML,Koulikoro,none,Koulikoro,Groundnuts (In Shell),Main,2001,6,2001,12,All (PS),yield,0.7908477559401584
5445,ML2016A102,Mali,ML,Koulikoro,none,Koulikoro,Groundnuts (In Shell),Main,2002,6,2002,12,All (PS),yield,0.6729717361459173
5446,ML2016A102,Mali,ML,Koulikoro,none,Koulikoro,Groundnuts (In Shell),Main,2003,6,2003,12,All (PS),yield,0.9097008717039824
5447,ML2016A102,Mali,ML,Koulikoro,none,Koulikoro,Groundnuts (In Shell),Main,2004,6,2004,12,All (PS),yield,0.7652734689889342
5448,ML2016A102,Mali,ML,Koulikoro,none,Koulikoro,Groundnuts (In Shell),Main,2005,6,2005,12,All (PS),yield,1.1591305239413514
5449,ML2016A102,Mali,ML,Koulikoro,none,Koulikoro,Groundnuts (In Shell),Main,2006,6,2006,12,All (PS),yield,0.7408691930967799
5450,ML2016A102,Mali,ML,Koulikoro,none,Koulikoro,Groundnuts (In Shell),Main,2007,6,2007,12,All (PS),yield,1.0194679211183757
5451,ML2016A102,Mali,ML,Koulikoro,none,Koulikoro,Groundnuts (In Shell),Main,2008,6,2008,12,All (PS),yield,0.9761231089040305
5452,ML2016A102,Mali,ML,Koulikoro,none,Koulikoro,Groundnuts (In Shell),Main,2009,6,2009,12,All (PS),yield,0.6288466684506289
5453,ML2016A102,Mali,ML,Koulikoro,none,Koulikoro,Groundnuts (In Shell),Main,2010,6,2010,12,All (PS),yield,0.8994869037216284
5454,ML2016A102,Mali,ML,Koulikoro,none,Koulikoro,Groundnuts (In Shell),Main,2011,6,2011,12,All (PS),yield,0.815
5455,ML2016A102,Mali,ML,Koulikoro,none,Koulikoro,Groundnuts (In Shell),Main,2012,6,2012,12,All (PS),yield,0.752770178199833
5456,ML2016A102,Mali,ML,Koulikoro,none,Koulikoro,Groundnuts (In Shell),Main,2013,6,2013,12,All (PS),yield,1.4985070113769512
5457,ML2016A102,Mali,ML,Koulikoro,none,Koulikoro,Groundnuts (In Shell),Main,2014,6,2014,12,All (PS),yield,2.2799499270384156
5458,ML2016A102,Mali,ML,Koulikoro,none,Koulikoro,Groundnuts (In Shell),Main,2015,6,2015,12,All (PS),yield,0.963
5459,ML2016A102,Mali,ML,Koulikoro,none,Koulikoro,Groundnuts (In Shell),Main,2016,6,2016,12,All (PS),yield,0.7999985320454479
5460,ML2016A102,Mali,ML,Koulikoro,none,Koulikoro,Groundnuts (In Shell),Main,2017,6,2017,12,All (PS),yield,0.7629249248762787
5461,ML2016A102,Mali,ML,Koulikoro,none,Koulikoro,Groundnuts (In Shell),Main,2018,6,2018,12,All (PS),yield,1.0
5462,ML2016A102,Mali,ML,Koulikoro,none,Koulikoro,Groundnuts (In Shell),Main,2019,6,2019,12,All (PS),yield,0.6614936473504803
5463,ML2016A102,Mali,ML,Koulikoro,none,Koulikoro,Groundnuts (In Shell),Main,2020,6,2020,12,All (PS),yield,1.0
5464,ML2016A102,Mali,ML,Koulikoro,none,Koulikoro,Groundnuts (In Shell),Main,2021,6,2021,12,All (PS),yield,0.4192
5465,ML2016A102,Mali,ML,Koulikoro,none,Koulikoro,Maize,Main,1974,6,1974,12,All (PS),yield,1.4064449064449065
5466,ML2016A102,Mali,ML,Koulikoro,none,Koulikoro,Maize,Main,1975,6,1975,12,All (PS),yield,1.0888232621535665
5467,ML2016A102,Mali,ML,Koulikoro,none,Koulikoro,Maize,Main,1976,6,1976,12,All (PS),yield,1.2115203021718601
5468,ML2016A102,Mali,ML,Koulikoro,none,Koulikoro,Maize,Main,1977,6,1977,12,All (PS),yield,1.4073829927488466
5469,ML2016A102,Mali,ML,Koulikoro,none,Koulikoro,Maize,Main,1978,6,1978,12,All (PS),yield,2.7911927675707204
5470,ML2016A102,Mali,ML,Koulikoro,none,Koulikoro,Maize,Main,1979,6,1979,12,All (PS),yield,1.0659583886675519
5471,ML2016A102,Mali,ML,Koulikoro,none,Koulikoro,Maize,Main,1980,6,1980,12,All (PS),yield,1.1756283805281578
5472,ML2016A102,Mali,ML,Koulikoro,none,Koulikoro,Maize,Main,1981,6,1981,12,All (PS),yield,1.0959764631043258
5473,ML2016A102,Mali,ML,Koulikoro,none,Koulikoro,Maize,Main,1983,6,1983,12,All (PS),yield,3.447856827220504
5474,ML2016A102,Mali,ML,Koulikoro,none,Koulikoro,Maize,Main,1984,6,1984,12,All (PS),yield,1.7120366513952519
5475,ML2016A102,Mali,ML,Koulikoro,none,Koulikoro,Maize,Main,1985,6,1985,12,All (PS),yield,1.5792893681736486
5476,ML2016A102,Mali,ML,Koulikoro,none,Koulikoro,Maize,Main,1986,6,1986,12,All (PS),yield,1.4471060713442003
5477,ML2016A102,Mali,ML,Koulikoro,none,Koulikoro,Maize,Main,1987,6,1987,12,All (PS),yield,1.4879572824358103
5478,ML2016A102,Mali,ML,Koulikoro,none,Koulikoro,Maize,Main,1988,6,1988,12,All (PS),yield,1.548518491817461
5479,ML2016A102,Mali,ML,Koulikoro,none,Koulikoro,Maize,Main,1989,6,1989,12,All (PS),yield,1.1565454254125942
5480,ML2016A102,Mali,ML,Koulikoro,none,Koulikoro,Maize,Main,1990,6,1990,12,All (PS),yield,0.8884523642486319
5481,ML2016A102,Mali,ML,Koulikoro,none,Koulikoro,Maize,Main,1991,6,1991,12,All (PS),yield,1.1334510509694726
5482,ML2016A102,Mali,ML,Koulikoro,none,Koulikoro,Maize,Main,1992,6,1992,12,All (PS),yield,1.1334510509694726
5483,ML2016A102,Mali,ML,Koulikoro,none,Koulikoro,Maize,Main,1993,6,1993,12,All (PS),yield,1.1512012439499792
5484,ML2016A102,Mali,ML,Koulikoro,none,Koulikoro,Maize,Main,1995,6,1995,12,All (PS),yield,1.017710324497363
5485,ML2016A102,Mali,ML,Koulikoro,none,Koulikoro,Maize,Main,1996,6,1996,12,All (PS),yield,1.4429903150445689
5486,ML2016A102,Mali,ML,Koulikoro,none,Koulikoro,Maize,Main,1997,6,1997,12,All (PS),yield,1.414064988849952
5487,ML2016A102,Mali,ML,Koulikoro,none,Koulikoro,Maize,Main,1998,6,1998,12,All (PS),yield,1.5726925291869538
5488,ML2016A102,Mali,ML,Koulikoro,none,Koulikoro,Maize,Main,1999,6,1999,12,All (PS),yield,1.1648035366850484
5489,ML2016A102,Mali,ML,Koulikoro,none,Koulikoro,Maize,Main,2000,6,2000,12,All (PS),yield,1.078033233061166
5490,ML2016A102,Mali,ML,Koulikoro,none,Koulikoro,Maize,Main,2001,6,2001,12,All (PS),yield,0.7059918357132803
5491,ML2016A102,Mali,ML,Koulikoro,none,Koulikoro,Maize,Main,2002,6,2002,12,All (PS),yield,0.8687217843467377
5492,ML2016A102,Mali,ML,Koulikoro,none,Koulikoro,Maize,Main,2003,6,2003,12,All (PS),yield,1.3755956624516903
5493,ML2016A102,Mali,ML,Koulikoro,none,Koulikoro,Maize,Main,2004,6,2004,12,All (PS),yield,1.2771336247861624
5494,ML2016A102,Mali,ML,Koulikoro,none,Koulikoro,Maize,Main,2005,6,2005,12,All (PS),yield,1.3903830137159605
5495,ML2016A102,Mali,ML,Koulikoro,none,Koulikoro,Maize,Main,2006,6,2006,12,All (PS),yield,1.331202368802401
5496,ML2016A102,Mali,ML,Koulikoro,none,Koulikoro,Maize,Main,2007,6,2007,12,All (PS),yield,1.2563934528546241
5497,ML2016A102,Mali,ML,Koulikoro,none,Koulikoro,Maize,Main,2008,6,2008,12,All (PS),yield,1.5602946656347636
5498,ML2016A102,Mali,ML,Koulikoro,none,Koulikoro,Maize,Main,2009,6,2009,12,All (PS),yield,1.6630184635384642
5499,ML2016A102,Mali,ML,Koulikoro,none,Koulikoro,Maize,Main,2010,6,2010,12,All (PS),yield,2.0189956045144495
5500,ML2016A102,Mali,ML,Koulikoro,none,Koulikoro,Maize,Main,2011,6,2011,12,All (PS),yield,1.0376897236426939
5501,ML2016A102,Mali,ML,Koulikoro,none,Koulikoro,Maize,Main,2012,6,2012,12,All (PS),yield,2.2801091646406504
5502,ML2016A102,Mali,ML,Koulikoro,none,Koulikoro,Maize,Main,2013,6,2013,12,All (PS),yield,2.2876848652384245
5503,ML2016A102,Mali,ML,Koulikoro,none,Koulikoro,Maize,Main,2014,6,2014,12,All (PS),yield,1.6854452445342283
5504,ML2016A102,Mali,ML,Koulikoro,none,Koulikoro,Maize,Main,2015,6,2015,12,All (PS),yield,2.325565353008218
5505,ML2016A102,Mali,ML,Koulikoro,none,Koulikoro,Maize,Main,2016,6,2016,12,All (PS),yield,2.1381204189550624
5506,ML2016A102,Mali,ML,Koulikoro,none,Koulikoro,Maize,Main,2017,6,2017,12,All (PS),yield,2.774850402626541
5507,ML2016A102,Mali,ML,Koulikoro,none,Koulikoro,Maize,Main,2018,6,2018,12,All (PS),yield,3.098811271335233
5508,ML2016A102,Mali,ML,Koulikoro,none,Koulikoro,Maize,Main,2019,6,2019,12,All (PS),yield,2.542239999999997
5509,ML2016A102,Mali,ML,Koulikoro,none,Koulikoro,Maize,Main,2020,6,2020,12,All (PS),yield,2.630052882591785
5510,ML2016A102,Mali,ML,Koulikoro,none,Koulikoro,Maize,Main,2021,6,2021,12,All (PS),yield,2.1567302351416404
5511,ML2016A102,Mali,ML,Koulikoro,none,Koulikoro,Maize,Main,2022,6,2022,12,All (PS),yield,2.5432039924518053
5512,ML2016A102,Mali,ML,Koulikoro,none,Koulikoro,Sorghum,Main,1983,6,1983,12,All (PS),yield,1.9031154143104565
5513,ML2016A102,Mali,ML,Koulikoro,none,Koulikoro,Sorghum,Main,1984,6,1984,12,All (PS),yield,1.3490051282051283
5514,ML2016A102,Mali,ML,Koulikoro,none,Koulikoro,Sorghum,Main,1985,6,1985,12,All (PS),yield,1.9317566219028879
5515,ML2016A102,Mali,ML,Koulikoro,none,Koulikoro,Sorghum,Main,1986,6,1986,12,All (PS),yield,1.7272019275231814
5516,ML2016A102,Mali,ML,Koulikoro,none,Koulikoro,Sorghum,Main,1987,6,1987,12,All (PS),yield,0.985999340516358
5517,ML2016A102,Mali,ML,Koulikoro,none,Koulikoro,Sorghum,Main,1988,6,1988,12,All (PS),yield,0.896999468101749
5518,ML2016A102,Mali,ML,Koulikoro,none,Koulikoro,Sorghum,Main,1989,6,1989,12,All (PS),yield,1.3389897043341719
5519,ML2016A102,Mali,ML,Koulikoro,none,Koulikoro,Sorghum,Main,1990,6,1990,12,All (PS),yield,0.5805465350034242
5520,ML2016A102,Mali,ML,Koulikoro,none,Koulikoro,Sorghum,Main,1991,6,1991,12,All (PS),yield,0.5817923667218823
5521,ML2016A102,Mali,ML,Koulikoro,none,Koulikoro,Sorghum,Main,1992,6,1992,12,All (PS),yield,0.5817923667218823
5522,ML2016A102,Mali,ML,Koulikoro,none,Koulikoro,Sorghum,Main,1993,6,1993,12,All (PS),yield,0.8486893776650876
5523,ML2016A102,Mali,ML,Koulikoro,none,Koulikoro,Sorghum,Main,1995,6,1995,12,All (PS),yield,0.929152961485525
5524,ML2016A102,Mali,ML,Koulikoro,none,Koulikoro,Sorghum,Main,1996,6,1996,12,All (PS),yield,0.9487611146786071
5525,ML2016A102,Mali,ML,Koulikoro,none,Koulikoro,Sorghum,Main,1997,6,1997,12,All (PS),yield,0.938716142320226
5526,ML2016A102,Mali,ML,Koulikoro,none,Koulikoro,Sorghum,Main,1998,6,1998,12,All (PS),yield,1.0213491931853185
5527,ML2016A102,Mali,ML,Koulikoro,none,Koulikoro,Sorghum,Main,1999,6,1999,12,All (PS),yield,0.835518131037765
5528,ML2016A102,Mali,ML,Koulikoro,none,Koulikoro,Sorghum,Main,2000,6,2000,12,All (PS),yield,0.8246125280449751
5529,ML2016A102,Mali,ML,Koulikoro,none,Koulikoro,Sorghum,Main,2001,6,2001,12,All (PS),yield,0.735634446973892
5530,ML2016A102,Mali,ML,Koulikoro,none,Koulikoro,Sorghum,Main,2002,6,2002,12,All (PS),yield,0.7158426761077861
5531,ML2016A102,Mali,ML,Koulikoro,none,Koulikoro,Sorghum,Main,2003,6,2003,12,All (PS),yield,0.8652276811579971
5532,ML2016A102,Mali,ML,Koulikoro,none,Koulikoro,Sorghum,Main,2004,6,2004,12,All (PS),yield,1.5218125813009276
5533,ML2016A102,Mali,ML,Koulikoro,none,Koulikoro,Sorghum,Main,2005,6,2005,12,All (PS),yield,0.8427029254986593
5534,ML2016A102,Mali,ML,Koulikoro,none,Koulikoro,Sorghum,Main,2006,6,2006,12,All (PS),yield,0.8171701821740843
5535,ML2016A102,Mali,ML,Koulikoro,none,Koulikoro,Sorghum,Main,2007,6,2007,12,All (PS),yield,0.8768897227808101
5536,ML2016A102,Mali,ML,Koulikoro,none,Koulikoro,Sorghum,Main,2008,6,2008,12,All (PS),yield,0.9138097584065069
5537,ML2016A102,Mali,ML,Koulikoro,none,Koulikoro,Sorghum,Main,2009,6,2009,12,All (PS),yield,1.0056985972683647
5538,ML2016A102,Mali,ML,Koulikoro,none,Koulikoro,Sorghum,Main,2010,6,2010,12,All (PS),yield,0.9769887718385573
5539,ML2016A102,Mali,ML,Koulikoro,none,Koulikoro,Sorghum,Main,2011,6,2011,12,All (PS),yield,0.6360634201510929
5540,ML2016A102,Mali,ML,Koulikoro,none,Koulikoro,Sorghum,Main,2012,6,2012,12,All (PS),yield,0.914414949286308
5541,ML2016A102,Mali,ML,Koulikoro,none,Koulikoro,Sorghum,Main,2013,6,2013,12,All (PS),yield,0.8631607851306183
5542,ML2016A102,Mali,ML,Koulikoro,none,Koulikoro,Sorghum,Main,2014,6,2014,12,All (PS),yield,1.0
5543,ML2016A102,Mali,ML,Koulikoro,none,Koulikoro,Sorghum,Main,2015,6,2015,12,All (PS),yield,1.087995968608146
5544,ML2016A102,Mali,ML,Koulikoro,none,Koulikoro,Sorghum,Main,2016,6,2016,12,All (PS),yield,0.992865112620961
5545,ML2016A102,Mali,ML,Koulikoro,none,Koulikoro,Sorghum,Main,2017,6,2017,12,All (PS),yield,0.9067791961247488
5546,ML2016A102,Mali,ML,Koulikoro,none,Koulikoro,Sorghum,Main,2018,6,2018,12,All (PS),yield,0.9053260303848918
5547,ML2016A102,Mali,ML,Koulikoro,none,Koulikoro,Sorghum,Main,2019,6,2019,12,All (PS),yield,0.9469200000000007
5548,ML2016A102,Mali,ML,Koulikoro,none,Koulikoro,Sorghum,Main,2020,6,2020,12,All (PS),yield,0.9042398570565018
5549,ML2016A102,Mali,ML,Koulikoro,none,Koulikoro,Sorghum,Main,2021,6,2021,12,All (PS),yield,0.8001059286002361
5550,ML2016A102,Mali,ML,Koulikoro,none,Koulikoro,Sorghum,Main,2022,6,2022,12,All (PS),yield,0.9519111859463684
5551,ML2016A102,Mali,ML,Koulikoro,none,Koulikoro,Millet,Main,1983,6,1983,12,All (PS),yield,0.23630308493589744
5552,ML2016A102,Mali,ML,Koulikoro,none,Koulikoro,Millet,Main,1984,6,1984,12,All (PS),yield,1.0441843261824986
5553,ML2016A102,Mali,ML,Koulikoro,none,Koulikoro,Millet,Main,1985,6,1985,12,All (PS),yield,1.5318488258143734
5554,ML2016A102,Mali,ML,Koulikoro,none,Koulikoro,Millet,Main,1986,6,1986,12,All (PS),yield,0.9895969237107739
5555,ML2016A102,Mali,ML,Koulikoro,none,Koulikoro,Millet,Main,1987,6,1987,12,All (PS),yield,1.248643231922895
5556,ML2016A102,Mali,ML,Koulikoro,none,Koulikoro,Millet,Main,1988,6,1988,12,All (PS),yield,1.2614135817754115
5557,ML2016A102,Mali,ML,Koulikoro,none,Koulikoro,Millet,Main,1989,6,1989,12,All (PS),yield,1.1789849704178041
5558,ML2016A102,Mali,ML,Koulikoro,none,Koulikoro,Millet,Main,1990,6,1990,12,All (PS),yield,0.5157977934692438
5559,ML2016A102,Mali,ML,Koulikoro,none,Koulikoro,Millet,Main,1991,6,1991,12,All (PS),yield,0.6783884880725615
5560,ML2016A102,Mali,ML,Koulikoro,none,Koulikoro,Millet,Main,1992,6,1992,12,All (PS),yield,0.47160016186180553
5561,ML2016A102,Mali,ML,Koulikoro,none,Koulikoro,Millet,Main,1993,6,1993,12,All (PS),yield,0.5703041854815919
5562,ML2016A102,Mali,ML,Koulikoro,none,Koulikoro,Millet,Main,1995,6,1995,12,All (PS),yield,0.7413206404876724
5563,ML2016A102,Mali,ML,Koulikoro,none,Koulikoro,Millet,Main,1996,6,1996,12,All (PS),yield,0.8062281869535495
5564,ML2016A102,Mali,ML,Koulikoro,none,Koulikoro,Millet,Main,1997,6,1997,12,All (PS),yield,0.8829453812316715
5565,ML2016A102,Mali,ML,Koulikoro,none,Koulikoro,Millet,Main,1998,6,1998,12,All (PS),yield,0.9438760823731688
5566,ML2016A102,Mali,ML,Koulikoro,none,Koulikoro,Millet,Main,1999,6,1999,12,All (PS),yield,0.7124910598394745
5567,ML2016A102,Mali,ML,Koulikoro,none,Koulikoro,Millet,Main,2000,6,2000,12,All (PS),yield,0.6731515836548149
5568,ML2016A102,Mali,ML,Koulikoro,none,Koulikoro,Millet,Main,2001,6,2001,12,All (PS),yield,0.6091329626957518
5569,ML2016A102,Mali,ML,Koulikoro,none,Koulikoro,Millet,Main,2002,6,2002,12,All (PS),yield,0.6717128007875999
5570,ML2016A102,Mali,ML,Koulikoro,none,Koulikoro,Millet,Main,2003,6,2003,12,All (PS),yield,0.6313339343446904
5571,ML2016A102,Mali,ML,Koulikoro,none,Koulikoro,Millet,Main,2004,6,2004,12,All (PS),yield,0.8189210328504967
5572,ML2016A102,Mali,ML,Koulikoro,none,Koulikoro,Millet,Main,2005,6,2005,12,All (PS),yield,0.8610112398171381
5573,ML2016A102,Mali,ML,Koulikoro,none,Koulikoro,Millet,Main,2006,6,2006,12,All (PS),yield,0.7987077534594361
5574,ML2016A102,Mali,ML,Koulikoro,none,Koulikoro,Millet,Main,2007,6,2007,12,All (PS),yield,0.8973368303756076
5575,ML2016A102,Mali,ML,Koulikoro,none,Koulikoro,Millet,Main,2008,6,2008,12,All (PS),yield,0.8740586555885331
5576,ML2016A102,Mali,ML,Koulikoro,none,Koulikoro,Millet,Main,2009,6,2009,12,All (PS),yield,1.0268856938099078
5577,ML2016A102,Mali,ML,Koulikoro,none,Koulikoro,Millet,Main,2010,6,2010,12,All (PS),yield,1.0139488025893435
5578,ML2016A102,Mali,ML,Koulikoro,none,Koulikoro,Millet,Main,2011,6,2011,12,All (PS),yield,0.6890967260604512
5579,ML2016A102,Mali,ML,Koulikoro,none,Koulikoro,Millet,Main,2012,6,2012,12,All (PS),yield,1.0259990723335692
5580,ML2016A102,Mali,ML,Koulikoro,none,Koulikoro,Millet,Main,2013,6,2013,12,All (PS),yield,0.7678307618825464
5581,ML2016A102,Mali,ML,Koulikoro,none,Koulikoro,Millet,Main,2014,6,2014,12,All (PS),yield,1.0
5582,ML2016A102,Mali,ML,Koulikoro,none,Koulikoro,Millet,Main,2015,6,2015,12,All (PS),yield,0.9221062470789843
5583,ML2016A102,Mali,ML,Koulikoro,none,Koulikoro,Millet,Main,2016,6,2016,12,All (PS),yield,1.0378243083047451
5584,ML2016A102,Mali,ML,Koulikoro,none,Koulikoro,Millet,Main,2017,6,2017,12,All (PS),yield,0.7519887677889172
5585,ML2016A102,Mali,ML,Koulikoro,none,Koulikoro,Millet,Main,2018,6,2018,12,All (PS),yield,0.8430015996673615
5586,ML2016A102,Mali,ML,Koulikoro,none,Koulikoro,Millet,Main,2019,6,2019,12,All (PS),yield,0.8803600000000014
5587,ML2016A102,Mali,ML,Koulikoro,none,Koulikoro,Millet,Main,2020,6,2020,12,All (PS),yield,0.9637894003883648
5588,ML2016A102,Mali,ML,Koulikoro,none,Koulikoro,Millet,Main,2021,6,2021,12,All (PS),yield,0.7091297999179398
5589,ML2016A102,Mali,ML,Koulikoro,none,Koulikoro,Millet,Main,2022,6,2022,12,All (PS),yield,0.9010010913647448
5590,ML2016A102,Mali,ML,Koulikoro,none,Koulikoro,Sweet Potatoes,Main,2001,6,2001,12,All (PS),yield,1.6802030456852792
5591,ML2016A102,Mali,ML,Koulikoro,none,Koulikoro,Sweet Potatoes,Main,2013,6,2013,12,All (PS),yield,10.378205128205128
5592,ML2016A102,Mali,ML,Koulikoro,none,Koulikoro,Wheat,Main,2008,6,2008,12,All (PS),yield,1.65
5593,ML2016A102,Mali,ML,Koulikoro,none,Koulikoro,Sesame Seed,Main,2004,6,2004,12,All (PS),yield,0.29320113314447593
5594,ML2016A102,Mali,ML,Koulikoro,none,Koulikoro,Sesame Seed,Main,2005,6,2005,12,All (PS),yield,0.20202471341372635
5595,ML2016A102,Mali,ML,Koulikoro,none,Koulikoro,Sesame Seed,Main,2006,6,2006,12,All (PS),yield,0.21998312869059894
5596,ML2016A102,Mali,ML,Koulikoro,none,Koulikoro,Sesame Seed,Main,2007,6,2007,12,All (PS),yield,0.16089734066260586
5597,ML2016A102,Mali,ML,Koulikoro,none,Koulikoro,Sesame Seed,Main,2008,6,2008,12,All (PS),yield,0.26560310445187024
5598,ML2016A102,Mali,ML,Koulikoro,none,Koulikoro,Sesame Seed,Main,2009,6,2009,12,All (PS),yield,0.393217006635537
5599,ML2016A102,Mali,ML,Koulikoro,none,Koulikoro,Sesame Seed,Main,2010,6,2010,12,All (PS),yield,0.3529837489308507
5600,ML2016A102,Mali,ML,Koulikoro,none,Koulikoro,Sesame Seed,Main,2011,6,2011,12,All (PS),yield,0.4806583906007537
5601,ML2016A102,Mali,ML,Koulikoro,none,Koulikoro,Sesame Seed,Main,2012,6,2012,12,All (PS),yield,0.26973555337904015
5602,ML2016A102,Mali,ML,Koulikoro,none,Koulikoro,Sesame Seed,Main,2013,6,2013,12,All (PS),yield,0.2916438677401704
5603,ML2016A102,Mali,ML,Koulikoro,none,Koulikoro,Sesame Seed,Main,2014,6,2014,12,All (PS),yield,0.412
5604,ML2016A102,Mali,ML,Koulikoro,none,Koulikoro,Sesame Seed,Main,2015,6,2015,12,All (PS),yield,0.48600000000000004
5605,ML2016A102,Mali,ML,Koulikoro,none,Koulikoro,Sesame Seed,Main,2016,6,2016,12,All (PS),yield,0.4
5606,ML2016A102,Mali,ML,Koulikoro,none,Koulikoro,Sesame Seed,Main,2017,6,2017,12,All (PS),yield,0.379123584441162
5607,ML2016A102,Mali,ML,Koulikoro,none,Koulikoro,Sesame Seed,Main,2018,6,2018,12,All (PS),yield,0.37900826785384567
5608,ML2016A102,Mali,ML,Koulikoro,none,Koulikoro,Sesame Seed,Main,2020,6,2020,12,All (PS),yield,0.37900233307410286
5609,ML2016A102,Mali,ML,Koulikoro,none,Koulikoro,Sesame Seed,Main,2021,6,2021,12,All (PS),yield,0.2923
5610,ML2016A102,Mali,ML,Koulikoro,none,Koulikoro,Soybean,Main,2013,6,2013,12,All (PS),yield,0.7764705882352941
5611,ML2016A102,Mali,ML,Koulikoro,none,Koulikoro,Soybean,Main,2014,6,2014,12,All (PS),yield,0.3333333333333333
5612,ML2016A102,Mali,ML,Koulikoro,none,Koulikoro,Soybean,Main,2015,6,2015,12,All (PS),yield,0.2
5613,ML2016A102,Mali,ML,Koulikoro,none,Koulikoro,Soybean,Main,2016,6,2016,12,All (PS),yield,0.45
5614,ML2016A102,Mali,ML,Koulikoro,none,Koulikoro,Soybean,Main,2017,6,2017,12,All (PS),yield,0.6957605985037406
5615,ML2016A102,Mali,ML,Koulikoro,none,Koulikoro,Soybean,Main,2018,6,2018,12,All (PS),yield,0.7182044887780549
5616,ML2016A102,Mali,ML,Koulikoro,none,Koulikoro,Soybean,Main,2020,6,2020,12,All (PS),yield,0.7192660550458716
5617,ML2016A102,Mali,ML,Koulikoro,none,Koulikoro,Soybean,Main,2021,6,2021,12,All (PS),yield,0.8512
5618,ML2016A103,Mali,ML,Sikasso,none,Sikasso,Bambara groundnut,Main,1984,6,1984,12,All (PS),yield,1.008123476848091
5619,ML2016A103,Mali,ML,Sikasso,none,Sikasso,Bambara groundnut,Main,1985,6,1985,12,All (PS),yield,0.8908895458210159
5620,ML2016A103,Mali,ML,Sikasso,none,Sikasso,Bambara groundnut,Main,1987,6,1987,12,All (PS),yield,0.7070506454816285
5621,ML2016A103,Mali,ML,Sikasso,none,Sikasso,Bambara groundnut,Main,1988,6,1988,12,All (PS),yield,0.38675022381378693
5622,ML2016A103,Mali,ML,Sikasso,none,Sikasso,Bambara groundnut,Main,1989,6,1989,12,All (PS),yield,0.8387909319899244
5623,ML2016A103,Mali,ML,Sikasso,none,Sikasso,Bambara groundnut,Main,1990,6,1990,12,All (PS),yield,1.4845600185744137
5624,ML2016A103,Mali,ML,Sikasso,none,Sikasso,Bambara groundnut,Main,1992,6,1992,12,All (PS),yield,0.3128804480155831
5625,ML2016A103,Mali,ML,Sikasso,none,Sikasso,Bambara groundnut,Main,1993,6,1993,12,All (PS),yield,0.2229445046346455
5626,ML2016A103,Mali,ML,Sikasso,none,Sikasso,Bambara groundnut,Main,1994,6,1994,12,All (PS),yield,0.5248518011855905
5627,ML2016A103,Mali,ML,Sikasso,none,Sikasso,Bambara groundnut,Main,1995,6,1995,12,All (PS),yield,0.5243958048335613
5628,ML2016A103,Mali,ML,Sikasso,none,Sikasso,Bambara groundnut,Main,1996,6,1996,12,All (PS),yield,0.9469026548672567
5629,ML2016A103,Mali,ML,Sikasso,none,Sikasso,Bambara groundnut,Main,1997,6,1997,12,All (PS),yield,0.1463607594936709
5630,ML2016A103,Mali,ML,Sikasso,none,Sikasso,Bambara groundnut,Main,1998,6,1998,12,All (PS),yield,1.0061099796334012
5631,ML2016A103,Mali,ML,Sikasso,none,Sikasso,Bambara groundnut,Main,2000,6,2000,12,All (PS),yield,0.8084714548802947
5632,ML2016A103,Mali,ML,Sikasso,none,Sikasso,Bambara groundnut,Main,2002,6,2002,12,All (PS),yield,0.5843179377013964
5633,ML2016A103,Mali,ML,Sikasso,none,Sikasso,Bambara groundnut,Main,2003,6,2003,12,All (PS),yield,0.6505263157894737
5634,ML2016A103,Mali,ML,Sikasso,none,Sikasso,Bambara groundnut,Main,2004,6,2004,12,All (PS),yield,0.5714285714285714
5635,ML2016A103,Mali,ML,Sikasso,none,Sikasso,Bambara groundnut,Main,2005,6,2005,12,All (PS),yield,0.6758241758241759
5636,ML2016A103,Mali,ML,Sikasso,none,Sikasso,Bambara groundnut,Main,2006,6,2006,12,All (PS),yield,0.8659450480265389
5637,ML2016A103,Mali,ML,Sikasso,none,Sikasso,Bambara groundnut,Main,2007,6,2007,12,All (PS),yield,1.146964389959136
5638,ML2016A103,Mali,ML,Sikasso,none,Sikasso,Bambara groundnut,Main,2008,6,2008,12,All (PS),yield,0.5908904390644235
5639,ML2016A103,Mali,ML,Sikasso,none,Sikasso,Bambara groundnut,Main,2009,6,2009,12,All (PS),yield,0.6233248822890257
5640,ML2016A103,Mali,ML,Sikasso,none,Sikasso,Bambara groundnut,Main,2010,6,2010,12,All (PS),yield,0.6342317115855792
5641,ML2016A103,Mali,ML,Sikasso,none,Sikasso,Bambara groundnut,Main,2011,6,2011,12,All (PS),yield,0.5223826714801444
5642,ML2016A103,Mali,ML,Sikasso,none,Sikasso,Bambara groundnut,Main,2012,6,2012,12,All (PS),yield,0.5838905775075988
5643,ML2016A103,Mali,ML,Sikasso,none,Sikasso,Bambara groundnut,Main,2013,6,2013,12,All (PS),yield,0.5130922693266833
5644,ML2016A103,Mali,ML,Sikasso,none,Sikasso,Bambara groundnut,Main,2014,6,2014,12,All (PS),yield,0.5730095296649247
5645,ML2016A103,Mali,ML,Sikasso,none,Sikasso,Bambara groundnut,Main,2015,6,2015,12,All (PS),yield,0.5730000000000001
5646,ML2016A103,Mali,ML,Sikasso,none,Sikasso,Bambara groundnut,Main,2016,6,2016,12,All (PS),yield,0.6
5647,ML2016A103,Mali,ML,Sikasso,none,Sikasso,Bambara groundnut,Main,2017,6,2017,12,All (PS),yield,0.5075316328580036
5648,ML2016A103,Mali,ML,Sikasso,none,Sikasso,Bambara groundnut,Main,2018,6,2018,12,All (PS),yield,0.5089375376581643
5649,ML2016A103,Mali,ML,Sikasso,none,Sikasso,Bambara groundnut,Main,2019,6,2019,12,All (PS),yield,0.5489347536617842
5650,ML2016A103,Mali,ML,Sikasso,none,Sikasso,Bambara groundnut,Main,2020,6,2020,12,All (PS),yield,0.5089307265266715
5651,ML2016A103,Mali,ML,Sikasso,none,Sikasso,Bambara groundnut,Main,2021,6,2021,12,All (PS),yield,0.5641
5652,ML2016A103,Mali,ML,Sikasso,none,Sikasso,Cotton,Main,1982,6,1982,12,All (PS),yield,1.1821592627464408
5653,ML2016A103,Mali,ML,Sikasso,none,Sikasso,Cotton,Main,1983,6,1983,12,All (PS),yield,1.0798459167950694
5654,ML2016A103,Mali,ML,Sikasso,none,Sikasso,Cotton,Main,1984,6,1984,12,All (PS),yield,1.152072831750835
5655,ML2016A103,Mali,ML,Sikasso,none,Sikasso,Cotton,Main,1985,6,1985,12,All (PS),yield,1.3874433973809814
5656,ML2016A103,Mali,ML,Sikasso,none,Sikasso,Cotton,Main,1986,6,1986,12,All (PS),yield,1.6516027020762276
5657,ML2016A103,Mali,ML,Sikasso,none,Sikasso,Cotton,Main,1987,6,1987,12,All (PS),yield,1.3764849817369411
5658,ML2016A103,Mali,ML,Sikasso,none,Sikasso,Cotton,Main,1988,6,1988,12,All (PS),yield,0.9798609419004607
5659,ML2016A103,Mali,ML,Sikasso,none,Sikasso,Cotton,Main,1989,6,1989,12,All (PS),yield,1.2106235927321767
5660,ML2016A103,Mali,ML,Sikasso,none,Sikasso,Cotton,Main,1990,6,1990,12,All (PS),yield,1.342486695534327
5661,ML2016A103,Mali,ML,Sikasso,none,Sikasso,Cotton,Main,1991,6,1991,12,All (PS),yield,1.7198638795906847
5662,ML2016A103,Mali,ML,Sikasso,none,Sikasso,Cotton,Main,1992,6,1992,12,All (PS),yield,1.7198638795906847
5663,ML2016A103,Mali,ML,Sikasso,none,Sikasso,Cotton,Main,1993,6,1993,12,All (PS),yield,1.4638714500454169
5664,ML2016A103,Mali,ML,Sikasso,none,Sikasso,Cotton,Main,1994,6,1994,12,All (PS),yield,0.9246287998594271
5665,ML2016A103,Mali,ML,Sikasso,none,Sikasso,Cotton,Main,1995,6,1995,12,All (PS),yield,1.246422519299567
5666,ML2016A103,Mali,ML,Sikasso,none,Sikasso,Cotton,Main,1996,6,1996,12,All (PS),yield,1.1167000479777018
5667,ML2016A103,Mali,ML,Sikasso,none,Sikasso,Cotton,Main,1997,6,1997,12,All (PS),yield,1.0630065395527457
5668,ML2016A103,Mali,ML,Sikasso,none,Sikasso,Cotton,Main,2000,6,2000,12,All (PS),yield,1.109645013349865
5669,ML2016A103,Mali,ML,Sikasso,none,Sikasso,Cotton,Main,2001,6,2001,12,All (PS),yield,1.108269482429882
5670,ML2016A103,Mali,ML,Sikasso,none,Sikasso,Cotton,Main,2002,6,2002,12,All (PS),yield,1.0669807911996467
5671,ML2016A103,Mali,ML,Sikasso,none,Sikasso,Cotton,Main,2003,6,2003,12,All (PS),yield,1.2100313104282285
5672,ML2016A103,Mali,ML,Sikasso,none,Sikasso,Cotton,Main,2004,6,2004,12,All (PS),yield,1.0943329875855874
5673,ML2016A103,Mali,ML,Sikasso,none,Sikasso,Cotton,Main,2005,6,2005,12,All (PS),yield,0.9950447056899744
5674,ML2016A103,Mali,ML,Sikasso,none,Sikasso,Cotton,Main,2006,6,2006,12,All (PS),yield,0.8703727071074687
5675,ML2016A103,Mali,ML,Sikasso,none,Sikasso,Cotton,Main,2007,6,2007,12,All (PS),yield,0.8925455513423657
5676,ML2016A103,Mali,ML,Sikasso,none,Sikasso,Cotton,Main,2008,6,2008,12,All (PS),yield,1.1062518846934368
5677,ML2016A103,Mali,ML,Sikasso,none,Sikasso,Cotton,Main,2009,6,2009,12,All (PS),yield,1.0329954296219634
5678,ML2016A103,Mali,ML,Sikasso,none,Sikasso,Cotton,Main,2010,6,2010,12,All (PS),yield,0.8784572579051647
5679,ML2016A103,Mali,ML,Sikasso,none,Sikasso,Cotton,Main,2011,6,2011,12,All (PS),yield,0.9584853631059472
5680,ML2016A103,Mali,ML,Sikasso,none,Sikasso,Cotton,Main,2012,6,2012,12,All (PS),yield,0.8911654152281885
5681,ML2016A103,Mali,ML,Sikasso,none,Sikasso,Cotton,Main,2013,6,2013,12,All (PS),yield,0.9945904389152922
5682,ML2016A103,Mali,ML,Sikasso,none,Sikasso,Cotton,Main,2014,6,2014,12,All (PS),yield,1.0634204045450408
5683,ML2016A103,Mali,ML,Sikasso,none,Sikasso,Cotton,Main,2015,6,2015,12,All (PS),yield,0.9715400286073426
5684,ML2016A103,Mali,ML,Sikasso,none,Sikasso,Cotton,Main,2016,6,2016,12,All (PS),yield,1.042
5685,ML2016A103,Mali,ML,Sikasso,none,Sikasso,Cotton,Main,2017,6,2017,12,All (PS),yield,1.0379128400010054
5686,ML2016A103,Mali,ML,Sikasso,none,Sikasso,Cotton,Main,2019,6,2019,12,All (PS),yield,0.9365813337007073
5687,ML2016A103,Mali,ML,Sikasso,none,Sikasso,Cotton,Main,2020,6,2020,12,All (PS),yield,0.7975801958131019
5688,ML2016A103,Mali,ML,Sikasso,none,Sikasso,Cotton,Main,2021,6,2021,12,All (PS),yield,1.0676459682118533
5689,ML2016A103,Mali,ML,Sikasso,none,Sikasso,Rice,Main,1982,6,1982,12,All (PS),yield,1.06602902928098
5690,ML2016A103,Mali,ML,Sikasso,none,Sikasso,Rice,Main,1983,6,1983,12,All (PS),yield,1.2490414569853823
5691,ML2016A103,Mali,ML,Sikasso,none,Sikasso,Rice,Main,1984,6,1984,12,All (PS),yield,0.7443640705105695
5692,ML2016A103,Mali,ML,Sikasso,none,Sikasso,Rice,Main,1985,6,1985,12,All (PS),yield,1.1383449147188882
5693,ML2016A103,Mali,ML,Sikasso,none,Sikasso,Rice,Main,1986,6,1986,12,All (PS),yield,1.1804679837466723
5694,ML2016A103,Mali,ML,Sikasso,none,Sikasso,Rice,Main,1987,6,1987,12,All (PS),yield,1.2158124948419575
5695,ML2016A103,Mali,ML,Sikasso,none,Sikasso,Rice,Main,1988,6,1988,12,All (PS),yield,0.8784920552497664
5696,ML2016A103,Mali,ML,Sikasso,none,Sikasso,Rice,Main,1989,6,1989,12,All (PS),yield,1.822895772973776
5697,ML2016A103,Mali,ML,Sikasso,none,Sikasso,Rice,Main,1990,6,1990,12,All (PS),yield,0.9490491567994259
5698,ML2016A103,Mali,ML,Sikasso,none,Sikasso,Rice,Main,1991,6,1991,12,All (PS),yield,5.590271593944791
5699,ML2016A103,Mali,ML,Sikasso,none,Sikasso,Rice,Main,1992,6,1992,12,All (PS),yield,5.590271593944791
5700,ML2016A103,Mali,ML,Sikasso,none,Sikasso,Rice,Main,1993,6,1993,12,All (PS),yield,1.5914026024256154
5701,ML2016A103,Mali,ML,Sikasso,none,Sikasso,Rice,Main,1994,6,1994,12,All (PS),yield,1.3441760554118627
5702,ML2016A103,Mali,ML,Sikasso,none,Sikasso,Rice,Main,1995,6,1995,12,All (PS),yield,1.3667496886674968
5703,ML2016A103,Mali,ML,Sikasso,none,Sikasso,Rice,Main,1996,6,1996,12,All (PS),yield,1.4601420678768746
5704,ML2016A103,Mali,ML,Sikasso,none,Sikasso,Rice,Main,1998,6,1998,12,All (PS),yield,1.59940300654535
5705,ML2016A103,Mali,ML,Sikasso,none,Sikasso,Rice,Main,1999,6,1999,12,All (PS),yield,1.5136158586949615
5706,ML2016A103,Mali,ML,Sikasso,none,Sikasso,Rice,Main,2000,6,2000,12,All (PS),yield,1.4315510166301564
5707,ML2016A103,Mali,ML,Sikasso,none,Sikasso,Rice,Main,2001,6,2001,12,All (PS),yield,1.3059494654719832
5708,ML2016A103,Mali,ML,Sikasso,none,Sikasso,Rice,Main,2002,6,2002,12,All (PS),yield,1.1696344004546315
5709,ML2016A103,Mali,ML,Sikasso,none,Sikasso,Rice,Main,2003,6,2003,12,All (PS),yield,1.6924504137659266
5710,ML2016A103,Mali,ML,Sikasso,none,Sikasso,Rice,Main,2004,6,2004,12,All (PS),yield,4.186218972087754
5711,ML2016A103,Mali,ML,Sikasso,none,Sikasso,Rice,Main,2005,6,2005,12,All (PS),yield,1.991824143220782
5712,ML2016A103,Mali,ML,Sikasso,none,Sikasso,Rice,Main,2006,6,2006,12,All (PS),yield,1.8873256834424406
5713,ML2016A103,Mali,ML,Sikasso,none,Sikasso,Rice,Main,2007,6,2007,12,All (PS),yield,2.3994922903347122
5714,ML2016A103,Mali,ML,Sikasso,none,Sikasso,Rice,Main,2008,6,2008,12,All (PS),yield,2.1177811044577513
5715,ML2016A103,Mali,ML,Sikasso,none,Sikasso,Rice,Main,2009,6,2009,12,All (PS),yield,3.0214603799762796
5716,ML2016A103,Mali,ML,Sikasso,none,Sikasso,Rice,Main,2010,6,2010,12,All (PS),yield,2.8386128657176077
5717,ML2016A103,Mali,ML,Sikasso,none,Sikasso,Rice,Main,2011,6,2011,12,All (PS),yield,1.4395431855549465
5718,ML2016A103,Mali,ML,Sikasso,none,Sikasso,Rice,Main,2012,6,2012,12,All (PS),yield,2.736979734146873
5719,ML2016A103,Mali,ML,Sikasso,none,Sikasso,Rice,Main,2013,6,2013,12,All (PS),yield,2.811847746070238
5720,ML2016A103,Mali,ML,Sikasso,none,Sikasso,Rice,Main,2014,6,2014,12,All (PS),yield,2.9663073224237455
5721,ML2016A103,Mali,ML,Sikasso,none,Sikasso,Rice,Main,2015,6,2015,12,All (PS),yield,2.5631825989510135
5722,ML2016A103,Mali,ML,Sikasso,none,Sikasso,Rice,Main,2016,6,2016,12,All (PS),yield,2.978484027968193
5723,ML2016A103,Mali,ML,Sikasso,none,Sikasso,Rice,Main,2017,6,2017,12,All (PS),yield,3.63126339570179
5724,ML2016A103,Mali,ML,Sikasso,none,Sikasso,Rice,Main,2018,6,2018,12,All (PS),yield,2.9404203223831873
5725,ML2016A103,Mali,ML,Sikasso,none,Sikasso,Rice,Main,2019,6,2019,12,All (PS),yield,2.541474577971488
5726,ML2016A103,Mali,ML,Sikasso,none,Sikasso,Rice,Main,2020,6,2020,12,All (PS),yield,2.625276081958115
5727,ML2016A103,Mali,ML,Sikasso,none,Sikasso,Rice,Main,2021,6,2021,12,All (PS),yield,2.6272393747428087
5728,ML2016A103,Mali,ML,Sikasso,none,Sikasso,Rice,Main,2022,6,2022,12,All (PS),yield,2.6682349027574817
5729,ML2016A103,Mali,ML,Sikasso,none,Sikasso,Cowpea,Main,1984,6,1984,12,All (PS),yield,0.3116400080617087
5730,ML2016A103,Mali,ML,Sikasso,none,Sikasso,Cowpea,Main,1985,6,1985,12,All (PS),yield,0.19686213261394292
5731,ML2016A103,Mali,ML,Sikasso,none,Sikasso,Cowpea,Main,1986,6,1986,12,All (PS),yield,0.24027368923542047
5732,ML2016A103,Mali,ML,Sikasso,none,Sikasso,Cowpea,Main,1987,6,1987,12,All (PS),yield,0.2246277061694406
5733,ML2016A103,Mali,ML,Sikasso,none,Sikasso,Cowpea,Main,1988,6,1988,12,All (PS),yield,0.29224366962123527
5734,ML2016A103,Mali,ML,Sikasso,none,Sikasso,Cowpea,Main,1989,6,1989,12,All (PS),yield,0.012726927999241598
5735,ML2016A103,Mali,ML,Sikasso,none,Sikasso,Cowpea,Main,1990,6,1990,12,All (PS),yield,0.2512914762567057
5736,ML2016A103,Mali,ML,Sikasso,none,Sikasso,Cowpea,Main,1991,6,1991,12,All (PS),yield,0.33414932680538556
5737,ML2016A103,Mali,ML,Sikasso,none,Sikasso,Cowpea,Main,1992,6,1992,12,All (PS),yield,0.33414932680538556
5738,ML2016A103,Mali,ML,Sikasso,none,Sikasso,Cowpea,Main,1993,6,1993,12,All (PS),yield,0.0777139785106812
5739,ML2016A103,Mali,ML,Sikasso,none,Sikasso,Cowpea,Main,1994,6,1994,12,All (PS),yield,0.46024593842563505
5740,ML2016A103,Mali,ML,Sikasso,none,Sikasso,Cowpea,Main,1995,6,1995,12,All (PS),yield,0.4606049726236424
5741,ML2016A103,Mali,ML,Sikasso,none,Sikasso,Cowpea,Main,1996,6,1996,12,All (PS),yield,0.4237851621128738
5742,ML2016A103,Mali,ML,Sikasso,none,Sikasso,Cowpea,Main,1997,6,1997,12,All (PS),yield,0.42621034516348993
5743,ML2016A103,Mali,ML,Sikasso,none,Sikasso,Cowpea,Main,1998,6,1998,12,All (PS),yield,0.44254604337232706
5744,ML2016A103,Mali,ML,Sikasso,none,Sikasso,Cowpea,Main,2000,6,2000,12,All (PS),yield,0.430314927029103
5745,ML2016A103,Mali,ML,Sikasso,none,Sikasso,Cowpea,Main,2001,6,2001,12,All (PS),yield,0.4574149336972322
5746,ML2016A103,Mali,ML,Sikasso,none,Sikasso,Cowpea,Main,2002,6,2002,12,All (PS),yield,2.4369969266793503
5747,ML2016A103,Mali,ML,Sikasso,none,Sikasso,Cowpea,Main,2003,6,2003,12,All (PS),yield,0.4134639398396093
5748,ML2016A103,Mali,ML,Sikasso,none,Sikasso,Cowpea,Main,2004,6,2004,12,All (PS),yield,0.2858088834555827
5749,ML2016A103,Mali,ML,Sikasso,none,Sikasso,Cowpea,Main,2005,6,2005,12,All (PS),yield,0.31680135557872785
5750,ML2016A103,Mali,ML,Sikasso,none,Sikasso,Cowpea,Main,2006,6,2006,12,All (PS),yield,0.39946827375032967
5751,ML2016A103,Mali,ML,Sikasso,none,Sikasso,Cowpea,Main,2007,6,2007,12,All (PS),yield,0.4654916448004419
5752,ML2016A103,Mali,ML,Sikasso,none,Sikasso,Cowpea,Main,2008,6,2008,12,All (PS),yield,0.5016690269067368
5753,ML2016A103,Mali,ML,Sikasso,none,Sikasso,Cowpea,Main,2009,6,2009,12,All (PS),yield,0.39830231798889976
5754,ML2016A103,Mali,ML,Sikasso,none,Sikasso,Cowpea,Main,2010,6,2010,12,All (PS),yield,0.352493465224745
5755,ML2016A103,Mali,ML,Sikasso,none,Sikasso,Cowpea,Main,2011,6,2011,12,All (PS),yield,0.3791925892489157
5756,ML2016A103,Mali,ML,Sikasso,none,Sikasso,Cowpea,Main,2012,6,2012,12,All (PS),yield,0.4
5757,ML2016A103,Mali,ML,Sikasso,none,Sikasso,Cowpea,Main,2013,6,2013,12,All (PS),yield,0.9320645115587145
5758,ML2016A103,Mali,ML,Sikasso,none,Sikasso,Cowpea,Main,2014,6,2014,12,All (PS),yield,0.40367752857450934
5759,ML2016A103,Mali,ML,Sikasso,none,Sikasso,Cowpea,Main,2015,6,2015,12,All (PS),yield,0.3955545622804477
5760,ML2016A103,Mali,ML,Sikasso,none,Sikasso,Cowpea,Main,2016,6,2016,12,All (PS),yield,0.44042490985284083
5761,ML2016A103,Mali,ML,Sikasso,none,Sikasso,Cowpea,Main,2017,6,2017,12,All (PS),yield,0.3086324002914287
5762,ML2016A103,Mali,ML,Sikasso,none,Sikasso,Cowpea,Main,2018,6,2018,12,All (PS),yield,0.3533235280163211
5763,ML2016A103,Mali,ML,Sikasso,none,Sikasso,Cowpea,Main,2019,6,2019,12,All (PS),yield,0.42692046227056424
5764,ML2016A103,Mali,ML,Sikasso,none,Sikasso,Cowpea,Main,2020,6,2020,12,All (PS),yield,0.4199977338251772
5765,ML2016A103,Mali,ML,Sikasso,none,Sikasso,Cowpea,Main,2021,6,2021,12,All (PS),yield,0.4698
5766,ML2016A103,Mali,ML,Sikasso,none,Sikasso,Fonio,Main,1982,6,1982,12,All (PS),yield,1.1867644688054166
5767,ML2016A103,Mali,ML,Sikasso,none,Sikasso,Fonio,Main,1983,6,1983,12,All (PS),yield,0.9251052920710493
5768,ML2016A103,Mali,ML,Sikasso,none,Sikasso,Fonio,Main,1984,6,1984,12,All (PS),yield,0.9333284703479466
5769,ML2016A103,Mali,ML,Sikasso,none,Sikasso,Fonio,Main,1985,6,1985,12,All (PS),yield,0.7093785508259768
5770,ML2016A103,Mali,ML,Sikasso,none,Sikasso,Fonio,Main,1986,6,1986,12,All (PS),yield,0.599889114766217
5771,ML2016A103,Mali,ML,Sikasso,none,Sikasso,Fonio,Main,1987,6,1987,12,All (PS),yield,0.42187009727016
5772,ML2016A103,Mali,ML,Sikasso,none,Sikasso,Fonio,Main,1988,6,1988,12,All (PS),yield,0.360254272613589
5773,ML2016A103,Mali,ML,Sikasso,none,Sikasso,Fonio,Main,1989,6,1989,12,All (PS),yield,0.5261348005502063
5774,ML2016A103,Mali,ML,Sikasso,none,Sikasso,Fonio,Main,1990,6,1990,12,All (PS),yield,0.49617771382318554
5775,ML2016A103,Mali,ML,Sikasso,none,Sikasso,Fonio,Main,1991,6,1991,12,All (PS),yield,0.48700068870523416
5776,ML2016A103,Mali,ML,Sikasso,none,Sikasso,Fonio,Main,1992,6,1992,12,All (PS),yield,0.48700068870523416
5777,ML2016A103,Mali,ML,Sikasso,none,Sikasso,Fonio,Main,1993,6,1993,12,All (PS),yield,0.7243023780369917
5778,ML2016A103,Mali,ML,Sikasso,none,Sikasso,Fonio,Main,1994,6,1994,12,All (PS),yield,0.4988105041632354
5779,ML2016A103,Mali,ML,Sikasso,none,Sikasso,Fonio,Main,1995,6,1995,12,All (PS),yield,0.4391206622443945
5780,ML2016A103,Mali,ML,Sikasso,none,Sikasso,Fonio,Main,1996,6,1996,12,All (PS),yield,0.5098684210526315
5781,ML2016A103,Mali,ML,Sikasso,none,Sikasso,Fonio,Main,1997,6,1997,12,All (PS),yield,0.6775215631050872
5782,ML2016A103,Mali,ML,Sikasso,none,Sikasso,Fonio,Main,1998,6,1998,12,All (PS),yield,0.8382022471910112
5783,ML2016A103,Mali,ML,Sikasso,none,Sikasso,Fonio,Main,1999,6,1999,12,All (PS),yield,0.729676978627891
5784,ML2016A103,Mali,ML,Sikasso,none,Sikasso,Fonio,Main,2000,6,2000,12,All (PS),yield,1.0734087380793969
5785,ML2016A103,Mali,ML,Sikasso,none,Sikasso,Fonio,Main,2001,6,2001,12,All (PS),yield,0.6875596563792555
5786,ML2016A103,Mali,ML,Sikasso,none,Sikasso,Fonio,Main,2002,6,2002,12,All (PS),yield,1.0775269872423945
5787,ML2016A103,Mali,ML,Sikasso,none,Sikasso,Fonio,Main,2003,6,2003,12,All (PS),yield,0.7709035222052067
5788,ML2016A103,Mali,ML,Sikasso,none,Sikasso,Fonio,Main,2004,6,2004,12,All (PS),yield,0.48436123348017623
5789,ML2016A103,Mali,ML,Sikasso,none,Sikasso,Fonio,Main,2005,6,2005,12,All (PS),yield,0.6370359628770301
5790,ML2016A103,Mali,ML,Sikasso,none,Sikasso,Fonio,Main,2006,6,2006,12,All (PS),yield,0.5917391304347839
5791,ML2016A103,Mali,ML,Sikasso,none,Sikasso,Fonio,Main,2007,6,2007,12,All (PS),yield,0.4779808529155788
5792,ML2016A103,Mali,ML,Sikasso,none,Sikasso,Fonio,Main,2008,6,2008,12,All (PS),yield,0.501412429378531
5793,ML2016A103,Mali,ML,Sikasso,none,Sikasso,Fonio,Main,2009,6,2009,12,All (PS),yield,0.488588110403397
5794,ML2016A103,Mali,ML,Sikasso,none,Sikasso,Fonio,Main,2010,6,2010,12,All (PS),yield,0.8504382558526573
5795,ML2016A103,Mali,ML,Sikasso,none,Sikasso,Fonio,Main,2011,6,2011,12,All (PS),yield,0.5238212382123821
5796,ML2016A103,Mali,ML,Sikasso,none,Sikasso,Fonio,Main,2012,6,2012,12,All (PS),yield,1.5951929158760279
5797,ML2016A103,Mali,ML,Sikasso,none,Sikasso,Fonio,Main,2013,6,2013,12,All (PS),yield,0.4941365831225569
5798,ML2016A103,Mali,ML,Sikasso,none,Sikasso,Fonio,Main,2014,6,2014,12,All (PS),yield,1.0
5799,ML2016A103,Mali,ML,Sikasso,none,Sikasso,Fonio,Main,2015,6,2015,12,All (PS),yield,0.49177330895795246
5800,ML2016A103,Mali,ML,Sikasso,none,Sikasso,Fonio,Main,2016,6,2016,12,All (PS),yield,0.39638009049773754
5801,ML2016A103,Mali,ML,Sikasso,none,Sikasso,Fonio,Main,2017,6,2017,12,All (PS),yield,0.7123825789923143
5802,ML2016A103,Mali,ML,Sikasso,none,Sikasso,Fonio,Main,2018,6,2018,12,All (PS),yield,0.7007805724197745
5803,ML2016A103,Mali,ML,Sikasso,none,Sikasso,Fonio,Main,2019,6,2019,12,All (PS),yield,0.5983299999999996
5804,ML2016A103,Mali,ML,Sikasso,none,Sikasso,Fonio,Main,2020,6,2020,12,All (PS),yield,0.6060913705583756
5805,ML2016A103,Mali,ML,Sikasso,none,Sikasso,Fonio,Main,2021,6,2021,12,All (PS),yield,0.5385301462718516
5806,ML2016A103,Mali,ML,Sikasso,none,Sikasso,Fonio,Main,2022,6,2022,12,All (PS),yield,0.5141763785006088
5807,ML2016A103,Mali,ML,Sikasso,none,Sikasso,Groundnuts (In Shell),Main,1982,6,1982,12,All (PS),yield,1.5438435470206155
5808,ML2016A103,Mali,ML,Sikasso,none,Sikasso,Groundnuts (In Shell),Main,1983,6,1983,12,All (PS),yield,0.9766501434907383
5809,ML2016A103,Mali,ML,Sikasso,none,Sikasso,Groundnuts (In Shell),Main,1984,6,1984,12,All (PS),yield,0.7193677537742931
5810,ML2016A103,Mali,ML,Sikasso,none,Sikasso,Groundnuts (In Shell),Main,1985,6,1985,12,All (PS),yield,0.9711441877454113
5811,ML2016A103,Mali,ML,Sikasso,none,Sikasso,Groundnuts (In Shell),Main,1986,6,1986,12,All (PS),yield,1.1233476319705857
5812,ML2016A103,Mali,ML,Sikasso,none,Sikasso,Groundnuts (In Shell),Main,1987,6,1987,12,All (PS),yield,0.989571923060071
5813,ML2016A103,Mali,ML,Sikasso,none,Sikasso,Groundnuts (In Shell),Main,1988,6,1988,12,All (PS),yield,0.8326117952041477
5814,ML2016A103,Mali,ML,Sikasso,none,Sikasso,Groundnuts (In Shell),Main,1989,6,1989,12,All (PS),yield,1.0466176396514382
5815,ML2016A103,Mali,ML,Sikasso,none,Sikasso,Groundnuts (In Shell),Main,1990,6,1990,12,All (PS),yield,1.0102607056852686
5816,ML2016A103,Mali,ML,Sikasso,none,Sikasso,Groundnuts (In Shell),Main,1991,6,1991,12,All (PS),yield,0.7662675067936812
5817,ML2016A103,Mali,ML,Sikasso,none,Sikasso,Groundnuts (In Shell),Main,1992,6,1992,12,All (PS),yield,0.7662675067936812
5818,ML2016A103,Mali,ML,Sikasso,none,Sikasso,Groundnuts (In Shell),Main,1993,6,1993,12,All (PS),yield,0.9207239581050879
5819,ML2016A103,Mali,ML,Sikasso,none,Sikasso,Groundnuts (In Shell),Main,1994,6,1994,12,All (PS),yield,0.7976384828581191
5820,ML2016A103,Mali,ML,Sikasso,none,Sikasso,Groundnuts (In Shell),Main,1995,6,1995,12,All (PS),yield,0.8543516873889876
5821,ML2016A103,Mali,ML,Sikasso,none,Sikasso,Groundnuts (In Shell),Main,1996,6,1996,12,All (PS),yield,1.067144285238254
5822,ML2016A103,Mali,ML,Sikasso,none,Sikasso,Groundnuts (In Shell),Main,1997,6,1997,12,All (PS),yield,1.0621518616241572
5823,ML2016A103,Mali,ML,Sikasso,none,Sikasso,Groundnuts (In Shell),Main,2000,6,2000,12,All (PS),yield,1.2195130709566218
5824,ML2016A103,Mali,ML,Sikasso,none,Sikasso,Groundnuts (In Shell),Main,2001,6,2001,12,All (PS),yield,0.925240634755463
5825,ML2016A103,Mali,ML,Sikasso,none,Sikasso,Groundnuts (In Shell),Main,2002,6,2002,12,All (PS),yield,0.9366070760715087
5826,ML2016A103,Mali,ML,Sikasso,none,Sikasso,Groundnuts (In Shell),Main,2003,6,2003,12,All (PS),yield,0.8203276616870515
5827,ML2016A103,Mali,ML,Sikasso,none,Sikasso,Groundnuts (In Shell),Main,2004,6,2004,12,All (PS),yield,0.9717493440722436
5828,ML2016A103,Mali,ML,Sikasso,none,Sikasso,Groundnuts (In Shell),Main,2005,6,2005,12,All (PS),yield,1.1180671322369904
5829,ML2016A103,Mali,ML,Sikasso,none,Sikasso,Groundnuts (In Shell),Main,2006,6,2006,12,All (PS),yield,0.7845592794395225
5830,ML2016A103,Mali,ML,Sikasso,none,Sikasso,Groundnuts (In Shell),Main,2007,6,2007,12,All (PS),yield,1.0716298787419478
5831,ML2016A103,Mali,ML,Sikasso,none,Sikasso,Groundnuts (In Shell),Main,2008,6,2008,12,All (PS),yield,0.9950474618241849
5832,ML2016A103,Mali,ML,Sikasso,none,Sikasso,Groundnuts (In Shell),Main,2009,6,2009,12,All (PS),yield,1.029160089723353
5833,ML2016A103,Mali,ML,Sikasso,none,Sikasso,Groundnuts (In Shell),Main,2010,6,2010,12,All (PS),yield,0.8349396336386344
5834,ML2016A103,Mali,ML,Sikasso,none,Sikasso,Groundnuts (In Shell),Main,2011,6,2011,12,All (PS),yield,0.795
5835,ML2016A103,Mali,ML,Sikasso,none,Sikasso,Groundnuts (In Shell),Main,2012,6,2012,12,All (PS),yield,0.8285707882292297
5836,ML2016A103,Mali,ML,Sikasso,none,Sikasso,Groundnuts (In Shell),Main,2013,6,2013,12,All (PS),yield,1.395493374219691
5837,ML2016A103,Mali,ML,Sikasso,none,Sikasso,Groundnuts (In Shell),Main,2014,6,2014,12,All (PS),yield,0.7889999999999999
5838,ML2016A103,Mali,ML,Sikasso,none,Sikasso,Groundnuts (In Shell),Main,2015,6,2015,12,All (PS),yield,0.785
5839,ML2016A103,Mali,ML,Sikasso,none,Sikasso,Groundnuts (In Shell),Main,2016,6,2016,12,All (PS),yield,0.8399976711690731
5840,ML2016A103,Mali,ML,Sikasso,none,Sikasso,Groundnuts (In Shell),Main,2017,6,2017,12,All (PS),yield,0.7271878364423352
5841,ML2016A103,Mali,ML,Sikasso,none,Sikasso,Groundnuts (In Shell),Main,2018,6,2018,12,All (PS),yield,0.9997964853011508
5842,ML2016A103,Mali,ML,Sikasso,none,Sikasso,Groundnuts (In Shell),Main,2019,6,2019,12,All (PS),yield,0.8429899266319092
5843,ML2016A103,Mali,ML,Sikasso,none,Sikasso,Groundnuts (In Shell),Main,2020,6,2020,12,All (PS),yield,1.0
5844,ML2016A103,Mali,ML,Sikasso,none,Sikasso,Groundnuts (In Shell),Main,2021,6,2021,12,All (PS),yield,0.9672999999999999
5845,ML2016A103,Mali,ML,Sikasso,none,Sikasso,Maize,Main,1974,6,1974,12,All (PS),yield,3.274149827501232
5846,ML2016A103,Mali,ML,Sikasso,none,Sikasso,Maize,Main,1975,6,1975,12,All (PS),yield,2.690951821386604
5847,ML2016A103,Mali,ML,Sikasso,none,Sikasso,Maize,Main,1976,6,1976,12,All (PS),yield,2.6013957307060753
5848,ML2016A103,Mali,ML,Sikasso,none,Sikasso,Maize,Main,1977,6,1977,12,All (PS),yield,2.7638846459338913
5849,ML2016A103,Mali,ML,Sikasso,none,Sikasso,Maize,Main,1978,6,1978,12,All (PS),yield,4.167320181350325
5850,ML2016A103,Mali,ML,Sikasso,none,Sikasso,Maize,Main,1979,6,1979,12,All (PS),yield,3.479737525237958
5851,ML2016A103,Mali,ML,Sikasso,none,Sikasso,Maize,Main,1980,6,1980,12,All (PS),yield,1.9521266450505437
5852,ML2016A103,Mali,ML,Sikasso,none,Sikasso,Maize,Main,1981,6,1981,12,All (PS),yield,1.0857785334283991
5853,ML2016A103,Mali,ML,Sikasso,none,Sikasso,Maize,Main,1982,6,1982,12,All (PS),yield,4.167320181350325
5854,ML2016A103,Mali,ML,Sikasso,none,Sikasso,Maize,Main,1983,6,1983,12,All (PS),yield,3.0266394604092275
5855,ML2016A103,Mali,ML,Sikasso,none,Sikasso,Maize,Main,1984,6,1984,12,All (PS),yield,1.3261590020480358
5856,ML2016A103,Mali,ML,Sikasso,none,Sikasso,Maize,Main,1985,6,1985,12,All (PS),yield,1.8724614845938374
5857,ML2016A103,Mali,ML,Sikasso,none,Sikasso,Maize,Main,1986,6,1986,12,All (PS),yield,1.8005937773095664
5858,ML2016A103,Mali,ML,Sikasso,none,Sikasso,Maize,Main,1987,6,1987,12,All (PS),yield,1.382910050739206
5859,ML2016A103,Mali,ML,Sikasso,none,Sikasso,Maize,Main,1988,6,1988,12,All (PS),yield,1.3102609464838566
5860,ML2016A103,Mali,ML,Sikasso,none,Sikasso,Maize,Main,1989,6,1989,12,All (PS),yield,2.394269234347381
5861,ML2016A103,Mali,ML,Sikasso,none,Sikasso,Maize,Main,1990,6,1990,12,All (PS),yield,1.4513326073250417
5862,ML2016A103,Mali,ML,Sikasso,none,Sikasso,Maize,Main,1991,6,1991,12,All (PS),yield,1.026484757835935
5863,ML2016A103,Mali,ML,Sikasso,none,Sikasso,Maize,Main,1992,6,1992,12,All (PS),yield,1.026484757835935
5864,ML2016A103,Mali,ML,Sikasso,none,Sikasso,Maize,Main,1993,6,1993,12,All (PS),yield,1.1530016186923782
5865,ML2016A103,Mali,ML,Sikasso,none,Sikasso,Maize,Main,1994,6,1994,12,All (PS),yield,1.3499940021592227
5866,ML2016A103,Mali,ML,Sikasso,none,Sikasso,Maize,Main,1995,6,1995,12,All (PS),yield,1.5738065518535653
5867,ML2016A103,Mali,ML,Sikasso,none,Sikasso,Maize,Main,1996,6,1996,12,All (PS),yield,1.8973196666779428
5868,ML2016A103,Mali,ML,Sikasso,none,Sikasso,Maize,Main,1997,6,1997,12,All (PS),yield,2.0379287034116005
5869,ML2016A103,Mali,ML,Sikasso,none,Sikasso,Maize,Main,1998,6,1998,12,All (PS),yield,1.8149403470715835
5870,ML2016A103,Mali,ML,Sikasso,none,Sikasso,Maize,Main,1999,6,1999,12,All (PS),yield,1.656598203296546
5871,ML2016A103,Mali,ML,Sikasso,none,Sikasso,Maize,Main,2000,6,2000,12,All (PS),yield,1.5132680714562248
5872,ML2016A103,Mali,ML,Sikasso,none,Sikasso,Maize,Main,2001,6,2001,12,All (PS),yield,1.4013478367077148
5873,ML2016A103,Mali,ML,Sikasso,none,Sikasso,Maize,Main,2002,6,2002,12,All (PS),yield,1.46831499010769
5874,ML2016A103,Mali,ML,Sikasso,none,Sikasso,Maize,Main,2003,6,2003,12,All (PS),yield,1.5896332603401346
5875,ML2016A103,Mali,ML,Sikasso,none,Sikasso,Maize,Main,2004,6,2004,12,All (PS),yield,2.119155625720243
5876,ML2016A103,Mali,ML,Sikasso,none,Sikasso,Maize,Main,2005,6,2005,12,All (PS),yield,1.7401164179368547
5877,ML2016A103,Mali,ML,Sikasso,none,Sikasso,Maize,Main,2006,6,2006,12,All (PS),yield,2.192528237521403
5878,ML2016A103,Mali,ML,Sikasso,none,Sikasso,Maize,Main,2007,6,2007,12,All (PS),yield,1.942814265605187
5879,ML2016A103,Mali,ML,Sikasso,none,Sikasso,Maize,Main,2008,6,2008,12,All (PS),yield,1.6670701895149749
5880,ML2016A103,Mali,ML,Sikasso,none,Sikasso,Maize,Main,2009,6,2009,12,All (PS),yield,2.5248636242682276
5881,ML2016A103,Mali,ML,Sikasso,none,Sikasso,Maize,Main,2010,6,2010,12,All (PS),yield,2.9210044823278714
5882,ML2016A103,Mali,ML,Sikasso,none,Sikasso,Maize,Main,2011,6,2011,12,All (PS),yield,1.7620715745324778
5883,ML2016A103,Mali,ML,Sikasso,none,Sikasso,Maize,Main,2012,6,2012,12,All (PS),yield,3.363145434047351
5884,ML2016A103,Mali,ML,Sikasso,none,Sikasso,Maize,Main,2013,6,2013,12,All (PS),yield,2.491283077308698
5885,ML2016A103,Mali,ML,Sikasso,none,Sikasso,Maize,Main,2014,6,2014,12,All (PS),yield,3.008385739912163
5886,ML2016A103,Mali,ML,Sikasso,none,Sikasso,Maize,Main,2015,6,2015,12,All (PS),yield,2.690241197281968
5887,ML2016A103,Mali,ML,Sikasso,none,Sikasso,Maize,Main,2016,6,2016,12,All (PS),yield,4.011635729584271
5888,ML2016A103,Mali,ML,Sikasso,none,Sikasso,Maize,Main,2017,6,2017,12,All (PS),yield,3.3415548985075763
5889,ML2016A103,Mali,ML,Sikasso,none,Sikasso,Maize,Main,2018,6,2018,12,All (PS),yield,3.6283002904255572
5890,ML2016A103,Mali,ML,Sikasso,none,Sikasso,Maize,Main,2019,6,2019,12,All (PS),yield,2.7509999999999994
5891,ML2016A103,Mali,ML,Sikasso,none,Sikasso,Maize,Main,2020,6,2020,12,All (PS),yield,3.2072494063273824
5892,ML2016A103,Mali,ML,Sikasso,none,Sikasso,Maize,Main,2021,6,2021,12,All (PS),yield,2.45975791812659
5893,ML2016A103,Mali,ML,Sikasso,none,Sikasso,Maize,Main,2022,6,2022,12,All (PS),yield,2.9376550931363723
5894,ML2016A103,Mali,ML,Sikasso,none,Sikasso,Sorghum,Main,1982,6,1982,12,All (PS),yield,1.228974083856058
5895,ML2016A103,Mali,ML,Sikasso,none,Sikasso,Sorghum,Main,1983,6,1983,12,All (PS),yield,1.738943979829587
5896,ML2016A103,Mali,ML,Sikasso,none,Sikasso,Sorghum,Main,1984,6,1984,12,All (PS),yield,1.2398574430894584
5897,ML2016A103,Mali,ML,Sikasso,none,Sikasso,Sorghum,Main,1985,6,1985,12,All (PS),yield,0.9028836463454696
5898,ML2016A103,Mali,ML,Sikasso,none,Sikasso,Sorghum,Main,1986,6,1986,12,All (PS),yield,1.0206081496983872
5899,ML2016A103,Mali,ML,Sikasso,none,Sikasso,Sorghum,Main,1987,6,1987,12,All (PS),yield,0.9560721779269828
5900,ML2016A103,Mali,ML,Sikasso,none,Sikasso,Sorghum,Main,1988,6,1988,12,All (PS),yield,0.7789687385363746
5901,ML2016A103,Mali,ML,Sikasso,none,Sikasso,Sorghum,Main,1989,6,1989,12,All (PS),yield,1.0341648590021693
5902,ML2016A103,Mali,ML,Sikasso,none,Sikasso,Sorghum,Main,1990,6,1990,12,All (PS),yield,1.030978530823997
5903,ML2016A103,Mali,ML,Sikasso,none,Sikasso,Sorghum,Main,1991,6,1991,12,All (PS),yield,0.7132865714184279
5904,ML2016A103,Mali,ML,Sikasso,none,Sikasso,Sorghum,Main,1992,6,1992,12,All (PS),yield,0.7134336533633583
5905,ML2016A103,Mali,ML,Sikasso,none,Sikasso,Sorghum,Main,1993,6,1993,12,All (PS),yield,0.6180538940064602
5906,ML2016A103,Mali,ML,Sikasso,none,Sikasso,Sorghum,Main,1994,6,1994,12,All (PS),yield,0.6794506514710119
5907,ML2016A103,Mali,ML,Sikasso,none,Sikasso,Sorghum,Main,1995,6,1995,12,All (PS),yield,0.8061443200762086
5908,ML2016A103,Mali,ML,Sikasso,none,Sikasso,Sorghum,Main,1996,6,1996,12,All (PS),yield,1.2707727348561233
5909,ML2016A103,Mali,ML,Sikasso,none,Sikasso,Sorghum,Main,1997,6,1997,12,All (PS),yield,1.189927704124649
5910,ML2016A103,Mali,ML,Sikasso,none,Sikasso,Sorghum,Main,1998,6,1998,12,All (PS),yield,0.9745247709375796
5911,ML2016A103,Mali,ML,Sikasso,none,Sikasso,Sorghum,Main,1999,6,1999,12,All (PS),yield,1.090653288253899
5912,ML2016A103,Mali,ML,Sikasso,none,Sikasso,Sorghum,Main,2000,6,2000,12,All (PS),yield,0.9360481618141349
5913,ML2016A103,Mali,ML,Sikasso,none,Sikasso,Sorghum,Main,2001,6,2001,12,All (PS),yield,0.7851261655515503
5914,ML2016A103,Mali,ML,Sikasso,none,Sikasso,Sorghum,Main,2002,6,2002,12,All (PS),yield,0.8696383707304173
5915,ML2016A103,Mali,ML,Sikasso,none,Sikasso,Sorghum,Main,2003,6,2003,12,All (PS),yield,0.9556313605094093
5916,ML2016A103,Mali,ML,Sikasso,none,Sikasso,Sorghum,Main,2004,6,2004,12,All (PS),yield,1.002549779542138
5917,ML2016A103,Mali,ML,Sikasso,none,Sikasso,Sorghum,Main,2005,6,2005,12,All (PS),yield,0.9224925114211286
5918,ML2016A103,Mali,ML,Sikasso,none,Sikasso,Sorghum,Main,2006,6,2006,12,All (PS),yield,1.1145379106246205
5919,ML2016A103,Mali,ML,Sikasso,none,Sikasso,Sorghum,Main,2007,6,2007,12,All (PS),yield,0.9048427614963015
5920,ML2016A103,Mali,ML,Sikasso,none,Sikasso,Sorghum,Main,2008,6,2008,12,All (PS),yield,1.18726868501929
5921,ML2016A103,Mali,ML,Sikasso,none,Sikasso,Sorghum,Main,2009,6,2009,12,All (PS),yield,1.2106771332573227
5922,ML2016A103,Mali,ML,Sikasso,none,Sikasso,Sorghum,Main,2010,6,2010,12,All (PS),yield,11.033372723385277
5923,ML2016A103,Mali,ML,Sikasso,none,Sikasso,Sorghum,Main,2011,6,2011,12,All (PS),yield,0.9057810690280982
5924,ML2016A103,Mali,ML,Sikasso,none,Sikasso,Sorghum,Main,2012,6,2012,12,All (PS),yield,0.917037404975812
5925,ML2016A103,Mali,ML,Sikasso,none,Sikasso,Sorghum,Main,2013,6,2013,12,All (PS),yield,0.9510686578148477
5926,ML2016A103,Mali,ML,Sikasso,none,Sikasso,Sorghum,Main,2014,6,2014,12,All (PS),yield,1.0
5927,ML2016A103,Mali,ML,Sikasso,none,Sikasso,Sorghum,Main,2015,6,2015,12,All (PS),yield,1.0750517582229417
5928,ML2016A103,Mali,ML,Sikasso,none,Sikasso,Sorghum,Main,2016,6,2016,12,All (PS),yield,1.0249358011012522
5929,ML2016A103,Mali,ML,Sikasso,none,Sikasso,Sorghum,Main,2017,6,2017,12,All (PS),yield,0.9733809334920005
5930,ML2016A103,Mali,ML,Sikasso,none,Sikasso,Sorghum,Main,2018,6,2018,12,All (PS),yield,0.7461106425738844
5931,ML2016A103,Mali,ML,Sikasso,none,Sikasso,Sorghum,Main,2019,6,2019,12,All (PS),yield,1.0807699999999993
5932,ML2016A103,Mali,ML,Sikasso,none,Sikasso,Sorghum,Main,2020,6,2020,12,All (PS),yield,1.057585118784932
5933,ML2016A103,Mali,ML,Sikasso,none,Sikasso,Sorghum,Main,2021,6,2021,12,All (PS),yield,0.833140906487966
5934,ML2016A103,Mali,ML,Sikasso,none,Sikasso,Sorghum,Main,2022,6,2022,12,All (PS),yield,1.0446054537065377
5935,ML2016A103,Mali,ML,Sikasso,none,Sikasso,Millet,Main,1982,6,1982,12,All (PS),yield,1.7783262284047565
5936,ML2016A103,Mali,ML,Sikasso,none,Sikasso,Millet,Main,1983,6,1983,12,All (PS),yield,2.0752171734046105
5937,ML2016A103,Mali,ML,Sikasso,none,Sikasso,Millet,Main,1984,6,1984,12,All (PS),yield,1.0467872140515042
5938,ML2016A103,Mali,ML,Sikasso,none,Sikasso,Millet,Main,1985,6,1985,12,All (PS),yield,1.2901036652796893
5939,ML2016A103,Mali,ML,Sikasso,none,Sikasso,Millet,Main,1986,6,1986,12,All (PS),yield,1.186164717550312
5940,ML2016A103,Mali,ML,Sikasso,none,Sikasso,Millet,Main,1987,6,1987,12,All (PS),yield,0.8753199079699092
5941,ML2016A103,Mali,ML,Sikasso,none,Sikasso,Millet,Main,1988,6,1988,12,All (PS),yield,1.0304791757594995
5942,ML2016A103,Mali,ML,Sikasso,none,Sikasso,Millet,Main,1989,6,1989,12,All (PS),yield,1.1840089999598216
5943,ML2016A103,Mali,ML,Sikasso,none,Sikasso,Millet,Main,1990,6,1990,12,All (PS),yield,1.1432459703061804
5944,ML2016A103,Mali,ML,Sikasso,none,Sikasso,Millet,Main,1991,6,1991,12,All (PS),yield,0.6175993232542814
5945,ML2016A103,Mali,ML,Sikasso,none,Sikasso,Millet,Main,1992,6,1992,12,All (PS),yield,0.6176091596746112
5946,ML2016A103,Mali,ML,Sikasso,none,Sikasso,Millet,Main,1993,6,1993,12,All (PS),yield,0.5424679071216155
5947,ML2016A103,Mali,ML,Sikasso,none,Sikasso,Millet,Main,1994,6,1994,12,All (PS),yield,0.770230702125638
5948,ML2016A103,Mali,ML,Sikasso,none,Sikasso,Millet,Main,1995,6,1995,12,All (PS),yield,0.7808152897060603
5949,ML2016A103,Mali,ML,Sikasso,none,Sikasso,Millet,Main,1996,6,1996,12,All (PS),yield,0.9882506309227349
5950,ML2016A103,Mali,ML,Sikasso,none,Sikasso,Millet,Main,1997,6,1997,12,All (PS),yield,1.0849817538254318
5951,ML2016A103,Mali,ML,Sikasso,none,Sikasso,Millet,Main,1998,6,1998,12,All (PS),yield,1.03986475996619
5952,ML2016A103,Mali,ML,Sikasso,none,Sikasso,Millet,Main,1999,6,1999,12,All (PS),yield,1.0267202193414946
5953,ML2016A103,Mali,ML,Sikasso,none,Sikasso,Millet,Main,2000,6,2000,12,All (PS),yield,1.0587864743863753
5954,ML2016A103,Mali,ML,Sikasso,none,Sikasso,Millet,Main,2001,6,2001,12,All (PS),yield,0.8579805066207593
5955,ML2016A103,Mali,ML,Sikasso,none,Sikasso,Millet,Main,2002,6,2002,12,All (PS),yield,0.9203864808684271
5956,ML2016A103,Mali,ML,Sikasso,none,Sikasso,Millet,Main,2003,6,2003,12,All (PS),yield,0.9275923413622751
5957,ML2016A103,Mali,ML,Sikasso,none,Sikasso,Millet,Main,2004,6,2004,12,All (PS),yield,1.380119354083782
5958,ML2016A103,Mali,ML,Sikasso,none,Sikasso,Millet,Main,2005,6,2005,12,All (PS),yield,1.0555727495753915
5959,ML2016A103,Mali,ML,Sikasso,none,Sikasso,Millet,Main,2006,6,2006,12,All (PS),yield,1.092087711883443
5960,ML2016A103,Mali,ML,Sikasso,none,Sikasso,Millet,Main,2007,6,2007,12,All (PS),yield,0.908343822024617
5961,ML2016A103,Mali,ML,Sikasso,none,Sikasso,Millet,Main,2008,6,2008,12,All (PS),yield,1.1877265774863315
5962,ML2016A103,Mali,ML,Sikasso,none,Sikasso,Millet,Main,2009,6,2009,12,All (PS),yield,1.1508854727485165
5963,ML2016A103,Mali,ML,Sikasso,none,Sikasso,Millet,Main,2010,6,2010,12,All (PS),yield,1.076268253288064
5964,ML2016A103,Mali,ML,Sikasso,none,Sikasso,Millet,Main,2011,6,2011,12,All (PS),yield,0.8896474538332401
5965,ML2016A103,Mali,ML,Sikasso,none,Sikasso,Millet,Main,2012,6,2012,12,All (PS),yield,1.2388988261935305
5966,ML2016A103,Mali,ML,Sikasso,none,Sikasso,Millet,Main,2013,6,2013,12,All (PS),yield,0.9307286494957479
5967,ML2016A103,Mali,ML,Sikasso,none,Sikasso,Millet,Main,2014,6,2014,12,All (PS),yield,1.0
5968,ML2016A103,Mali,ML,Sikasso,none,Sikasso,Millet,Main,2015,6,2015,12,All (PS),yield,1.1037291627251897
5969,ML2016A103,Mali,ML,Sikasso,none,Sikasso,Millet,Main,2016,6,2016,12,All (PS),yield,1.152172889495739
5970,ML2016A103,Mali,ML,Sikasso,none,Sikasso,Millet,Main,2017,6,2017,12,All (PS),yield,0.7939194456474664
5971,ML2016A103,Mali,ML,Sikasso,none,Sikasso,Millet,Main,2018,6,2018,12,All (PS),yield,0.9510836997286543
5972,ML2016A103,Mali,ML,Sikasso,none,Sikasso,Millet,Main,2019,6,2019,12,All (PS),yield,1.0298300000000016
5973,ML2016A103,Mali,ML,Sikasso,none,Sikasso,Millet,Main,2020,6,2020,12,All (PS),yield,0.9449678081921239
5974,ML2016A103,Mali,ML,Sikasso,none,Sikasso,Millet,Main,2021,6,2021,12,All (PS),yield,0.8055613751071327
5975,ML2016A103,Mali,ML,Sikasso,none,Sikasso,Millet,Main,2022,6,2022,12,All (PS),yield,0.9069092201943588
5976,ML2016A103,Mali,ML,Sikasso,none,Sikasso,Sweet Potatoes,Main,1990,6,1990,12,All (PS),yield,2.8287037037037037
5977,ML2016A103,Mali,ML,Sikasso,none,Sikasso,Sweet Potatoes,Main,1993,6,1993,12,All (PS),yield,3.957587181903864
5978,ML2016A103,Mali,ML,Sikasso,none,Sikasso,Sweet Potatoes,Main,1994,6,1994,12,All (PS),yield,1.573611111111111
5979,ML2016A103,Mali,ML,Sikasso,none,Sikasso,Sweet Potatoes,Main,1995,6,1995,12,All (PS),yield,1.5763888888888888
5980,ML2016A103,Mali,ML,Sikasso,none,Sikasso,Sweet Potatoes,Main,2001,6,2001,12,All (PS),yield,9.398550724637682
5981,ML2016A103,Mali,ML,Sikasso,none,Sikasso,Sweet Potatoes,Main,2013,6,2013,12,All (PS),yield,8.461081402257873
5982,ML2016A103,Mali,ML,Sikasso,none,Sikasso,Yams,Main,1985,6,1985,12,All (PS),yield,3.054383497421472
5983,ML2016A103,Mali,ML,Sikasso,none,Sikasso,Yams,Main,1986,6,1986,12,All (PS),yield,6.867619639527657
5984,ML2016A103,Mali,ML,Sikasso,none,Sikasso,Yams,Main,1987,6,1987,12,All (PS),yield,3.0182808245818746
5985,ML2016A103,Mali,ML,Sikasso,none,Sikasso,Yams,Main,1988,6,1988,12,All (PS),yield,3.7920718025430067
5986,ML2016A103,Mali,ML,Sikasso,none,Sikasso,Yams,Main,1989,6,1989,12,All (PS),yield,1.480295566502463
5987,ML2016A103,Mali,ML,Sikasso,none,Sikasso,Yams,Main,1990,6,1990,12,All (PS),yield,4.577841845140033
5988,ML2016A103,Mali,ML,Sikasso,none,Sikasso,Yams,Main,1992,6,1992,12,All (PS),yield,3.678220382824625
5989,ML2016A103,Mali,ML,Sikasso,none,Sikasso,Yams,Main,1993,6,1993,12,All (PS),yield,1.9707919865193784
5990,ML2016A103,Mali,ML,Sikasso,none,Sikasso,Yams,Main,1994,6,1994,12,All (PS),yield,4.302251590797846
5991,ML2016A103,Mali,ML,Sikasso,none,Sikasso,Wheat,Main,2008,6,2008,12,All (PS),yield,1.65
5992,ML2016A103,Mali,ML,Sikasso,none,Sikasso,Tomato,Main,1994,6,1994,12,All (PS),yield,24.59259259259259
5993,ML2016A103,Mali,ML,Sikasso,none,Sikasso,Sesame Seed,Main,2004,6,2004,12,All (PS),yield,0.7732919254658385
5994,ML2016A103,Mali,ML,Sikasso,none,Sikasso,Sesame Seed,Main,2005,6,2005,12,All (PS),yield,0.10303030303030303
5995,ML2016A103,Mali,ML,Sikasso,none,Sikasso,Sesame Seed,Main,2006,6,2006,12,All (PS),yield,0.6601109430156329
5996,ML2016A103,Mali,ML,Sikasso,none,Sikasso,Sesame Seed,Main,2007,6,2007,12,All (PS),yield,0.37562366357804705
5997,ML2016A103,Mali,ML,Sikasso,none,Sikasso,Sesame Seed,Main,2008,6,2008,12,All (PS),yield,0.3164035689773507
5998,ML2016A103,Mali,ML,Sikasso,none,Sikasso,Sesame Seed,Main,2009,6,2009,12,All (PS),yield,0.6837157865634503
5999,ML2016A103,Mali,ML,Sikasso,none,Sikasso,Sesame Seed,Main,2010,6,2010,12,All (PS),yield,0.36653050804186876
6000,ML2016A103,Mali,ML,Sikasso,none,Sikasso,Sesame Seed,Main,2011,6,2011,12,All (PS),yield,0.2953034527128458
6001,ML2016A103,Mali,ML,Sikasso,none,Sikasso,Sesame Seed,Main,2012,6,2012,12,All (PS),yield,0.3419412288512912
6002,ML2016A103,Mali,ML,Sikasso,none,Sikasso,Sesame Seed,Main,2013,6,2013,12,All (PS),yield,0.31234866828087166
6003,ML2016A103,Mali,ML,Sikasso,none,Sikasso,Sesame Seed,Main,2014,6,2014,12,All (PS),yield,0.424
6004,ML2016A103,Mali,ML,Sikasso,none,Sikasso,Sesame Seed,Main,2015,6,2015,12,All (PS),yield,0.9639999999999999
6005,ML2016A103,Mali,ML,Sikasso,none,Sikasso,Sesame Seed,Main,2016,6,2016,12,All (PS),yield,0.43998153277931673
6006,ML2016A103,Mali,ML,Sikasso,none,Sikasso,Sesame Seed,Main,2017,6,2017,12,All (PS),yield,0.47113811638233233
6007,ML2016A103,Mali,ML,Sikasso,none,Sikasso,Sesame Seed,Main,2018,6,2018,12,All (PS),yield,0.599906846762925
6008,ML2016A103,Mali,ML,Sikasso,none,Sikasso,Sesame Seed,Main,2020,6,2020,12,All (PS),yield,0.5999900383523434
6009,ML2016A103,Mali,ML,Sikasso,none,Sikasso,Sesame Seed,Main,2021,6,2021,12,All (PS),yield,0.6872
6010,ML2016A103,Mali,ML,Sikasso,none,Sikasso,Soybean,Main,2004,6,2004,12,All (PS),yield,1.937421777221527
6011,ML2016A103,Mali,ML,Sikasso,none,Sikasso,Soybean,Main,2005,6,2005,12,All (PS),yield,1.7170573969280518
6012,ML2016A103,Mali,ML,Sikasso,none,Sikasso,Soybean,Main,2006,6,2006,12,All (PS),yield,0.601823708206687
6013,ML2016A103,Mali,ML,Sikasso,none,Sikasso,Soybean,Main,2007,6,2007,12,All (PS),yield,1.2277542372881356
6014,ML2016A103,Mali,ML,Sikasso,none,Sikasso,Soybean,Main,2008,6,2008,12,All (PS),yield,0.175688026810196
6015,ML2016A103,Mali,ML,Sikasso,none,Sikasso,Soybean,Main,2009,6,2009,12,All (PS),yield,0.43608367228355605
6016,ML2016A103,Mali,ML,Sikasso,none,Sikasso,Soybean,Main,2010,6,2010,12,All (PS),yield,0.30572687224669604
6017,ML2016A103,Mali,ML,Sikasso,none,Sikasso,Soybean,Main,2011,6,2011,12,All (PS),yield,0.16768842408943382
6018,ML2016A103,Mali,ML,Sikasso,none,Sikasso,Soybean,Main,2012,6,2012,12,All (PS),yield,0.41293213828425096
6019,ML2016A103,Mali,ML,Sikasso,none,Sikasso,Soybean,Main,2013,6,2013,12,All (PS),yield,0.5462003454231433
6020,ML2016A103,Mali,ML,Sikasso,none,Sikasso,Soybean,Main,2014,6,2014,12,All (PS),yield,1.0018288222384784
6021,ML2016A103,Mali,ML,Sikasso,none,Sikasso,Soybean,Main,2015,6,2015,12,All (PS),yield,0.535
6022,ML2016A103,Mali,ML,Sikasso,none,Sikasso,Soybean,Main,2016,6,2016,12,All (PS),yield,0.65
6023,ML2016A103,Mali,ML,Sikasso,none,Sikasso,Soybean,Main,2017,6,2017,12,All (PS),yield,0.39819356848088455
6024,ML2016A103,Mali,ML,Sikasso,none,Sikasso,Soybean,Main,2018,6,2018,12,All (PS),yield,0.4267861012786246
6025,ML2016A103,Mali,ML,Sikasso,none,Sikasso,Soybean,Main,2020,6,2020,12,All (PS),yield,0.46004489337822674
6026,ML2016A103,Mali,ML,Sikasso,none,Sikasso,Soybean,Main,2021,6,2021,12,All (PS),yield,0.6992
6027,ML2016A104,Mali,ML,Segou,none,Segou,Bambara groundnut,Main,1984,6,1984,12,All (PS),yield,0.19854633555420956
6028,ML2016A104,Mali,ML,Segou,none,Segou,Bambara groundnut,Main,1985,6,1985,12,All (PS),yield,0.8381987171095693
6029,ML2016A104,Mali,ML,Segou,none,Segou,Bambara groundnut,Main,1986,6,1986,12,All (PS),yield,0.631784107946027
6030,ML2016A104,Mali,ML,Segou,none,Segou,Bambara groundnut,Main,1987,6,1987,12,All (PS),yield,0.3831276478172776
6031,ML2016A104,Mali,ML,Segou,none,Segou,Bambara groundnut,Main,1988,6,1988,12,All (PS),yield,0.5982515657620042
6032,ML2016A104,Mali,ML,Segou,none,Segou,Bambara groundnut,Main,1989,6,1989,12,All (PS),yield,0.6732706894599796
6033,ML2016A104,Mali,ML,Segou,none,Segou,Bambara groundnut,Main,1990,6,1990,12,All (PS),yield,0.719182361867357
6034,ML2016A104,Mali,ML,Segou,none,Segou,Bambara groundnut,Main,1992,6,1992,12,All (PS),yield,0.7734426229508197
6035,ML2016A104,Mali,ML,Segou,none,Segou,Bambara groundnut,Main,1993,6,1993,12,All (PS),yield,0.4709784411276949
6036,ML2016A104,Mali,ML,Segou,none,Segou,Bambara groundnut,Main,1995,6,1995,12,All (PS),yield,0.1987095300633815
6037,ML2016A104,Mali,ML,Segou,none,Segou,Bambara groundnut,Main,1996,6,1996,12,All (PS),yield,0.579408543263965
6038,ML2016A104,Mali,ML,Segou,none,Segou,Bambara groundnut,Main,1997,6,1997,12,All (PS),yield,0.6397493497280681
6039,ML2016A104,Mali,ML,Segou,none,Segou,Bambara groundnut,Main,1998,6,1998,12,All (PS),yield,0.4949784791965567
6040,ML2016A104,Mali,ML,Segou,none,Segou,Bambara groundnut,Main,2000,6,2000,12,All (PS),yield,0.7373839662447257
6041,ML2016A104,Mali,ML,Segou,none,Segou,Bambara groundnut,Main,2002,6,2002,12,All (PS),yield,0.1881918819188192
6042,ML2016A104,Mali,ML,Segou,none,Segou,Bambara groundnut,Main,2003,6,2003,12,All (PS),yield,0.8049967078791426
6043,ML2016A104,Mali,ML,Segou,none,Segou,Bambara groundnut,Main,2004,6,2004,12,All (PS),yield,0.8020467389644111
6044,ML2016A104,Mali,ML,Segou,none,Segou,Bambara groundnut,Main,2005,6,2005,12,All (PS),yield,1.1550921239117231
6045,ML2016A104,Mali,ML,Segou,none,Segou,Bambara groundnut,Main,2006,6,2006,12,All (PS),yield,0.7377158393994742
6046,ML2016A104,Mali,ML,Segou,none,Segou,Bambara groundnut,Main,2007,6,2007,12,All (PS),yield,0.20560493379285325
6047,ML2016A104,Mali,ML,Segou,none,Segou,Bambara groundnut,Main,2008,6,2008,12,All (PS),yield,0.67702870735795
6048,ML2016A104,Mali,ML,Segou,none,Segou,Bambara groundnut,Main,2009,6,2009,12,All (PS),yield,0.7237886206314368
6049,ML2016A104,Mali,ML,Segou,none,Segou,Bambara groundnut,Main,2010,6,2010,12,All (PS),yield,0.6049586776859505
6050,ML2016A104,Mali,ML,Segou,none,Segou,Bambara groundnut,Main,2011,6,2011,12,All (PS),yield,0.42560596643878185
6051,ML2016A104,Mali,ML,Segou,none,Segou,Bambara groundnut,Main,2012,6,2012,12,All (PS),yield,0.7255248185206985
6052,ML2016A104,Mali,ML,Segou,none,Segou,Bambara groundnut,Main,2013,6,2013,12,All (PS),yield,0.5521178872161265
6053,ML2016A104,Mali,ML,Segou,none,Segou,Bambara groundnut,Main,2014,6,2014,12,All (PS),yield,0.7189962223421479
6054,ML2016A104,Mali,ML,Segou,none,Segou,Bambara groundnut,Main,2015,6,2015,12,All (PS),yield,0.71283
6055,ML2016A104,Mali,ML,Segou,none,Segou,Bambara groundnut,Main,2016,6,2016,12,All (PS),yield,0.7300258397932816
6056,ML2016A104,Mali,ML,Segou,none,Segou,Bambara groundnut,Main,2017,6,2017,12,All (PS),yield,0.6770591487009398
6057,ML2016A104,Mali,ML,Segou,none,Segou,Bambara groundnut,Main,2018,6,2018,12,All (PS),yield,0.7279848453819373
6058,ML2016A104,Mali,ML,Segou,none,Segou,Bambara groundnut,Main,2019,6,2019,12,All (PS),yield,0.7180114967000213
6059,ML2016A104,Mali,ML,Segou,none,Segou,Bambara groundnut,Main,2020,6,2020,12,All (PS),yield,0.7279921312648098
6060,ML2016A104,Mali,ML,Segou,none,Segou,Bambara groundnut,Main,2021,6,2021,12,All (PS),yield,0.41998
6061,ML2016A104,Mali,ML,Segou,none,Segou,Cotton,Main,1982,6,1982,12,All (PS),yield,0.5631601182931981
6062,ML2016A104,Mali,ML,Segou,none,Segou,Cotton,Main,1983,6,1983,12,All (PS),yield,0.9174534011135318
6063,ML2016A104,Mali,ML,Segou,none,Segou,Cotton,Main,1984,6,1984,12,All (PS),yield,0.9393768768768769
6064,ML2016A104,Mali,ML,Segou,none,Segou,Cotton,Main,1985,6,1985,12,All (PS),yield,2.285131508319914
6065,ML2016A104,Mali,ML,Segou,none,Segou,Cotton,Main,1986,6,1986,12,All (PS),yield,1.2614413011506185
6066,ML2016A104,Mali,ML,Segou,none,Segou,Cotton,Main,1987,6,1987,12,All (PS),yield,1.2757614657486287
6067,ML2016A104,Mali,ML,Segou,none,Segou,Cotton,Main,1988,6,1988,12,All (PS),yield,1.4804577518089068
6068,ML2016A104,Mali,ML,Segou,none,Segou,Cotton,Main,1989,6,1989,12,All (PS),yield,0.7162041874685553
6069,ML2016A104,Mali,ML,Segou,none,Segou,Cotton,Main,1990,6,1990,12,All (PS),yield,0.3943994104642594
6070,ML2016A104,Mali,ML,Segou,none,Segou,Cotton,Main,1991,6,1991,12,All (PS),yield,0.5841890338183404
6071,ML2016A104,Mali,ML,Segou,none,Segou,Cotton,Main,1992,6,1992,12,All (PS),yield,0.5841890338183404
6072,ML2016A104,Mali,ML,Segou,none,Segou,Cotton,Main,1993,6,1993,12,All (PS),yield,1.1351215000420416
6073,ML2016A104,Mali,ML,Segou,none,Segou,Cotton,Main,1995,6,1995,12,All (PS),yield,1.1806703245851788
6074,ML2016A104,Mali,ML,Segou,none,Segou,Cotton,Main,1996,6,1996,12,All (PS),yield,1.0720105927887553
6075,ML2016A104,Mali,ML,Segou,none,Segou,Cotton,Main,1997,6,1997,12,All (PS),yield,0.9855910364145658
6076,ML2016A104,Mali,ML,Segou,none,Segou,Cotton,Main,2000,6,2000,12,All (PS),yield,1.1460508306271973
6077,ML2016A104,Mali,ML,Segou,none,Segou,Cotton,Main,2001,6,2001,12,All (PS),yield,1.1803203011256702
6078,ML2016A104,Mali,ML,Segou,none,Segou,Cotton,Main,2002,6,2002,12,All (PS),yield,0.6364825033796512
6079,ML2016A104,Mali,ML,Segou,none,Segou,Cotton,Main,2003,6,2003,12,All (PS),yield,1.1254303164908384
6080,ML2016A104,Mali,ML,Segou,none,Segou,Cotton,Main,2004,6,2004,12,All (PS),yield,0.9501906706909328
6081,ML2016A104,Mali,ML,Segou,none,Segou,Cotton,Main,2005,6,2005,12,All (PS),yield,0.8909393435183784
6082,ML2016A104,Mali,ML,Segou,none,Segou,Cotton,Main,2006,6,2006,12,All (PS),yield,0.7828959358483689
6083,ML2016A104,Mali,ML,Segou,none,Segou,Cotton,Main,2007,6,2007,12,All (PS),yield,0.883149291908416
6084,ML2016A104,Mali,ML,Segou,none,Segou,Cotton,Main,2008,6,2008,12,All (PS),yield,1.1419458536340348
6085,ML2016A104,Mali,ML,Segou,none,Segou,Cotton,Main,2009,6,2009,12,All (PS),yield,0.8034610630407911
6086,ML2016A104,Mali,ML,Segou,none,Segou,Cotton,Main,2010,6,2010,12,All (PS),yield,0.9678258390935651
6087,ML2016A104,Mali,ML,Segou,none,Segou,Cotton,Main,2011,6,2011,12,All (PS),yield,1.0644713485958763
6088,ML2016A104,Mali,ML,Segou,none,Segou,Cotton,Main,2012,6,2012,12,All (PS),yield,0.9149111500834619
6089,ML2016A104,Mali,ML,Segou,none,Segou,Cotton,Main,2013,6,2013,12,All (PS),yield,0.8860632183908046
6090,ML2016A104,Mali,ML,Segou,none,Segou,Cotton,Main,2014,6,2014,12,All (PS),yield,1.0070155663952427
6091,ML2016A104,Mali,ML,Segou,none,Segou,Cotton,Main,2015,6,2015,12,All (PS),yield,0.9327173701614472
6092,ML2016A104,Mali,ML,Segou,none,Segou,Cotton,Main,2016,6,2016,12,All (PS),yield,0.9701320906023513
6093,ML2016A104,Mali,ML,Segou,none,Segou,Cotton,Main,2017,6,2017,12,All (PS),yield,0.9620284439228525
6094,ML2016A104,Mali,ML,Segou,none,Segou,Cotton,Main,2019,6,2019,12,All (PS),yield,0.9493446687920651
6095,ML2016A104,Mali,ML,Segou,none,Segou,Cotton,Main,2020,6,2020,12,All (PS),yield,0.6999712340588743
6096,ML2016A104,Mali,ML,Segou,none,Segou,Cotton,Main,2021,6,2021,12,All (PS),yield,1.0278323336341277
6097,ML2016A104,Mali,ML,Segou,none,Segou,Rice,Main,1982,6,1982,12,All (PS),yield,2.6022244578582607
6098,ML2016A104,Mali,ML,Segou,none,Segou,Rice,Main,1983,6,1983,12,All (PS),yield,1.3480372318899232
6099,ML2016A104,Mali,ML,Segou,none,Segou,Rice,Main,1984,6,1984,12,All (PS),yield,1.2216912123280992
6100,ML2016A104,Mali,ML,Segou,none,Segou,Rice,Main,1985,6,1985,12,All (PS),yield,1.6647971668718557
6101,ML2016A104,Mali,ML,Segou,none,Segou,Rice,Main,1986,6,1986,12,All (PS),yield,1.547063839001746
6102,ML2016A104,Mali,ML,Segou,none,Segou,Rice,Main,1987,6,1987,12,All (PS),yield,1.7011297128079488
6103,ML2016A104,Mali,ML,Segou,none,Segou,Rice,Main,1988,6,1988,12,All (PS),yield,1.7793484871085816
6104,ML2016A104,Mali,ML,Segou,none,Segou,Rice,Main,1989,6,1989,12,All (PS),yield,2.1935351209080443
6105,ML2016A104,Mali,ML,Segou,none,Segou,Rice,Main,1990,6,1990,12,All (PS),yield,2.195036170760301
6106,ML2016A104,Mali,ML,Segou,none,Segou,Rice,Main,1991,6,1991,12,All (PS),yield,3.112428646671127
6107,ML2016A104,Mali,ML,Segou,none,Segou,Rice,Main,1992,6,1992,12,All (PS),yield,3.085330059549008
6108,ML2016A104,Mali,ML,Segou,none,Segou,Rice,Main,1993,6,1993,12,All (PS),yield,3.3690627381254763
6109,ML2016A104,Mali,ML,Segou,none,Segou,Rice,Main,1995,6,1995,12,All (PS),yield,3.318776768682591
6110,ML2016A104,Mali,ML,Segou,none,Segou,Rice,Main,1996,6,1996,12,All (PS),yield,3.5988771868744016
6111,ML2016A104,Mali,ML,Segou,none,Segou,Rice,Main,1998,6,1998,12,All (PS),yield,3.9071410262982518
6112,ML2016A104,Mali,ML,Segou,none,Segou,Rice,Main,1999,6,1999,12,All (PS),yield,3.949548724786801
6113,ML2016A104,Mali,ML,Segou,none,Segou,Rice,Main,2000,6,2000,12,All (PS),yield,3.8996491993383864
6114,ML2016A104,Mali,ML,Segou,none,Segou,Rice,Main,2001,6,2001,12,All (PS),yield,3.7854132455366893
6115,ML2016A104,Mali,ML,Segou,none,Segou,Rice,Main,2002,6,2002,12,All (PS),yield,3.8149952161433416
6116,ML2016A104,Mali,ML,Segou,none,Segou,Rice,Main,2003,6,2003,12,All (PS),yield,4.169519356769611
6117,ML2016A104,Mali,ML,Segou,none,Segou,Rice,Main,2004,6,2004,12,All (PS),yield,3.8200923972547867
6118,ML2016A104,Mali,ML,Segou,none,Segou,Rice,Main,2005,6,2005,12,All (PS),yield,4.930949018703709
6119,ML2016A104,Mali,ML,Segou,none,Segou,Rice,Main,2006,6,2006,12,All (PS),yield,4.8147630309308935
6120,ML2016A104,Mali,ML,Segou,none,Segou,Rice,Main,2007,6,2007,12,All (PS),yield,4.426091584965918
6121,ML2016A104,Mali,ML,Segou,none,Segou,Rice,Main,2008,6,2008,12,All (PS),yield,4.615948246510044
6122,ML2016A104,Mali,ML,Segou,none,Segou,Rice,Main,2009,6,2009,12,All (PS),yield,5.910901400667389
6123,ML2016A104,Mali,ML,Segou,none,Segou,Rice,Main,2010,6,2010,12,All (PS),yield,2.0614745186231507
6124,ML2016A104,Mali,ML,Segou,none,Segou,Rice,Main,2011,6,2011,12,All (PS),yield,2.7335535407787566
6125,ML2016A104,Mali,ML,Segou,none,Segou,Rice,Main,2012,6,2012,12,All (PS),yield,3.6491044575982223
6126,ML2016A104,Mali,ML,Segou,none,Segou,Rice,Main,2013,6,2013,12,All (PS),yield,4.559724524741272
6127,ML2016A104,Mali,ML,Segou,none,Segou,Rice,Main,2014,6,2014,12,All (PS),yield,4.560012491612473
6128,ML2016A104,Mali,ML,Segou,none,Segou,Rice,Main,2015,6,2015,12,All (PS),yield,3.810091757966113
6129,ML2016A104,Mali,ML,Segou,none,Segou,Rice,Main,2016,6,2016,12,All (PS),yield,4.600044591065916
6130,ML2016A104,Mali,ML,Segou,none,Segou,Rice,Main,2017,6,2017,12,All (PS),yield,3.889808926852561
6131,ML2016A104,Mali,ML,Segou,none,Segou,Rice,Main,2018,6,2018,12,All (PS),yield,4.4742606190364524
6132,ML2016A104,Mali,ML,Segou,none,Segou,Rice,Main,2019,6,2019,12,All (PS),yield,4.797243049697673
6133,ML2016A104,Mali,ML,Segou,none,Segou,Rice,Main,2020,6,2020,12,All (PS),yield,4.822720303057635
6134,ML2016A104,Mali,ML,Segou,none,Segou,Rice,Main,2021,6,2021,12,All (PS),yield,3.7545841698095774
6135,ML2016A104,Mali,ML,Segou,none,Segou,Rice,Main,2022,6,2022,12,All (PS),yield,4.463574716934179
6136,ML2016A104,Mali,ML,Segou,none,Segou,Cowpea,Main,1984,6,1984,12,All (PS),yield,0.19999695891494085
6137,ML2016A104,Mali,ML,Segou,none,Segou,Cowpea,Main,1985,6,1985,12,All (PS),yield,0.6032921362588701
6138,ML2016A104,Mali,ML,Segou,none,Segou,Cowpea,Main,1986,6,1986,12,All (PS),yield,0.15391032325338894
6139,ML2016A104,Mali,ML,Segou,none,Segou,Cowpea,Main,1987,6,1987,12,All (PS),yield,0.1074267469318522
6140,ML2016A104,Mali,ML,Segou,none,Segou,Cowpea,Main,1988,6,1988,12,All (PS),yield,0.057498536832281434
6141,ML2016A104,Mali,ML,Segou,none,Segou,Cowpea,Main,1989,6,1989,12,All (PS),yield,0.011310746509269613
6142,ML2016A104,Mali,ML,Segou,none,Segou,Cowpea,Main,1990,6,1990,12,All (PS),yield,0.25604241742603345
6143,ML2016A104,Mali,ML,Segou,none,Segou,Cowpea,Main,1991,6,1991,12,All (PS),yield,0.11411063136200857
6144,ML2016A104,Mali,ML,Segou,none,Segou,Cowpea,Main,1992,6,1992,12,All (PS),yield,0.11409275030752235
6145,ML2016A104,Mali,ML,Segou,none,Segou,Cowpea,Main,1993,6,1993,12,All (PS),yield,0.154540494048665
6146,ML2016A104,Mali,ML,Segou,none,Segou,Cowpea,Main,1995,6,1995,12,All (PS),yield,0.39061201883134866
6147,ML2016A104,Mali,ML,Segou,none,Segou,Cowpea,Main,1996,6,1996,12,All (PS),yield,0.34146671172693477
6148,ML2016A104,Mali,ML,Segou,none,Segou,Cowpea,Main,1997,6,1997,12,All (PS),yield,0.24689309845559845
6149,ML2016A104,Mali,ML,Segou,none,Segou,Cowpea,Main,1998,6,1998,12,All (PS),yield,0.48064625356745516
6150,ML2016A104,Mali,ML,Segou,none,Segou,Cowpea,Main,2000,6,2000,12,All (PS),yield,0.4255438748742628
6151,ML2016A104,Mali,ML,Segou,none,Segou,Cowpea,Main,2001,6,2001,12,All (PS),yield,0.4564606379412599
6152,ML2016A104,Mali,ML,Segou,none,Segou,Cowpea,Main,2002,6,2002,12,All (PS),yield,0.23725526590331603
6153,ML2016A104,Mali,ML,Segou,none,Segou,Cowpea,Main,2003,6,2003,12,All (PS),yield,0.6074045334487338
6154,ML2016A104,Mali,ML,Segou,none,Segou,Cowpea,Main,2004,6,2004,12,All (PS),yield,0.08611268403171007
6155,ML2016A104,Mali,ML,Segou,none,Segou,Cowpea,Main,2005,6,2005,12,All (PS),yield,0.3291956630816554
6156,ML2016A104,Mali,ML,Segou,none,Segou,Cowpea,Main,2006,6,2006,12,All (PS),yield,0.3711455488372226
6157,ML2016A104,Mali,ML,Segou,none,Segou,Cowpea,Main,2007,6,2007,12,All (PS),yield,0.1997315588414517
6158,ML2016A104,Mali,ML,Segou,none,Segou,Cowpea,Main,2008,6,2008,12,All (PS),yield,0.2832765410164278
6159,ML2016A104,Mali,ML,Segou,none,Segou,Cowpea,Main,2009,6,2009,12,All (PS),yield,0.5202388242498469
6160,ML2016A104,Mali,ML,Segou,none,Segou,Cowpea,Main,2010,6,2010,12,All (PS),yield,0.15236146998865624
6161,ML2016A104,Mali,ML,Segou,none,Segou,Cowpea,Main,2011,6,2011,12,All (PS),yield,0.3799999999999999
6162,ML2016A104,Mali,ML,Segou,none,Segou,Cowpea,Main,2012,6,2012,12,All (PS),yield,0.4
6163,ML2016A104,Mali,ML,Segou,none,Segou,Cowpea,Main,2013,6,2013,12,All (PS),yield,0.7141721273270638
6164,ML2016A104,Mali,ML,Segou,none,Segou,Cowpea,Main,2014,6,2014,12,All (PS),yield,0.4536168829548291
6165,ML2016A104,Mali,ML,Segou,none,Segou,Cowpea,Main,2015,6,2015,12,All (PS),yield,0.4876163910636345
6166,ML2016A104,Mali,ML,Segou,none,Segou,Cowpea,Main,2016,6,2016,12,All (PS),yield,0.48280254777070064
6167,ML2016A104,Mali,ML,Segou,none,Segou,Cowpea,Main,2017,6,2017,12,All (PS),yield,1.528
6168,ML2016A104,Mali,ML,Segou,none,Segou,Cowpea,Main,2018,6,2018,12,All (PS),yield,0.5344146191126528
6169,ML2016A104,Mali,ML,Segou,none,Segou,Cowpea,Main,2019,6,2019,12,All (PS),yield,0.7106778370144706
6170,ML2016A104,Mali,ML,Segou,none,Segou,Cowpea,Main,2020,6,2020,12,All (PS),yield,0.5339987415356728
6171,ML2016A104,Mali,ML,Segou,none,Segou,Cowpea,Main,2021,6,2021,12,All (PS),yield,0.4421
6172,ML2016A104,Mali,ML,Segou,none,Segou,Fonio,Main,1982,6,1982,12,All (PS),yield,0.6064333880080189
6173,ML2016A104,Mali,ML,Segou,none,Segou,Fonio,Main,1983,6,1983,12,All (PS),yield,0.5367848636016359
6174,ML2016A104,Mali,ML,Segou,none,Segou,Fonio,Main,1984,6,1984,12,All (PS),yield,0.21780243000528263
6175,ML2016A104,Mali,ML,Segou,none,Segou,Fonio,Main,1985,6,1985,12,All (PS),yield,0.6716247139588101
6176,ML2016A104,Mali,ML,Segou,none,Segou,Fonio,Main,1986,6,1986,12,All (PS),yield,1.0793134964963949
6177,ML2016A104,Mali,ML,Segou,none,Segou,Fonio,Main,1987,6,1987,12,All (PS),yield,0.7119057635675221
6178,ML2016A104,Mali,ML,Segou,none,Segou,Fonio,Main,1988,6,1988,12,All (PS),yield,0.7996644050485153
6179,ML2016A104,Mali,ML,Segou,none,Segou,Fonio,Main,1989,6,1989,12,All (PS),yield,0.6573732271225957
6180,ML2016A104,Mali,ML,Segou,none,Segou,Fonio,Main,1990,6,1990,12,All (PS),yield,0.664938911514254
6181,ML2016A104,Mali,ML,Segou,none,Segou,Fonio,Main,1991,6,1991,12,All (PS),yield,0.6910040099871377
6182,ML2016A104,Mali,ML,Segou,none,Segou,Fonio,Main,1992,6,1992,12,All (PS),yield,0.6910040099871377
6183,ML2016A104,Mali,ML,Segou,none,Segou,Fonio,Main,1993,6,1993,12,All (PS),yield,0.9268521412941544
6184,ML2016A104,Mali,ML,Segou,none,Segou,Fonio,Main,1995,6,1995,12,All (PS),yield,0.5788732394366197
6185,ML2016A104,Mali,ML,Segou,none,Segou,Fonio,Main,1996,6,1996,12,All (PS),yield,0.775690293196698
6186,ML2016A104,Mali,ML,Segou,none,Segou,Fonio,Main,1997,6,1997,12,All (PS),yield,0.6881720430107527
6187,ML2016A104,Mali,ML,Segou,none,Segou,Fonio,Main,1998,6,1998,12,All (PS),yield,1.1325521786891248
6188,ML2016A104,Mali,ML,Segou,none,Segou,Fonio,Main,1999,6,1999,12,All (PS),yield,0.7716768847268073
6189,ML2016A104,Mali,ML,Segou,none,Segou,Fonio,Main,2000,6,2000,12,All (PS),yield,0.8473923426546491
6190,ML2016A104,Mali,ML,Segou,none,Segou,Fonio,Main,2001,6,2001,12,All (PS),yield,0.3524780515434721
6191,ML2016A104,Mali,ML,Segou,none,Segou,Fonio,Main,2002,6,2002,12,All (PS),yield,0.30363072835953064
6192,ML2016A104,Mali,ML,Segou,none,Segou,Fonio,Main,2003,6,2003,12,All (PS),yield,0.5265507518796992
6193,ML2016A104,Mali,ML,Segou,none,Segou,Fonio,Main,2004,6,2004,12,All (PS),yield,1.3205218123158928
6194,ML2016A104,Mali,ML,Segou,none,Segou,Fonio,Main,2005,6,2005,12,All (PS),yield,0.4807819748177601
6195,ML2016A104,Mali,ML,Segou,none,Segou,Fonio,Main,2006,6,2006,12,All (PS),yield,0.7500000000000032
6196,ML2016A104,Mali,ML,Segou,none,Segou,Fonio,Main,2007,6,2007,12,All (PS),yield,0.7926417764232067
6197,ML2016A104,Mali,ML,Segou,none,Segou,Fonio,Main,2008,6,2008,12,All (PS),yield,0.7176510180043749
6198,ML2016A104,Mali,ML,Segou,none,Segou,Fonio,Main,2009,6,2009,12,All (PS),yield,0.5701482247500862
6199,ML2016A104,Mali,ML,Segou,none,Segou,Fonio,Main,2010,6,2010,12,All (PS),yield,0.5873850197109067
6200,ML2016A104,Mali,ML,Segou,none,Segou,Fonio,Main,2011,6,2011,12,All (PS),yield,0.6046767537826685
6201,ML2016A104,Mali,ML,Segou,none,Segou,Fonio,Main,2012,6,2012,12,All (PS),yield,0.7382168674698795
6202,ML2016A104,Mali,ML,Segou,none,Segou,Fonio,Main,2013,6,2013,12,All (PS),yield,0.6628615305861275
6203,ML2016A104,Mali,ML,Segou,none,Segou,Fonio,Main,2014,6,2014,12,All (PS),yield,1.0
6204,ML2016A104,Mali,ML,Segou,none,Segou,Fonio,Main,2015,6,2015,12,All (PS),yield,0.48275547860950385
6205,ML2016A104,Mali,ML,Segou,none,Segou,Fonio,Main,2016,6,2016,12,All (PS),yield,0.4497816593886463
6206,ML2016A104,Mali,ML,Segou,none,Segou,Fonio,Main,2017,6,2017,12,All (PS),yield,0.7784817728664946
6207,ML2016A104,Mali,ML,Segou,none,Segou,Fonio,Main,2018,6,2018,12,All (PS),yield,0.6201283269961977
6208,ML2016A104,Mali,ML,Segou,none,Segou,Fonio,Main,2019,6,2019,12,All (PS),yield,0.6681200000000008
6209,ML2016A104,Mali,ML,Segou,none,Segou,Fonio,Main,2020,6,2020,12,All (PS),yield,0.8225949878738884
6210,ML2016A104,Mali,ML,Segou,none,Segou,Fonio,Main,2021,6,2021,12,All (PS),yield,0.5935671381515211
6211,ML2016A104,Mali,ML,Segou,none,Segou,Fonio,Main,2022,6,2022,12,All (PS),yield,0.6378280905630134
6212,ML2016A104,Mali,ML,Segou,none,Segou,Groundnuts (In Shell),Main,1982,6,1982,12,All (PS),yield,1.0375908960190625
6213,ML2016A104,Mali,ML,Segou,none,Segou,Groundnuts (In Shell),Main,1983,6,1983,12,All (PS),yield,0.46642011834319524
6214,ML2016A104,Mali,ML,Segou,none,Segou,Groundnuts (In Shell),Main,1984,6,1984,12,All (PS),yield,0.3076703328095986
6215,ML2016A104,Mali,ML,Segou,none,Segou,Groundnuts (In Shell),Main,1985,6,1985,12,All (PS),yield,1.027107489815105
6216,ML2016A104,Mali,ML,Segou,none,Segou,Groundnuts (In Shell),Main,1986,6,1986,12,All (PS),yield,0.9921932537929002
6217,ML2016A104,Mali,ML,Segou,none,Segou,Groundnuts (In Shell),Main,1987,6,1987,12,All (PS),yield,0.6246806668109981
6218,ML2016A104,Mali,ML,Segou,none,Segou,Groundnuts (In Shell),Main,1988,6,1988,12,All (PS),yield,0.9067614301663808
6219,ML2016A104,Mali,ML,Segou,none,Segou,Groundnuts (In Shell),Main,1989,6,1989,12,All (PS),yield,0.7847600567206507
6220,ML2016A104,Mali,ML,Segou,none,Segou,Groundnuts (In Shell),Main,1990,6,1990,12,All (PS),yield,0.8392451511445046
6221,ML2016A104,Mali,ML,Segou,none,Segou,Groundnuts (In Shell),Main,1991,6,1991,12,All (PS),yield,0.41152538594437943
6222,ML2016A104,Mali,ML,Segou,none,Segou,Groundnuts (In Shell),Main,1992,6,1992,12,All (PS),yield,0.41152538594437943
6223,ML2016A104,Mali,ML,Segou,none,Segou,Groundnuts (In Shell),Main,1993,6,1993,12,All (PS),yield,0.7870837537840565
6224,ML2016A104,Mali,ML,Segou,none,Segou,Groundnuts (In Shell),Main,1995,6,1995,12,All (PS),yield,0.5726951958744232
6225,ML2016A104,Mali,ML,Segou,none,Segou,Groundnuts (In Shell),Main,1996,6,1996,12,All (PS),yield,0.7746941456605633
6226,ML2016A104,Mali,ML,Segou,none,Segou,Groundnuts (In Shell),Main,1997,6,1997,12,All (PS),yield,0.6907662289722091
6227,ML2016A104,Mali,ML,Segou,none,Segou,Groundnuts (In Shell),Main,2000,6,2000,12,All (PS),yield,0.8179781991936688
6228,ML2016A104,Mali,ML,Segou,none,Segou,Groundnuts (In Shell),Main,2001,6,2001,12,All (PS),yield,0.5427133001251965
6229,ML2016A104,Mali,ML,Segou,none,Segou,Groundnuts (In Shell),Main,2002,6,2002,12,All (PS),yield,0.449761144395471
6230,ML2016A104,Mali,ML,Segou,none,Segou,Groundnuts (In Shell),Main,2003,6,2003,12,All (PS),yield,0.9269964243146603
6231,ML2016A104,Mali,ML,Segou,none,Segou,Groundnuts (In Shell),Main,2004,6,2004,12,All (PS),yield,0.8944966814159292
6232,ML2016A104,Mali,ML,Segou,none,Segou,Groundnuts (In Shell),Main,2005,6,2005,12,All (PS),yield,1.0256345941607303
6233,ML2016A104,Mali,ML,Segou,none,Segou,Groundnuts (In Shell),Main,2006,6,2006,12,All (PS),yield,0.8165108484367967
6234,ML2016A104,Mali,ML,Segou,none,Segou,Groundnuts (In Shell),Main,2007,6,2007,12,All (PS),yield,0.8071432585848367
6235,ML2016A104,Mali,ML,Segou,none,Segou,Groundnuts (In Shell),Main,2008,6,2008,12,All (PS),yield,0.9616109875883032
6236,ML2016A104,Mali,ML,Segou,none,Segou,Groundnuts (In Shell),Main,2009,6,2009,12,All (PS),yield,0.9107754364587491
6237,ML2016A104,Mali,ML,Segou,none,Segou,Groundnuts (In Shell),Main,2010,6,2010,12,All (PS),yield,0.834855063210318
6238,ML2016A104,Mali,ML,Segou,none,Segou,Groundnuts (In Shell),Main,2011,6,2011,12,All (PS),yield,0.526
6239,ML2016A104,Mali,ML,Segou,none,Segou,Groundnuts (In Shell),Main,2012,6,2012,12,All (PS),yield,0.8600199465946016
6240,ML2016A104,Mali,ML,Segou,none,Segou,Groundnuts (In Shell),Main,2013,6,2013,12,All (PS),yield,1.2211938721605917
6241,ML2016A104,Mali,ML,Segou,none,Segou,Groundnuts (In Shell),Main,2014,6,2014,12,All (PS),yield,0.877
6242,ML2016A104,Mali,ML,Segou,none,Segou,Groundnuts (In Shell),Main,2015,6,2015,12,All (PS),yield,0.87891
6243,ML2016A104,Mali,ML,Segou,none,Segou,Groundnuts (In Shell),Main,2016,6,2016,12,All (PS),yield,0.86
6244,ML2016A104,Mali,ML,Segou,none,Segou,Groundnuts (In Shell),Main,2017,6,2017,12,All (PS),yield,0.8320261604884653
6245,ML2016A104,Mali,ML,Segou,none,Segou,Groundnuts (In Shell),Main,2018,6,2018,12,All (PS),yield,0.9000058226423151
6246,ML2016A104,Mali,ML,Segou,none,Segou,Groundnuts (In Shell),Main,2019,6,2019,12,All (PS),yield,0.8809968847352025
6247,ML2016A104,Mali,ML,Segou,none,Segou,Groundnuts (In Shell),Main,2020,6,2020,12,All (PS),yield,0.9000656209648399
6248,ML2016A104,Mali,ML,Segou,none,Segou,Groundnuts (In Shell),Main,2021,6,2021,12,All (PS),yield,0.52
6249,ML2016A104,Mali,ML,Segou,none,Segou,Maize,Main,1974,6,1974,12,All (PS),yield,0.9146084625694045
6250,ML2016A104,Mali,ML,Segou,none,Segou,Maize,Main,1975,6,1975,12,All (PS),yield,0.7756879136189481
6251,ML2016A104,Mali,ML,Segou,none,Segou,Maize,Main,1976,6,1976,12,All (PS),yield,2.8731241473397
6252,ML2016A104,Mali,ML,Segou,none,Segou,Maize,Main,1977,6,1977,12,All (PS),yield,1.4417458641323477
6253,ML2016A104,Mali,ML,Segou,none,Segou,Maize,Main,1978,6,1978,12,All (PS),yield,1.5543448651593572
6254,ML2016A104,Mali,ML,Segou,none,Segou,Maize,Main,1979,6,1979,12,All (PS),yield,0.9341945288753799
6255,ML2016A104,Mali,ML,Segou,none,Segou,Maize,Main,1980,6,1980,12,All (PS),yield,0.8742205323193917
6256,ML2016A104,Mali,ML,Segou,none,Segou,Maize,Main,1981,6,1981,12,All (PS),yield,1.016662521760756
6257,ML2016A104,Mali,ML,Segou,none,Segou,Maize,Main,1982,6,1982,12,All (PS),yield,1.5543448651593572
6258,ML2016A104,Mali,ML,Segou,none,Segou,Maize,Main,1983,6,1983,12,All (PS),yield,1.0221433243015976
6259,ML2016A104,Mali,ML,Segou,none,Segou,Maize,Main,1984,6,1984,12,All (PS),yield,0.06809057330978
6260,ML2016A104,Mali,ML,Segou,none,Segou,Maize,Main,1985,6,1985,12,All (PS),yield,1.4526192859526192
6261,ML2016A104,Mali,ML,Segou,none,Segou,Maize,Main,1986,6,1986,12,All (PS),yield,1.7693497122240358
6262,ML2016A104,Mali,ML,Segou,none,Segou,Maize,Main,1987,6,1987,12,All (PS),yield,1.10549472037544
6263,ML2016A104,Mali,ML,Segou,none,Segou,Maize,Main,1988,6,1988,12,All (PS),yield,1.8101317620099844
6264,ML2016A104,Mali,ML,Segou,none,Segou,Maize,Main,1989,6,1989,12,All (PS),yield,1.4234647864228909
6265,ML2016A104,Mali,ML,Segou,none,Segou,Maize,Main,1990,6,1990,12,All (PS),yield,0.826133909287257
6266,ML2016A104,Mali,ML,Segou,none,Segou,Maize,Main,1991,6,1991,12,All (PS),yield,1.0160976109914899
6267,ML2016A104,Mali,ML,Segou,none,Segou,Maize,Main,1992,6,1992,12,All (PS),yield,1.0160976109914899
6268,ML2016A104,Mali,ML,Segou,none,Segou,Maize,Main,1993,6,1993,12,All (PS),yield,0.9389692585895117
6269,ML2016A104,Mali,ML,Segou,none,Segou,Maize,Main,1995,6,1995,12,All (PS),yield,0.6536764705882353
6270,ML2016A104,Mali,ML,Segou,none,Segou,Maize,Main,1996,6,1996,12,All (PS),yield,1.3177654302447814
6271,ML2016A104,Mali,ML,Segou,none,Segou,Maize,Main,1997,6,1997,12,All (PS),yield,1.292614316495092
6272,ML2016A104,Mali,ML,Segou,none,Segou,Maize,Main,1998,6,1998,12,All (PS),yield,1.586915594603075
6273,ML2016A104,Mali,ML,Segou,none,Segou,Maize,Main,1999,6,1999,12,All (PS),yield,1.4306518723994452
6274,ML2016A104,Mali,ML,Segou,none,Segou,Maize,Main,2000,6,2000,12,All (PS),yield,1.3903202627797167
6275,ML2016A104,Mali,ML,Segou,none,Segou,Maize,Main,2001,6,2001,12,All (PS),yield,1.8406593406593406
6276,ML2016A104,Mali,ML,Segou,none,Segou,Maize,Main,2002,6,2002,12,All (PS),yield,0.7744014373315627
6277,ML2016A104,Mali,ML,Segou,none,Segou,Maize,Main,2003,6,2003,12,All (PS),yield,1.558803253826003
6278,ML2016A104,Mali,ML,Segou,none,Segou,Maize,Main,2004,6,2004,12,All (PS),yield,1.3521812152792732
6279,ML2016A104,Mali,ML,Segou,none,Segou,Maize,Main,2005,6,2005,12,All (PS),yield,1.4146150500217485
6280,ML2016A104,Mali,ML,Segou,none,Segou,Maize,Main,2006,6,2006,12,All (PS),yield,0.8842113996293333
6281,ML2016A104,Mali,ML,Segou,none,Segou,Maize,Main,2007,6,2007,12,All (PS),yield,1.4709244131606987
6282,ML2016A104,Mali,ML,Segou,none,Segou,Maize,Main,2008,6,2008,12,All (PS),yield,1.6284788758098367
6283,ML2016A104,Mali,ML,Segou,none,Segou,Maize,Main,2009,6,2009,12,All (PS),yield,1.6119565217391305
6284,ML2016A104,Mali,ML,Segou,none,Segou,Maize,Main,2010,6,2010,12,All (PS),yield,2.563368321736054
6285,ML2016A104,Mali,ML,Segou,none,Segou,Maize,Main,2011,6,2011,12,All (PS),yield,0.9731919083422843
6286,ML2016A104,Mali,ML,Segou,none,Segou,Maize,Main,2012,6,2012,12,All (PS),yield,3.249860897456878
6287,ML2016A104,Mali,ML,Segou,none,Segou,Maize,Main,2013,6,2013,12,All (PS),yield,2.0322771035449483
6288,ML2016A104,Mali,ML,Segou,none,Segou,Maize,Main,2014,6,2014,12,All (PS),yield,2.1998131879228517
6289,ML2016A104,Mali,ML,Segou,none,Segou,Maize,Main,2015,6,2015,12,All (PS),yield,2.120647678272858
6290,ML2016A104,Mali,ML,Segou,none,Segou,Maize,Main,2016,6,2016,12,All (PS),yield,1.9065477622157672
6291,ML2016A104,Mali,ML,Segou,none,Segou,Maize,Main,2017,6,2017,12,All (PS),yield,2.851564883167592
6292,ML2016A104,Mali,ML,Segou,none,Segou,Maize,Main,2018,6,2018,12,All (PS),yield,5.059864128606982
6293,ML2016A104,Mali,ML,Segou,none,Segou,Maize,Main,2019,6,2019,12,All (PS),yield,2.49166
6294,ML2016A104,Mali,ML,Segou,none,Segou,Maize,Main,2020,6,2020,12,All (PS),yield,2.463152960085722
6295,ML2016A104,Mali,ML,Segou,none,Segou,Maize,Main,2021,6,2021,12,All (PS),yield,2.2303143169896082
6296,ML2016A104,Mali,ML,Segou,none,Segou,Maize,Main,2022,6,2022,12,All (PS),yield,2.32061679534592
6297,ML2016A104,Mali,ML,Segou,none,Segou,Sorghum,Main,1982,6,1982,12,All (PS),yield,1.176863334320904
6298,ML2016A104,Mali,ML,Segou,none,Segou,Sorghum,Main,1983,6,1983,12,All (PS),yield,0.6252917430076709
6299,ML2016A104,Mali,ML,Segou,none,Segou,Sorghum,Main,1984,6,1984,12,All (PS),yield,0.35949433763497496
6300,ML2016A104,Mali,ML,Segou,none,Segou,Sorghum,Main,1985,6,1985,12,All (PS),yield,0.8282707745714906
6301,ML2016A104,Mali,ML,Segou,none,Segou,Sorghum,Main,1986,6,1986,12,All (PS),yield,1.2049035509471122
6302,ML2016A104,Mali,ML,Segou,none,Segou,Sorghum,Main,1987,6,1987,12,All (PS),yield,0.7280724685450598
6303,ML2016A104,Mali,ML,Segou,none,Segou,Sorghum,Main,1988,6,1988,12,All (PS),yield,1.1946676572260295
6304,ML2016A104,Mali,ML,Segou,none,Segou,Sorghum,Main,1989,6,1989,12,All (PS),yield,1.1479250626293431
6305,ML2016A104,Mali,ML,Segou,none,Segou,Sorghum,Main,1990,6,1990,12,All (PS),yield,0.945875112461372
6306,ML2016A104,Mali,ML,Segou,none,Segou,Sorghum,Main,1991,6,1991,12,All (PS),yield,0.5799661785341633
6307,ML2016A104,Mali,ML,Segou,none,Segou,Sorghum,Main,1992,6,1992,12,All (PS),yield,0.5799661785341633
6308,ML2016A104,Mali,ML,Segou,none,Segou,Sorghum,Main,1993,6,1993,12,All (PS),yield,0.8872371404702232
6309,ML2016A104,Mali,ML,Segou,none,Segou,Sorghum,Main,1995,6,1995,12,All (PS),yield,0.8902163619144752
6310,ML2016A104,Mali,ML,Segou,none,Segou,Sorghum,Main,1996,6,1996,12,All (PS),yield,0.9644430096617244
6311,ML2016A104,Mali,ML,Segou,none,Segou,Sorghum,Main,1997,6,1997,12,All (PS),yield,0.9915094988198089
6312,ML2016A104,Mali,ML,Segou,none,Segou,Sorghum,Main,1998,6,1998,12,All (PS),yield,1.1617983577870508
6313,ML2016A104,Mali,ML,Segou,none,Segou,Sorghum,Main,1999,6,1999,12,All (PS),yield,1.0041852087306633
6314,ML2016A104,Mali,ML,Segou,none,Segou,Sorghum,Main,2000,6,2000,12,All (PS),yield,0.9703433978882695
6315,ML2016A104,Mali,ML,Segou,none,Segou,Sorghum,Main,2001,6,2001,12,All (PS),yield,0.8402190408472976
6316,ML2016A104,Mali,ML,Segou,none,Segou,Sorghum,Main,2002,6,2002,12,All (PS),yield,0.604562166492611
6317,ML2016A104,Mali,ML,Segou,none,Segou,Sorghum,Main,2003,6,2003,12,All (PS),yield,0.9635080854343605
6318,ML2016A104,Mali,ML,Segou,none,Segou,Sorghum,Main,2004,6,2004,12,All (PS),yield,0.9972457957022735
6319,ML2016A104,Mali,ML,Segou,none,Segou,Sorghum,Main,2005,6,2005,12,All (PS),yield,0.8987837939919927
6320,ML2016A104,Mali,ML,Segou,none,Segou,Sorghum,Main,2006,6,2006,12,All (PS),yield,0.7494269289983205
6321,ML2016A104,Mali,ML,Segou,none,Segou,Sorghum,Main,2007,6,2007,12,All (PS),yield,0.704647484133744
6322,ML2016A104,Mali,ML,Segou,none,Segou,Sorghum,Main,2008,6,2008,12,All (PS),yield,0.843461185856934
6323,ML2016A104,Mali,ML,Segou,none,Segou,Sorghum,Main,2009,6,2009,12,All (PS),yield,1.1790926377433768
6324,ML2016A104,Mali,ML,Segou,none,Segou,Sorghum,Main,2010,6,2010,12,All (PS),yield,0.9752888604870805
6325,ML2016A104,Mali,ML,Segou,none,Segou,Sorghum,Main,2011,6,2011,12,All (PS),yield,0.6136705399863295
6326,ML2016A104,Mali,ML,Segou,none,Segou,Sorghum,Main,2012,6,2012,12,All (PS),yield,1.006469136679153
6327,ML2016A104,Mali,ML,Segou,none,Segou,Sorghum,Main,2013,6,2013,12,All (PS),yield,0.8592199205148947
6328,ML2016A104,Mali,ML,Segou,none,Segou,Sorghum,Main,2014,6,2014,12,All (PS),yield,1.0
6329,ML2016A104,Mali,ML,Segou,none,Segou,Sorghum,Main,2015,6,2015,12,All (PS),yield,1.0250555746892513
6330,ML2016A104,Mali,ML,Segou,none,Segou,Sorghum,Main,2016,6,2016,12,All (PS),yield,1.04830052548821
6331,ML2016A104,Mali,ML,Segou,none,Segou,Sorghum,Main,2017,6,2017,12,All (PS),yield,1.0633579567544935
6332,ML2016A104,Mali,ML,Segou,none,Segou,Sorghum,Main,2018,6,2018,12,All (PS),yield,0.8531913567162505
6333,ML2016A104,Mali,ML,Segou,none,Segou,Sorghum,Main,2019,6,2019,12,All (PS),yield,1.0452300000000012
6334,ML2016A104,Mali,ML,Segou,none,Segou,Sorghum,Main,2020,6,2020,12,All (PS),yield,1.0120922639741226
6335,ML2016A104,Mali,ML,Segou,none,Segou,Sorghum,Main,2021,6,2021,12,All (PS),yield,0.8378201715668107
6336,ML2016A104,Mali,ML,Segou,none,Segou,Sorghum,Main,2022,6,2022,12,All (PS),yield,1.0157955676705703
6337,ML2016A104,Mali,ML,Segou,none,Segou,Millet,Main,1982,6,1982,12,All (PS),yield,1.0791757997684257
6338,ML2016A104,Mali,ML,Segou,none,Segou,Millet,Main,1983,6,1983,12,All (PS),yield,0.7688654861933495
6339,ML2016A104,Mali,ML,Segou,none,Segou,Millet,Main,1984,6,1984,12,All (PS),yield,0.4758912158067922
6340,ML2016A104,Mali,ML,Segou,none,Segou,Millet,Main,1985,6,1985,12,All (PS),yield,1.0375518399772397
6341,ML2016A104,Mali,ML,Segou,none,Segou,Millet,Main,1986,6,1986,12,All (PS),yield,1.2235577369996467
6342,ML2016A104,Mali,ML,Segou,none,Segou,Millet,Main,1987,6,1987,12,All (PS),yield,0.6314612396395263
6343,ML2016A104,Mali,ML,Segou,none,Segou,Millet,Main,1988,6,1988,12,All (PS),yield,0.6423650212013783
6344,ML2016A104,Mali,ML,Segou,none,Segou,Millet,Main,1989,6,1989,12,All (PS),yield,0.8755896333387762
6345,ML2016A104,Mali,ML,Segou,none,Segou,Millet,Main,1990,6,1990,12,All (PS),yield,0.8135326951733892
6346,ML2016A104,Mali,ML,Segou,none,Segou,Millet,Main,1991,6,1991,12,All (PS),yield,0.5969421807157406
6347,ML2016A104,Mali,ML,Segou,none,Segou,Millet,Main,1992,6,1992,12,All (PS),yield,0.5969421807157406
6348,ML2016A104,Mali,ML,Segou,none,Segou,Millet,Main,1993,6,1993,12,All (PS),yield,0.6327249734371967
6349,ML2016A104,Mali,ML,Segou,none,Segou,Millet,Main,1995,6,1995,12,All (PS),yield,0.5286485084412897
6350,ML2016A104,Mali,ML,Segou,none,Segou,Millet,Main,1996,6,1996,12,All (PS),yield,0.89799620938178
6351,ML2016A104,Mali,ML,Segou,none,Segou,Millet,Main,1997,6,1997,12,All (PS),yield,0.8605663668902457
6352,ML2016A104,Mali,ML,Segou,none,Segou,Millet,Main,1998,6,1998,12,All (PS),yield,0.9651971753421029
6353,ML2016A104,Mali,ML,Segou,none,Segou,Millet,Main,1999,6,1999,12,All (PS),yield,0.9465957529633883
6354,ML2016A104,Mali,ML,Segou,none,Segou,Millet,Main,2000,6,2000,12,All (PS),yield,0.6802703940633809
6355,ML2016A104,Mali,ML,Segou,none,Segou,Millet,Main,2001,6,2001,12,All (PS),yield,0.8337868735183964
6356,ML2016A104,Mali,ML,Segou,none,Segou,Millet,Main,2002,6,2002,12,All (PS),yield,0.5163982095353872
6357,ML2016A104,Mali,ML,Segou,none,Segou,Millet,Main,2003,6,2003,12,All (PS),yield,0.754617290526841
6358,ML2016A104,Mali,ML,Segou,none,Segou,Millet,Main,2004,6,2004,12,All (PS),yield,0.9513806591534023
6359,ML2016A104,Mali,ML,Segou,none,Segou,Millet,Main,2005,6,2005,12,All (PS),yield,0.9766203718775978
6360,ML2016A104,Mali,ML,Segou,none,Segou,Millet,Main,2006,6,2006,12,All (PS),yield,0.8136611181664198
6361,ML2016A104,Mali,ML,Segou,none,Segou,Millet,Main,2007,6,2007,12,All (PS),yield,0.8315547561170701
6362,ML2016A104,Mali,ML,Segou,none,Segou,Millet,Main,2008,6,2008,12,All (PS),yield,0.8382171265522134
6363,ML2016A104,Mali,ML,Segou,none,Segou,Millet,Main,2009,6,2009,12,All (PS),yield,1.0771521237675639
6364,ML2016A104,Mali,ML,Segou,none,Segou,Millet,Main,2010,6,2010,12,All (PS),yield,0.9764248417345486
6365,ML2016A104,Mali,ML,Segou,none,Segou,Millet,Main,2011,6,2011,12,All (PS),yield,0.6678679875525982
6366,ML2016A104,Mali,ML,Segou,none,Segou,Millet,Main,2012,6,2012,12,All (PS),yield,1.0104174363833676
6367,ML2016A104,Mali,ML,Segou,none,Segou,Millet,Main,2013,6,2013,12,All (PS),yield,0.8032840085427008
6368,ML2016A104,Mali,ML,Segou,none,Segou,Millet,Main,2014,6,2014,12,All (PS),yield,1.0
6369,ML2016A104,Mali,ML,Segou,none,Segou,Millet,Main,2015,6,2015,12,All (PS),yield,0.9893234774119718
6370,ML2016A104,Mali,ML,Segou,none,Segou,Millet,Main,2016,6,2016,12,All (PS),yield,0.9363520728819983
6371,ML2016A104,Mali,ML,Segou,none,Segou,Millet,Main,2017,6,2017,12,All (PS),yield,0.8142495783055207
6372,ML2016A104,Mali,ML,Segou,none,Segou,Millet,Main,2018,6,2018,12,All (PS),yield,0.8867154756368234
6373,ML2016A104,Mali,ML,Segou,none,Segou,Millet,Main,2019,6,2019,12,All (PS),yield,0.96136
6374,ML2016A104,Mali,ML,Segou,none,Segou,Millet,Main,2020,6,2020,12,All (PS),yield,0.9611862731423928
6375,ML2016A104,Mali,ML,Segou,none,Segou,Millet,Main,2021,6,2021,12,All (PS),yield,0.7754502470095769
6376,ML2016A104,Mali,ML,Segou,none,Segou,Millet,Main,2022,6,2022,12,All (PS),yield,0.9396078125963351
6377,ML2016A104,Mali,ML,Segou,none,Segou,Yams,Main,1986,6,1986,12,All (PS),yield,1.836734693877551
6378,ML2016A104,Mali,ML,Segou,none,Segou,Yams,Main,1988,6,1988,12,All (PS),yield,2.330827067669173
6379,ML2016A104,Mali,ML,Segou,none,Segou,Yams,Main,1990,6,1990,12,All (PS),yield,4.722222222222222
6380,ML2016A104,Mali,ML,Segou,none,Segou,Sugarcane,Main,1984,6,1984,12,All (PS),yield,54.62238805970149
6381,ML2016A104,Mali,ML,Segou,none,Segou,Sugarcane,Main,1985,6,1985,12,All (PS),yield,56.77640899291654
6382,ML2016A104,Mali,ML,Segou,none,Segou,Sugarcane,Main,1986,6,1986,12,All (PS),yield,63.107946026986504
6383,ML2016A104,Mali,ML,Segou,none,Segou,Sugarcane,Main,1987,6,1987,12,All (PS),yield,77.338161209068
6384,ML2016A104,Mali,ML,Segou,none,Segou,Sugarcane,Main,1988,6,1988,12,All (PS),yield,75.52138728323699
6385,ML2016A104,Mali,ML,Segou,none,Segou,Sugarcane,Main,1989,6,1989,12,All (PS),yield,65.87493606138108
6386,ML2016A104,Mali,ML,Segou,none,Segou,Sugarcane,Main,1990,6,1990,12,All (PS),yield,31.859205776173287
6387,ML2016A104,Mali,ML,Segou,none,Segou,Sugarcane,Main,1991,6,1991,12,All (PS),yield,5.932262569832402
6388,ML2016A104,Mali,ML,Segou,none,Segou,Sugarcane,Main,1992,6,1992,12,All (PS),yield,5.935025617140195
6389,ML2016A104,Mali,ML,Segou,none,Segou,Sugarcane,Main,1993,6,1993,12,All (PS),yield,4.671263848066923
6390,ML2016A104,Mali,ML,Segou,none,Segou,Sugarcane,Main,1995,6,1995,12,All (PS),yield,73.27336331834083
6391,ML2016A104,Mali,ML,Segou,none,Segou,Sugarcane,Main,1996,6,1996,12,All (PS),yield,63.74649324152002
6392,ML2016A104,Mali,ML,Segou,none,Segou,Sugarcane,Main,1997,6,1997,12,All (PS),yield,76.64609157601821
6393,ML2016A104,Mali,ML,Segou,none,Segou,Sugarcane,Main,2000,6,2000,12,All (PS),yield,67.67394594594595
6394,ML2016A104,Mali,ML,Segou,none,Segou,Sugarcane,Main,2001,6,2001,12,All (PS),yield,68.30340038314176
6395,ML2016A104,Mali,ML,Segou,none,Segou,Sugarcane,Main,2002,6,2002,12,All (PS),yield,70.00336063852131
6396,ML2016A104,Mali,ML,Segou,none,Segou,Sugarcane,Main,2003,6,2003,12,All (PS),yield,72.9641693811075
6397,ML2016A104,Mali,ML,Segou,none,Segou,Sugarcane,Main,2004,6,2004,12,All (PS),yield,77.90841916703985
6398,ML2016A104,Mali,ML,Segou,none,Segou,Sugarcane,Main,2005,6,2005,12,All (PS),yield,75.07893589184475
6399,ML2016A104,Mali,ML,Segou,none,Segou,Sugarcane,Main,2006,6,2006,12,All (PS),yield,68.24626228107647
6400,ML2016A104,Mali,ML,Segou,none,Segou,Sugarcane,Main,2007,6,2007,12,All (PS),yield,69.78868926092282
6401,ML2016A104,Mali,ML,Segou,none,Segou,Sugarcane,Main,2009,6,2009,12,All (PS),yield,74.87586891757697
6402,ML2016A104,Mali,ML,Segou,none,Segou,Sugarcane,Main,2011,6,2011,12,All (PS),yield,77.35652885796152
6403,ML2016A104,Mali,ML,Segou,none,Segou,Sugarcane,Main,2012,6,2012,12,All (PS),yield,77.35652885796152
6404,ML2016A104,Mali,ML,Segou,none,Segou,Sugarcane,Main,2013,6,2013,12,All (PS),yield,73.5678281832128
6405,ML2016A104,Mali,ML,Segou,none,Segou,Wheat,Main,2006,6,2006,12,All (PS),yield,1.5
6406,ML2016A104,Mali,ML,Segou,none,Segou,Wheat,Main,2007,6,2007,12,All (PS),yield,1.3
6407,ML2016A104,Mali,ML,Segou,none,Segou,Wheat,Main,2008,6,2008,12,All (PS),yield,2.5
6408,ML2016A104,Mali,ML,Segou,none,Segou,Wheat,Main,2011,6,2011,12,All (PS),yield,3.5
6409,ML2016A104,Mali,ML,Segou,none,Segou,Wheat,Main,2012,6,2012,12,All (PS),yield,3.4999999999999956
6410,ML2016A104,Mali,ML,Segou,none,Segou,Wheat,Main,2013,6,2013,12,All (PS),yield,3.902439024390244
6411,ML2016A104,Mali,ML,Segou,none,Segou,Wheat,Main,2014,6,2014,12,All (PS),yield,3.0
6412,ML2016A104,Mali,ML,Segou,none,Segou,Wheat,Main,2015,6,2015,12,All (PS),yield,4.104075235109718
6413,ML2016A104,Mali,ML,Segou,none,Segou,Wheat,Main,2016,6,2016,12,All (PS),yield,4.0
6414,ML2016A104,Mali,ML,Segou,none,Segou,Wheat,Main,2018,6,2018,12,All (PS),yield,4.0
6415,ML2016A104,Mali,ML,Segou,none,Segou,Sesame Seed,Main,2004,6,2004,12,All (PS),yield,0.6701440635866865
6416,ML2016A104,Mali,ML,Segou,none,Segou,Sesame Seed,Main,2005,6,2005,12,All (PS),yield,0.703483432455395
6417,ML2016A104,Mali,ML,Segou,none,Segou,Sesame Seed,Main,2006,6,2006,12,All (PS),yield,0.32509328358208955
6418,ML2016A104,Mali,ML,Segou,none,Segou,Sesame Seed,Main,2007,6,2007,12,All (PS),yield,0.37098103874690846
6419,ML2016A104,Mali,ML,Segou,none,Segou,Sesame Seed,Main,2008,6,2008,12,All (PS),yield,0.29956390472995637
6420,ML2016A104,Mali,ML,Segou,none,Segou,Sesame Seed,Main,2009,6,2009,12,All (PS),yield,0.3175294720656074
6421,ML2016A104,Mali,ML,Segou,none,Segou,Sesame Seed,Main,2010,6,2010,12,All (PS),yield,0.5340677755710029
6422,ML2016A104,Mali,ML,Segou,none,Segou,Sesame Seed,Main,2011,6,2011,12,All (PS),yield,0.4449984088257134
6423,ML2016A104,Mali,ML,Segou,none,Segou,Sesame Seed,Main,2012,6,2012,12,All (PS),yield,0.4966522678185745
6424,ML2016A104,Mali,ML,Segou,none,Segou,Sesame Seed,Main,2013,6,2013,12,All (PS),yield,0.4341421143847487
6425,ML2016A104,Mali,ML,Segou,none,Segou,Sesame Seed,Main,2014,6,2014,12,All (PS),yield,0.48000000000000004
6426,ML2016A104,Mali,ML,Segou,none,Segou,Sesame Seed,Main,2015,6,2015,12,All (PS),yield,0.48456
6427,ML2016A104,Mali,ML,Segou,none,Segou,Sesame Seed,Main,2016,6,2016,12,All (PS),yield,0.4992
6428,ML2016A104,Mali,ML,Segou,none,Segou,Sesame Seed,Main,2017,6,2017,12,All (PS),yield,0.42140001269277144
6429,ML2016A104,Mali,ML,Segou,none,Segou,Sesame Seed,Main,2018,6,2018,12,All (PS),yield,0.583
6430,ML2016A104,Mali,ML,Segou,none,Segou,Sesame Seed,Main,2020,6,2020,12,All (PS),yield,0.5829686974082801
6431,ML2016A104,Mali,ML,Segou,none,Segou,Sesame Seed,Main,2021,6,2021,12,All (PS),yield,0.7339
6432,ML2016A104,Mali,ML,Segou,none,Segou,Soybean,Main,2006,6,2006,12,All (PS),yield,0.9030612244897959
6433,ML2016A104,Mali,ML,Segou,none,Segou,Soybean,Main,2007,6,2007,12,All (PS),yield,1.1108870967741935
6434,ML2016A104,Mali,ML,Segou,none,Segou,Soybean,Main,2008,6,2008,12,All (PS),yield,1.8381502890173411
6435,ML2016A104,Mali,ML,Segou,none,Segou,Soybean,Main,2009,6,2009,12,All (PS),yield,1.013586956521739
6436,ML2016A104,Mali,ML,Segou,none,Segou,Soybean,Main,2010,6,2010,12,All (PS),yield,1.4721603563474388
6437,ML2016A104,Mali,ML,Segou,none,Segou,Soybean,Main,2011,6,2011,12,All (PS),yield,1.603734439834025
6438,ML2016A104,Mali,ML,Segou,none,Segou,Soybean,Main,2012,6,2012,12,All (PS),yield,4.191011235955056
6439,ML2016A104,Mali,ML,Segou,none,Segou,Soybean,Main,2013,6,2013,12,All (PS),yield,0.7549234135667396
6440,ML2016A104,Mali,ML,Segou,none,Segou,Soybean,Main,2014,6,2014,12,All (PS),yield,0.7786499215070644
6441,ML2016A104,Mali,ML,Segou,none,Segou,Soybean,Main,2015,6,2015,12,All (PS),yield,0.778
6442,ML2016A104,Mali,ML,Segou,none,Segou,Soybean,Main,2016,6,2016,12,All (PS),yield,0.6
6443,ML2016A104,Mali,ML,Segou,none,Segou,Soybean,Main,2017,6,2017,12,All (PS),yield,0.6608093716719915
6444,ML2016A104,Mali,ML,Segou,none,Segou,Soybean,Main,2018,6,2018,12,All (PS),yield,0.7507552870090635
6445,ML2016A104,Mali,ML,Segou,none,Segou,Soybean,Main,2020,6,2020,12,All (PS),yield,0.7506666666666667
6446,ML2016A104,Mali,ML,Segou,none,Segou,Soybean,Main,2021,6,2021,12,All (PS),yield,0.8543999999999999
6447,ML2016A105,Mali,ML,Mopti,none,Mopti,Bambara groundnut,Main,1984,6,1984,12,All (PS),yield,0.7077826725403817
6448,ML2016A105,Mali,ML,Mopti,none,Mopti,Bambara groundnut,Main,1985,6,1985,12,All (PS),yield,1.0664585191793041
6449,ML2016A105,Mali,ML,Mopti,none,Mopti,Bambara groundnut,Main,1990,6,1990,12,All (PS),yield,0.1935483870967742
6450,ML2016A105,Mali,ML,Mopti,none,Mopti,Bambara groundnut,Main,1992,6,1992,12,All (PS),yield,0.582798459563543
6451,ML2016A105,Mali,ML,Mopti,none,Mopti,Bambara groundnut,Main,1993,6,1993,12,All (PS),yield,0.28278396964666824
6452,ML2016A105,Mali,ML,Mopti,none,Mopti,Bambara groundnut,Main,1995,6,1995,12,All (PS),yield,0.8258224425416855
6453,ML2016A105,Mali,ML,Mopti,none,Mopti,Bambara groundnut,Main,1996,6,1996,12,All (PS),yield,0.9029317565902931
6454,ML2016A105,Mali,ML,Mopti,none,Mopti,Bambara groundnut,Main,1997,6,1997,12,All (PS),yield,0.4079280940308827
6455,ML2016A105,Mali,ML,Mopti,none,Mopti,Bambara groundnut,Main,1998,6,1998,12,All (PS),yield,0.6303169307756463
6456,ML2016A105,Mali,ML,Mopti,none,Mopti,Bambara groundnut,Main,2000,6,2000,12,All (PS),yield,0.5853473501679852
6457,ML2016A105,Mali,ML,Mopti,none,Mopti,Bambara groundnut,Main,2002,6,2002,12,All (PS),yield,0.321186881832379
6458,ML2016A105,Mali,ML,Mopti,none,Mopti,Bambara groundnut,Main,2003,6,2003,12,All (PS),yield,0.6129765886287626
6459,ML2016A105,Mali,ML,Mopti,none,Mopti,Bambara groundnut,Main,2004,6,2004,12,All (PS),yield,0.4790740932107058
6460,ML2016A105,Mali,ML,Mopti,none,Mopti,Bambara groundnut,Main,2005,6,2005,12,All (PS),yield,0.7377910029756696
6461,ML2016A105,Mali,ML,Mopti,none,Mopti,Bambara groundnut,Main,2006,6,2006,12,All (PS),yield,0.5533272587076282
6462,ML2016A105,Mali,ML,Mopti,none,Mopti,Bambara groundnut,Main,2007,6,2007,12,All (PS),yield,0.5346698113207548
6463,ML2016A105,Mali,ML,Mopti,none,Mopti,Bambara groundnut,Main,2008,6,2008,12,All (PS),yield,0.5250112917795845
6464,ML2016A105,Mali,ML,Mopti,none,Mopti,Bambara groundnut,Main,2009,6,2009,12,All (PS),yield,0.5358365736173176
6465,ML2016A105,Mali,ML,Mopti,none,Mopti,Bambara groundnut,Main,2010,6,2010,12,All (PS),yield,0.7999893865421355
6466,ML2016A105,Mali,ML,Mopti,none,Mopti,Bambara groundnut,Main,2011,6,2011,12,All (PS),yield,0.5358365736173176
6467,ML2016A105,Mali,ML,Mopti,none,Mopti,Bambara groundnut,Main,2012,6,2012,12,All (PS),yield,0.6
6468,ML2016A105,Mali,ML,Mopti,none,Mopti,Bambara groundnut,Main,2013,6,2013,12,All (PS),yield,0.6
6469,ML2016A105,Mali,ML,Mopti,none,Mopti,Bambara groundnut,Main,2014,6,2014,12,All (PS),yield,0.5500258308937489
6470,ML2016A105,Mali,ML,Mopti,none,Mopti,Bambara groundnut,Main,2015,6,2015,12,All (PS),yield,0.55
6471,ML2016A105,Mali,ML,Mopti,none,Mopti,Bambara groundnut,Main,2016,6,2016,12,All (PS),yield,0.6249792531120332
6472,ML2016A105,Mali,ML,Mopti,none,Mopti,Bambara groundnut,Main,2017,6,2017,12,All (PS),yield,0.6933958170615291
6473,ML2016A105,Mali,ML,Mopti,none,Mopti,Bambara groundnut,Main,2018,6,2018,12,All (PS),yield,0.6699652313452795
6474,ML2016A105,Mali,ML,Mopti,none,Mopti,Bambara groundnut,Main,2019,6,2019,12,All (PS),yield,0.6680039226174557
6475,ML2016A105,Mali,ML,Mopti,none,Mopti,Bambara groundnut,Main,2020,6,2020,12,All (PS),yield,0.6699486301369864
6476,ML2016A105,Mali,ML,Mopti,none,Mopti,Bambara groundnut,Main,2021,6,2021,12,All (PS),yield,0.6437
6477,ML2016A105,Mali,ML,Mopti,none,Mopti,Rice,Main,1982,6,1982,12,All (PS),yield,0.7072116702152328
6478,ML2016A105,Mali,ML,Mopti,none,Mopti,Rice,Main,1983,6,1983,12,All (PS),yield,0.40059179741260664
6479,ML2016A105,Mali,ML,Mopti,none,Mopti,Rice,Main,1984,6,1984,12,All (PS),yield,0.08406184524239578
6480,ML2016A105,Mali,ML,Mopti,none,Mopti,Rice,Main,1985,6,1985,12,All (PS),yield,0.8459967400483102
6481,ML2016A105,Mali,ML,Mopti,none,Mopti,Rice,Main,1986,6,1986,12,All (PS),yield,0.8021584878659591
6482,ML2016A105,Mali,ML,Mopti,none,Mopti,Rice,Main,1987,6,1987,12,All (PS),yield,1.9721962827966382
6483,ML2016A105,Mali,ML,Mopti,none,Mopti,Rice,Main,1988,6,1988,12,All (PS),yield,0.6682763322349733
6484,ML2016A105,Mali,ML,Mopti,none,Mopti,Rice,Main,1989,6,1989,12,All (PS),yield,0.9768815985083277
6485,ML2016A105,Mali,ML,Mopti,none,Mopti,Rice,Main,1990,6,1990,12,All (PS),yield,1.4677876054529002
6486,ML2016A105,Mali,ML,Mopti,none,Mopti,Rice,Main,1991,6,1991,12,All (PS),yield,1.4791040223122849
6487,ML2016A105,Mali,ML,Mopti,none,Mopti,Rice,Main,1992,6,1992,12,All (PS),yield,1.505344391715084
6488,ML2016A105,Mali,ML,Mopti,none,Mopti,Rice,Main,1993,6,1993,12,All (PS),yield,0.799364896073903
6489,ML2016A105,Mali,ML,Mopti,none,Mopti,Rice,Main,1995,6,1995,12,All (PS),yield,0.6125167668081509
6490,ML2016A105,Mali,ML,Mopti,none,Mopti,Rice,Main,1996,6,1996,12,All (PS),yield,0.9916758801546038
6491,ML2016A105,Mali,ML,Mopti,none,Mopti,Rice,Main,1998,6,1998,12,All (PS),yield,1.187299487940233
6492,ML2016A105,Mali,ML,Mopti,none,Mopti,Rice,Main,1999,6,1999,12,All (PS),yield,1.2650080969919317
6493,ML2016A105,Mali,ML,Mopti,none,Mopti,Rice,Main,2000,6,2000,12,All (PS),yield,0.9714997580168133
6494,ML2016A105,Mali,ML,Mopti,none,Mopti,Rice,Main,2001,6,2001,12,All (PS),yield,1.1271064799596784
6495,ML2016A105,Mali,ML,Mopti,none,Mopti,Rice,Main,2002,6,2002,12,All (PS),yield,0.6338064803804994
6496,ML2016A105,Mali,ML,Mopti,none,Mopti,Rice,Main,2003,6,2003,12,All (PS),yield,1.223611990029833
6497,ML2016A105,Mali,ML,Mopti,none,Mopti,Rice,Main,2004,6,2004,12,All (PS),yield,0.955962750572618
6498,ML2016A105,Mali,ML,Mopti,none,Mopti,Rice,Main,2005,6,2005,12,All (PS),yield,0.7508321748778839
6499,ML2016A105,Mali,ML,Mopti,none,Mopti,Rice,Main,2006,6,2006,12,All (PS),yield,1.5020217913416851
6500,ML2016A105,Mali,ML,Mopti,none,Mopti,Rice,Main,2007,6,2007,12,All (PS),yield,1.7670951450216141
6501,ML2016A105,Mali,ML,Mopti,none,Mopti,Rice,Main,2008,6,2008,12,All (PS),yield,1.5561709195548221
6502,ML2016A105,Mali,ML,Mopti,none,Mopti,Rice,Main,2009,6,2009,12,All (PS),yield,1.792866699691205
6503,ML2016A105,Mali,ML,Mopti,none,Mopti,Rice,Main,2010,6,2010,12,All (PS),yield,2.06728116639755
6504,ML2016A105,Mali,ML,Mopti,none,Mopti,Rice,Main,2011,6,2011,12,All (PS),yield,1.2921008777833995
6505,ML2016A105,Mali,ML,Mopti,none,Mopti,Rice,Main,2012,6,2012,12,All (PS),yield,1.3482424811081852
6506,ML2016A105,Mali,ML,Mopti,none,Mopti,Rice,Main,2013,6,2013,12,All (PS),yield,3.065574971608602
6507,ML2016A105,Mali,ML,Mopti,none,Mopti,Rice,Main,2014,6,2014,12,All (PS),yield,3.6262886276660726
6508,ML2016A105,Mali,ML,Mopti,none,Mopti,Rice,Main,2015,6,2015,12,All (PS),yield,2.457036051968943
6509,ML2016A105,Mali,ML,Mopti,none,Mopti,Rice,Main,2016,6,2016,12,All (PS),yield,2.7499429938347295
6510,ML2016A105,Mali,ML,Mopti,none,Mopti,Rice,Main,2017,6,2017,12,All (PS),yield,2.4809386270476033
6511,ML2016A105,Mali,ML,Mopti,none,Mopti,Rice,Main,2018,6,2018,12,All (PS),yield,2.257011928517122
6512,ML2016A105,Mali,ML,Mopti,none,Mopti,Rice,Main,2019,6,2019,12,All (PS),yield,2.4319565000222703
6513,ML2016A105,Mali,ML,Mopti,none,Mopti,Rice,Main,2020,6,2020,12,All (PS),yield,2.3545712306909365
6514,ML2016A105,Mali,ML,Mopti,none,Mopti,Rice,Main,2021,6,2021,12,All (PS),yield,2.2063051868432098
6515,ML2016A105,Mali,ML,Mopti,none,Mopti,Rice,Main,2022,6,2022,12,All (PS),yield,2.2714097442103345
6516,ML2016A105,Mali,ML,Mopti,none,Mopti,Cowpea,Main,1984,6,1984,12,All (PS),yield,0.21572741806554757
6517,ML2016A105,Mali,ML,Mopti,none,Mopti,Cowpea,Main,1985,6,1985,12,All (PS),yield,0.36527974146637043
6518,ML2016A105,Mali,ML,Mopti,none,Mopti,Cowpea,Main,1986,6,1986,12,All (PS),yield,0.2624451293546278
6519,ML2016A105,Mali,ML,Mopti,none,Mopti,Cowpea,Main,1987,6,1987,12,All (PS),yield,0.010211245133703492
6520,ML2016A105,Mali,ML,Mopti,none,Mopti,Cowpea,Main,1988,6,1988,12,All (PS),yield,0.003818980332251289
6521,ML2016A105,Mali,ML,Mopti,none,Mopti,Cowpea,Main,1989,6,1989,12,All (PS),yield,0.184264186601681
6522,ML2016A105,Mali,ML,Mopti,none,Mopti,Cowpea,Main,1990,6,1990,12,All (PS),yield,0.08615595272412799
6523,ML2016A105,Mali,ML,Mopti,none,Mopti,Cowpea,Main,1991,6,1991,12,All (PS),yield,0.2088971089263117
6524,ML2016A105,Mali,ML,Mopti,none,Mopti,Cowpea,Main,1992,6,1992,12,All (PS),yield,0.2088971089263117
6525,ML2016A105,Mali,ML,Mopti,none,Mopti,Cowpea,Main,1993,6,1993,12,All (PS),yield,0.05869558289247243
6526,ML2016A105,Mali,ML,Mopti,none,Mopti,Cowpea,Main,1995,6,1995,12,All (PS),yield,0.42348411934552455
6527,ML2016A105,Mali,ML,Mopti,none,Mopti,Cowpea,Main,1996,6,1996,12,All (PS),yield,0.33955289561696883
6528,ML2016A105,Mali,ML,Mopti,none,Mopti,Cowpea,Main,1997,6,1997,12,All (PS),yield,0.35869745804950987
6529,ML2016A105,Mali,ML,Mopti,none,Mopti,Cowpea,Main,1998,6,1998,12,All (PS),yield,0.30158985065039345
6530,ML2016A105,Mali,ML,Mopti,none,Mopti,Cowpea,Main,2000,6,2000,12,All (PS),yield,0.24811113819156713
6531,ML2016A105,Mali,ML,Mopti,none,Mopti,Cowpea,Main,2001,6,2001,12,All (PS),yield,0.3879520520113775
6532,ML2016A105,Mali,ML,Mopti,none,Mopti,Cowpea,Main,2002,6,2002,12,All (PS),yield,0.28491335372069315
6533,ML2016A105,Mali,ML,Mopti,none,Mopti,Cowpea,Main,2003,6,2003,12,All (PS),yield,0.5310499719258843
6534,ML2016A105,Mali,ML,Mopti,none,Mopti,Cowpea,Main,2004,6,2004,12,All (PS),yield,0.1818016396922797
6535,ML2016A105,Mali,ML,Mopti,none,Mopti,Cowpea,Main,2005,6,2005,12,All (PS),yield,0.3310690070337748
6536,ML2016A105,Mali,ML,Mopti,none,Mopti,Cowpea,Main,2006,6,2006,12,All (PS),yield,0.3012102884694866
6537,ML2016A105,Mali,ML,Mopti,none,Mopti,Cowpea,Main,2007,6,2007,12,All (PS),yield,0.13622748247320265
6538,ML2016A105,Mali,ML,Mopti,none,Mopti,Cowpea,Main,2008,6,2008,12,All (PS),yield,0.2174172921879344
6539,ML2016A105,Mali,ML,Mopti,none,Mopti,Cowpea,Main,2009,6,2009,12,All (PS),yield,0.1709755733969376
6540,ML2016A105,Mali,ML,Mopti,none,Mopti,Cowpea,Main,2010,6,2010,12,All (PS),yield,0.15828166597037618
6541,ML2016A105,Mali,ML,Mopti,none,Mopti,Cowpea,Main,2011,6,2011,12,All (PS),yield,0.2399999999999993
6542,ML2016A105,Mali,ML,Mopti,none,Mopti,Cowpea,Main,2012,6,2012,12,All (PS),yield,0.4
6543,ML2016A105,Mali,ML,Mopti,none,Mopti,Cowpea,Main,2013,6,2013,12,All (PS),yield,0.4584457911086215
6544,ML2016A105,Mali,ML,Mopti,none,Mopti,Cowpea,Main,2014,6,2014,12,All (PS),yield,0.5680138826690551
6545,ML2016A105,Mali,ML,Mopti,none,Mopti,Cowpea,Main,2015,6,2015,12,All (PS),yield,0.459
6546,ML2016A105,Mali,ML,Mopti,none,Mopti,Cowpea,Main,2016,6,2016,12,All (PS),yield,0.4655800575263663
6547,ML2016A105,Mali,ML,Mopti,none,Mopti,Cowpea,Main,2017,6,2017,12,All (PS),yield,0.4069465247370457
6548,ML2016A105,Mali,ML,Mopti,none,Mopti,Cowpea,Main,2018,6,2018,12,All (PS),yield,0.4735265767006334
6549,ML2016A105,Mali,ML,Mopti,none,Mopti,Cowpea,Main,2019,6,2019,12,All (PS),yield,0.4788155994222436
6550,ML2016A105,Mali,ML,Mopti,none,Mopti,Cowpea,Main,2020,6,2020,12,All (PS),yield,0.4739711350601878
6551,ML2016A105,Mali,ML,Mopti,none,Mopti,Cowpea,Main,2021,6,2021,12,All (PS),yield,0.3971
6552,ML2016A105,Mali,ML,Mopti,none,Mopti,Fonio,Main,1982,6,1982,12,All (PS),yield,0.44093959731543625
6553,ML2016A105,Mali,ML,Mopti,none,Mopti,Fonio,Main,1983,6,1983,12,All (PS),yield,0.6852902662592755
6554,ML2016A105,Mali,ML,Mopti,none,Mopti,Fonio,Main,1984,6,1984,12,All (PS),yield,0.560817385663315
6555,ML2016A105,Mali,ML,Mopti,none,Mopti,Fonio,Main,1985,6,1985,12,All (PS),yield,0.9286849875085169
6556,ML2016A105,Mali,ML,Mopti,none,Mopti,Fonio,Main,1986,6,1986,12,All (PS),yield,0.024719101123595506
6557,ML2016A105,Mali,ML,Mopti,none,Mopti,Fonio,Main,1989,6,1989,12,All (PS),yield,0.5587525150905432
6558,ML2016A105,Mali,ML,Mopti,none,Mopti,Fonio,Main,1990,6,1990,12,All (PS),yield,0.30453944468929045
6559,ML2016A105,Mali,ML,Mopti,none,Mopti,Fonio,Main,1991,6,1991,12,All (PS),yield,0.7936848559166155
6560,ML2016A105,Mali,ML,Mopti,none,Mopti,Fonio,Main,1992,6,1992,12,All (PS),yield,0.7936848559166155
6561,ML2016A105,Mali,ML,Mopti,none,Mopti,Fonio,Main,1993,6,1993,12,All (PS),yield,0.3023105160872382
6562,ML2016A105,Mali,ML,Mopti,none,Mopti,Fonio,Main,1995,6,1995,12,All (PS),yield,0.42847938144329895
6563,ML2016A105,Mali,ML,Mopti,none,Mopti,Fonio,Main,1996,6,1996,12,All (PS),yield,0.4333121961530332
6564,ML2016A105,Mali,ML,Mopti,none,Mopti,Fonio,Main,1997,6,1997,12,All (PS),yield,0.4870676223122468
6565,ML2016A105,Mali,ML,Mopti,none,Mopti,Fonio,Main,1998,6,1998,12,All (PS),yield,0.2780487804878049
6566,ML2016A105,Mali,ML,Mopti,none,Mopti,Fonio,Main,1999,6,1999,12,All (PS),yield,0.5149166291122127
6567,ML2016A105,Mali,ML,Mopti,none,Mopti,Fonio,Main,2000,6,2000,12,All (PS),yield,0.17643004824259131
6568,ML2016A105,Mali,ML,Mopti,none,Mopti,Fonio,Main,2001,6,2001,12,All (PS),yield,0.5154668567355667
6569,ML2016A105,Mali,ML,Mopti,none,Mopti,Fonio,Main,2002,6,2002,12,All (PS),yield,0.3516732841747022
6570,ML2016A105,Mali,ML,Mopti,none,Mopti,Fonio,Main,2003,6,2003,12,All (PS),yield,0.4475128644939966
6571,ML2016A105,Mali,ML,Mopti,none,Mopti,Fonio,Main,2004,6,2004,12,All (PS),yield,0.44750181028240404
6572,ML2016A105,Mali,ML,Mopti,none,Mopti,Fonio,Main,2005,6,2005,12,All (PS),yield,0.33098494267163975
6573,ML2016A105,Mali,ML,Mopti,none,Mopti,Fonio,Main,2006,6,2006,12,All (PS),yield,0.2986176470588244
6574,ML2016A105,Mali,ML,Mopti,none,Mopti,Fonio,Main,2007,6,2007,12,All (PS),yield,0.4087787399223649
6575,ML2016A105,Mali,ML,Mopti,none,Mopti,Fonio,Main,2008,6,2008,12,All (PS),yield,0.47164480322906155
6576,ML2016A105,Mali,ML,Mopti,none,Mopti,Fonio,Main,2009,6,2009,12,All (PS),yield,0.5135224274406333
6577,ML2016A105,Mali,ML,Mopti,none,Mopti,Fonio,Main,2010,6,2010,12,All (PS),yield,0.5705253370525337
6578,ML2016A105,Mali,ML,Mopti,none,Mopti,Fonio,Main,2011,6,2011,12,All (PS),yield,1.1094592512709907
6579,ML2016A105,Mali,ML,Mopti,none,Mopti,Fonio,Main,2012,6,2012,12,All (PS),yield,0.5802168845647107
6580,ML2016A105,Mali,ML,Mopti,none,Mopti,Fonio,Main,2013,6,2013,12,All (PS),yield,0.6861111111111111
6581,ML2016A105,Mali,ML,Mopti,none,Mopti,Fonio,Main,2014,6,2014,12,All (PS),yield,1.0
6582,ML2016A105,Mali,ML,Mopti,none,Mopti,Fonio,Main,2015,6,2015,12,All (PS),yield,0.47610588026292416
6583,ML2016A105,Mali,ML,Mopti,none,Mopti,Fonio,Main,2016,6,2016,12,All (PS),yield,0.3373169500084161
6584,ML2016A105,Mali,ML,Mopti,none,Mopti,Fonio,Main,2017,6,2017,12,All (PS),yield,0.5413058419243987
6585,ML2016A105,Mali,ML,Mopti,none,Mopti,Fonio,Main,2018,6,2018,12,All (PS),yield,0.3280557314756175
6586,ML2016A105,Mali,ML,Mopti,none,Mopti,Fonio,Main,2019,6,2019,12,All (PS),yield,0.58278
6587,ML2016A105,Mali,ML,Mopti,none,Mopti,Fonio,Main,2020,6,2020,12,All (PS),yield,0.640263644773358
6588,ML2016A105,Mali,ML,Mopti,none,Mopti,Fonio,Main,2021,6,2021,12,All (PS),yield,0.5540570664288899
6589,ML2016A105,Mali,ML,Mopti,none,Mopti,Fonio,Main,2022,6,2022,12,All (PS),yield,0.5474452554744526
6590,ML2016A105,Mali,ML,Mopti,none,Mopti,Groundnuts (In Shell),Main,1982,6,1982,12,All (PS),yield,0.3042051893826424
6591,ML2016A105,Mali,ML,Mopti,none,Mopti,Groundnuts (In Shell),Main,1983,6,1983,12,All (PS),yield,0.323733862959285
6592,ML2016A105,Mali,ML,Mopti,none,Mopti,Groundnuts (In Shell),Main,1984,6,1984,12,All (PS),yield,0.8849840255591054
6593,ML2016A105,Mali,ML,Mopti,none,Mopti,Groundnuts (In Shell),Main,1985,6,1985,12,All (PS),yield,1.0042718446601941
6594,ML2016A105,Mali,ML,Mopti,none,Mopti,Groundnuts (In Shell),Main,1986,6,1986,12,All (PS),yield,0.6047794117647058
6595,ML2016A105,Mali,ML,Mopti,none,Mopti,Groundnuts (In Shell),Main,1987,6,1987,12,All (PS),yield,0.5172672672672672
6596,ML2016A105,Mali,ML,Mopti,none,Mopti,Groundnuts (In Shell),Main,1988,6,1988,12,All (PS),yield,0.17672413793103448
6597,ML2016A105,Mali,ML,Mopti,none,Mopti,Groundnuts (In Shell),Main,1989,6,1989,12,All (PS),yield,0.5521355285134812
6598,ML2016A105,Mali,ML,Mopti,none,Mopti,Groundnuts (In Shell),Main,1990,6,1990,12,All (PS),yield,0.5198983911939035
6599,ML2016A105,Mali,ML,Mopti,none,Mopti,Groundnuts (In Shell),Main,1991,6,1991,12,All (PS),yield,0.5519520442668306
6600,ML2016A105,Mali,ML,Mopti,none,Mopti,Groundnuts (In Shell),Main,1992,6,1992,12,All (PS),yield,0.5519520442668306
6601,ML2016A105,Mali,ML,Mopti,none,Mopti,Groundnuts (In Shell),Main,1993,6,1993,12,All (PS),yield,0.4700854700854701
6602,ML2016A105,Mali,ML,Mopti,none,Mopti,Groundnuts (In Shell),Main,1995,6,1995,12,All (PS),yield,0.5698682179745934
6603,ML2016A105,Mali,ML,Mopti,none,Mopti,Groundnuts (In Shell),Main,1996,6,1996,12,All (PS),yield,0.7296901172529313
6604,ML2016A105,Mali,ML,Mopti,none,Mopti,Groundnuts (In Shell),Main,1997,6,1997,12,All (PS),yield,0.34245827484011854
6605,ML2016A105,Mali,ML,Mopti,none,Mopti,Groundnuts (In Shell),Main,2000,6,2000,12,All (PS),yield,0.5985531838885416
6606,ML2016A105,Mali,ML,Mopti,none,Mopti,Groundnuts (In Shell),Main,2001,6,2001,12,All (PS),yield,0.42395264116575593
6607,ML2016A105,Mali,ML,Mopti,none,Mopti,Groundnuts (In Shell),Main,2002,6,2002,12,All (PS),yield,0.32968111201962386
6608,ML2016A105,Mali,ML,Mopti,none,Mopti,Groundnuts (In Shell),Main,2003,6,2003,12,All (PS),yield,0.6726050276219434
6609,ML2016A105,Mali,ML,Mopti,none,Mopti,Groundnuts (In Shell),Main,2004,6,2004,12,All (PS),yield,0.47420509580964415
6610,ML2016A105,Mali,ML,Mopti,none,Mopti,Groundnuts (In Shell),Main,2005,6,2005,12,All (PS),yield,0.5622071649967563
6611,ML2016A105,Mali,ML,Mopti,none,Mopti,Groundnuts (In Shell),Main,2006,6,2006,12,All (PS),yield,0.4503081257491758
6612,ML2016A105,Mali,ML,Mopti,none,Mopti,Groundnuts (In Shell),Main,2007,6,2007,12,All (PS),yield,0.6602002503128911
6613,ML2016A105,Mali,ML,Mopti,none,Mopti,Groundnuts (In Shell),Main,2008,6,2008,12,All (PS),yield,0.7500957854406131
6614,ML2016A105,Mali,ML,Mopti,none,Mopti,Groundnuts (In Shell),Main,2009,6,2009,12,All (PS),yield,0.5606968486462495
6615,ML2016A105,Mali,ML,Mopti,none,Mopti,Groundnuts (In Shell),Main,2010,6,2010,12,All (PS),yield,0.65
6616,ML2016A105,Mali,ML,Mopti,none,Mopti,Groundnuts (In Shell),Main,2011,6,2011,12,All (PS),yield,0.8069999999999999
6617,ML2016A105,Mali,ML,Mopti,none,Mopti,Groundnuts (In Shell),Main,2012,6,2012,12,All (PS),yield,0.622
6618,ML2016A105,Mali,ML,Mopti,none,Mopti,Groundnuts (In Shell),Main,2013,6,2013,12,All (PS),yield,1.54097551342812
6619,ML2016A105,Mali,ML,Mopti,none,Mopti,Groundnuts (In Shell),Main,2014,6,2014,12,All (PS),yield,0.65
6620,ML2016A105,Mali,ML,Mopti,none,Mopti,Groundnuts (In Shell),Main,2015,6,2015,12,All (PS),yield,0.65
6621,ML2016A105,Mali,ML,Mopti,none,Mopti,Groundnuts (In Shell),Main,2016,6,2016,12,All (PS),yield,0.6899960768928992
6622,ML2016A105,Mali,ML,Mopti,none,Mopti,Groundnuts (In Shell),Main,2017,6,2017,12,All (PS),yield,0.6160178505664955
6623,ML2016A105,Mali,ML,Mopti,none,Mopti,Groundnuts (In Shell),Main,2018,6,2018,12,All (PS),yield,0.9000161576991437
6624,ML2016A105,Mali,ML,Mopti,none,Mopti,Groundnuts (In Shell),Main,2019,6,2019,12,All (PS),yield,0.7000208811860513
6625,ML2016A105,Mali,ML,Mopti,none,Mopti,Groundnuts (In Shell),Main,2020,6,2020,12,All (PS),yield,0.7099886749716874
6626,ML2016A105,Mali,ML,Mopti,none,Mopti,Groundnuts (In Shell),Main,2021,6,2021,12,All (PS),yield,0.6125999999999999
6627,ML2016A105,Mali,ML,Mopti,none,Mopti,Maize,Main,1974,6,1974,12,All (PS),yield,0.6691626957113683
6628,ML2016A105,Mali,ML,Mopti,none,Mopti,Maize,Main,1975,6,1975,12,All (PS),yield,0.12300683371298406
6629,ML2016A105,Mali,ML,Mopti,none,Mopti,Maize,Main,1976,6,1976,12,All (PS),yield,0.5107881990312637
6630,ML2016A105,Mali,ML,Mopti,none,Mopti,Maize,Main,1977,6,1977,12,All (PS),yield,0.43781094527363185
6631,ML2016A105,Mali,ML,Mopti,none,Mopti,Maize,Main,1979,6,1979,12,All (PS),yield,0.6711098232396406
6632,ML2016A105,Mali,ML,Mopti,none,Mopti,Maize,Main,1981,6,1981,12,All (PS),yield,0.32500339535515416
6633,ML2016A105,Mali,ML,Mopti,none,Mopti,Maize,Main,1983,6,1983,12,All (PS),yield,0.8728717366628831
6634,ML2016A105,Mali,ML,Mopti,none,Mopti,Maize,Main,1986,6,1986,12,All (PS),yield,0.029177718832891247
6635,ML2016A105,Mali,ML,Mopti,none,Mopti,Maize,Main,1987,6,1987,12,All (PS),yield,0.564366632337796
6636,ML2016A105,Mali,ML,Mopti,none,Mopti,Maize,Main,1989,6,1989,12,All (PS),yield,0.5638297872340425
6637,ML2016A105,Mali,ML,Mopti,none,Mopti,Maize,Main,1990,6,1990,12,All (PS),yield,0.21657052962768747
6638,ML2016A105,Mali,ML,Mopti,none,Mopti,Maize,Main,1991,6,1991,12,All (PS),yield,0.9500594530321046
6639,ML2016A105,Mali,ML,Mopti,none,Mopti,Maize,Main,1992,6,1992,12,All (PS),yield,0.9500594530321046
6640,ML2016A105,Mali,ML,Mopti,none,Mopti,Maize,Main,1993,6,1993,12,All (PS),yield,0.10889712696941613
6641,ML2016A105,Mali,ML,Mopti,none,Mopti,Maize,Main,1995,6,1995,12,All (PS),yield,0.47115384615384615
6642,ML2016A105,Mali,ML,Mopti,none,Mopti,Maize,Main,1996,6,1996,12,All (PS),yield,0.7199256850905713
6643,ML2016A105,Mali,ML,Mopti,none,Mopti,Maize,Main,1997,6,1997,12,All (PS),yield,0.19490695396669933
6644,ML2016A105,Mali,ML,Mopti,none,Mopti,Maize,Main,1998,6,1998,12,All (PS),yield,0.554950495049505
6645,ML2016A105,Mali,ML,Mopti,none,Mopti,Maize,Main,1999,6,1999,12,All (PS),yield,0.6959953230049694
6646,ML2016A105,Mali,ML,Mopti,none,Mopti,Maize,Main,2000,6,2000,12,All (PS),yield,0.53024
6647,ML2016A105,Mali,ML,Mopti,none,Mopti,Maize,Main,2001,6,2001,12,All (PS),yield,0.2969479353680431
6648,ML2016A105,Mali,ML,Mopti,none,Mopti,Maize,Main,2002,6,2002,12,All (PS),yield,0.49411764705882355
6649,ML2016A105,Mali,ML,Mopti,none,Mopti,Maize,Main,2003,6,2003,12,All (PS),yield,0.6027000964320154
6650,ML2016A105,Mali,ML,Mopti,none,Mopti,Maize,Main,2004,6,2004,12,All (PS),yield,0.4379268782643632
6651,ML2016A105,Mali,ML,Mopti,none,Mopti,Maize,Main,2005,6,2005,12,All (PS),yield,0.41112337841567764
6652,ML2016A105,Mali,ML,Mopti,none,Mopti,Maize,Main,2006,6,2006,12,All (PS),yield,0.5689791605228699
6653,ML2016A105,Mali,ML,Mopti,none,Mopti,Maize,Main,2007,6,2007,12,All (PS),yield,0.5358090185676393
6654,ML2016A105,Mali,ML,Mopti,none,Mopti,Maize,Main,2008,6,2008,12,All (PS),yield,0.3812316715542522
6655,ML2016A105,Mali,ML,Mopti,none,Mopti,Maize,Main,2009,6,2009,12,All (PS),yield,1.7364729458917836
6656,ML2016A105,Mali,ML,Mopti,none,Mopti,Maize,Main,2010,6,2010,12,All (PS),yield,2.0
6657,ML2016A105,Mali,ML,Mopti,none,Mopti,Maize,Main,2011,6,2011,12,All (PS),yield,1.120480813684697
6658,ML2016A105,Mali,ML,Mopti,none,Mopti,Maize,Main,2012,6,2012,12,All (PS),yield,2.1313987610042386
6659,ML2016A105,Mali,ML,Mopti,none,Mopti,Maize,Main,2013,6,2013,12,All (PS),yield,1.9779151943462898
6660,ML2016A105,Mali,ML,Mopti,none,Mopti,Maize,Main,2014,6,2014,12,All (PS),yield,1.4679176755447942
6661,ML2016A105,Mali,ML,Mopti,none,Mopti,Maize,Main,2015,6,2015,12,All (PS),yield,2.483553875236295
6662,ML2016A105,Mali,ML,Mopti,none,Mopti,Maize,Main,2016,6,2016,12,All (PS),yield,4.442048517520216
6663,ML2016A105,Mali,ML,Mopti,none,Mopti,Maize,Main,2017,6,2017,12,All (PS),yield,1.045748987854251
6664,ML2016A105,Mali,ML,Mopti,none,Mopti,Maize,Main,2018,6,2018,12,All (PS),yield,2.405013192612137
6665,ML2016A105,Mali,ML,Mopti,none,Mopti,Maize,Main,2019,6,2019,12,All (PS),yield,0.8854300000000013
6666,ML2016A105,Mali,ML,Mopti,none,Mopti,Maize,Main,2020,6,2020,12,All (PS),yield,1.0096153846153846
6667,ML2016A105,Mali,ML,Mopti,none,Mopti,Maize,Main,2021,6,2021,12,All (PS),yield,1.8287958115183247
6668,ML2016A105,Mali,ML,Mopti,none,Mopti,Maize,Main,2022,6,2022,12,All (PS),yield,1.439371804236669
6669,ML2016A105,Mali,ML,Mopti,none,Mopti,Sorghum,Main,1982,6,1982,12,All (PS),yield,0.628672965242264
6670,ML2016A105,Mali,ML,Mopti,none,Mopti,Sorghum,Main,1983,6,1983,12,All (PS),yield,0.6678761424089483
6671,ML2016A105,Mali,ML,Mopti,none,Mopti,Sorghum,Main,1984,6,1984,12,All (PS),yield,0.3235910506938544
6672,ML2016A105,Mali,ML,Mopti,none,Mopti,Sorghum,Main,1985,6,1985,12,All (PS),yield,0.6887078240885824
6673,ML2016A105,Mali,ML,Mopti,none,Mopti,Sorghum,Main,1986,6,1986,12,All (PS),yield,0.9525211280979964
6674,ML2016A105,Mali,ML,Mopti,none,Mopti,Sorghum,Main,1987,6,1987,12,All (PS),yield,0.8370479113839584
6675,ML2016A105,Mali,ML,Mopti,none,Mopti,Sorghum,Main,1988,6,1988,12,All (PS),yield,0.7824852655290524
6676,ML2016A105,Mali,ML,Mopti,none,Mopti,Sorghum,Main,1989,6,1989,12,All (PS),yield,0.4649528979722178
6677,ML2016A105,Mali,ML,Mopti,none,Mopti,Sorghum,Main,1990,6,1990,12,All (PS),yield,0.732445660551873
6678,ML2016A105,Mali,ML,Mopti,none,Mopti,Sorghum,Main,1991,6,1991,12,All (PS),yield,0.5642422902619653
6679,ML2016A105,Mali,ML,Mopti,none,Mopti,Sorghum,Main,1992,6,1992,12,All (PS),yield,0.5642422902619653
6680,ML2016A105,Mali,ML,Mopti,none,Mopti,Sorghum,Main,1993,6,1993,12,All (PS),yield,0.44832319749716676
6681,ML2016A105,Mali,ML,Mopti,none,Mopti,Sorghum,Main,1995,6,1995,12,All (PS),yield,0.604805659807601
6682,ML2016A105,Mali,ML,Mopti,none,Mopti,Sorghum,Main,1996,6,1996,12,All (PS),yield,0.571556261793624
6683,ML2016A105,Mali,ML,Mopti,none,Mopti,Sorghum,Main,1997,6,1997,12,All (PS),yield,0.5204338562851055
6684,ML2016A105,Mali,ML,Mopti,none,Mopti,Sorghum,Main,1998,6,1998,12,All (PS),yield,0.823820395738204
6685,ML2016A105,Mali,ML,Mopti,none,Mopti,Sorghum,Main,1999,6,1999,12,All (PS),yield,0.7425343169296853
6686,ML2016A105,Mali,ML,Mopti,none,Mopti,Sorghum,Main,2000,6,2000,12,All (PS),yield,0.48843670364622255
6687,ML2016A105,Mali,ML,Mopti,none,Mopti,Sorghum,Main,2001,6,2001,12,All (PS),yield,0.6890549225249379
6688,ML2016A105,Mali,ML,Mopti,none,Mopti,Sorghum,Main,2002,6,2002,12,All (PS),yield,0.43481251273690646
6689,ML2016A105,Mali,ML,Mopti,none,Mopti,Sorghum,Main,2003,6,2003,12,All (PS),yield,0.4174505903170017
6690,ML2016A105,Mali,ML,Mopti,none,Mopti,Sorghum,Main,2004,6,2004,12,All (PS),yield,0.5332667617689015
6691,ML2016A105,Mali,ML,Mopti,none,Mopti,Sorghum,Main,2005,6,2005,12,All (PS),yield,0.4097602293458431
6692,ML2016A105,Mali,ML,Mopti,none,Mopti,Sorghum,Main,2006,6,2006,12,All (PS),yield,0.4254865830020548
6693,ML2016A105,Mali,ML,Mopti,none,Mopti,Sorghum,Main,2007,6,2007,12,All (PS),yield,0.4986626107935176
6694,ML2016A105,Mali,ML,Mopti,none,Mopti,Sorghum,Main,2008,6,2008,12,All (PS),yield,0.5440787592910235
6695,ML2016A105,Mali,ML,Mopti,none,Mopti,Sorghum,Main,2009,6,2009,12,All (PS),yield,0.7290218270008084
6696,ML2016A105,Mali,ML,Mopti,none,Mopti,Sorghum,Main,2010,6,2010,12,All (PS),yield,0.848151602926015
6697,ML2016A105,Mali,ML,Mopti,none,Mopti,Sorghum,Main,2011,6,2011,12,All (PS),yield,0.5212842076882395
6698,ML2016A105,Mali,ML,Mopti,none,Mopti,Sorghum,Main,2012,6,2012,12,All (PS),yield,0.7418908455924749
6699,ML2016A105,Mali,ML,Mopti,none,Mopti,Sorghum,Main,2013,6,2013,12,All (PS),yield,0.7288733649356667
6700,ML2016A105,Mali,ML,Mopti,none,Mopti,Sorghum,Main,2014,6,2014,12,All (PS),yield,1.0
6701,ML2016A105,Mali,ML,Mopti,none,Mopti,Sorghum,Main,2015,6,2015,12,All (PS),yield,0.941685335171463
6702,ML2016A105,Mali,ML,Mopti,none,Mopti,Sorghum,Main,2016,6,2016,12,All (PS),yield,0.8939487377143959
6703,ML2016A105,Mali,ML,Mopti,none,Mopti,Sorghum,Main,2017,6,2017,12,All (PS),yield,0.6603727357365696
6704,ML2016A105,Mali,ML,Mopti,none,Mopti,Sorghum,Main,2018,6,2018,12,All (PS),yield,0.6279412797639953
6705,ML2016A105,Mali,ML,Mopti,none,Mopti,Sorghum,Main,2019,6,2019,12,All (PS),yield,0.9011899999999998
6706,ML2016A105,Mali,ML,Mopti,none,Mopti,Sorghum,Main,2020,6,2020,12,All (PS),yield,0.7853510628217681
6707,ML2016A105,Mali,ML,Mopti,none,Mopti,Sorghum,Main,2021,6,2021,12,All (PS),yield,0.6718536841316243
6708,ML2016A105,Mali,ML,Mopti,none,Mopti,Sorghum,Main,2022,6,2022,12,All (PS),yield,0.7650030459266303
6709,ML2016A105,Mali,ML,Mopti,none,Mopti,Millet,Main,1982,6,1982,12,All (PS),yield,0.6843233454370744
6710,ML2016A105,Mali,ML,Mopti,none,Mopti,Millet,Main,1983,6,1983,12,All (PS),yield,0.3350393907644188
6711,ML2016A105,Mali,ML,Mopti,none,Mopti,Millet,Main,1984,6,1984,12,All (PS),yield,0.37029054710958537
6712,ML2016A105,Mali,ML,Mopti,none,Mopti,Millet,Main,1985,6,1985,12,All (PS),yield,0.683851160750775
6713,ML2016A105,Mali,ML,Mopti,none,Mopti,Millet,Main,1986,6,1986,12,All (PS),yield,0.6035356579689738
6714,ML2016A105,Mali,ML,Mopti,none,Mopti,Millet,Main,1987,6,1987,12,All (PS),yield,1.2451352421163742
6715,ML2016A105,Mali,ML,Mopti,none,Mopti,Millet,Main,1988,6,1988,12,All (PS),yield,0.9184077893658628
6716,ML2016A105,Mali,ML,Mopti,none,Mopti,Millet,Main,1989,6,1989,12,All (PS),yield,0.5217365557862822
6717,ML2016A105,Mali,ML,Mopti,none,Mopti,Millet,Main,1990,6,1990,12,All (PS),yield,0.4665746501172196
6718,ML2016A105,Mali,ML,Mopti,none,Mopti,Millet,Main,1991,6,1991,12,All (PS),yield,0.5356063864027935
6719,ML2016A105,Mali,ML,Mopti,none,Mopti,Millet,Main,1992,6,1992,12,All (PS),yield,0.5356063864027935
6720,ML2016A105,Mali,ML,Mopti,none,Mopti,Millet,Main,1993,6,1993,12,All (PS),yield,0.42667871320296014
6721,ML2016A105,Mali,ML,Mopti,none,Mopti,Millet,Main,1995,6,1995,12,All (PS),yield,0.49904035003735703
6722,ML2016A105,Mali,ML,Mopti,none,Mopti,Millet,Main,1996,6,1996,12,All (PS),yield,0.688752752610349
6723,ML2016A105,Mali,ML,Mopti,none,Mopti,Millet,Main,1997,6,1997,12,All (PS),yield,0.6030669030774363
6724,ML2016A105,Mali,ML,Mopti,none,Mopti,Millet,Main,1998,6,1998,12,All (PS),yield,0.8580766204684379
6725,ML2016A105,Mali,ML,Mopti,none,Mopti,Millet,Main,1999,6,1999,12,All (PS),yield,0.9335882987967035
6726,ML2016A105,Mali,ML,Mopti,none,Mopti,Millet,Main,2000,6,2000,12,All (PS),yield,0.7331599217062952
6727,ML2016A105,Mali,ML,Mopti,none,Mopti,Millet,Main,2001,6,2001,12,All (PS),yield,0.6709308949567441
6728,ML2016A105,Mali,ML,Mopti,none,Mopti,Millet,Main,2002,6,2002,12,All (PS),yield,0.36681346411164106
6729,ML2016A105,Mali,ML,Mopti,none,Mopti,Millet,Main,2003,6,2003,12,All (PS),yield,0.5783987212795428
6730,ML2016A105,Mali,ML,Mopti,none,Mopti,Millet,Main,2004,6,2004,12,All (PS),yield,0.6673530116520761
6731,ML2016A105,Mali,ML,Mopti,none,Mopti,Millet,Main,2005,6,2005,12,All (PS),yield,0.5023317378618497
6732,ML2016A105,Mali,ML,Mopti,none,Mopti,Millet,Main,2006,6,2006,12,All (PS),yield,0.5533714738889981
6733,ML2016A105,Mali,ML,Mopti,none,Mopti,Millet,Main,2007,6,2007,12,All (PS),yield,0.5357483579429235
6734,ML2016A105,Mali,ML,Mopti,none,Mopti,Millet,Main,2008,6,2008,12,All (PS),yield,0.5670599875003036
6735,ML2016A105,Mali,ML,Mopti,none,Mopti,Millet,Main,2009,6,2009,12,All (PS),yield,0.8528290288252709
6736,ML2016A105,Mali,ML,Mopti,none,Mopti,Millet,Main,2010,6,2010,12,All (PS),yield,0.827754032317818
6737,ML2016A105,Mali,ML,Mopti,none,Mopti,Millet,Main,2011,6,2011,12,All (PS),yield,0.5575794685417819
6738,ML2016A105,Mali,ML,Mopti,none,Mopti,Millet,Main,2012,6,2012,12,All (PS),yield,1.0454676357213406
6739,ML2016A105,Mali,ML,Mopti,none,Mopti,Millet,Main,2013,6,2013,12,All (PS),yield,0.8217335442245342
6740,ML2016A105,Mali,ML,Mopti,none,Mopti,Millet,Main,2014,6,2014,12,All (PS),yield,1.0
6741,ML2016A105,Mali,ML,Mopti,none,Mopti,Millet,Main,2015,6,2015,12,All (PS),yield,0.901999813210675
6742,ML2016A105,Mali,ML,Mopti,none,Mopti,Millet,Main,2016,6,2016,12,All (PS),yield,0.8883420639003606
6743,ML2016A105,Mali,ML,Mopti,none,Mopti,Millet,Main,2017,6,2017,12,All (PS),yield,0.5494416377744759
6744,ML2016A105,Mali,ML,Mopti,none,Mopti,Millet,Main,2018,6,2018,12,All (PS),yield,0.7419713863650161
6745,ML2016A105,Mali,ML,Mopti,none,Mopti,Millet,Main,2019,6,2019,12,All (PS),yield,0.965120000000002
6746,ML2016A105,Mali,ML,Mopti,none,Mopti,Millet,Main,2020,6,2020,12,All (PS),yield,0.796278958069316
6747,ML2016A105,Mali,ML,Mopti,none,Mopti,Millet,Main,2021,6,2021,12,All (PS),yield,0.6154311877368933
6748,ML2016A105,Mali,ML,Mopti,none,Mopti,Millet,Main,2022,6,2022,12,All (PS),yield,0.8083478747330914
6749,ML2016A105,Mali,ML,Mopti,none,Mopti,Sesame Seed,Main,2004,6,2004,12,All (PS),yield,0.25495049504950495
6750,ML2016A105,Mali,ML,Mopti,none,Mopti,Sesame Seed,Main,2005,6,2005,12,All (PS),yield,0.529027144838518
6751,ML2016A105,Mali,ML,Mopti,none,Mopti,Sesame Seed,Main,2006,6,2006,12,All (PS),yield,0.5982532751091703
6752,ML2016A105,Mali,ML,Mopti,none,Mopti,Sesame Seed,Main,2007,6,2007,12,All (PS),yield,0.401673640167364
6753,ML2016A105,Mali,ML,Mopti,none,Mopti,Sesame Seed,Main,2008,6,2008,12,All (PS),yield,0.29916476841306
6754,ML2016A105,Mali,ML,Mopti,none,Mopti,Sesame Seed,Main,2009,6,2009,12,All (PS),yield,0.4050518718989626
6755,ML2016A105,Mali,ML,Mopti,none,Mopti,Sesame Seed,Main,2010,6,2010,12,All (PS),yield,0.4350634371395617
6756,ML2016A105,Mali,ML,Mopti,none,Mopti,Sesame Seed,Main,2011,6,2011,12,All (PS),yield,0.42946530147895334
6757,ML2016A105,Mali,ML,Mopti,none,Mopti,Sesame Seed,Main,2012,6,2012,12,All (PS),yield,0.452132418729496
6758,ML2016A105,Mali,ML,Mopti,none,Mopti,Sesame Seed,Main,2013,6,2013,12,All (PS),yield,0.6
6759,ML2016A105,Mali,ML,Mopti,none,Mopti,Sesame Seed,Main,2014,6,2014,12,All (PS),yield,0.44999999999999996
6760,ML2016A105,Mali,ML,Mopti,none,Mopti,Sesame Seed,Main,2015,6,2015,12,All (PS),yield,0.5
6761,ML2016A105,Mali,ML,Mopti,none,Mopti,Sesame Seed,Main,2016,6,2016,12,All (PS),yield,0.670020618556701
6762,ML2016A105,Mali,ML,Mopti,none,Mopti,Sesame Seed,Main,2017,6,2017,12,All (PS),yield,0.5223100698887686
6763,ML2016A105,Mali,ML,Mopti,none,Mopti,Sesame Seed,Main,2018,6,2018,12,All (PS),yield,0.6020283594703728
6764,ML2016A105,Mali,ML,Mopti,none,Mopti,Sesame Seed,Main,2020,6,2020,12,All (PS),yield,0.6019880715705765
6765,ML2016A105,Mali,ML,Mopti,none,Mopti,Sesame Seed,Main,2021,6,2021,12,All (PS),yield,0.515
6766,ML2016A105,Mali,ML,Mopti,none,Mopti,Soybean,Main,2008,6,2008,12,All (PS),yield,0.3103448275862069
6767,ML2016A106,Mali,ML,Tombouctou,none,Tombouctou,Rice,Main,1983,6,1983,12,All (PS),yield,0.24695876843578426
6768,ML2016A106,Mali,ML,Tombouctou,none,Tombouctou,Rice,Main,1984,6,1984,12,All (PS),yield,0.11505933706179239
6769,ML2016A106,Mali,ML,Tombouctou,none,Tombouctou,Rice,Main,1985,6,1985,12,All (PS),yield,1.4990627928772258
6770,ML2016A106,Mali,ML,Tombouctou,none,Tombouctou,Rice,Main,1986,6,1986,12,All (PS),yield,2.774351696555283
6771,ML2016A106,Mali,ML,Tombouctou,none,Tombouctou,Rice,Main,1987,6,1987,12,All (PS),yield,1.37
6772,ML2016A106,Mali,ML,Tombouctou,none,Tombouctou,Rice,Main,1988,6,1988,12,All (PS),yield,2.00191473066122
6773,ML2016A106,Mali,ML,Tombouctou,none,Tombouctou,Rice,Main,1989,6,1989,12,All (PS),yield,1.352822435296662
6774,ML2016A106,Mali,ML,Tombouctou,none,Tombouctou,Rice,Main,1990,6,1990,12,All (PS),yield,0.8399367517506212
6775,ML2016A106,Mali,ML,Tombouctou,none,Tombouctou,Rice,Main,1991,6,1991,12,All (PS),yield,1.0562030625182874
6776,ML2016A106,Mali,ML,Tombouctou,none,Tombouctou,Rice,Main,1992,6,1992,12,All (PS),yield,1.06
6777,ML2016A106,Mali,ML,Tombouctou,none,Tombouctou,Rice,Main,1993,6,1993,12,All (PS),yield,1.06
6778,ML2016A106,Mali,ML,Tombouctou,none,Tombouctou,Rice,Main,1995,6,1995,12,All (PS),yield,0.8218992445031676
6779,ML2016A106,Mali,ML,Tombouctou,none,Tombouctou,Rice,Main,1996,6,1996,12,All (PS),yield,1.8654111015021941
6780,ML2016A106,Mali,ML,Tombouctou,none,Tombouctou,Rice,Main,1998,6,1998,12,All (PS),yield,2.1216524997715016
6781,ML2016A106,Mali,ML,Tombouctou,none,Tombouctou,Rice,Main,1999,6,1999,12,All (PS),yield,3.0756184297940523
6782,ML2016A106,Mali,ML,Tombouctou,none,Tombouctou,Rice,Main,2000,6,2000,12,All (PS),yield,4.209121245828698
6783,ML2016A106,Mali,ML,Tombouctou,none,Tombouctou,Rice,Main,2001,6,2001,12,All (PS),yield,3.1088259159852694
6784,ML2016A106,Mali,ML,Tombouctou,none,Tombouctou,Rice,Main,2002,6,2002,12,All (PS),yield,2.454100322802945
6785,ML2016A106,Mali,ML,Tombouctou,none,Tombouctou,Rice,Main,2003,6,2003,12,All (PS),yield,3.1751712984636336
6786,ML2016A106,Mali,ML,Tombouctou,none,Tombouctou,Rice,Main,2004,6,2004,12,All (PS),yield,1.979104210479216
6787,ML2016A106,Mali,ML,Tombouctou,none,Tombouctou,Rice,Main,2005,6,2005,12,All (PS),yield,2.861023774063655
6788,ML2016A106,Mali,ML,Tombouctou,none,Tombouctou,Rice,Main,2006,6,2006,12,All (PS),yield,3.182544282822796
6789,ML2016A106,Mali,ML,Tombouctou,none,Tombouctou,Rice,Main,2007,6,2007,12,All (PS),yield,3.104300910299683
6790,ML2016A106,Mali,ML,Tombouctou,none,Tombouctou,Rice,Main,2008,6,2008,12,All (PS),yield,3.402578721623601
6791,ML2016A106,Mali,ML,Tombouctou,none,Tombouctou,Rice,Main,2009,6,2009,12,All (PS),yield,5.530041617843145
6792,ML2016A106,Mali,ML,Tombouctou,none,Tombouctou,Rice,Main,2010,6,2010,12,All (PS),yield,3.051133844562308
6793,ML2016A106,Mali,ML,Tombouctou,none,Tombouctou,Rice,Main,2011,6,2011,12,All (PS),yield,3.8880232325255357
6794,ML2016A106,Mali,ML,Tombouctou,none,Tombouctou,Rice,Main,2012,6,2012,12,All (PS),yield,2.185587694365491
6795,ML2016A106,Mali,ML,Tombouctou,none,Tombouctou,Rice,Main,2013,6,2013,12,All (PS),yield,3.548835388530045
6796,ML2016A106,Mali,ML,Tombouctou,none,Tombouctou,Rice,Main,2014,6,2014,12,All (PS),yield,1.9950849357592482
6797,ML2016A106,Mali,ML,Tombouctou,none,Tombouctou,Rice,Main,2015,6,2015,12,All (PS),yield,5.736278244307852
6798,ML2016A106,Mali,ML,Tombouctou,none,Tombouctou,Rice,Main,2016,6,2016,12,All (PS),yield,3.454036008107786
6799,ML2016A106,Mali,ML,Tombouctou,none,Tombouctou,Rice,Main,2017,6,2017,12,All (PS),yield,4.898653576132269
6800,ML2016A106,Mali,ML,Tombouctou,none,Tombouctou,Rice,Main,2018,6,2018,12,All (PS),yield,3.1722005529771895
6801,ML2016A106,Mali,ML,Tombouctou,none,Tombouctou,Rice,Main,2019,6,2019,12,All (PS),yield,4.250029999999993
6802,ML2016A106,Mali,ML,Tombouctou,none,Tombouctou,Rice,Main,2020,6,2020,12,All (PS),yield,3.85803654595844
6803,ML2016A106,Mali,ML,Tombouctou,none,Tombouctou,Rice,Main,2021,6,2021,12,All (PS),yield,3.066208092485549
6804,ML2016A106,Mali,ML,Tombouctou,none,Tombouctou,Rice,Main,2022,6,2022,12,All (PS),yield,4.096696155636982
6805,ML2016A106,Mali,ML,Tombouctou,none,Tombouctou,Cowpea,Main,1988,6,1988,12,All (PS),yield,0.9090909090909091
6806,ML2016A106,Mali,ML,Tombouctou,none,Tombouctou,Cowpea,Main,1996,6,1996,12,All (PS),yield,0.20508744038155802
6807,ML2016A106,Mali,ML,Tombouctou,none,Tombouctou,Cowpea,Main,1997,6,1997,12,All (PS),yield,0.6974169741697417
6808,ML2016A106,Mali,ML,Tombouctou,none,Tombouctou,Cowpea,Main,1999,6,1999,12,All (PS),yield,0.6054421768707483
6809,ML2016A106,Mali,ML,Tombouctou,none,Tombouctou,Cowpea,Main,2000,6,2000,12,All (PS),yield,0.4596291012838802
6810,ML2016A106,Mali,ML,Tombouctou,none,Tombouctou,Cowpea,Main,2001,6,2001,12,All (PS),yield,0.4141362592498086
6811,ML2016A106,Mali,ML,Tombouctou,none,Tombouctou,Cowpea,Main,2002,6,2002,12,All (PS),yield,0.44000000000000006
6812,ML2016A106,Mali,ML,Tombouctou,none,Tombouctou,Cowpea,Main,2003,6,2003,12,All (PS),yield,0.4696396797153025
6813,ML2016A106,Mali,ML,Tombouctou,none,Tombouctou,Cowpea,Main,2004,6,2004,12,All (PS),yield,0.057692307692307696
6814,ML2016A106,Mali,ML,Tombouctou,none,Tombouctou,Cowpea,Main,2005,6,2005,12,All (PS),yield,0.4050533993227403
6815,ML2016A106,Mali,ML,Tombouctou,none,Tombouctou,Cowpea,Main,2006,6,2006,12,All (PS),yield,0.49554246833768034
6816,ML2016A106,Mali,ML,Tombouctou,none,Tombouctou,Cowpea,Main,2007,6,2007,12,All (PS),yield,0.6151815181518152
6817,ML2016A106,Mali,ML,Tombouctou,none,Tombouctou,Cowpea,Main,2008,6,2008,12,All (PS),yield,0.44571428571428573
6818,ML2016A106,Mali,ML,Tombouctou,none,Tombouctou,Cowpea,Main,2009,6,2009,12,All (PS),yield,1.0521217712177122
6819,ML2016A106,Mali,ML,Tombouctou,none,Tombouctou,Cowpea,Main,2010,6,2010,12,All (PS),yield,0.6649536321483771
6820,ML2016A106,Mali,ML,Tombouctou,none,Tombouctou,Cowpea,Main,2011,6,2011,12,All (PS),yield,1.1103148751357221
6821,ML2016A106,Mali,ML,Tombouctou,none,Tombouctou,Cowpea,Main,2012,6,2012,12,All (PS),yield,0.42000000000000004
6822,ML2016A106,Mali,ML,Tombouctou,none,Tombouctou,Cowpea,Main,2013,6,2013,12,All (PS),yield,0.5861290322580646
6823,ML2016A106,Mali,ML,Tombouctou,none,Tombouctou,Cowpea,Main,2014,6,2014,12,All (PS),yield,0.388140312613595
6824,ML2016A106,Mali,ML,Tombouctou,none,Tombouctou,Cowpea,Main,2015,6,2015,12,All (PS),yield,0.3661027269331341
6825,ML2016A106,Mali,ML,Tombouctou,none,Tombouctou,Cowpea,Main,2016,6,2016,12,All (PS),yield,0.5586601307189543
6826,ML2016A106,Mali,ML,Tombouctou,none,Tombouctou,Cowpea,Main,2017,6,2017,12,All (PS),yield,0.47974947807933194
6827,ML2016A106,Mali,ML,Tombouctou,none,Tombouctou,Cowpea,Main,2018,6,2018,12,All (PS),yield,0.49360525406152783
6828,ML2016A106,Mali,ML,Tombouctou,none,Tombouctou,Cowpea,Main,2019,6,2019,12,All (PS),yield,0.5159302105063531
6829,ML2016A106,Mali,ML,Tombouctou,none,Tombouctou,Cowpea,Main,2020,6,2020,12,All (PS),yield,0.49402985074626865
6830,ML2016A106,Mali,ML,Tombouctou,none,Tombouctou,Cowpea,Main,2021,6,2021,12,All (PS),yield,0.24480000000000002
6831,ML2016A106,Mali,ML,Tombouctou,none,Tombouctou,Groundnuts (In Shell),Main,1988,6,1988,12,All (PS),yield,0.8129032258064516
6832,ML2016A106,Mali,ML,Tombouctou,none,Tombouctou,Groundnuts (In Shell),Main,1989,6,1989,12,All (PS),yield,0.041176470588235294
6833,ML2016A106,Mali,ML,Tombouctou,none,Tombouctou,Groundnuts (In Shell),Main,1990,6,1990,12,All (PS),yield,0.47368421052631576
6834,ML2016A106,Mali,ML,Tombouctou,none,Tombouctou,Groundnuts (In Shell),Main,1999,6,1999,12,All (PS),yield,0.5948103792415169
6835,ML2016A106,Mali,ML,Tombouctou,none,Tombouctou,Groundnuts (In Shell),Main,2003,6,2003,12,All (PS),yield,0.6678635547576302
6836,ML2016A106,Mali,ML,Tombouctou,none,Tombouctou,Groundnuts (In Shell),Main,2004,6,2004,12,All (PS),yield,0.5666666666666667
6837,ML2016A106,Mali,ML,Tombouctou,none,Tombouctou,Groundnuts (In Shell),Main,2005,6,2005,12,All (PS),yield,1.5
6838,ML2016A106,Mali,ML,Tombouctou,none,Tombouctou,Groundnuts (In Shell),Main,2006,6,2006,12,All (PS),yield,0.5022924771326324
6839,ML2016A106,Mali,ML,Tombouctou,none,Tombouctou,Groundnuts (In Shell),Main,2007,6,2007,12,All (PS),yield,0.5485564304461942
6840,ML2016A106,Mali,ML,Tombouctou,none,Tombouctou,Groundnuts (In Shell),Main,2008,6,2008,12,All (PS),yield,0.7445255474452555
6841,ML2016A106,Mali,ML,Tombouctou,none,Tombouctou,Groundnuts (In Shell),Main,2009,6,2009,12,All (PS),yield,0.8057142857142857
6842,ML2016A106,Mali,ML,Tombouctou,none,Tombouctou,Groundnuts (In Shell),Main,2010,6,2010,12,All (PS),yield,0.808695652173913
6843,ML2016A106,Mali,ML,Tombouctou,none,Tombouctou,Groundnuts (In Shell),Main,2011,6,2011,12,All (PS),yield,0.46799999999999997
6844,ML2016A106,Mali,ML,Tombouctou,none,Tombouctou,Groundnuts (In Shell),Main,2012,6,2012,12,All (PS),yield,0.65
6845,ML2016A106,Mali,ML,Tombouctou,none,Tombouctou,Groundnuts (In Shell),Main,2013,6,2013,12,All (PS),yield,0.7228144989339019
6846,ML2016A106,Mali,ML,Tombouctou,none,Tombouctou,Groundnuts (In Shell),Main,2014,6,2014,12,All (PS),yield,4.445
6847,ML2016A106,Mali,ML,Tombouctou,none,Tombouctou,Groundnuts (In Shell),Main,2015,6,2015,12,All (PS),yield,0.491
6848,ML2016A106,Mali,ML,Tombouctou,none,Tombouctou,Groundnuts (In Shell),Main,2016,6,2016,12,All (PS),yield,0.5795454545454546
6849,ML2016A106,Mali,ML,Tombouctou,none,Tombouctou,Groundnuts (In Shell),Main,2017,6,2017,12,All (PS),yield,0.5614250614250614
6850,ML2016A106,Mali,ML,Tombouctou,none,Tombouctou,Groundnuts (In Shell),Main,2018,6,2018,12,All (PS),yield,0.9004914004914005
6851,ML2016A106,Mali,ML,Tombouctou,none,Tombouctou,Groundnuts (In Shell),Main,2019,6,2019,12,All (PS),yield,0.5395778364116095
6852,ML2016A106,Mali,ML,Tombouctou,none,Tombouctou,Groundnuts (In Shell),Main,2020,6,2020,12,All (PS),yield,0.8998384491114702
6853,ML2016A106,Mali,ML,Tombouctou,none,Tombouctou,Groundnuts (In Shell),Main,2021,6,2021,12,All (PS),yield,0.23529999999999998
6854,ML2016A106,Mali,ML,Tombouctou,none,Tombouctou,Maize,Main,2000,6,2000,12,All (PS),yield,2.0
6855,ML2016A106,Mali,ML,Tombouctou,none,Tombouctou,Maize,Main,2001,6,2001,12,All (PS),yield,2.5
6856,ML2016A106,Mali,ML,Tombouctou,none,Tombouctou,Maize,Main,2002,6,2002,12,All (PS),yield,1.0998336106489184
6857,ML2016A106,Mali,ML,Tombouctou,none,Tombouctou,Maize,Main,2003,6,2003,12,All (PS),yield,2.5
6858,ML2016A106,Mali,ML,Tombouctou,none,Tombouctou,Maize,Main,2004,6,2004,12,All (PS),yield,0.6333333333333333
6859,ML2016A106,Mali,ML,Tombouctou,none,Tombouctou,Maize,Main,2005,6,2005,12,All (PS),yield,0.65
6860,ML2016A106,Mali,ML,Tombouctou,none,Tombouctou,Maize,Main,2006,6,2006,12,All (PS),yield,0.729834712858202
6861,ML2016A106,Mali,ML,Tombouctou,none,Tombouctou,Maize,Main,2007,6,2007,12,All (PS),yield,2.1385379061371843
6862,ML2016A106,Mali,ML,Tombouctou,none,Tombouctou,Maize,Main,2008,6,2008,12,All (PS),yield,2.0208899794416078
6863,ML2016A106,Mali,ML,Tombouctou,none,Tombouctou,Maize,Main,2009,6,2009,12,All (PS),yield,1.987830264211369
6864,ML2016A106,Mali,ML,Tombouctou,none,Tombouctou,Maize,Main,2010,6,2010,12,All (PS),yield,3.284912975336138
6865,ML2016A106,Mali,ML,Tombouctou,none,Tombouctou,Maize,Main,2011,6,2011,12,All (PS),yield,2.1076923076923078
6866,ML2016A106,Mali,ML,Tombouctou,none,Tombouctou,Maize,Main,2012,6,2012,12,All (PS),yield,3.04595509074131
6867,ML2016A106,Mali,ML,Tombouctou,none,Tombouctou,Maize,Main,2013,6,2013,12,All (PS),yield,0.7140625
6868,ML2016A106,Mali,ML,Tombouctou,none,Tombouctou,Maize,Main,2014,6,2014,12,All (PS),yield,5.711734693877551
6869,ML2016A106,Mali,ML,Tombouctou,none,Tombouctou,Maize,Main,2015,6,2015,12,All (PS),yield,2.9154411764705883
6870,ML2016A106,Mali,ML,Tombouctou,none,Tombouctou,Maize,Main,2016,6,2016,12,All (PS),yield,1.6521739130434783
6871,ML2016A106,Mali,ML,Tombouctou,none,Tombouctou,Maize,Main,2017,6,2017,12,All (PS),yield,2.6589958158995817
6872,ML2016A106,Mali,ML,Tombouctou,none,Tombouctou,Maize,Main,2019,6,2019,12,All (PS),yield,1.600092267426904
6873,ML2016A106,Mali,ML,Tombouctou,none,Tombouctou,Maize,Main,2020,6,2020,12,All (PS),yield,1.6953818827708704
6874,ML2016A106,Mali,ML,Tombouctou,none,Tombouctou,Maize,Main,2021,6,2021,12,All (PS),yield,2.4688524590163934
6875,ML2016A106,Mali,ML,Tombouctou,none,Tombouctou,Maize,Main,2022,6,2022,12,All (PS),yield,2.092233009708738
6876,ML2016A106,Mali,ML,Tombouctou,none,Tombouctou,Sorghum,Main,1983,6,1983,12,All (PS),yield,0.5203220858895705
6877,ML2016A106,Mali,ML,Tombouctou,none,Tombouctou,Sorghum,Main,1984,6,1984,12,All (PS),yield,0.08235829433177327
6878,ML2016A106,Mali,ML,Tombouctou,none,Tombouctou,Sorghum,Main,1985,6,1985,12,All (PS),yield,0.19890842935112188
6879,ML2016A106,Mali,ML,Tombouctou,none,Tombouctou,Sorghum,Main,1986,6,1986,12,All (PS),yield,1.010927222575854
6880,ML2016A106,Mali,ML,Tombouctou,none,Tombouctou,Sorghum,Main,1987,6,1987,12,All (PS),yield,0.4302901627742392
6881,ML2016A106,Mali,ML,Tombouctou,none,Tombouctou,Sorghum,Main,1988,6,1988,12,All (PS),yield,1.7433692125457074
6882,ML2016A106,Mali,ML,Tombouctou,none,Tombouctou,Sorghum,Main,1989,6,1989,12,All (PS),yield,0.16795948242499706
6883,ML2016A106,Mali,ML,Tombouctou,none,Tombouctou,Sorghum,Main,1990,6,1990,12,All (PS),yield,0.37410352354225135
6884,ML2016A106,Mali,ML,Tombouctou,none,Tombouctou,Sorghum,Main,1991,6,1991,12,All (PS),yield,0.4391009576067745
6885,ML2016A106,Mali,ML,Tombouctou,none,Tombouctou,Sorghum,Main,1992,6,1992,12,All (PS),yield,0.7983596335555662
6886,ML2016A106,Mali,ML,Tombouctou,none,Tombouctou,Sorghum,Main,1993,6,1993,12,All (PS),yield,0.41199765987129294
6887,ML2016A106,Mali,ML,Tombouctou,none,Tombouctou,Sorghum,Main,1995,6,1995,12,All (PS),yield,0.15472855808990263
6888,ML2016A106,Mali,ML,Tombouctou,none,Tombouctou,Sorghum,Main,1996,6,1996,12,All (PS),yield,0.5170454545454546
6889,ML2016A106,Mali,ML,Tombouctou,none,Tombouctou,Sorghum,Main,1997,6,1997,12,All (PS),yield,0.47212610534409843
6890,ML2016A106,Mali,ML,Tombouctou,none,Tombouctou,Sorghum,Main,1998,6,1998,12,All (PS),yield,1.0828025477707006
6891,ML2016A106,Mali,ML,Tombouctou,none,Tombouctou,Sorghum,Main,1999,6,1999,12,All (PS),yield,1.410711352061771
6892,ML2016A106,Mali,ML,Tombouctou,none,Tombouctou,Sorghum,Main,2000,6,2000,12,All (PS),yield,0.18149466192170818
6893,ML2016A106,Mali,ML,Tombouctou,none,Tombouctou,Sorghum,Main,2001,6,2001,12,All (PS),yield,0.5740167143942493
6894,ML2016A106,Mali,ML,Tombouctou,none,Tombouctou,Sorghum,Main,2002,6,2002,12,All (PS),yield,0.38932074100980746
6895,ML2016A106,Mali,ML,Tombouctou,none,Tombouctou,Sorghum,Main,2003,6,2003,12,All (PS),yield,1.1242353933769247
6896,ML2016A106,Mali,ML,Tombouctou,none,Tombouctou,Sorghum,Main,2004,6,2004,12,All (PS),yield,0.4021901443504231
6897,ML2016A106,Mali,ML,Tombouctou,none,Tombouctou,Sorghum,Main,2005,6,2005,12,All (PS),yield,0.6644041704569309
6898,ML2016A106,Mali,ML,Tombouctou,none,Tombouctou,Sorghum,Main,2006,6,2006,12,All (PS),yield,0.7744401437553879
6899,ML2016A106,Mali,ML,Tombouctou,none,Tombouctou,Sorghum,Main,2007,6,2007,12,All (PS),yield,1.3143720802418246
6900,ML2016A106,Mali,ML,Tombouctou,none,Tombouctou,Sorghum,Main,2008,6,2008,12,All (PS),yield,1.1970194020058111
6901,ML2016A106,Mali,ML,Tombouctou,none,Tombouctou,Sorghum,Main,2009,6,2009,12,All (PS),yield,1.1085076502328333
6902,ML2016A106,Mali,ML,Tombouctou,none,Tombouctou,Sorghum,Main,2010,6,2010,12,All (PS),yield,1.1999713302752293
6903,ML2016A106,Mali,ML,Tombouctou,none,Tombouctou,Sorghum,Main,2011,6,2011,12,All (PS),yield,1.4111111111111112
6904,ML2016A106,Mali,ML,Tombouctou,none,Tombouctou,Sorghum,Main,2012,6,2012,12,All (PS),yield,0.46503477795612624
6905,ML2016A106,Mali,ML,Tombouctou,none,Tombouctou,Sorghum,Main,2013,6,2013,12,All (PS),yield,0.8348421487983089
6906,ML2016A106,Mali,ML,Tombouctou,none,Tombouctou,Sorghum,Main,2014,6,2014,12,All (PS),yield,1.0
6907,ML2016A106,Mali,ML,Tombouctou,none,Tombouctou,Sorghum,Main,2015,6,2015,12,All (PS),yield,0.802978867860477
6908,ML2016A106,Mali,ML,Tombouctou,none,Tombouctou,Sorghum,Main,2016,6,2016,12,All (PS),yield,0.5483048211508553
6909,ML2016A106,Mali,ML,Tombouctou,none,Tombouctou,Sorghum,Main,2017,6,2017,12,All (PS),yield,0.9096820075180331
6910,ML2016A106,Mali,ML,Tombouctou,none,Tombouctou,Sorghum,Main,2019,6,2019,12,All (PS),yield,1.387587136893204
6911,ML2016A106,Mali,ML,Tombouctou,none,Tombouctou,Sorghum,Main,2020,6,2020,12,All (PS),yield,1.4428680981595092
6912,ML2016A106,Mali,ML,Tombouctou,none,Tombouctou,Sorghum,Main,2021,6,2021,12,All (PS),yield,0.9107952719351498
6913,ML2016A106,Mali,ML,Tombouctou,none,Tombouctou,Sorghum,Main,2022,6,2022,12,All (PS),yield,0.9612834303396449
6914,ML2016A106,Mali,ML,Tombouctou,none,Tombouctou,Millet,Main,1983,6,1983,12,All (PS),yield,0.08747782668681427
6915,ML2016A106,Mali,ML,Tombouctou,none,Tombouctou,Millet,Main,1984,6,1984,12,All (PS),yield,0.242
6916,ML2016A106,Mali,ML,Tombouctou,none,Tombouctou,Millet,Main,1985,6,1985,12,All (PS),yield,0.6366417201235448
6917,ML2016A106,Mali,ML,Tombouctou,none,Tombouctou,Millet,Main,1986,6,1986,12,All (PS),yield,0.46174466379396734
6918,ML2016A106,Mali,ML,Tombouctou,none,Tombouctou,Millet,Main,1987,6,1987,12,All (PS),yield,0.3140688533477907
6919,ML2016A106,Mali,ML,Tombouctou,none,Tombouctou,Millet,Main,1988,6,1988,12,All (PS),yield,0.637000000000031
6920,ML2016A106,Mali,ML,Tombouctou,none,Tombouctou,Millet,Main,1989,6,1989,12,All (PS),yield,0.537240065173566
6921,ML2016A106,Mali,ML,Tombouctou,none,Tombouctou,Millet,Main,1990,6,1990,12,All (PS),yield,0.40065759976087284
6922,ML2016A106,Mali,ML,Tombouctou,none,Tombouctou,Millet,Main,1991,6,1991,12,All (PS),yield,0.24240917528507028
6923,ML2016A106,Mali,ML,Tombouctou,none,Tombouctou,Millet,Main,1992,6,1992,12,All (PS),yield,0.2455881118294014
6924,ML2016A106,Mali,ML,Tombouctou,none,Tombouctou,Millet,Main,1993,6,1993,12,All (PS),yield,0.4080040698660336
6925,ML2016A106,Mali,ML,Tombouctou,none,Tombouctou,Millet,Main,1995,6,1995,12,All (PS),yield,0.2421410915114729
6926,ML2016A106,Mali,ML,Tombouctou,none,Tombouctou,Millet,Main,1996,6,1996,12,All (PS),yield,0.5579392192736752
6927,ML2016A106,Mali,ML,Tombouctou,none,Tombouctou,Millet,Main,1997,6,1997,12,All (PS),yield,0.16195016917871424
6928,ML2016A106,Mali,ML,Tombouctou,none,Tombouctou,Millet,Main,1998,6,1998,12,All (PS),yield,0.4745463089350847
6929,ML2016A106,Mali,ML,Tombouctou,none,Tombouctou,Millet,Main,1999,6,1999,12,All (PS),yield,0.510160215856949
6930,ML2016A106,Mali,ML,Tombouctou,none,Tombouctou,Millet,Main,2000,6,2000,12,All (PS),yield,0.20742440526331077
6931,ML2016A106,Mali,ML,Tombouctou,none,Tombouctou,Millet,Main,2001,6,2001,12,All (PS),yield,0.39927364661503273
6932,ML2016A106,Mali,ML,Tombouctou,none,Tombouctou,Millet,Main,2002,6,2002,12,All (PS),yield,0.26076444724324443
6933,ML2016A106,Mali,ML,Tombouctou,none,Tombouctou,Millet,Main,2003,6,2003,12,All (PS),yield,0.5318397286846601
6934,ML2016A106,Mali,ML,Tombouctou,none,Tombouctou,Millet,Main,2004,6,2004,12,All (PS),yield,0.06726410670556975
6935,ML2016A106,Mali,ML,Tombouctou,none,Tombouctou,Millet,Main,2005,6,2005,12,All (PS),yield,0.46734019723675646
6936,ML2016A106,Mali,ML,Tombouctou,none,Tombouctou,Millet,Main,2006,6,2006,12,All (PS),yield,0.543789073860007
6937,ML2016A106,Mali,ML,Tombouctou,none,Tombouctou,Millet,Main,2007,6,2007,12,All (PS),yield,0.5719248196006042
6938,ML2016A106,Mali,ML,Tombouctou,none,Tombouctou,Millet,Main,2008,6,2008,12,All (PS),yield,0.5337836253195432
6939,ML2016A106,Mali,ML,Tombouctou,none,Tombouctou,Millet,Main,2009,6,2009,12,All (PS),yield,0.7272131928320533
6940,ML2016A106,Mali,ML,Tombouctou,none,Tombouctou,Millet,Main,2010,6,2010,12,All (PS),yield,0.7975105224312302
6941,ML2016A106,Mali,ML,Tombouctou,none,Tombouctou,Millet,Main,2011,6,2011,12,All (PS),yield,0.7
6942,ML2016A106,Mali,ML,Tombouctou,none,Tombouctou,Millet,Main,2012,6,2012,12,All (PS),yield,0.41658201784488674
6943,ML2016A106,Mali,ML,Tombouctou,none,Tombouctou,Millet,Main,2013,6,2013,12,All (PS),yield,0.5150226700251889
6944,ML2016A106,Mali,ML,Tombouctou,none,Tombouctou,Millet,Main,2014,6,2014,12,All (PS),yield,1.0
6945,ML2016A106,Mali,ML,Tombouctou,none,Tombouctou,Millet,Main,2015,6,2015,12,All (PS),yield,1.024385696707558
6946,ML2016A106,Mali,ML,Tombouctou,none,Tombouctou,Millet,Main,2016,6,2016,12,All (PS),yield,0.47589699301248334
6947,ML2016A106,Mali,ML,Tombouctou,none,Tombouctou,Millet,Main,2017,6,2017,12,All (PS),yield,0.4034270209691214
6948,ML2016A106,Mali,ML,Tombouctou,none,Tombouctou,Millet,Main,2018,6,2018,12,All (PS),yield,0.8996324910134664
6949,ML2016A106,Mali,ML,Tombouctou,none,Tombouctou,Millet,Main,2019,6,2019,12,All (PS),yield,0.6856199999999995
6950,ML2016A106,Mali,ML,Tombouctou,none,Tombouctou,Millet,Main,2020,6,2020,12,All (PS),yield,0.7861182717094379
6951,ML2016A106,Mali,ML,Tombouctou,none,Tombouctou,Millet,Main,2021,6,2021,12,All (PS),yield,0.6686684586638694
6952,ML2016A106,Mali,ML,Tombouctou,none,Tombouctou,Millet,Main,2022,6,2022,12,All (PS),yield,0.8177172916849758
6953,ML2016A106,Mali,ML,Tombouctou,none,Tombouctou,Wheat,Main,1987,6,1987,12,All (PS),yield,1.2369791666666667
6954,ML2016A106,Mali,ML,Tombouctou,none,Tombouctou,Wheat,Main,1994,6,1994,12,All (PS),yield,3.090909090909091
6955,ML2016A106,Mali,ML,Tombouctou,none,Tombouctou,Wheat,Main,1995,6,1995,12,All (PS),yield,3.9423076923076925
6956,ML2016A106,Mali,ML,Tombouctou,none,Tombouctou,Wheat,Main,1996,6,1996,12,All (PS),yield,1.9782051282051283
6957,ML2016A106,Mali,ML,Tombouctou,none,Tombouctou,Wheat,Main,1997,6,1997,12,All (PS),yield,1.3000501756146512
6958,ML2016A106,Mali,ML,Tombouctou,none,Tombouctou,Wheat,Main,1998,6,1998,12,All (PS),yield,2.4971751412429377
6959,ML2016A106,Mali,ML,Tombouctou,none,Tombouctou,Wheat,Main,1999,6,1999,12,All (PS),yield,2.1619268717353455
6960,ML2016A106,Mali,ML,Tombouctou,none,Tombouctou,Wheat,Main,2000,6,2000,12,All (PS),yield,2.388888888888889
6961,ML2016A106,Mali,ML,Tombouctou,none,Tombouctou,Wheat,Main,2001,6,2001,12,All (PS),yield,2.5446950710108607
6962,ML2016A106,Mali,ML,Tombouctou,none,Tombouctou,Wheat,Main,2002,6,2002,12,All (PS),yield,1.9063531353135315
6963,ML2016A106,Mali,ML,Tombouctou,none,Tombouctou,Wheat,Main,2003,6,2003,12,All (PS),yield,2.5167935512763098
6964,ML2016A106,Mali,ML,Tombouctou,none,Tombouctou,Wheat,Main,2004,6,2004,12,All (PS),yield,2.609171597633136
6965,ML2016A106,Mali,ML,Tombouctou,none,Tombouctou,Wheat,Main,2005,6,2005,12,All (PS),yield,2.2000915750915753
6966,ML2016A106,Mali,ML,Tombouctou,none,Tombouctou,Wheat,Main,2006,6,2006,12,All (PS),yield,2.4763313609467454
6967,ML2016A106,Mali,ML,Tombouctou,none,Tombouctou,Wheat,Main,2007,6,2007,12,All (PS),yield,2.4763313609467454
6968,ML2016A106,Mali,ML,Tombouctou,none,Tombouctou,Wheat,Main,2008,6,2008,12,All (PS),yield,2.4873617693522907
6969,ML2016A106,Mali,ML,Tombouctou,none,Tombouctou,Wheat,Main,2009,6,2009,12,All (PS),yield,2.9664771613409133
6970,ML2016A106,Mali,ML,Tombouctou,none,Tombouctou,Wheat,Main,2010,6,2010,12,All (PS),yield,2.69247311827957
6971,ML2016A106,Mali,ML,Tombouctou,none,Tombouctou,Wheat,Main,2011,6,2011,12,All (PS),yield,3.4342924629589864
6972,ML2016A106,Mali,ML,Tombouctou,none,Tombouctou,Wheat,Main,2012,6,2012,12,All (PS),yield,4.158694489031568
6973,ML2016A106,Mali,ML,Tombouctou,none,Tombouctou,Wheat,Main,2013,6,2013,12,All (PS),yield,4.0
6974,ML2016A106,Mali,ML,Tombouctou,none,Tombouctou,Wheat,Main,2014,6,2014,12,All (PS),yield,4.5
6975,ML2016A106,Mali,ML,Tombouctou,none,Tombouctou,Wheat,Main,2015,6,2015,12,All (PS),yield,3.916551724137931
6976,ML2016A106,Mali,ML,Tombouctou,none,Tombouctou,Wheat,Main,2016,6,2016,12,All (PS),yield,9.57588723886232
6977,ML2016A106,Mali,ML,Tombouctou,none,Tombouctou,Wheat,Main,2017,6,2017,12,All (PS),yield,6.2310943060498225
6978,ML2016A106,Mali,ML,Tombouctou,none,Tombouctou,Wheat,Main,2018,6,2018,12,All (PS),yield,3.489864864864865
6979,ML2016A106,Mali,ML,Tombouctou,none,Tombouctou,Wheat,Main,2019,6,2019,12,All (PS),yield,2.01499371734558
6980,ML2016A106,Mali,ML,Tombouctou,none,Tombouctou,Wheat,Main,2020,6,2020,12,All (PS),yield,5.303428571428571
6981,ML2016A106,Mali,ML,Tombouctou,none,Tombouctou,Wheat,Main,2021,6,2021,12,All (PS),yield,3.0
6982,ML2016A106,Mali,ML,Tombouctou,none,Tombouctou,Wheat,Main,2022,6,2022,12,All (PS),yield,4.601728632185485
6983,ML2016A106,Mali,ML,Tombouctou,none,Tombouctou,Barley,Main,1997,6,1997,12,All (PS),yield,0.4946236559139785
6984,ML2016A106,Mali,ML,Tombouctou,none,Tombouctou,Barley,Main,1998,6,1998,12,All (PS),yield,2.04
6985,ML2016A106,Mali,ML,Tombouctou,none,Tombouctou,Barley,Main,1999,6,1999,12,All (PS),yield,1.565217391304348
6986,ML2016A107,Mali,ML,Gao,none,Gao,Rice,Main,1982,6,1982,12,All (PS),yield,0.9438443208895949
6987,ML2016A107,Mali,ML,Gao,none,Gao,Rice,Main,1983,6,1983,12,All (PS),yield,1.3041964930715177
6988,ML2016A107,Mali,ML,Gao,none,Gao,Rice,Main,1984,6,1984,12,All (PS),yield,0.31152125279642057
6989,ML2016A107,Mali,ML,Gao,none,Gao,Rice,Main,1985,6,1985,12,All (PS),yield,1.1210054313502589
6990,ML2016A107,Mali,ML,Gao,none,Gao,Rice,Main,1986,6,1986,12,All (PS),yield,0.47106362206432717
6991,ML2016A107,Mali,ML,Gao,none,Gao,Rice,Main,1987,6,1987,12,All (PS),yield,1.1219357565511412
6992,ML2016A107,Mali,ML,Gao,none,Gao,Rice,Main,1988,6,1988,12,All (PS),yield,2.4005509118541033
6993,ML2016A107,Mali,ML,Gao,none,Gao,Rice,Main,1989,6,1989,12,All (PS),yield,2.2411703239289444
6994,ML2016A107,Mali,ML,Gao,none,Gao,Rice,Main,1990,6,1990,12,All (PS),yield,0.7053772355797703
6995,ML2016A107,Mali,ML,Gao,none,Gao,Rice,Main,1991,6,1991,12,All (PS),yield,1.081487535758071
6996,ML2016A107,Mali,ML,Gao,none,Gao,Rice,Main,1992,6,1992,12,All (PS),yield,1.300314465408805
6997,ML2016A107,Mali,ML,Gao,none,Gao,Rice,Main,1993,6,1993,12,All (PS),yield,0.7540560090937274
6998,ML2016A107,Mali,ML,Gao,none,Gao,Rice,Main,1995,6,1995,12,All (PS),yield,0.45507682030728125
6999,ML2016A107,Mali,ML,Gao,none,Gao,Rice,Main,1996,6,1996,12,All (PS),yield,0.4941019363454262
7000,ML2016A107,Mali,ML,Gao,none,Gao,Rice,Main,1998,6,1998,12,All (PS),yield,1.4308936514355035
7001,ML2016A107,Mali,ML,Gao,none,Gao,Rice,Main,1999,6,1999,12,All (PS),yield,0.6232140748612587
7002,ML2016A107,Mali,ML,Gao,none,Gao,Rice,Main,2000,6,2000,12,All (PS),yield,1.1261961292179294
7003,ML2016A107,Mali,ML,Gao,none,Gao,Rice,Main,2001,6,2001,12,All (PS),yield,1.0742369838420107
7004,ML2016A107,Mali,ML,Gao,none,Gao,Rice,Main,2002,6,2002,12,All (PS),yield,0.902932640904231
7005,ML2016A107,Mali,ML,Gao,none,Gao,Rice,Main,2003,6,2003,12,All (PS),yield,1.4103702304495656
7006,ML2016A107,Mali,ML,Gao,none,Gao,Rice,Main,2004,6,2004,12,All (PS),yield,1.1445963748693952
7007,ML2016A107,Mali,ML,Gao,none,Gao,Rice,Main,2005,6,2005,12,All (PS),yield,1.4562568832599119
7008,ML2016A107,Mali,ML,Gao,none,Gao,Rice,Main,2006,6,2006,12,All (PS),yield,1.0863590354101071
7009,ML2016A107,Mali,ML,Gao,none,Gao,Rice,Main,2007,6,2007,12,All (PS),yield,1.2103178738926523
7010,ML2016A107,Mali,ML,Gao,none,Gao,Rice,Main,2008,6,2008,12,All (PS),yield,1.2529895092069547
7011,ML2016A107,Mali,ML,Gao,none,Gao,Rice,Main,2009,6,2009,12,All (PS),yield,0.8925595274947066
7012,ML2016A107,Mali,ML,Gao,none,Gao,Rice,Main,2010,6,2010,12,All (PS),yield,1.4999764395438695
7013,ML2016A107,Mali,ML,Gao,none,Gao,Rice,Main,2011,6,2011,12,All (PS),yield,1.0987818651177799
7014,ML2016A107,Mali,ML,Gao,none,Gao,Rice,Main,2012,6,2012,12,All (PS),yield,1.0517060784002539
7015,ML2016A107,Mali,ML,Gao,none,Gao,Rice,Main,2013,6,2013,12,All (PS),yield,1.8722625529340593
7016,ML2016A107,Mali,ML,Gao,none,Gao,Rice,Main,2014,6,2014,12,All (PS),yield,1.9221812075220608
7017,ML2016A107,Mali,ML,Gao,none,Gao,Rice,Main,2015,6,2015,12,All (PS),yield,2.3116449225732087
7018,ML2016A107,Mali,ML,Gao,none,Gao,Rice,Main,2016,6,2016,12,All (PS),yield,2.7352778753953513
7019,ML2016A107,Mali,ML,Gao,none,Gao,Rice,Main,2017,6,2017,12,All (PS),yield,2.5163806287170774
7020,ML2016A107,Mali,ML,Gao,none,Gao,Rice,Main,2018,6,2018,12,All (PS),yield,5.469909705479128
7021,ML2016A107,Mali,ML,Gao,none,Gao,Rice,Main,2019,6,2019,12,All (PS),yield,2.0161699999999922
7022,ML2016A107,Mali,ML,Gao,none,Gao,Rice,Main,2020,6,2020,12,All (PS),yield,2.1477593595322726
7023,ML2016A107,Mali,ML,Gao,none,Gao,Rice,Main,2021,6,2021,12,All (PS),yield,1.6440481599273058
7024,ML2016A107,Mali,ML,Gao,none,Gao,Rice,Main,2022,6,2022,12,All (PS),yield,2.0086756559004915
7025,ML2016A107,Mali,ML,Gao,none,Gao,Cowpea,Main,1997,6,1997,12,All (PS),yield,0.45179738562091504
7026,ML2016A107,Mali,ML,Gao,none,Gao,Cowpea,Main,1998,6,1998,12,All (PS),yield,0.4498714652956298
7027,ML2016A107,Mali,ML,Gao,none,Gao,Cowpea,Main,2000,6,2000,12,All (PS),yield,0.3314285714285714
7028,ML2016A107,Mali,ML,Gao,none,Gao,Cowpea,Main,2001,6,2001,12,All (PS),yield,0.2129979035639413
7029,ML2016A107,Mali,ML,Gao,none,Gao,Cowpea,Main,2002,6,2002,12,All (PS),yield,0.31493506493506496
7030,ML2016A107,Mali,ML,Gao,none,Gao,Cowpea,Main,2003,6,2003,12,All (PS),yield,0.47184889211768977
7031,ML2016A107,Mali,ML,Gao,none,Gao,Cowpea,Main,2004,6,2004,12,All (PS),yield,0.175
7032,ML2016A107,Mali,ML,Gao,none,Gao,Cowpea,Main,2005,6,2005,12,All (PS),yield,0.18453188602442333
7033,ML2016A107,Mali,ML,Gao,none,Gao,Cowpea,Main,2006,6,2006,12,All (PS),yield,0.40016956337431114
7034,ML2016A107,Mali,ML,Gao,none,Gao,Cowpea,Main,2007,6,2007,12,All (PS),yield,0.40027510316368636
7035,ML2016A107,Mali,ML,Gao,none,Gao,Cowpea,Main,2008,6,2008,12,All (PS),yield,0.4146341463414634
7036,ML2016A107,Mali,ML,Gao,none,Gao,Cowpea,Main,2009,6,2009,12,All (PS),yield,0.44130127298444133
7037,ML2016A107,Mali,ML,Gao,none,Gao,Cowpea,Main,2010,6,2010,12,All (PS),yield,0.4342523860021209
7038,ML2016A107,Mali,ML,Gao,none,Gao,Cowpea,Main,2011,6,2011,12,All (PS),yield,0.4199192462987887
7039,ML2016A107,Mali,ML,Gao,none,Gao,Cowpea,Main,2012,6,2012,12,All (PS),yield,0.325
7040,ML2016A107,Mali,ML,Gao,none,Gao,Cowpea,Main,2013,6,2013,12,All (PS),yield,0.42905405405405406
7041,ML2016A107,Mali,ML,Gao,none,Gao,Cowpea,Main,2014,6,2014,12,All (PS),yield,0.37763157894736843
7042,ML2016A107,Mali,ML,Gao,none,Gao,Cowpea,Main,2015,6,2015,12,All (PS),yield,0.3859302325581395
7043,ML2016A107,Mali,ML,Gao,none,Gao,Cowpea,Main,2016,6,2016,12,All (PS),yield,0.43179916317991635
7044,ML2016A107,Mali,ML,Gao,none,Gao,Cowpea,Main,2017,6,2017,12,All (PS),yield,0.37763157894736843
7045,ML2016A107,Mali,ML,Gao,none,Gao,Cowpea,Main,2018,6,2018,12,All (PS),yield,0.37703367385546727
7046,ML2016A107,Mali,ML,Gao,none,Gao,Cowpea,Main,2019,6,2019,12,All (PS),yield,0.319113877700476
7047,ML2016A107,Mali,ML,Gao,none,Gao,Cowpea,Main,2020,6,2020,12,All (PS),yield,0.37399193548387094
7048,ML2016A107,Mali,ML,Gao,none,Gao,Cowpea,Main,2021,6,2021,12,All (PS),yield,0.3789
7049,ML2016A107,Mali,ML,Gao,none,Gao,Maize,Main,1975,6,1975,12,All (PS),yield,0.5567567567567567
7050,ML2016A107,Mali,ML,Gao,none,Gao,Maize,Main,2005,6,2005,12,All (PS),yield,0.054380664652567974
7051,ML2016A107,Mali,ML,Gao,none,Gao,Maize,Main,2016,6,2016,12,All (PS),yield,3.2857142857142856
7052,ML2016A107,Mali,ML,Gao,none,Gao,Sorghum,Main,1982,6,1982,12,All (PS),yield,0.41899441340782123
7053,ML2016A107,Mali,ML,Gao,none,Gao,Sorghum,Main,1984,6,1984,12,All (PS),yield,0.4767123287671233
7054,ML2016A107,Mali,ML,Gao,none,Gao,Sorghum,Main,1985,6,1985,12,All (PS),yield,0.12911464245175935
7055,ML2016A107,Mali,ML,Gao,none,Gao,Sorghum,Main,1986,6,1986,12,All (PS),yield,0.18911671924290221
7056,ML2016A107,Mali,ML,Gao,none,Gao,Sorghum,Main,1987,6,1987,12,All (PS),yield,1.8682785543382445
7057,ML2016A107,Mali,ML,Gao,none,Gao,Sorghum,Main,1988,6,1988,12,All (PS),yield,1.041976980365606
7058,ML2016A107,Mali,ML,Gao,none,Gao,Sorghum,Main,1989,6,1989,12,All (PS),yield,0.9675675675675676
7059,ML2016A107,Mali,ML,Gao,none,Gao,Sorghum,Main,1990,6,1990,12,All (PS),yield,0.2584396099024756
7060,ML2016A107,Mali,ML,Gao,none,Gao,Sorghum,Main,1991,6,1991,12,All (PS),yield,0.7454718779790277
7061,ML2016A107,Mali,ML,Gao,none,Gao,Sorghum,Main,1992,6,1992,12,All (PS),yield,1.3552859618717505
7062,ML2016A107,Mali,ML,Gao,none,Gao,Sorghum,Main,1993,6,1993,12,All (PS),yield,0.6149479659413434
7063,ML2016A107,Mali,ML,Gao,none,Gao,Sorghum,Main,1995,6,1995,12,All (PS),yield,0.20833333333333334
7064,ML2016A107,Mali,ML,Gao,none,Gao,Sorghum,Main,1996,6,1996,12,All (PS),yield,0.19319613607727845
7065,ML2016A107,Mali,ML,Gao,none,Gao,Sorghum,Main,1997,6,1997,12,All (PS),yield,0.12630136986301368
7066,ML2016A107,Mali,ML,Gao,none,Gao,Sorghum,Main,1998,6,1998,12,All (PS),yield,0.5079202861522739
7067,ML2016A107,Mali,ML,Gao,none,Gao,Sorghum,Main,1999,6,1999,12,All (PS),yield,0.5081453634085213
7068,ML2016A107,Mali,ML,Gao,none,Gao,Sorghum,Main,2000,6,2000,12,All (PS),yield,0.5
7069,ML2016A107,Mali,ML,Gao,none,Gao,Sorghum,Main,2001,6,2001,12,All (PS),yield,0.5778406793368378
7070,ML2016A107,Mali,ML,Gao,none,Gao,Sorghum,Main,2002,6,2002,12,All (PS),yield,0.22787550744248986
7071,ML2016A107,Mali,ML,Gao,none,Gao,Sorghum,Main,2003,6,2003,12,All (PS),yield,0.8592375366568915
7072,ML2016A107,Mali,ML,Gao,none,Gao,Sorghum,Main,2004,6,2004,12,All (PS),yield,0.07549934867564047
7073,ML2016A107,Mali,ML,Gao,none,Gao,Sorghum,Main,2005,6,2005,12,All (PS),yield,0.25
7074,ML2016A107,Mali,ML,Gao,none,Gao,Sorghum,Main,2006,6,2006,12,All (PS),yield,0.5999999999999995
7075,ML2016A107,Mali,ML,Gao,none,Gao,Sorghum,Main,2007,6,2007,12,All (PS),yield,0.5599610009749756
7076,ML2016A107,Mali,ML,Gao,none,Gao,Sorghum,Main,2008,6,2008,12,All (PS),yield,0.6290253936728614
7077,ML2016A107,Mali,ML,Gao,none,Gao,Sorghum,Main,2009,6,2009,12,All (PS),yield,0.5966666666666667
7078,ML2016A107,Mali,ML,Gao,none,Gao,Sorghum,Main,2010,6,2010,12,All (PS),yield,1.3051515151515152
7079,ML2016A107,Mali,ML,Gao,none,Gao,Sorghum,Main,2011,6,2011,12,All (PS),yield,0.4454404945904173
7080,ML2016A107,Mali,ML,Gao,none,Gao,Sorghum,Main,2012,6,2012,12,All (PS),yield,0.07742998352553541
7081,ML2016A107,Mali,ML,Gao,none,Gao,Sorghum,Main,2013,6,2013,12,All (PS),yield,0.8805194805194805
7082,ML2016A107,Mali,ML,Gao,none,Gao,Sorghum,Main,2014,6,2014,12,All (PS),yield,0.4620938628158845
7083,ML2016A107,Mali,ML,Gao,none,Gao,Sorghum,Main,2015,6,2015,12,All (PS),yield,0.7554347826086957
7084,ML2016A107,Mali,ML,Gao,none,Gao,Sorghum,Main,2016,6,2016,12,All (PS),yield,0.8621908127208481
7085,ML2016A107,Mali,ML,Gao,none,Gao,Sorghum,Main,2017,6,2017,12,All (PS),yield,0.5499485066941298
7086,ML2016A107,Mali,ML,Gao,none,Gao,Sorghum,Main,2019,6,2019,12,All (PS),yield,0.6342800000000001
7087,ML2016A107,Mali,ML,Gao,none,Gao,Sorghum,Main,2020,6,2020,12,All (PS),yield,0.5880895577170123
7088,ML2016A107,Mali,ML,Gao,none,Gao,Sorghum,Main,2021,6,2021,12,All (PS),yield,0.6509971509971509
7089,ML2016A107,Mali,ML,Gao,none,Gao,Sorghum,Main,2022,6,2022,12,All (PS),yield,0.6675144508670521
7090,ML2016A107,Mali,ML,Gao,none,Gao,Millet,Main,1982,6,1982,12,All (PS),yield,0.07766624843161857
7091,ML2016A107,Mali,ML,Gao,none,Gao,Millet,Main,1985,6,1985,12,All (PS),yield,0.07918968692449356
7092,ML2016A107,Mali,ML,Gao,none,Gao,Millet,Main,1988,6,1988,12,All (PS),yield,0.17548076923076922
7093,ML2016A107,Mali,ML,Gao,none,Gao,Millet,Main,1990,6,1990,12,All (PS),yield,0.25888425650188607
7094,ML2016A107,Mali,ML,Gao,none,Gao,Millet,Main,1991,6,1991,12,All (PS),yield,0.20699432892249528
7095,ML2016A107,Mali,ML,Gao,none,Gao,Millet,Main,1992,6,1992,12,All (PS),yield,0.20956937799043063
7096,ML2016A107,Mali,ML,Gao,none,Gao,Millet,Main,1993,6,1993,12,All (PS),yield,0.4780685587910063
7097,ML2016A107,Mali,ML,Gao,none,Gao,Millet,Main,1995,6,1995,12,All (PS),yield,0.47208931419457734
7098,ML2016A107,Mali,ML,Gao,none,Gao,Millet,Main,1996,6,1996,12,All (PS),yield,0.2267610164039884
7099,ML2016A107,Mali,ML,Gao,none,Gao,Millet,Main,1997,6,1997,12,All (PS),yield,0.3279628618241398
7100,ML2016A107,Mali,ML,Gao,none,Gao,Millet,Main,1998,6,1998,12,All (PS),yield,0.44306451612903225
7101,ML2016A107,Mali,ML,Gao,none,Gao,Millet,Main,1999,6,1999,12,All (PS),yield,0.345679012345679
7102,ML2016A107,Mali,ML,Gao,none,Gao,Millet,Main,2000,6,2000,12,All (PS),yield,0.0461344464736064
7103,ML2016A107,Mali,ML,Gao,none,Gao,Millet,Main,2001,6,2001,12,All (PS),yield,0.6595435725358607
7104,ML2016A107,Mali,ML,Gao,none,Gao,Millet,Main,2002,6,2002,12,All (PS),yield,0.25203064122036584
7105,ML2016A107,Mali,ML,Gao,none,Gao,Millet,Main,2003,6,2003,12,All (PS),yield,0.6249290051990039
7106,ML2016A107,Mali,ML,Gao,none,Gao,Millet,Main,2004,6,2004,12,All (PS),yield,0.09990390433142328
7107,ML2016A107,Mali,ML,Gao,none,Gao,Millet,Main,2005,6,2005,12,All (PS),yield,0.6657127991675338
7108,ML2016A107,Mali,ML,Gao,none,Gao,Millet,Main,2006,6,2006,12,All (PS),yield,0.2968
7109,ML2016A107,Mali,ML,Gao,none,Gao,Millet,Main,2007,6,2007,12,All (PS),yield,0.4438964241676942
7110,ML2016A107,Mali,ML,Gao,none,Gao,Millet,Main,2008,6,2008,12,All (PS),yield,0.6515195877496047
7111,ML2016A107,Mali,ML,Gao,none,Gao,Millet,Main,2009,6,2009,12,All (PS),yield,0.4640309761565111
7112,ML2016A107,Mali,ML,Gao,none,Gao,Millet,Main,2010,6,2010,12,All (PS),yield,0.8499799973329777
7113,ML2016A107,Mali,ML,Gao,none,Gao,Millet,Main,2011,6,2011,12,All (PS),yield,0.9680957128614157
7114,ML2016A107,Mali,ML,Gao,none,Gao,Millet,Main,2012,6,2012,12,All (PS),yield,0.02332657200811359
7115,ML2016A107,Mali,ML,Gao,none,Gao,Millet,Main,2013,6,2013,12,All (PS),yield,0.49060192436786754
7116,ML2016A107,Mali,ML,Gao,none,Gao,Millet,Main,2014,6,2014,12,All (PS),yield,0.5053690131242543
7117,ML2016A107,Mali,ML,Gao,none,Gao,Millet,Main,2015,6,2015,12,All (PS),yield,0.8163848770148371
7118,ML2016A107,Mali,ML,Gao,none,Gao,Millet,Main,2016,6,2016,12,All (PS),yield,0.8746272365805169
7119,ML2016A107,Mali,ML,Gao,none,Gao,Millet,Main,2017,6,2017,12,All (PS),yield,0.764017134697763
7120,ML2016A107,Mali,ML,Gao,none,Gao,Millet,Main,2018,6,2018,12,All (PS),yield,0.5627713458755427
7121,ML2016A107,Mali,ML,Gao,none,Gao,Millet,Main,2019,6,2019,12,All (PS),yield,0.4215600000000001
7122,ML2016A107,Mali,ML,Gao,none,Gao,Millet,Main,2020,6,2020,12,All (PS),yield,0.4740867301277357
7123,ML2016A107,Mali,ML,Gao,none,Gao,Millet,Main,2021,6,2021,12,All (PS),yield,0.5375372104842808
7124,ML2016A107,Mali,ML,Gao,none,Gao,Millet,Main,2022,6,2022,12,All (PS),yield,0.5535539106394364
7125,ML2016A107,Mali,ML,Gao,none,Gao,Wheat,Main,1997,6,1997,12,All (PS),yield,1.6206896551724137
7126,ML2016A107,Mali,ML,Gao,none,Gao,Wheat,Main,1999,6,1999,12,All (PS),yield,0.9
7127,ML2016A107,Mali,ML,Gao,none,Gao,Wheat,Main,2000,6,2000,12,All (PS),yield,0.8939393939393939
7128,ML2016A107,Mali,ML,Gao,none,Gao,Wheat,Main,2001,6,2001,12,All (PS),yield,1.0
7129,ML2016A107,Mali,ML,Gao,none,Gao,Wheat,Main,2002,6,2002,12,All (PS),yield,0.8200000000000001
7130,ML2016A107,Mali,ML,Gao,none,Gao,Wheat,Main,2003,6,2003,12,All (PS),yield,0.8526315789473684
7131,ML2016A107,Mali,ML,Gao,none,Gao,Wheat,Main,2004,6,2004,12,All (PS),yield,0.7935483870967742
7132,ML2016A107,Mali,ML,Gao,none,Gao,Wheat,Main,2006,6,2006,12,All (PS),yield,0.967741935483871
7133,ML2016A107,Mali,ML,Gao,none,Gao,Wheat,Main,2008,6,2008,12,All (PS),yield,1.0
7134,ML2016A107,Mali,ML,Gao,none,Gao,Wheat,Main,2009,6,2009,12,All (PS),yield,0.7666666666666667
7135,ML2016A107,Mali,ML,Gao,none,Gao,Wheat,Main,2013,6,2013,12,All (PS),yield,2.5
7136,ML2016A107,Mali,ML,Gao,none,Gao,Wheat,Main,2014,6,2014,12,All (PS),yield,3.5434782608695654
7137,ML2016A107,Mali,ML,Gao,none,Gao,Wheat,Main,2015,6,2015,12,All (PS),yield,3.5434782608695654
7138,ML2016A107,Mali,ML,Gao,none,Gao,Wheat,Main,2018,6,2018,12,All (PS),yield,4.0
7139,ML2016A107,Mali,ML,Gao,none,Gao,Barley,Main,1999,6,1999,12,All (PS),yield,0.9130434782608695
7140,ML2016A108,Mali,ML,Kidal,none,Kidal,Cowpea,Main,2018,6,2018,12,All (PS),yield,0.3
7141,ML2016A109,Mali,ML,Bamako,none,Bamako,Rice,Main,1983,6,1983,12,All (PS),yield,1.5148148148148148
7142,ML2016A109,Mali,ML,Bamako,none,Bamako,Rice,Main,1984,6,1984,12,All (PS),yield,1.3542471042471043
7143,ML2016A109,Mali,ML,Bamako,none,Bamako,Rice,Main,1985,6,1985,12,All (PS),yield,0.9496904024767802
7144,ML2016A109,Mali,ML,Bamako,none,Bamako,Rice,Main,1986,6,1986,12,All (PS),yield,0.9448051948051949
7145,ML2016A109,Mali,ML,Bamako,none,Bamako,Rice,Main,1987,6,1987,12,All (PS),yield,0.6244612068965517
7146,ML2016A109,Mali,ML,Bamako,none,Bamako,Rice,Main,1988,6,1988,12,All (PS),yield,0.01651705565529623
7147,ML2016A109,Mali,ML,Bamako,none,Bamako,Rice,Main,1989,6,1989,12,All (PS),yield,0.1514803104340328
7148,ML2016A109,Mali,ML,Bamako,none,Bamako,Rice,Main,1990,6,1990,12,All (PS),yield,0.9923490735206216
7149,ML2016A109,Mali,ML,Bamako,none,Bamako,Rice,Main,1991,6,1991,12,All (PS),yield,2.296810862014525
7150,ML2016A109,Mali,ML,Bamako,none,Bamako,Rice,Main,1992,6,1992,12,All (PS),yield,2.296810862014525
7151,ML2016A109,Mali,ML,Bamako,none,Bamako,Rice,Main,1993,6,1993,12,All (PS),yield,1.3221781887567885
7152,ML2016A109,Mali,ML,Bamako,none,Bamako,Rice,Main,1995,6,1995,12,All (PS),yield,1.2911768505361065
7153,ML2016A109,Mali,ML,Bamako,none,Bamako,Rice,Main,1996,6,1996,12,All (PS),yield,1.4237673471320986
7154,ML2016A109,Mali,ML,Bamako,none,Bamako,Rice,Main,1998,6,1998,12,All (PS),yield,1.6433346441211165
7155,ML2016A109,Mali,ML,Bamako,none,Bamako,Rice,Main,1999,6,1999,12,All (PS),yield,1.1753983194820699
7156,ML2016A109,Mali,ML,Bamako,none,Bamako,Rice,Main,2000,6,2000,12,All (PS),yield,1.1691750643458534
7157,ML2016A109,Mali,ML,Bamako,none,Bamako,Rice,Main,2022,6,2022,12,All (PS),yield,2.791208791208791
7158,ML2016A109,Mali,ML,Bamako,none,Bamako,Cowpea,Main,1984,6,1984,12,All (PS),yield,0.4513431238082495
7159,ML2016A109,Mali,ML,Bamako,none,Bamako,Cowpea,Main,1985,6,1985,12,All (PS),yield,1.4070812397572352
7160,ML2016A109,Mali,ML,Bamako,none,Bamako,Cowpea,Main,1986,6,1986,12,All (PS),yield,0.4504802230713622
7161,ML2016A109,Mali,ML,Bamako,none,Bamako,Cowpea,Main,1987,6,1987,12,All (PS),yield,0.0806672135630298
7162,ML2016A109,Mali,ML,Bamako,none,Bamako,Cowpea,Main,1988,6,1988,12,All (PS),yield,0.5867095966371524
7163,ML2016A109,Mali,ML,Bamako,none,Bamako,Cowpea,Main,1989,6,1989,12,All (PS),yield,0.051488098061725
7164,ML2016A109,Mali,ML,Bamako,none,Bamako,Cowpea,Main,1991,6,1991,12,All (PS),yield,0.4864676834092707
7165,ML2016A109,Mali,ML,Bamako,none,Bamako,Cowpea,Main,1992,6,1992,12,All (PS),yield,0.4864676834092707
7166,ML2016A109,Mali,ML,Bamako,none,Bamako,Cowpea,Main,1993,6,1993,12,All (PS),yield,0.04035273146030194
7167,ML2016A109,Mali,ML,Bamako,none,Bamako,Cowpea,Main,1995,6,1995,12,All (PS),yield,0.7091160767253313
7168,ML2016A109,Mali,ML,Bamako,none,Bamako,Cowpea,Main,1996,6,1996,12,All (PS),yield,0.3024467073151714
7169,ML2016A109,Mali,ML,Bamako,none,Bamako,Cowpea,Main,1997,6,1997,12,All (PS),yield,0.45020390839807345
7170,ML2016A109,Mali,ML,Bamako,none,Bamako,Cowpea,Main,1998,6,1998,12,All (PS),yield,0.33569387671401424
7171,ML2016A109,Mali,ML,Bamako,none,Bamako,Cowpea,Main,2000,6,2000,12,All (PS),yield,0.32403217376894544
7172,ML2016A109,Mali,ML,Bamako,none,Bamako,Cowpea,Main,2017,6,2017,12,All (PS),yield,0.613905325443787
7173,ML2016A109,Mali,ML,Bamako,none,Bamako,Cowpea,Main,2018,6,2018,12,All (PS),yield,0.6130500758725341
7174,ML2016A109,Mali,ML,Bamako,none,Bamako,Cowpea,Main,2019,6,2019,12,All (PS),yield,0.39640883977900554
7175,ML2016A109,Mali,ML,Bamako,none,Bamako,Cowpea,Main,2020,6,2020,12,All (PS),yield,0.3735558408215661
7176,ML2016A109,Mali,ML,Bamako,none,Bamako,Fonio,Main,1983,6,1983,12,All (PS),yield,0.35881573133009276
7177,ML2016A109,Mali,ML,Bamako,none,Bamako,Fonio,Main,1984,6,1984,12,All (PS),yield,1.0067669172932332
7178,ML2016A109,Mali,ML,Bamako,none,Bamako,Fonio,Main,1985,6,1985,12,All (PS),yield,0.6749740394600208
7179,ML2016A109,Mali,ML,Bamako,none,Bamako,Fonio,Main,1988,6,1988,12,All (PS),yield,0.9882958801498126
7180,ML2016A109,Mali,ML,Bamako,none,Bamako,Fonio,Main,1989,6,1989,12,All (PS),yield,0.21869590305828043
7181,ML2016A109,Mali,ML,Bamako,none,Bamako,Fonio,Main,1991,6,1991,12,All (PS),yield,0.8928307464892832
7182,ML2016A109,Mali,ML,Bamako,none,Bamako,Fonio,Main,1992,6,1992,12,All (PS),yield,0.8935698447893571
7183,ML2016A109,Mali,ML,Bamako,none,Bamako,Fonio,Main,1993,6,1993,12,All (PS),yield,0.38004569687738005
7184,ML2016A109,Mali,ML,Bamako,none,Bamako,Fonio,Main,1995,6,1995,12,All (PS),yield,0.43414989085617267
7185,ML2016A109,Mali,ML,Bamako,none,Bamako,Fonio,Main,1996,6,1996,12,All (PS),yield,0.7633136094674556
7186,ML2016A109,Mali,ML,Bamako,none,Bamako,Fonio,Main,1997,6,1997,12,All (PS),yield,0.7967791411042945
7187,ML2016A109,Mali,ML,Bamako,none,Bamako,Fonio,Main,1998,6,1998,12,All (PS),yield,0.8228571428571428
7188,ML2016A109,Mali,ML,Bamako,none,Bamako,Fonio,Main,1999,6,1999,12,All (PS),yield,0.7818627450980392
7189,ML2016A109,Mali,ML,Bamako,none,Bamako,Fonio,Main,2000,6,2000,12,All (PS),yield,0.30033003300330036
7190,ML2016A109,Mali,ML,Bamako,none,Bamako,Fonio,Main,2022,6,2022,12,All (PS),yield,0.5801597444089457
7191,ML2016A109,Mali,ML,Bamako,none,Bamako,Groundnuts (In Shell),Main,1983,6,1983,12,All (PS),yield,0.7433815956866784
7192,ML2016A109,Mali,ML,Bamako,none,Bamako,Groundnuts (In Shell),Main,1984,6,1984,12,All (PS),yield,1.1213316214233309
7193,ML2016A109,Mali,ML,Bamako,none,Bamako,Groundnuts (In Shell),Main,1985,6,1985,12,All (PS),yield,1.5448448669761958
7194,ML2016A109,Mali,ML,Bamako,none,Bamako,Groundnuts (In Shell),Main,1986,6,1986,12,All (PS),yield,1.1176775867661368
7195,ML2016A109,Mali,ML,Bamako,none,Bamako,Groundnuts (In Shell),Main,1987,6,1987,12,All (PS),yield,1.026021350851981
7196,ML2016A109,Mali,ML,Bamako,none,Bamako,Groundnuts (In Shell),Main,1988,6,1988,12,All (PS),yield,1.3738650001132169
7197,ML2016A109,Mali,ML,Bamako,none,Bamako,Groundnuts (In Shell),Main,1989,6,1989,12,All (PS),yield,1.9241741741741742
7198,ML2016A109,Mali,ML,Bamako,none,Bamako,Groundnuts (In Shell),Main,1990,6,1990,12,All (PS),yield,0.6883692871426496
7199,ML2016A109,Mali,ML,Bamako,none,Bamako,Groundnuts (In Shell),Main,1991,6,1991,12,All (PS),yield,0.6950859950859951
7200,ML2016A109,Mali,ML,Bamako,none,Bamako,Groundnuts (In Shell),Main,1992,6,1992,12,All (PS),yield,0.6392842618950794
7201,ML2016A109,Mali,ML,Bamako,none,Bamako,Groundnuts (In Shell),Main,1993,6,1993,12,All (PS),yield,1.4633319777687408
7202,ML2016A109,Mali,ML,Bamako,none,Bamako,Groundnuts (In Shell),Main,1995,6,1995,12,All (PS),yield,0.8936282360573318
7203,ML2016A109,Mali,ML,Bamako,none,Bamako,Groundnuts (In Shell),Main,1996,6,1996,12,All (PS),yield,0.8469855832241153
7204,ML2016A109,Mali,ML,Bamako,none,Bamako,Groundnuts (In Shell),Main,1997,6,1997,12,All (PS),yield,0.6879425791223084
7205,ML2016A109,Mali,ML,Bamako,none,Bamako,Groundnuts (In Shell),Main,2000,6,2000,12,All (PS),yield,0.8551327242644415
7206,ML2016A109,Mali,ML,Bamako,none,Bamako,Groundnuts (In Shell),Main,2016,6,2016,12,All (PS),yield,0.8294117647058824
7207,ML2016A109,Mali,ML,Bamako,none,Bamako,Groundnuts (In Shell),Main,2017,6,2017,12,All (PS),yield,0.6504826581323342
7208,ML2016A109,Mali,ML,Bamako,none,Bamako,Groundnuts (In Shell),Main,2018,6,2018,12,All (PS),yield,1.0
7209,ML2016A109,Mali,ML,Bamako,none,Bamako,Groundnuts (In Shell),Main,2019,6,2019,12,All (PS),yield,0.7568922305764411
7210,ML2016A109,Mali,ML,Bamako,none,Bamako,Groundnuts (In Shell),Main,2020,6,2020,12,All (PS),yield,1.0
7211,ML2016A109,Mali,ML,Bamako,none,Bamako,Maize,Main,1974,6,1974,12,All (PS),yield,1.4064449064449065
7212,ML2016A109,Mali,ML,Bamako,none,Bamako,Maize,Main,1975,6,1975,12,All (PS),yield,1.0888232621535665
7213,ML2016A109,Mali,ML,Bamako,none,Bamako,Maize,Main,1976,6,1976,12,All (PS),yield,1.2115203021718601
7214,ML2016A109,Mali,ML,Bamako,none,Bamako,Maize,Main,1977,6,1977,12,All (PS),yield,1.4073829927488464
7215,ML2016A109,Mali,ML,Bamako,none,Bamako,Maize,Main,1978,6,1978,12,All (PS),yield,2.7911927675707204
7216,ML2016A109,Mali,ML,Bamako,none,Bamako,Maize,Main,1979,6,1979,12,All (PS),yield,1.0659583886675519
7217,ML2016A109,Mali,ML,Bamako,none,Bamako,Maize,Main,1980,6,1980,12,All (PS),yield,1.175628380528158
7218,ML2016A109,Mali,ML,Bamako,none,Bamako,Maize,Main,1981,6,1981,12,All (PS),yield,1.0959764631043256
7219,ML2016A109,Mali,ML,Bamako,none,Bamako,Maize,Main,1983,6,1983,12,All (PS),yield,3.4478568272205035
7220,ML2016A109,Mali,ML,Bamako,none,Bamako,Maize,Main,1984,6,1984,12,All (PS),yield,1.7120366513952516
7221,ML2016A109,Mali,ML,Bamako,none,Bamako,Maize,Main,1985,6,1985,12,All (PS),yield,1.5792893681736486
7222,ML2016A109,Mali,ML,Bamako,none,Bamako,Maize,Main,1986,6,1986,12,All (PS),yield,1.4471060713442003
7223,ML2016A109,Mali,ML,Bamako,none,Bamako,Maize,Main,1987,6,1987,12,All (PS),yield,1.48795728243581
7224,ML2016A109,Mali,ML,Bamako,none,Bamako,Maize,Main,1988,6,1988,12,All (PS),yield,1.5485184918174608
7225,ML2016A109,Mali,ML,Bamako,none,Bamako,Maize,Main,1989,6,1989,12,All (PS),yield,1.1565454254125942
7226,ML2016A109,Mali,ML,Bamako,none,Bamako,Maize,Main,1990,6,1990,12,All (PS),yield,0.8884523642486319
7227,ML2016A109,Mali,ML,Bamako,none,Bamako,Maize,Main,1991,6,1991,12,All (PS),yield,1.1334510509694729
7228,ML2016A109,Mali,ML,Bamako,none,Bamako,Maize,Main,1992,6,1992,12,All (PS),yield,1.1334510509694729
7229,ML2016A109,Mali,ML,Bamako,none,Bamako,Maize,Main,1993,6,1993,12,All (PS),yield,1.1512012439499792
7230,ML2016A109,Mali,ML,Bamako,none,Bamako,Maize,Main,1995,6,1995,12,All (PS),yield,1.017710324497363
7231,ML2016A109,Mali,ML,Bamako,none,Bamako,Maize,Main,1996,6,1996,12,All (PS),yield,1.4429903150445689
7232,ML2016A109,Mali,ML,Bamako,none,Bamako,Maize,Main,1997,6,1997,12,All (PS),yield,1.4140649888499521
7233,ML2016A109,Mali,ML,Bamako,none,Bamako,Maize,Main,1998,6,1998,12,All (PS),yield,1.5726925291869533
7234,ML2016A109,Mali,ML,Bamako,none,Bamako,Maize,Main,1999,6,1999,12,All (PS),yield,1.1648035366850487
7235,ML2016A109,Mali,ML,Bamako,none,Bamako,Maize,Main,2000,6,2000,12,All (PS),yield,1.078033233061166
7236,ML2016A109,Mali,ML,Bamako,none,Bamako,Maize,Main,2022,6,2022,12,All (PS),yield,2.764851485148515
7237,ML2016A109,Mali,ML,Bamako,none,Bamako,Sorghum,Main,1983,6,1983,12,All (PS),yield,1.9031154143104565
7238,ML2016A109,Mali,ML,Bamako,none,Bamako,Sorghum,Main,1984,6,1984,12,All (PS),yield,1.3490051282051283
7239,ML2016A109,Mali,ML,Bamako,none,Bamako,Sorghum,Main,1985,6,1985,12,All (PS),yield,1.931756621902888
7240,ML2016A109,Mali,ML,Bamako,none,Bamako,Sorghum,Main,1986,6,1986,12,All (PS),yield,1.7272019275231814
7241,ML2016A109,Mali,ML,Bamako,none,Bamako,Sorghum,Main,1987,6,1987,12,All (PS),yield,0.9859993405163578
7242,ML2016A109,Mali,ML,Bamako,none,Bamako,Sorghum,Main,1988,6,1988,12,All (PS),yield,0.896999468101749
7243,ML2016A109,Mali,ML,Bamako,none,Bamako,Sorghum,Main,1989,6,1989,12,All (PS),yield,1.338989704334172
7244,ML2016A109,Mali,ML,Bamako,none,Bamako,Sorghum,Main,1990,6,1990,12,All (PS),yield,0.5805465350034241
7245,ML2016A109,Mali,ML,Bamako,none,Bamako,Sorghum,Main,1991,6,1991,12,All (PS),yield,0.5817923667218823
7246,ML2016A109,Mali,ML,Bamako,none,Bamako,Sorghum,Main,1992,6,1992,12,All (PS),yield,0.5817923667218823
7247,ML2016A109,Mali,ML,Bamako,none,Bamako,Sorghum,Main,1993,6,1993,12,All (PS),yield,0.8486893776650875
7248,ML2016A109,Mali,ML,Bamako,none,Bamako,Sorghum,Main,1995,6,1995,12,All (PS),yield,0.9291529614855251
7249,ML2016A109,Mali,ML,Bamako,none,Bamako,Sorghum,Main,1996,6,1996,12,All (PS),yield,0.9487611146786071
7250,ML2016A109,Mali,ML,Bamako,none,Bamako,Sorghum,Main,1997,6,1997,12,All (PS),yield,0.9387161423202259
7251,ML2016A109,Mali,ML,Bamako,none,Bamako,Sorghum,Main,1998,6,1998,12,All (PS),yield,1.0213491931853187
7252,ML2016A109,Mali,ML,Bamako,none,Bamako,Sorghum,Main,1999,6,1999,12,All (PS),yield,0.835518131037765
7253,ML2016A109,Mali,ML,Bamako,none,Bamako,Sorghum,Main,2000,6,2000,12,All (PS),yield,0.8246125280449752
7254,ML2016A109,Mali,ML,Bamako,none,Bamako,Sorghum,Main,2022,6,2022,12,All (PS),yield,0.9921171171171171
7255,ML2016A109,Mali,ML,Bamako,none,Bamako,Millet,Main,1983,6,1983,12,All (PS),yield,0.2363030849358974
7256,ML2016A109,Mali,ML,Bamako,none,Bamako,Millet,Main,1984,6,1984,12,All (PS),yield,1.0441843261824988
7257,ML2016A109,Mali,ML,Bamako,none,Bamako,Millet,Main,1985,6,1985,12,All (PS),yield,1.5318488258143736
7258,ML2016A109,Mali,ML,Bamako,none,Bamako,Millet,Main,1986,6,1986,12,All (PS),yield,0.9895969237107739
7259,ML2016A109,Mali,ML,Bamako,none,Bamako,Millet,Main,1987,6,1987,12,All (PS),yield,1.248643231922895
7260,ML2016A109,Mali,ML,Bamako,none,Bamako,Millet,Main,1988,6,1988,12,All (PS),yield,1.2614135817754117
7261,ML2016A109,Mali,ML,Bamako,none,Bamako,Millet,Main,1989,6,1989,12,All (PS),yield,1.1789849704178041
7262,ML2016A109,Mali,ML,Bamako,none,Bamako,Millet,Main,1990,6,1990,12,All (PS),yield,0.5157977934692438
7263,ML2016A109,Mali,ML,Bamako,none,Bamako,Millet,Main,1991,6,1991,12,All (PS),yield,0.6783884880725614
7264,ML2016A109,Mali,ML,Bamako,none,Bamako,Millet,Main,1992,6,1992,12,All (PS),yield,0.47160016186180553
7265,ML2016A109,Mali,ML,Bamako,none,Bamako,Millet,Main,1993,6,1993,12,All (PS),yield,0.570304185481592
7266,ML2016A109,Mali,ML,Bamako,none,Bamako,Millet,Main,1995,6,1995,12,All (PS),yield,0.7413206404876725
7267,ML2016A109,Mali,ML,Bamako,none,Bamako,Millet,Main,1996,6,1996,12,All (PS),yield,0.8062281869535494
7268,ML2016A109,Mali,ML,Bamako,none,Bamako,Millet,Main,1997,6,1997,12,All (PS),yield,0.8829453812316717
7269,ML2016A109,Mali,ML,Bamako,none,Bamako,Millet,Main,1998,6,1998,12,All (PS),yield,0.9438760823731689
7270,ML2016A109,Mali,ML,Bamako,none,Bamako,Millet,Main,1999,6,1999,12,All (PS),yield,0.7124910598394745
7271,ML2016A109,Mali,ML,Bamako,none,Bamako,Millet,Main,2000,6,2000,12,All (PS),yield,0.6731515836548149
7272,ML2016A109,Mali,ML,Bamako,none,Bamako,Millet,Main,2022,6,2022,12,All (PS),yield,0.9057104913678619
